"Annual commercial landings and effort for the Shrimp Trawl fishery in the Pacific Region, by Pacific Fishery Management Area (PFMA) and Subarea.",,,,,,,,,,,,,
"All data available through 2025, by calendar year",,,,,,,,,,,,,
2025 data are preliminary,,,,,,,,,,,,,
Selected Pacific Fishery Management Areas: 17,,,,,,,,,,,,,
"Date compiled: July 7, 2026",,,,,,,,,,,,,
"Information source: Fisheries and Oceans Canada, Pacific Region Science Branch, Stock Assessment and Research Division, Shellfish Data Unit",,,,,,,,,,,,,
,commercial fishery harvest log data holdings,,,,,,,,,,,,
Information presented in this worksheet has been summarized to respect individuals' rights to privacy,,,,,,,,,,,,,
,as described in the Privacy Act and Access to Information Act,,,,,,,,,,,,
,* information does not meet the requirement for release - fewer than 3 vessels reporting,,,,,,,,,,,,
,** information withheld from public release so as to allow public release of information at the PFM Area level,,,,,,,,,,,,
PFM areas and subareas for which zero landings and effort have been reported have been omitted from the table.,,,,,,,,,,,,,
Effort is defined as the reported tow duration in minutes,,,,,,,,,,,,,
"This table Includes only regular commercial harvest records. It excludes any special harvesting, for example under scientific licence, test fishery, etc.",,,,,,,,,,,,,
All information presented in this table arises from fishery dependent logbook programs.  Fishery dependent catch reporting relies on individual harvesters or groups of harvesters to monitor and report their own catch.,,,,,,,,,,,,,
Dependability of data arising from fishery dependent catch reporting programs is higher for those fisheries which also participate in independent verification such as 3rd party monitoring programs.  ,,,,,,,,,,,,,
Shrimp Trawl fisheries are not managed with comprehensive independent verification programs and as such the dependability of the data is unknown.,,,,,,,,,,,,,
,,,,,,,,,,,,,
Please consult the relevant Integrated Fisheries Management Plan for more information about this data. (Available at https://science-libraries.canada.ca/eng/fisheries-oceans/),,,,,,,,,,,,,
,,,,,,,,,,,,,
Fishery,Species¹,Year,PFMA,PFM Subarea†,Vessel Count,Reported Tow Duration (minutes),Pink Shrimp  (lbs)¹,Sidestripe Shrimp  (lbs)¹,Humpback Shrimp  (lbs)¹,Coonstripe Shrimp  (lbs)¹,Prawn (lbs)¹,,
Shrimp Trawl,---,1987,1,6,1,645,*,*,*,*,*,,¹Harvesters are required to report catch for the following species:
Shrimp Trawl,---,1987,1,Total,1,645,*,*,*,*,*,,"Pink Shrimp includes (Pandalus eous), Flexed Pink Shrimp (P. goniurus) and Smooth Pink Shrimp (P. Jordania)"
Shrimp Trawl,---,1987,2,41,1,528,*,*,*,*,*,,Sidestripe shrimp (Pandalopsis dispar)
Shrimp Trawl,---,1987,2,Total,1,528,*,*,*,*,*,,Humpback shrimp (P. hypsinotus)
Shrimp Trawl,---,1987,4,0,4,26705,9903,5714,10,0,48,,Coonstripe Shrimp (P. danae)
Shrimp Trawl,---,1987,4,5,1,360,*,*,*,*,*,,Prawn (Pandalus platyceros) aka Pacific Spot Prawn
Shrimp Trawl,---,1987,4,9,7,14610,4344,4911,0,0,53,,
Shrimp Trawl,---,1987,4,12,3,1380,**,**,**,**,**,,"†NOTE: Values are duplicated in this table, to allow the release of data for areas where few vessels operate."
Shrimp Trawl,---,1987,4,Total,9,43055,14744,11578,10,0,111,,"Landings are presented separately for each Subarea and again as a sum ""Total"" for each PFMA."
Shrimp Trawl,---,1987,5,0,1,360,*,*,*,*,*,,
Shrimp Trawl,---,1987,5,23,1,245,*,*,*,*,*,,This data is provided under the Open Government Licence - Canada (https://open.canada.ca/en/open-government-licence-canada)
Shrimp Trawl,---,1987,5,24,1,330,*,*,*,*,*,,The Shellfish Data Unit may be contacted by email at: PACSDU@dfo-mpo.gc.ca
Shrimp Trawl,---,1987,5,Total,2,935,*,*,*,*,*,,
Shrimp Trawl,---,1987,6,16,1,370,*,*,*,*,*,,
Shrimp Trawl,---,1987,6,21,1,175,*,*,*,*,*,,
Shrimp Trawl,---,1987,6,Total,1,545,*,*,*,*,*,,
Shrimp Trawl,---,1987,8,4,1,200,*,*,*,*,*,,
Shrimp Trawl,---,1987,8,16,1,285,*,*,*,*,*,,
Shrimp Trawl,---,1987,8,Total,2,485,*,*,*,*,*,,
Shrimp Trawl,---,1987,9,1,1,4835,*,*,*,*,*,,
Shrimp Trawl,---,1987,9,12,1,100,*,*,*,*,*,,
Shrimp Trawl,---,1987,9,Total,1,4935,*,*,*,*,*,,
Shrimp Trawl,---,1987,14,0,6,11885,12325,149,72,0,18,,
Shrimp Trawl,---,1987,14,1,2,7073,*,*,*,*,*,,
Shrimp Trawl,---,1987,14,2,3,26241,3468,3098,0,0,2,,
Shrimp Trawl,---,1987,14,3,3,2530,307,338,0,0,0,,
Shrimp Trawl,---,1987,14,4,2,6445,*,*,*,*,*,,
Shrimp Trawl,---,1987,14,5,1,180,*,*,*,*,*,,
Shrimp Trawl,---,1987,14,6,2,155,*,*,*,*,*,,
Shrimp Trawl,---,1987,14,7,3,3970,6365,445,48,0,0,,
Shrimp Trawl,---,1987,14,9,8,19415,16357,595,92,0,15,,
Shrimp Trawl,---,1987,14,10,3,8960,9083,342,30,0,11,,
Shrimp Trawl,---,1987,14,11,3,17415,16977,415,268,0,86,,
Shrimp Trawl,---,1987,14,12,2,945,*,*,*,*,*,,
Shrimp Trawl,---,1987,14,Total,16,105214,69886,6922,510,0,132,,
Shrimp Trawl,---,1987,15,0,1,170,*,*,*,*,*,,
Shrimp Trawl,---,1987,15,1,1,390,*,*,*,*,*,,
Shrimp Trawl,---,1987,15,2,1,740,*,*,*,*,*,,
Shrimp Trawl,---,1987,15,Total,2,1300,*,*,*,*,*,,
Shrimp Trawl,---,1987,16,1,3,3525,2193,237,0,0,50,,
Shrimp Trawl,---,1987,16,2,1,3370,*,*,*,*,*,,
Shrimp Trawl,---,1987,16,3,1,60,*,*,*,*,*,,
Shrimp Trawl,---,1987,16,19,1,125,*,*,*,*,*,,
Shrimp Trawl,---,1987,16,Total,4,7080,5355,400,0,0,54,,
Shrimp Trawl,---,1987,17,0,1,10340,*,*,*,*,*,,
Shrimp Trawl,---,1987,17,6,6,14280,8211,149,0,0,1114,,
Shrimp Trawl,---,1987,17,7,1,750,*,*,*,*,*,,
Shrimp Trawl,---,1987,17,9,11,68821,14027,6299,2,0,3745,,
Shrimp Trawl,---,1987,17,10,2,750,*,*,*,*,*,,
Shrimp Trawl,---,1987,17,11,1,120,*,*,*,*,*,,
Shrimp Trawl,---,1987,17,12,1,550,*,*,*,*,*,,
Shrimp Trawl,---,1987,17,13,3,12645,3361,740,5,0,0,,
Shrimp Trawl,---,1987,17,14,1,230,*,*,*,*,*,,
Shrimp Trawl,---,1987,17,15,2,1210,*,*,*,*,*,,
Shrimp Trawl,---,1987,17,16,2,6550,*,*,*,*,*,,
Shrimp Trawl,---,1987,17,17,1,660,*,*,*,*,*,,
Shrimp Trawl,---,1987,17,19,1,6240,*,*,*,*,*,,
Shrimp Trawl,---,1987,17,Total,19,123146,36029,8754,7,0,6148,,
Shrimp Trawl,---,1987,18,1,1,250,*,*,*,*,*,,
Shrimp Trawl,---,1987,18,4,3,12981,5519,2877,0,0,837,,
Shrimp Trawl,---,1987,18,6,3,14705,5506,1285,0,0,0,,
Shrimp Trawl,---,1987,18,7,1,360,*,*,*,*,*,,
Shrimp Trawl,---,1987,18,8,1,690,*,*,*,*,*,,
Shrimp Trawl,---,1987,18,Total,4,28986,11470,4283,0,0,837,,
Shrimp Trawl,---,1987,23,0,1,0,*,*,*,*,*,,
Shrimp Trawl,---,1987,23,3,1,120,*,*,*,*,*,,
Shrimp Trawl,---,1987,23,4,4,4275,2439,845,0,0,212,,
Shrimp Trawl,---,1987,23,6,4,3665,2725,245,0,0,100,,
Shrimp Trawl,---,1987,23,7,11,34787,26382,3899,3013,0,231,,
Shrimp Trawl,---,1987,23,8,1,90,*,*,*,*,*,,
Shrimp Trawl,---,1987,23,Total,16,42937,36851,5069,3013,0,543,,
Shrimp Trawl,---,1987,24,0,2,760,*,*,*,*,*,,
Shrimp Trawl,---,1987,24,2,1,240,*,*,*,*,*,,
Shrimp Trawl,---,1987,24,Total,3,1000,3655,0,0,0,2,,
Shrimp Trawl,---,1987,27,2,1,717,*,*,*,*,*,,
Shrimp Trawl,---,1987,27,Total,1,717,*,*,*,*,*,,
Shrimp Trawl,---,1987,28,0,4,11319,7118,418,0,0,240,,
Shrimp Trawl,---,1987,28,1,21,140010,78150,3057,298,0,834,,
Shrimp Trawl,---,1987,28,2,4,18285,14055,532,0,0,37,,
Shrimp Trawl,---,1987,28,3,2,1940,*,*,*,*,*,,
Shrimp Trawl,---,1987,28,4,5,27231,17923,2811,0,0,317,,
Shrimp Trawl,---,1987,28,5,1,3780,*,*,*,*,*,,
Shrimp Trawl,---,1987,28,6,3,1250,2065,10,3,0,0,,
Shrimp Trawl,---,1987,28,7,10,37270,28269,8544,34,0,156,,
Shrimp Trawl,---,1987,28,9,1,180,*,*,*,*,*,,
Shrimp Trawl,---,1987,28,Total,32,241265,149515,16222,335,0,1627,,
Shrimp Trawl,---,1987,29,0,3,12259,3381,695,0,0,26,,
Shrimp Trawl,---,1987,29,1,12,31375,7866,3267,20,0,322,,
Shrimp Trawl,---,1987,29,2,10,13015,4723,1040,0,0,23,,
Shrimp Trawl,---,1987,29,3,46,179840,57534,13667,1158,0,193,,
Shrimp Trawl,---,1987,29,9,1,2180,*,*,*,*,*,,
Shrimp Trawl,---,1987,29,10,2,1175,*,*,*,*,*,,
Shrimp Trawl,---,1987,29,Total,57,239844,73767,18880,1178,0,564,,
Shrimp Trawl,---,1987,121,2,1,125,*,*,*,*,*,,
Shrimp Trawl,---,1987,121,3,1,20,*,*,*,*,*,,
Shrimp Trawl,---,1987,121,Total,2,145,*,*,*,*,*,,
Shrimp Trawl,---,1987,123,0,7,16985,68730,347,0,0,0,,
Shrimp Trawl,---,1987,123,1,10,7840,17025,655,0,0,0,,
Shrimp Trawl,---,1987,123,2,4,1490,1880,6,0,0,0,,
Shrimp Trawl,---,1987,123,3,14,21866,60361,133,0,0,6,,
Shrimp Trawl,---,1987,123,4,17,38442,73509,1791,0,0,0,,
Shrimp Trawl,---,1987,123,5,9,4065,9630,151,0,0,8,,
Shrimp Trawl,---,1987,123,6,3,350,**,**,**,**,**,,
Shrimp Trawl,---,1987,123,7,1,1176,*,*,*,*,*,,
Shrimp Trawl,---,1987,123,8,4,910,2715,44,0,0,0,,
Shrimp Trawl,---,1987,123,Total,25,93124,235295,3400,0,0,31,,
Shrimp Trawl,---,1987,124,0,12,87996,791844,0,0,0,0,,
Shrimp Trawl,---,1987,124,1,12,7260,**,**,**,**,**,,
Shrimp Trawl,---,1987,124,2,39,237725,1756901,53,0,0,0,,
Shrimp Trawl,---,1987,124,3,37,187243,1382872,65,0,0,1,,
Shrimp Trawl,---,1987,124,4,2,1895,*,*,*,*,*,,
Shrimp Trawl,---,1987,124,Total,55,522119,4007497,118,0,0,1,,
Shrimp Trawl,---,1987,125,5,2,740,*,*,*,*,*,,
Shrimp Trawl,---,1987,125,Total,2,740,*,*,*,*,*,,
Shrimp Trawl,---,1988,2,41,1,3662,*,*,*,*,*,,
Shrimp Trawl,---,1988,2,Total,1,3662,*,*,*,*,*,,
Shrimp Trawl,---,1988,3,1,1,645,*,*,*,*,*,,
Shrimp Trawl,---,1988,3,Total,1,645,*,*,*,*,*,,
Shrimp Trawl,---,1988,4,0,1,230,*,*,*,*,*,,
Shrimp Trawl,---,1988,4,5,2,4380,*,*,*,*,*,,
Shrimp Trawl,---,1988,4,9,8,18685,4379,4171,0,0,36,,
Shrimp Trawl,---,1988,4,11,1,1260,*,*,*,*,*,,
Shrimp Trawl,---,1988,4,12,1,3660,*,*,*,*,*,,
Shrimp Trawl,---,1988,4,Total,11,28215,7862,6826,165,0,78,,
Shrimp Trawl,---,1988,5,14,1,75,*,*,*,*,*,,
Shrimp Trawl,---,1988,5,23,4,10499,4545,5922,574,0,156,,
Shrimp Trawl,---,1988,5,24,1,3300,*,*,*,*,*,,
Shrimp Trawl,---,1988,5,Total,4,13874,8025,7868,574,0,162,,
Shrimp Trawl,---,1988,6,1,1,0,*,*,*,*,*,,
Shrimp Trawl,---,1988,6,2,1,0,*,*,*,*,*,,
Shrimp Trawl,---,1988,6,Total,1,0,*,*,*,*,*,,
Shrimp Trawl,---,1988,8,4,1,160,*,*,*,*,*,,
Shrimp Trawl,---,1988,8,Total,1,160,*,*,*,*,*,,
Shrimp Trawl,---,1988,9,2,1,60,*,*,*,*,*,,
Shrimp Trawl,---,1988,9,Total,1,60,*,*,*,*,*,,
Shrimp Trawl,---,1988,10,0,1,4800,*,*,*,*,*,,
Shrimp Trawl,---,1988,10,4,1,270,*,*,*,*,*,,
Shrimp Trawl,---,1988,10,5,1,340,*,*,*,*,*,,
Shrimp Trawl,---,1988,10,Total,3,5410,112,3656,0,0,0,,
Shrimp Trawl,---,1988,12,0,1,11250,*,*,*,*,*,,
Shrimp Trawl,---,1988,12,26,4,5305,254,3016,3,0,21,,
Shrimp Trawl,---,1988,12,27,1,150,*,*,*,*,*,,
Shrimp Trawl,---,1988,12,36,1,540,*,*,*,*,*,,
Shrimp Trawl,---,1988,12,37,1,300,*,*,*,*,*,,
Shrimp Trawl,---,1988,12,Total,5,17545,4133,6348,29,0,131,,
Shrimp Trawl,---,1988,13,1,1,145,*,*,*,*,*,,
Shrimp Trawl,---,1988,13,Total,1,145,*,*,*,*,*,,
Shrimp Trawl,---,1988,14,0,3,14545,10565,747,5,0,1,,
Shrimp Trawl,---,1988,14,1,2,6586,*,*,*,*,*,,
Shrimp Trawl,---,1988,14,2,2,18348,*,*,*,*,*,,
Shrimp Trawl,---,1988,14,3,4,3883,681,434,0,0,6,,
Shrimp Trawl,---,1988,14,4,4,32030,2478,4417,0,0,5,,
Shrimp Trawl,---,1988,14,5,2,19775,*,*,*,*,*,,
Shrimp Trawl,---,1988,14,6,1,30,*,*,*,*,*,,
Shrimp Trawl,---,1988,14,7,1,45,*,*,*,*,*,,
Shrimp Trawl,---,1988,14,9,7,14585,21756,17,752,0,4,,
Shrimp Trawl,---,1988,14,10,4,24858,16772,759,326,0,2,,
Shrimp Trawl,---,1988,14,11,1,11115,*,*,*,*,*,,
Shrimp Trawl,---,1988,14,12,2,7150,*,*,*,*,*,,
Shrimp Trawl,---,1988,14,13,2,545,*,*,*,*,*,,
Shrimp Trawl,---,1988,14,Total,15,153495,70402,12689,1093,0,344,,
Shrimp Trawl,---,1988,15,1,1,780,*,*,*,*,*,,
Shrimp Trawl,---,1988,15,2,1,7690,*,*,*,*,*,,
Shrimp Trawl,---,1988,15,3,1,545,*,*,*,*,*,,
Shrimp Trawl,---,1988,15,Total,2,9015,*,*,*,*,*,,
Shrimp Trawl,---,1988,16,1,1,475,*,*,*,*,*,,
Shrimp Trawl,---,1988,16,2,3,1825,1060,154,0,0,13,,
Shrimp Trawl,---,1988,16,21,1,1625,*,*,*,*,*,,
Shrimp Trawl,---,1988,16,Total,3,3925,3135,177,0,0,20,,
Shrimp Trawl,---,1988,17,1,1,1420,*,*,*,*,*,,
Shrimp Trawl,---,1988,17,2,1,720,*,*,*,*,*,,
Shrimp Trawl,---,1988,17,3,1,30,*,*,*,*,*,,
Shrimp Trawl,---,1988,17,4,3,3825,222,0,0,0,1105,,
Shrimp Trawl,---,1988,17,5,1,660,*,*,*,*,*,,
Shrimp Trawl,---,1988,17,6,9,19480,2551,229,4,0,2999,,
Shrimp Trawl,---,1988,17,7,2,1675,*,*,*,*,*,,
Shrimp Trawl,---,1988,17,9,14,66970,15984,8202,0,0,2513,,
Shrimp Trawl,---,1988,17,10,1,120,*,*,*,*,*,,
Shrimp Trawl,---,1988,17,12,2,1510,*,*,*,*,*,,
Shrimp Trawl,---,1988,17,13,4,15065,6529,947,0,0,0,,
Shrimp Trawl,---,1988,17,15,1,3920,*,*,*,*,*,,
Shrimp Trawl,---,1988,17,16,1,870,*,*,*,*,*,,
Shrimp Trawl,---,1988,17,17,1,360,*,*,*,*,*,,
Shrimp Trawl,---,1988,17,Total,22,116625,28965,10809,4,0,7625,,
Shrimp Trawl,---,1988,18,0,1,120,*,*,*,*,*,,
Shrimp Trawl,---,1988,18,1,1,785,*,*,*,*,*,,
Shrimp Trawl,---,1988,18,4,1,7760,*,*,*,*,*,,
Shrimp Trawl,---,1988,18,6,2,17450,*,*,*,*,*,,
Shrimp Trawl,---,1988,18,7,1,6420,*,*,*,*,*,,
Shrimp Trawl,---,1988,18,Total,2,32535,*,*,*,*,*,,
Shrimp Trawl,---,1988,23,0,1,1680,*,*,*,*,*,,
Shrimp Trawl,---,1988,23,1,1,425,*,*,*,*,*,,
Shrimp Trawl,---,1988,23,3,1,4638,*,*,*,*,*,,
Shrimp Trawl,---,1988,23,4,6,4850,3005,444,0,0,302,,
Shrimp Trawl,---,1988,23,5,3,640,182,64,0,0,10,,
Shrimp Trawl,---,1988,23,6,3,2435,1385,435,0,0,112,,
Shrimp Trawl,---,1988,23,7,8,22672,17111,1885,0,0,761,,
Shrimp Trawl,---,1988,23,8,1,685,*,*,*,*,*,,
Shrimp Trawl,---,1988,23,Total,15,38025,27499,3532,0,0,1770,,
Shrimp Trawl,---,1988,24,0,2,1130,*,*,*,*,*,,
Shrimp Trawl,---,1988,24,Total,2,1130,*,*,*,*,*,,
Shrimp Trawl,---,1988,27,7,1,1489,*,*,*,*,*,,
Shrimp Trawl,---,1988,27,10,1,55,*,*,*,*,*,,
Shrimp Trawl,---,1988,27,11,1,35,*,*,*,*,*,,
Shrimp Trawl,---,1988,27,Total,1,1579,*,*,*,*,*,,
Shrimp Trawl,---,1988,28,0,1,360,*,*,*,*,*,,
Shrimp Trawl,---,1988,28,1,16,83160,70503,1719,125,0,144,,
Shrimp Trawl,---,1988,28,2,5,19495,19415,448,0,0,44,,
Shrimp Trawl,---,1988,28,3,3,2740,4554,35,0,0,3,,
Shrimp Trawl,---,1988,28,4,6,16620,15732,3130,0,0,33,,
Shrimp Trawl,---,1988,28,5,2,2480,*,*,*,*,*,,
Shrimp Trawl,---,1988,28,6,1,1260,*,*,*,*,*,,
Shrimp Trawl,---,1988,28,7,10,52235,61538,6489,3,0,13,,
Shrimp Trawl,---,1988,28,Total,28,178350,174458,13336,128,0,237,,
Shrimp Trawl,---,1988,29,0,1,840,*,*,*,*,*,,
Shrimp Trawl,---,1988,29,1,10,13050,6619,1816,0,0,180,,
Shrimp Trawl,---,1988,29,2,20,37265,14460,4870,0,0,406,,
Shrimp Trawl,---,1988,29,3,52,170617,65921,13013,186,0,374,,
Shrimp Trawl,---,1988,29,5,2,1640,*,*,*,*,*,,
Shrimp Trawl,---,1988,29,10,2,1220,*,*,*,*,*,,
Shrimp Trawl,---,1988,29,Total,62,224632,87727,20065,186,0,1164,,
Shrimp Trawl,---,1988,123,0,10,5785,9916,345,0,0,17,,
Shrimp Trawl,---,1988,123,1,6,1825,4440,4,0,0,0,,
Shrimp Trawl,---,1988,123,2,11,9644,32149,28,0,0,0,,
Shrimp Trawl,---,1988,123,3,21,45508,149380,750,6,0,22,,
Shrimp Trawl,---,1988,123,4,21,40457,91141,993,0,0,37,,
Shrimp Trawl,---,1988,123,5,8,1315,**,**,**,**,**,,
Shrimp Trawl,---,1988,123,6,2,310,*,*,*,*,*,,
Shrimp Trawl,---,1988,123,8,4,8522,152280,0,0,0,0,,
Shrimp Trawl,---,1988,123,Total,39,113366,440811,2223,6,0,76,,
Shrimp Trawl,---,1988,124,0,42,147232,877534,4387,0,0,6,,
Shrimp Trawl,---,1988,124,1,16,16760,151205,0,0,0,0,,
Shrimp Trawl,---,1988,124,2,42,117671,709496,0,0,0,30,,
Shrimp Trawl,---,1988,124,3,46,244590,2225867,60,0,0,2,,
Shrimp Trawl,---,1988,124,4,3,4510,31103,0,0,0,0,,
Shrimp Trawl,---,1988,124,Total,80,530763,3995205,4447,0,0,38,,
Shrimp Trawl,---,1988,125,0,1,430,*,*,*,*,*,,
Shrimp Trawl,---,1988,125,5,5,1362,**,**,**,**,**,,
Shrimp Trawl,---,1988,125,Total,6,1792,9405,0,0,0,0,,
Shrimp Trawl,---,1989,2,41,1,914,*,*,*,*,*,,
Shrimp Trawl,---,1989,2,67,1,540,*,*,*,*,*,,
Shrimp Trawl,---,1989,2,Total,1,1454,*,*,*,*,*,,
Shrimp Trawl,---,1989,4,4,1,5800,*,*,*,*,*,,
Shrimp Trawl,---,1989,4,5,2,1020,*,*,*,*,*,,
Shrimp Trawl,---,1989,4,9,12,40920,9815,16280,0,0,18,,
Shrimp Trawl,---,1989,4,12,6,7515,2814,1705,0,0,6,,
Shrimp Trawl,---,1989,4,Total,13,55255,14084,20020,0,0,24,,
Shrimp Trawl,---,1989,5,1,2,630,*,*,*,*,*,,
Shrimp Trawl,---,1989,5,9,1,180,*,*,*,*,*,,
Shrimp Trawl,---,1989,5,23,2,6580,*,*,*,*,*,,
Shrimp Trawl,---,1989,5,Total,4,7390,2147,2029,24,0,22,,
Shrimp Trawl,---,1989,6,16,1,2520,*,*,*,*,*,,
Shrimp Trawl,---,1989,6,18,1,182,*,*,*,*,*,,
Shrimp Trawl,---,1989,6,Total,1,2702,*,*,*,*,*,,
Shrimp Trawl,---,1989,7,31,1,4558,*,*,*,*,*,,
Shrimp Trawl,---,1989,7,Total,1,4558,*,*,*,*,*,,
Shrimp Trawl,---,1989,9,1,1,6480,*,*,*,*,*,,
Shrimp Trawl,---,1989,9,Total,1,6480,*,*,*,*,*,,
Shrimp Trawl,---,1989,10,3,1,2020,*,*,*,*,*,,
Shrimp Trawl,---,1989,10,4,2,11520,*,*,*,*,*,,
Shrimp Trawl,---,1989,10,5,1,405,*,*,*,*,*,,
Shrimp Trawl,---,1989,10,12,1,270,*,*,*,*,*,,
Shrimp Trawl,---,1989,10,Total,2,14215,*,*,*,*,*,,
Shrimp Trawl,---,1989,12,7,1,50,*,*,*,*,*,,
Shrimp Trawl,---,1989,12,26,3,27599,4452,6428,0,0,20,,
Shrimp Trawl,---,1989,12,35,1,50,*,*,*,*,*,,
Shrimp Trawl,---,1989,12,37,1,4165,*,*,*,*,*,,
Shrimp Trawl,---,1989,12,40,2,8615,*,*,*,*,*,,
Shrimp Trawl,---,1989,12,Total,3,40479,5168,9136,0,0,22,,
Shrimp Trawl,---,1989,14,1,2,11137,*,*,*,*,*,,
Shrimp Trawl,---,1989,14,2,2,17723,*,*,*,*,*,,
Shrimp Trawl,---,1989,14,3,2,1160,*,*,*,*,*,,
Shrimp Trawl,---,1989,14,4,2,180,*,*,*,*,*,,
Shrimp Trawl,---,1989,14,5,1,70,*,*,*,*,*,,
Shrimp Trawl,---,1989,14,7,1,220,*,*,*,*,*,,
Shrimp Trawl,---,1989,14,9,7,58960,50020,2462,1460,0,30,,
Shrimp Trawl,---,1989,14,10,1,420,*,*,*,*,*,,
Shrimp Trawl,---,1989,14,12,1,4020,*,*,*,*,*,,
Shrimp Trawl,---,1989,14,Total,11,93890,65384,6351,1460,0,562,,
Shrimp Trawl,---,1989,15,2,2,500,*,*,*,*,*,,
Shrimp Trawl,---,1989,15,Total,2,500,*,*,*,*,*,,
Shrimp Trawl,---,1989,16,1,5,12965,**,**,**,**,**,,
Shrimp Trawl,---,1989,16,2,2,3865,*,*,*,*,*,,
Shrimp Trawl,---,1989,16,Total,6,16830,3783,1674,0,0,32,,
Shrimp Trawl,---,1989,17,0,1,165,*,*,*,*,*,,
Shrimp Trawl,---,1989,17,1,1,210,*,*,*,*,*,,
Shrimp Trawl,---,1989,17,4,3,6600,245,0,0,0,2550,,
Shrimp Trawl,---,1989,17,5,1,250,*,*,*,*,*,,
Shrimp Trawl,---,1989,17,6,10,5860,3646,782,0,0,193,,
Shrimp Trawl,---,1989,17,7,1,780,*,*,*,*,*,,
Shrimp Trawl,---,1989,17,9,13,57482,9501,11616,0,0,4345,,
Shrimp Trawl,---,1989,17,12,2,6545,*,*,*,*,*,,
Shrimp Trawl,---,1989,17,13,4,17910,9390,1895,0,0,707,,
Shrimp Trawl,---,1989,17,15,2,6885,*,*,*,*,*,,
Shrimp Trawl,---,1989,17,17,3,1460,30,1,0,0,451,,
Shrimp Trawl,---,1989,17,Total,21,104147,28965,15280,0,0,8462,,
Shrimp Trawl,---,1989,18,4,4,2620,**,**,**,**,**,,
Shrimp Trawl,---,1989,18,6,2,5592,*,*,*,*,*,,
Shrimp Trawl,---,1989,18,7,4,5330,1718,977,0,0,153,,
Shrimp Trawl,---,1989,18,Total,6,13542,3067,2852,0,0,182,,
Shrimp Trawl,---,1989,20,7,1,1740,*,*,*,*,*,,
Shrimp Trawl,---,1989,20,Total,1,1740,*,*,*,*,*,,
Shrimp Trawl,---,1989,23,1,1,1350,*,*,*,*,*,,
Shrimp Trawl,---,1989,23,2,1,240,*,*,*,*,*,,
Shrimp Trawl,---,1989,23,4,5,9585,4906,1178,0,0,613,,
Shrimp Trawl,---,1989,23,5,1,375,*,*,*,*,*,,
Shrimp Trawl,---,1989,23,6,3,4320,2760,352,0,0,128,,
Shrimp Trawl,---,1989,23,7,6,17530,12826,1095,0,0,482,,
Shrimp Trawl,---,1989,23,8,2,865,*,*,*,*,*,,
Shrimp Trawl,---,1989,23,Total,8,34265,22586,2830,0,0,1237,,
Shrimp Trawl,---,1989,27,7,3,15250,**,**,**,**,**,,
Shrimp Trawl,---,1989,27,11,1,100,*,*,*,*,*,,
Shrimp Trawl,---,1989,27,Total,3,15350,4055,3131,0,0,123,,
Shrimp Trawl,---,1989,28,1,11,61415,43731,1727,0,0,312,,
Shrimp Trawl,---,1989,28,2,4,30880,23054,1844,0,0,23,,
Shrimp Trawl,---,1989,28,3,1,1,*,*,*,*,*,,
Shrimp Trawl,---,1989,28,6,2,2710,*,*,*,*,*,,
Shrimp Trawl,---,1989,28,7,4,9545,10680,331,0,0,0,,
Shrimp Trawl,---,1989,28,Total,18,104551,77765,4195,5,0,335,,
Shrimp Trawl,---,1989,29,1,12,23582,13189,2625,357,0,203,,
Shrimp Trawl,---,1989,29,2,17,28902,6904,4290,20,0,510,,
Shrimp Trawl,---,1989,29,3,49,199692,68068,11980,507,0,1155,,
Shrimp Trawl,---,1989,29,4,1,720,*,*,*,*,*,,
Shrimp Trawl,---,1989,29,7,1,710,*,*,*,*,*,,
Shrimp Trawl,---,1989,29,Total,57,253606,88453,19056,884,0,1868,,
Shrimp Trawl,---,1989,123,0,6,8725,14530,374,0,0,69,,
Shrimp Trawl,---,1989,123,1,6,11203,21465,50,0,0,0,,
Shrimp Trawl,---,1989,123,2,7,9955,23540,117,0,0,3,,
Shrimp Trawl,---,1989,123,3,11,49217,329475,132,0,0,18,,
Shrimp Trawl,---,1989,123,4,15,52906,115030,1791,1,0,71,,
Shrimp Trawl,---,1989,123,5,10,10850,16998,1460,0,0,0,,
Shrimp Trawl,---,1989,123,6,2,330,*,*,*,*,*,,
Shrimp Trawl,---,1989,123,7,3,6105,3407,740,0,0,239,,
Shrimp Trawl,---,1989,123,8,1,120,*,*,*,*,*,,
Shrimp Trawl,---,1989,123,Total,22,149411,524645,4734,1,0,400,,
Shrimp Trawl,---,1989,124,0,23,144947,1346331,1456,0,0,0,,
Shrimp Trawl,---,1989,124,1,6,1400,3950,0,0,0,0,,
Shrimp Trawl,---,1989,124,2,19,54256,374700,90,0,0,1,,
Shrimp Trawl,---,1989,124,3,19,120584,1137116,0,0,0,0,,
Shrimp Trawl,---,1989,124,4,4,1651,19920,0,0,0,0,,
Shrimp Trawl,---,1989,124,Total,37,322838,2882017,1546,0,0,1,,
Shrimp Trawl,---,1989,125,5,3,850,9282,0,0,0,0,,
Shrimp Trawl,---,1989,125,Total,3,850,9282,0,0,0,0,,
Shrimp Trawl,---,1989,127,1,1,785,*,*,*,*,*,,
Shrimp Trawl,---,1989,127,Total,1,785,*,*,*,*,*,,
Shrimp Trawl,---,1990,2,41,1,95,*,*,*,*,*,,
Shrimp Trawl,---,1990,2,67,1,485,*,*,*,*,*,,
Shrimp Trawl,---,1990,2,Total,1,580,*,*,*,*,*,,
Shrimp Trawl,---,1990,3,1,1,60,*,*,*,*,*,,
Shrimp Trawl,---,1990,3,3,1,60,*,*,*,*,*,,
Shrimp Trawl,---,1990,3,4,2,4585,*,*,*,*,*,,
Shrimp Trawl,---,1990,3,10,1,280,*,*,*,*,*,,
Shrimp Trawl,---,1990,3,11,2,2590,*,*,*,*,*,,
Shrimp Trawl,---,1990,3,Total,2,7575,*,*,*,*,*,,
Shrimp Trawl,---,1990,4,1,2,1040,*,*,*,*,*,,
Shrimp Trawl,---,1990,4,4,1,120,*,*,*,*,*,,
Shrimp Trawl,---,1990,4,5,10,26220,15680,11396,0,0,3,,
Shrimp Trawl,---,1990,4,9,21,94964,91271,48081,42,0,40,,
Shrimp Trawl,---,1990,4,12,8,15179,28419,4463,0,0,9,,
Shrimp Trawl,---,1990,4,Total,25,137523,135712,64613,42,0,52,,
Shrimp Trawl,---,1990,5,1,4,12583,16712,4749,6,0,74,,
Shrimp Trawl,---,1990,5,2,1,125,*,*,*,*,*,,
Shrimp Trawl,---,1990,5,23,6,6985,2360,5668,188,0,81,,
Shrimp Trawl,---,1990,5,24,1,900,*,*,*,*,*,,
Shrimp Trawl,---,1990,5,Total,7,20593,19377,10847,274,0,218,,
Shrimp Trawl,---,1990,6,4,2,14865,*,*,*,*,*,,
Shrimp Trawl,---,1990,6,17,1,9360,*,*,*,*,*,,
Shrimp Trawl,---,1990,6,Total,2,24225,*,*,*,*,*,,
Shrimp Trawl,---,1990,7,30,1,45,*,*,*,*,*,,
Shrimp Trawl,---,1990,7,Total,1,45,*,*,*,*,*,,
Shrimp Trawl,---,1990,10,4,1,90,*,*,*,*,*,,
Shrimp Trawl,---,1990,10,Total,1,90,*,*,*,*,*,,
Shrimp Trawl,---,1990,12,7,1,20400,*,*,*,*,*,,
Shrimp Trawl,---,1990,12,23,2,1040,*,*,*,*,*,,
Shrimp Trawl,---,1990,12,26,4,14115,4933,3214,0,0,30,,
Shrimp Trawl,---,1990,12,35,1,60,*,*,*,*,*,,
Shrimp Trawl,---,1990,12,37,4,4230,520,789,0,0,0,,
Shrimp Trawl,---,1990,12,40,3,2260,267,356,0,0,0,,
Shrimp Trawl,---,1990,12,42,1,2155,*,*,*,*,*,,
Shrimp Trawl,---,1990,12,Total,5,44260,11050,11099,2385,0,60,,
Shrimp Trawl,---,1990,13,36,1,200,*,*,*,*,*,,
Shrimp Trawl,---,1990,13,37,1,240,*,*,*,*,*,,
Shrimp Trawl,---,1990,13,Total,1,440,*,*,*,*,*,,
Shrimp Trawl,---,1990,14,1,2,4470,*,*,*,*,*,,
Shrimp Trawl,---,1990,14,2,2,20485,*,*,*,*,*,,
Shrimp Trawl,---,1990,14,3,2,1765,*,*,*,*,*,,
Shrimp Trawl,---,1990,14,5,1,1105,*,*,*,*,*,,
Shrimp Trawl,---,1990,14,9,8,64200,84280,2688,681,0,34,,
Shrimp Trawl,---,1990,14,10,2,1040,*,*,*,*,*,,
Shrimp Trawl,---,1990,14,12,3,5880,3265,1055,0,0,0,,
Shrimp Trawl,---,1990,14,Total,13,98945,93864,6893,681,0,115,,
Shrimp Trawl,---,1990,15,2,2,6385,*,*,*,*,*,,
Shrimp Trawl,---,1990,15,Total,2,6385,*,*,*,*,*,,
Shrimp Trawl,---,1990,16,1,2,3680,*,*,*,*,*,,
Shrimp Trawl,---,1990,16,2,3,6060,606,577,0,0,14,,
Shrimp Trawl,---,1990,16,22,1,90,*,*,*,*,*,,
Shrimp Trawl,---,1990,16,Total,5,9830,2032,819,0,0,23,,
Shrimp Trawl,---,1990,17,4,3,3720,263,3,3,0,809,,
Shrimp Trawl,---,1990,17,6,5,16285,4245,2880,0,0,77,,
Shrimp Trawl,---,1990,17,9,9,38166,4969,3404,0,0,2811,,
Shrimp Trawl,---,1990,17,10,2,930,*,*,*,*,*,,
Shrimp Trawl,---,1990,17,12,4,6540,1988,388,0,0,0,,
Shrimp Trawl,---,1990,17,13,5,18565,9990,2531,0,0,0,,
Shrimp Trawl,---,1990,17,15,2,9045,*,*,*,*,*,,
Shrimp Trawl,---,1990,17,17,1,2166,*,*,*,*,*,,
Shrimp Trawl,---,1990,17,Total,21,95417,23466,9839,77,0,4462,,
Shrimp Trawl,---,1990,18,4,1,960,*,*,*,*,*,,
Shrimp Trawl,---,1990,18,5,1,2360,*,*,*,*,*,,
Shrimp Trawl,---,1990,18,6,2,10290,*,*,*,*,*,,
Shrimp Trawl,---,1990,18,Total,3,13610,3454,3296,0,0,167,,
Shrimp Trawl,---,1990,23,1,1,3660,*,*,*,*,*,,
Shrimp Trawl,---,1990,23,3,1,7220,*,*,*,*,*,,
Shrimp Trawl,---,1990,23,4,7,14660,8242,943,0,0,36,,
Shrimp Trawl,---,1990,23,5,2,420,*,*,*,*,*,,
Shrimp Trawl,---,1990,23,6,2,2410,*,*,*,*,*,,
Shrimp Trawl,---,1990,23,7,10,4685,4140,384,0,0,79,,
Shrimp Trawl,---,1990,23,8,1,30,*,*,*,*,*,,
Shrimp Trawl,---,1990,23,11,1,4005,*,*,*,*,*,,
Shrimp Trawl,---,1990,23,Total,16,37090,36487,1808,0,0,124,,
Shrimp Trawl,---,1990,28,1,12,36180,13072,3418,0,0,0,,
Shrimp Trawl,---,1990,28,2,2,18420,*,*,*,*,*,,
Shrimp Trawl,---,1990,28,3,1,810,*,*,*,*,*,,
Shrimp Trawl,---,1990,28,6,1,720,*,*,*,*,*,,
Shrimp Trawl,---,1990,28,7,9,27615,11901,3156,0,0,27,,
Shrimp Trawl,---,1990,28,Total,23,83745,30256,9527,0,0,43,,
Shrimp Trawl,---,1990,29,1,10,38830,17673,4260,38,0,0,,
Shrimp Trawl,---,1990,29,2,19,36150,7926,5507,121,0,2,,
Shrimp Trawl,---,1990,29,3,41,144251,49616,13954,401,0,554,,
Shrimp Trawl,---,1990,29,4,1,660,*,*,*,*,*,,
Shrimp Trawl,---,1990,29,5,1,400,*,*,*,*,*,,
Shrimp Trawl,---,1990,29,Total,51,220291,75696,23939,561,0,558,,
Shrimp Trawl,---,1990,123,0,9,21950,43850,263,0,0,26,,
Shrimp Trawl,---,1990,123,1,9,12452,128615,12,0,0,5,,
Shrimp Trawl,---,1990,123,2,11,16790,182045,46,0,0,8,,
Shrimp Trawl,---,1990,123,3,19,50407,196530,602,0,0,4,,
Shrimp Trawl,---,1990,123,4,15,26675,55636,447,0,0,6,,
Shrimp Trawl,---,1990,123,5,10,5800,8640,459,0,0,9,,
Shrimp Trawl,---,1990,123,6,2,1071,*,*,*,*,*,,
Shrimp Trawl,---,1990,123,7,3,2390,**,**,**,**,**,,
Shrimp Trawl,---,1990,123,Total,26,137535,628431,1970,0,0,63,,
Shrimp Trawl,---,1990,124,0,20,106196,618962,324,0,0,0,,
Shrimp Trawl,---,1990,124,1,10,11647,142660,0,0,0,0,,
Shrimp Trawl,---,1990,124,2,17,104271,969170,75,0,0,0,,
Shrimp Trawl,---,1990,124,3,17,101931,869675,0,0,0,0,,
Shrimp Trawl,---,1990,124,4,3,3745,12745,0,0,0,0,,
Shrimp Trawl,---,1990,124,Total,35,327790,2613212,399,0,0,0,,
Shrimp Trawl,---,1991,0,0,3,0,0,0,0,0,0,,
Shrimp Trawl,---,1991,0,Total,3,0,0,0,0,0,0,,
Shrimp Trawl,---,1991,1,5,1,180,*,*,*,*,*,,
Shrimp Trawl,---,1991,1,Total,1,180,*,*,*,*,*,,
Shrimp Trawl,---,1991,2,6,1,0,*,*,*,*,*,,
Shrimp Trawl,---,1991,2,67,1,0,*,*,*,*,*,,
Shrimp Trawl,---,1991,2,Total,1,0,*,*,*,*,*,,
Shrimp Trawl,---,1991,3,1,2,240,*,*,*,*,*,,
Shrimp Trawl,---,1991,3,6,1,30,*,*,*,*,*,,
Shrimp Trawl,---,1991,3,10,1,750,*,*,*,*,*,,
Shrimp Trawl,---,1991,3,11,1,2130,*,*,*,*,*,,
Shrimp Trawl,---,1991,3,12,1,1540,*,*,*,*,*,,
Shrimp Trawl,---,1991,3,Total,4,4690,2962,1962,0,0,0,,
Shrimp Trawl,---,1991,4,0,3,6015,6480,4614,50,0,84,,
Shrimp Trawl,---,1991,4,1,1,1170,*,*,*,*,*,,
Shrimp Trawl,---,1991,4,5,6,30860,11126,8827,4,0,41,,
Shrimp Trawl,---,1991,4,9,17,69195,52390,44563,0,0,48,,
Shrimp Trawl,---,1991,4,12,8,18580,**,**,**,**,**,,
Shrimp Trawl,---,1991,4,Total,24,125820,75849,65433,55,0,176,,
Shrimp Trawl,---,1991,5,0,3,6110,3210,2965,0,0,0,,
Shrimp Trawl,---,1991,5,1,5,5175,3770,2738,0,0,54,,
Shrimp Trawl,---,1991,5,23,4,10020,1629,7511,15,0,4,,
Shrimp Trawl,---,1991,5,Total,9,21305,8609,13214,15,0,58,,
Shrimp Trawl,---,1991,6,4,1,0,*,*,*,*,*,,
Shrimp Trawl,---,1991,6,17,1,2520,*,*,*,*,*,,
Shrimp Trawl,---,1991,6,Total,1,2520,*,*,*,*,*,,
Shrimp Trawl,---,1991,7,0,1,4995,*,*,*,*,*,,
Shrimp Trawl,---,1991,7,25,2,990,*,*,*,*,*,,
Shrimp Trawl,---,1991,7,Total,3,5985,2510,8860,0,0,0,,
Shrimp Trawl,---,1991,9,1,1,840,*,*,*,*,*,,
Shrimp Trawl,---,1991,9,11,1,465,*,*,*,*,*,,
Shrimp Trawl,---,1991,9,Total,1,1305,*,*,*,*,*,,
Shrimp Trawl,---,1991,10,0,1,9600,*,*,*,*,*,,
Shrimp Trawl,---,1991,10,Total,1,9600,*,*,*,*,*,,
Shrimp Trawl,---,1991,12,0,1,5400,*,*,*,*,*,,
Shrimp Trawl,---,1991,12,6,1,45,*,*,*,*,*,,
Shrimp Trawl,---,1991,12,26,3,6030,4371,3120,0,0,0,,
Shrimp Trawl,---,1991,12,35,1,100,*,*,*,*,*,,
Shrimp Trawl,---,1991,12,37,1,960,*,*,*,*,*,,
Shrimp Trawl,---,1991,12,Total,4,12535,4457,4885,0,0,0,,
Shrimp Trawl,---,1991,14,0,5,50360,89391,3797,556,0,133,,
Shrimp Trawl,---,1991,14,1,2,560,*,*,*,*,*,,
Shrimp Trawl,---,1991,14,2,2,25235,*,*,*,*,*,,
Shrimp Trawl,---,1991,14,3,2,635,*,*,*,*,*,,
Shrimp Trawl,---,1991,14,4,1,16050,*,*,*,*,*,,
Shrimp Trawl,---,1991,14,5,1,270,*,*,*,*,*,,
Shrimp Trawl,---,1991,14,7,1,1690,*,*,*,*,*,,
Shrimp Trawl,---,1991,14,9,4,7310,9503,334,33,0,8,,
Shrimp Trawl,---,1991,14,10,1,180,*,*,*,*,*,,
Shrimp Trawl,---,1991,14,12,5,19255,35490,1140,310,0,3,,
Shrimp Trawl,---,1991,14,Total,16,121545,147593,11210,900,0,200,,
Shrimp Trawl,---,1991,15,2,1,6085,*,*,*,*,*,,
Shrimp Trawl,---,1991,15,Total,1,6085,*,*,*,*,*,,
Shrimp Trawl,---,1991,16,2,3,5980,945,423,0,0,0,,
Shrimp Trawl,---,1991,16,Total,3,5980,945,423,0,0,0,,
Shrimp Trawl,---,1991,17,0,8,31250,12228,2733,6,0,492,,
Shrimp Trawl,---,1991,17,2,3,11775,1775,1317,0,0,0,,
Shrimp Trawl,---,1991,17,3,1,90,*,*,*,*,*,,
Shrimp Trawl,---,1991,17,5,1,4710,*,*,*,*,*,,
Shrimp Trawl,---,1991,17,6,4,27280,15389,2368,0,0,0,,
Shrimp Trawl,---,1991,17,9,10,58310,20801,3950,77,0,7252,,
Shrimp Trawl,---,1991,17,10,1,180,*,*,*,*,*,,
Shrimp Trawl,---,1991,17,11,1,180,*,*,*,*,*,,
Shrimp Trawl,---,1991,17,12,2,5740,*,*,*,*,*,,
Shrimp Trawl,---,1991,17,13,4,23985,14446,2775,0,0,28,,
Shrimp Trawl,---,1991,17,14,1,560,*,*,*,*,*,,
Shrimp Trawl,---,1991,17,15,1,130,*,*,*,*,*,,
Shrimp Trawl,---,1991,17,16,2,1940,*,*,*,*,*,,
Shrimp Trawl,---,1991,17,Total,26,166130,69041,14153,83,0,7780,,
Shrimp Trawl,---,1991,18,0,1,1772,*,*,*,*,*,,
Shrimp Trawl,---,1991,18,4,3,10830,**,**,**,**,**,,
Shrimp Trawl,---,1991,18,6,3,14913,4887,4662,9,0,205,,
Shrimp Trawl,---,1991,18,Total,4,27515,5747,5750,9,0,444,,
Shrimp Trawl,---,1991,19,0,1,250,*,*,*,*,*,,
Shrimp Trawl,---,1991,19,9,1,90,*,*,*,*,*,,
Shrimp Trawl,---,1991,19,Total,2,340,*,*,*,*,*,,
Shrimp Trawl,---,1991,23,0,4,10495,22955,284,0,0,3,,
Shrimp Trawl,---,1991,23,1,1,5750,*,*,*,*,*,,
Shrimp Trawl,---,1991,23,4,5,8810,6355,398,0,0,76,,
Shrimp Trawl,---,1991,23,5,4,1290,1800,78,0,0,13,,
Shrimp Trawl,---,1991,23,6,2,1030,*,*,*,*,*,,
Shrimp Trawl,---,1991,23,7,5,5695,4170,237,0,0,40,,
Shrimp Trawl,---,1991,23,8,1,120,*,*,*,*,*,,
Shrimp Trawl,---,1991,23,9,1,240,*,*,*,*,*,,
Shrimp Trawl,---,1991,23,10,1,240,*,*,*,*,*,,
Shrimp Trawl,---,1991,23,Total,17,33670,41945,1283,0,0,132,,
Shrimp Trawl,---,1991,24,0,2,12515,*,*,*,*,*,,
Shrimp Trawl,---,1991,24,Total,2,12515,*,*,*,*,*,,
Shrimp Trawl,---,1991,27,0,1,120,*,*,*,*,*,,
Shrimp Trawl,---,1991,27,7,1,1052,*,*,*,*,*,,
Shrimp Trawl,---,1991,27,11,1,2640,*,*,*,*,*,,
Shrimp Trawl,---,1991,27,Total,2,3812,*,*,*,*,*,,
Shrimp Trawl,---,1991,28,0,4,29380,4052,2249,0,0,45,,
Shrimp Trawl,---,1991,28,1,9,30485,10240,1200,0,0,0,,
Shrimp Trawl,---,1991,28,2,5,29310,16607,3745,643,0,48,,
Shrimp Trawl,---,1991,28,3,1,12540,*,*,*,*,*,,
Shrimp Trawl,---,1991,28,6,1,4860,*,*,*,*,*,,
Shrimp Trawl,---,1991,28,7,5,56165,61300,1160,0,0,0,,
Shrimp Trawl,---,1991,28,Total,21,162740,113939,8550,643,0,93,,
Shrimp Trawl,---,1991,29,0,12,37814,6969,4243,226,0,1,,
Shrimp Trawl,---,1991,29,1,14,82599,47104,7077,129,0,68,,
Shrimp Trawl,---,1991,29,2,18,62630,9890,8134,671,0,38,,
Shrimp Trawl,---,1991,29,3,25,120705,18202,12592,482,0,79,,
Shrimp Trawl,---,1991,29,4,4,5950,806,718,156,0,0,,
Shrimp Trawl,---,1991,29,5,1,120,*,*,*,*,*,,
Shrimp Trawl,---,1991,29,10,2,1440,*,*,*,*,*,,
Shrimp Trawl,---,1991,29,12,1,360,*,*,*,*,*,,
Shrimp Trawl,---,1991,29,Total,47,311618,83326,33012,1664,0,186,,
Shrimp Trawl,---,1991,101,0,1,120,*,*,*,*,*,,
Shrimp Trawl,---,1991,101,1,1,630,*,*,*,*,*,,
Shrimp Trawl,---,1991,101,7,1,180,*,*,*,*,*,,
Shrimp Trawl,---,1991,101,Total,1,930,*,*,*,*,*,,
Shrimp Trawl,---,1991,104,0,1,300,*,*,*,*,*,,
Shrimp Trawl,---,1991,104,4,1,150,*,*,*,*,*,,
Shrimp Trawl,---,1991,104,Total,2,450,*,*,*,*,*,,
Shrimp Trawl,---,1991,106,1,1,120,*,*,*,*,*,,
Shrimp Trawl,---,1991,106,Total,1,120,*,*,*,*,*,,
Shrimp Trawl,---,1991,107,2,1,360,*,*,*,*,*,,
Shrimp Trawl,---,1991,107,Total,1,360,*,*,*,*,*,,
Shrimp Trawl,---,1991,108,1,1,30,*,*,*,*,*,,
Shrimp Trawl,---,1991,108,Total,1,30,*,*,*,*,*,,
Shrimp Trawl,---,1991,109,0,1,35,*,*,*,*,*,,
Shrimp Trawl,---,1991,109,Total,1,35,*,*,*,*,*,,
Shrimp Trawl,---,1991,110,0,2,635,*,*,*,*,*,,
Shrimp Trawl,---,1991,110,Total,2,635,*,*,*,*,*,,
Shrimp Trawl,---,1991,111,0,1,240,*,*,*,*,*,,
Shrimp Trawl,---,1991,111,Total,1,240,*,*,*,*,*,,
Shrimp Trawl,---,1991,121,2,1,150,*,*,*,*,*,,
Shrimp Trawl,---,1991,121,3,1,300,*,*,*,*,*,,
Shrimp Trawl,---,1991,121,Total,2,450,*,*,*,*,*,,
Shrimp Trawl,---,1991,123,0,10,29601,175630,282,0,0,3,,
Shrimp Trawl,---,1991,123,1,4,2955,5475,10,0,0,0,,
Shrimp Trawl,---,1991,123,2,10,13360,52740,28,0,0,0,,
Shrimp Trawl,---,1991,123,3,17,28840,51095,333,0,0,1,,
Shrimp Trawl,---,1991,123,4,19,49560,86577,839,0,0,12,,
Shrimp Trawl,---,1991,123,5,13,13975,20990,585,0,0,1,,
Shrimp Trawl,---,1991,123,6,11,5720,57965,49,0,0,12,,
Shrimp Trawl,---,1991,123,7,4,1990,**,**,**,**,**,,
Shrimp Trawl,---,1991,123,8,5,6995,84652,0,0,0,0,,
Shrimp Trawl,---,1991,123,9,1,120,*,*,*,*,*,,
Shrimp Trawl,---,1991,123,Total,35,153116,539116,2322,0,0,32,,
Shrimp Trawl,---,1991,124,0,16,133009,665482,20,0,0,0,,
Shrimp Trawl,---,1991,124,1,36,79437,519573,0,0,0,0,,
Shrimp Trawl,---,1991,124,2,50,205615,1304431,610,0,0,1,,
Shrimp Trawl,---,1991,124,3,40,188970,1110736,7524,0,0,0,,
Shrimp Trawl,---,1991,124,4,14,8657,74180,400,0,0,0,,
Shrimp Trawl,---,1991,124,Total,67,615688,3674402,8554,0,0,1,,
Shrimp Trawl,---,1991,125,0,6,31800,313495,0,0,0,0,,
Shrimp Trawl,---,1991,125,2,2,240,*,*,*,*,*,,
Shrimp Trawl,---,1991,125,3,1,2335,*,*,*,*,*,,
Shrimp Trawl,---,1991,125,4,2,295,*,*,*,*,*,,
Shrimp Trawl,---,1991,125,5,16,51650,713010,0,0,0,0,,
Shrimp Trawl,---,1991,125,6,1,3040,*,*,*,*,*,,
Shrimp Trawl,---,1991,125,Total,23,89360,1095685,0,0,0,0,,
Shrimp Trawl,---,1991,126,0,1,600,*,*,*,*,*,,
Shrimp Trawl,---,1991,126,2,1,0,*,*,*,*,*,,
Shrimp Trawl,---,1991,126,Total,2,600,*,*,*,*,*,,
Shrimp Trawl,---,1991,127,0,1,540,*,*,*,*,*,,
Shrimp Trawl,---,1991,127,1,1,130,*,*,*,*,*,,
Shrimp Trawl,---,1991,127,2,2,170,*,*,*,*,*,,
Shrimp Trawl,---,1991,127,3,3,5012,104890,0,0,0,0,,
Shrimp Trawl,---,1991,127,4,1,225,*,*,*,*,*,,
Shrimp Trawl,---,1991,127,Total,5,6077,116940,0,0,0,0,,
Shrimp Trawl,---,1992,0,0,18,285,195,0,0,0,0,,
Shrimp Trawl,---,1992,0,Total,18,285,195,0,0,0,0,,
Shrimp Trawl,---,1992,2,67,1,307,*,*,*,*,*,,
Shrimp Trawl,---,1992,2,Total,1,307,*,*,*,*,*,,
Shrimp Trawl,---,1992,3,0,2,2450,*,*,*,*,*,,
Shrimp Trawl,---,1992,3,4,1,60,*,*,*,*,*,,
Shrimp Trawl,---,1992,3,7,1,7140,*,*,*,*,*,,
Shrimp Trawl,---,1992,3,Total,3,9650,3830,7617,0,0,5,,
Shrimp Trawl,---,1992,4,0,2,8365,*,*,*,*,*,,
Shrimp Trawl,---,1992,4,5,9,36040,16830,24813,0,0,9,,
Shrimp Trawl,---,1992,4,9,4,7360,1906,2089,0,0,58,,
Shrimp Trawl,---,1992,4,10,1,40,*,*,*,*,*,,
Shrimp Trawl,---,1992,4,12,4,8714,2806,3701,0,0,11,,
Shrimp Trawl,---,1992,4,Total,16,60519,22667,37323,17,0,80,,
Shrimp Trawl,---,1992,5,0,2,1380,*,*,*,*,*,,
Shrimp Trawl,---,1992,5,1,2,6990,*,*,*,*,*,,
Shrimp Trawl,---,1992,5,23,4,10885,4675,5220,45,0,59,,
Shrimp Trawl,---,1992,5,Total,6,19255,9713,10872,45,0,67,,
Shrimp Trawl,---,1992,6,4,1,150,*,*,*,*,*,,
Shrimp Trawl,---,1992,6,16,1,1120,*,*,*,*,*,,
Shrimp Trawl,---,1992,6,Total,2,1270,*,*,*,*,*,,
Shrimp Trawl,---,1992,7,15,1,180,*,*,*,*,*,,
Shrimp Trawl,---,1992,7,30,1,85,*,*,*,*,*,,
Shrimp Trawl,---,1992,7,Total,1,265,*,*,*,*,*,,
Shrimp Trawl,---,1992,8,2,1,20,*,*,*,*,*,,
Shrimp Trawl,---,1992,8,Total,1,20,*,*,*,*,*,,
Shrimp Trawl,---,1992,9,0,1,13700,*,*,*,*,*,,
Shrimp Trawl,---,1992,9,1,1,360,*,*,*,*,*,,
Shrimp Trawl,---,1992,9,11,1,430,*,*,*,*,*,,
Shrimp Trawl,---,1992,9,Total,2,14490,*,*,*,*,*,,
Shrimp Trawl,---,1992,10,0,1,7560,*,*,*,*,*,,
Shrimp Trawl,---,1992,10,3,1,630,*,*,*,*,*,,
Shrimp Trawl,---,1992,10,4,1,70,*,*,*,*,*,,
Shrimp Trawl,---,1992,10,Total,2,8260,*,*,*,*,*,,
Shrimp Trawl,---,1992,12,6,1,45,*,*,*,*,*,,
Shrimp Trawl,---,1992,12,23,1,60,*,*,*,*,*,,
Shrimp Trawl,---,1992,12,26,2,5755,*,*,*,*,*,,
Shrimp Trawl,---,1992,12,37,1,485,*,*,*,*,*,,
Shrimp Trawl,---,1992,12,40,1,3725,*,*,*,*,*,,
Shrimp Trawl,---,1992,12,Total,2,10070,*,*,*,*,*,,
Shrimp Trawl,---,1992,13,0,1,215,*,*,*,*,*,,
Shrimp Trawl,---,1992,13,15,1,1320,*,*,*,*,*,,
Shrimp Trawl,---,1992,13,Total,2,1535,*,*,*,*,*,,
Shrimp Trawl,---,1992,14,0,5,23700,45623,3218,178,0,31,,
Shrimp Trawl,---,1992,14,1,1,3980,*,*,*,*,*,,
Shrimp Trawl,---,1992,14,2,2,17318,*,*,*,*,*,,
Shrimp Trawl,---,1992,14,3,1,300,*,*,*,*,*,,
Shrimp Trawl,---,1992,14,4,3,1799,10575,78,0,0,0,,
Shrimp Trawl,---,1992,14,5,7,61678,66784,5429,0,0,122,,
Shrimp Trawl,---,1992,14,6,1,345,*,*,*,*,*,,
Shrimp Trawl,---,1992,14,9,8,35175,90025,1353,629,0,282,,
Shrimp Trawl,---,1992,14,12,4,8991,6920,626,45,0,2,,
Shrimp Trawl,---,1992,14,13,1,3815,*,*,*,*,*,,
Shrimp Trawl,---,1992,14,Total,19,157101,241380,13778,852,0,606,,
Shrimp Trawl,---,1992,15,0,2,3085,*,*,*,*,*,,
Shrimp Trawl,---,1992,15,2,6,29365,41660,1724,0,0,27,,
Shrimp Trawl,---,1992,15,3,1,330,*,*,*,*,*,,
Shrimp Trawl,---,1992,15,Total,9,32780,49110,1729,0,0,27,,
Shrimp Trawl,---,1992,16,0,1,2220,*,*,*,*,*,,
Shrimp Trawl,---,1992,16,1,1,2130,*,*,*,*,*,,
Shrimp Trawl,---,1992,16,2,1,1460,*,*,*,*,*,,
Shrimp Trawl,---,1992,16,Total,2,5810,*,*,*,*,*,,
Shrimp Trawl,---,1992,17,0,8,37702,33064,849,2,0,735,,
Shrimp Trawl,---,1992,17,2,2,7680,*,*,*,*,*,,
Shrimp Trawl,---,1992,17,4,1,640,*,*,*,*,*,,
Shrimp Trawl,---,1992,17,6,12,26715,16120,2115,73,0,67,,
Shrimp Trawl,---,1992,17,8,1,150,*,*,*,*,*,,
Shrimp Trawl,---,1992,17,9,9,26178,11032,5836,0,0,716,,
Shrimp Trawl,---,1992,17,11,1,60,*,*,*,*,*,,
Shrimp Trawl,---,1992,17,12,2,9415,*,*,*,*,*,,
Shrimp Trawl,---,1992,17,13,6,28055,15453,3041,0,0,45,,
Shrimp Trawl,---,1992,17,15,1,1080,*,*,*,*,*,,
Shrimp Trawl,---,1992,17,16,1,1530,*,*,*,*,*,,
Shrimp Trawl,---,1992,17,17,3,3155,455,119,60,0,214,,
Shrimp Trawl,---,1992,17,Total,28,142360,88185,12781,180,0,1925,,
Shrimp Trawl,---,1992,18,0,1,90,*,*,*,*,*,,
Shrimp Trawl,---,1992,18,4,3,8920,510,4201,0,0,4,,
Shrimp Trawl,---,1992,18,6,4,9730,1006,3215,12,0,31,,
Shrimp Trawl,---,1992,18,8,1,420,*,*,*,*,*,,
Shrimp Trawl,---,1992,18,Total,8,19160,1616,7513,12,0,35,,
Shrimp Trawl,---,1992,23,0,4,8635,20790,326,0,0,7,,
Shrimp Trawl,---,1992,23,1,1,1050,*,*,*,*,*,,
Shrimp Trawl,---,1992,23,4,12,41185,72415,2385,0,0,302,,
Shrimp Trawl,---,1992,23,5,1,0,*,*,*,*,*,,
Shrimp Trawl,---,1992,23,6,1,690,*,*,*,*,*,,
Shrimp Trawl,---,1992,23,7,11,17565,37630,544,0,0,23,,
Shrimp Trawl,---,1992,23,8,1,90,*,*,*,*,*,,
Shrimp Trawl,---,1992,23,11,1,120,*,*,*,*,*,,
Shrimp Trawl,---,1992,23,Total,17,69335,133130,3482,0,0,332,,
Shrimp Trawl,---,1992,24,0,3,1135,8937,0,0,0,0,,
Shrimp Trawl,---,1992,24,Total,3,1135,8937,0,0,0,0,,
Shrimp Trawl,---,1992,28,0,3,27088,**,**,**,**,**,,
Shrimp Trawl,---,1992,28,1,8,11305,3062,627,0,0,12,,
Shrimp Trawl,---,1992,28,2,4,22290,28264,1014,0,0,0,,
Shrimp Trawl,---,1992,28,3,1,25140,*,*,*,*,*,,
Shrimp Trawl,---,1992,28,7,7,79795,125498,1423,0,0,36,,
Shrimp Trawl,---,1992,28,Total,18,165618,185203,5018,0,0,48,,
Shrimp Trawl,---,1992,29,0,9,31788,**,**,**,**,**,,
Shrimp Trawl,---,1992,29,1,8,85760,69677,3884,0,0,142,,
Shrimp Trawl,---,1992,29,2,12,47515,9219,5103,330,0,2,,
Shrimp Trawl,---,1992,29,3,28,134218,30147,16656,49,0,40,,
Shrimp Trawl,---,1992,29,4,1,240,*,*,*,*,*,,
Shrimp Trawl,---,1992,29,Total,40,299521,116373,28585,379,0,184,,
Shrimp Trawl,---,1992,121,0,1,110,*,*,*,*,*,,
Shrimp Trawl,---,1992,121,Total,1,110,*,*,*,*,*,,
Shrimp Trawl,---,1992,123,0,10,22380,76335,389,0,0,25,,
Shrimp Trawl,---,1992,123,1,8,3140,6072,2,0,0,0,,
Shrimp Trawl,---,1992,123,2,6,1225,2410,1,0,0,0,,
Shrimp Trawl,---,1992,123,3,14,26930,69945,686,0,0,0,,
Shrimp Trawl,---,1992,123,4,12,20215,41037,133,0,0,0,,
Shrimp Trawl,---,1992,123,5,10,8170,11598,134,0,0,0,,
Shrimp Trawl,---,1992,123,6,2,1890,*,*,*,*,*,,
Shrimp Trawl,---,1992,123,7,1,1680,*,*,*,*,*,,
Shrimp Trawl,---,1992,123,8,1,3455,*,*,*,*,*,,
Shrimp Trawl,---,1992,123,Total,21,89085,224572,1345,0,0,25,,
Shrimp Trawl,---,1992,124,0,15,52317,297152,956,20,0,16,,
Shrimp Trawl,---,1992,124,1,18,9937,87506,0,0,0,0,,
Shrimp Trawl,---,1992,124,2,31,47096,425667,26,0,0,5,,
Shrimp Trawl,---,1992,124,3,27,69312,743927,40,22,0,10,,
Shrimp Trawl,---,1992,124,4,7,10929,205780,0,0,0,0,,
Shrimp Trawl,---,1992,124,Total,44,189591,1760032,1022,42,0,31,,
Shrimp Trawl,---,1992,125,0,10,36525,426930,0,0,0,0,,
Shrimp Trawl,---,1992,125,3,2,2170,*,*,*,*,*,,
Shrimp Trawl,---,1992,125,4,2,1275,*,*,*,*,*,,
Shrimp Trawl,---,1992,125,5,25,94785,1558766,0,0,0,0,,
Shrimp Trawl,---,1992,125,Total,32,134755,2023816,0,0,0,0,,
Shrimp Trawl,---,1992,127,0,3,3980,31000,0,0,0,0,,
Shrimp Trawl,---,1992,127,1,3,4695,93750,0,0,0,0,,
Shrimp Trawl,---,1992,127,2,4,1900,47830,0,0,0,0,,
Shrimp Trawl,---,1992,127,3,3,3195,82400,0,0,0,0,,
Shrimp Trawl,---,1992,127,4,3,1847,12100,0,0,0,0,,
Shrimp Trawl,---,1992,127,Total,7,15617,267080,0,0,0,0,,
Shrimp Trawl,---,1993,0,0,1,0,*,*,*,*,*,,
Shrimp Trawl,---,1993,0,Total,1,0,*,*,*,*,*,,
Shrimp Trawl,---,1993,2,0,1,325,*,*,*,*,*,,
Shrimp Trawl,---,1993,2,Total,1,325,*,*,*,*,*,,
Shrimp Trawl,---,1993,3,0,1,420,*,*,*,*,*,,
Shrimp Trawl,---,1993,3,1,1,865,*,*,*,*,*,,
Shrimp Trawl,---,1993,3,12,1,4990,*,*,*,*,*,,
Shrimp Trawl,---,1993,3,Total,3,6275,5975,6164,0,0,0,,
Shrimp Trawl,---,1993,4,0,1,5975,*,*,*,*,*,,
Shrimp Trawl,---,1993,4,5,8,49450,26763,29880,0,0,2,,
Shrimp Trawl,---,1993,4,9,7,8472,5494,6003,298,0,8,,
Shrimp Trawl,---,1993,4,12,5,14515,**,**,**,**,**,,
Shrimp Trawl,---,1993,4,Total,17,78412,35388,51784,411,0,34,,
Shrimp Trawl,---,1993,5,1,4,11201,6380,6055,303,0,183,,
Shrimp Trawl,---,1993,5,14,2,120,*,*,*,*,*,,
Shrimp Trawl,---,1993,5,23,3,3275,**,**,**,**,**,,
Shrimp Trawl,---,1993,5,Total,6,14596,9871,8526,303,0,203,,
Shrimp Trawl,---,1993,6,0,1,195,*,*,*,*,*,,
Shrimp Trawl,---,1993,6,Total,1,195,*,*,*,*,*,,
Shrimp Trawl,---,1993,9,0,1,18000,*,*,*,*,*,,
Shrimp Trawl,---,1993,9,11,1,255,*,*,*,*,*,,
Shrimp Trawl,---,1993,9,Total,2,18255,*,*,*,*,*,,
Shrimp Trawl,---,1993,10,0,1,22200,*,*,*,*,*,,
Shrimp Trawl,---,1993,10,Total,1,22200,*,*,*,*,*,,
Shrimp Trawl,---,1993,12,26,4,6678,285,2990,10,0,19,,
Shrimp Trawl,---,1993,12,Total,4,6678,285,2990,10,0,19,,
Shrimp Trawl,---,1993,13,13,1,1624,*,*,*,*,*,,
Shrimp Trawl,---,1993,13,14,1,990,*,*,*,*,*,,
Shrimp Trawl,---,1993,13,Total,1,2614,*,*,*,*,*,,
Shrimp Trawl,---,1993,14,0,2,1865,*,*,*,*,*,,
Shrimp Trawl,---,1993,14,1,2,3165,*,*,*,*,*,,
Shrimp Trawl,---,1993,14,2,3,40865,22330,3112,10,0,143,,
Shrimp Trawl,---,1993,14,3,1,30,*,*,*,*,*,,
Shrimp Trawl,---,1993,14,4,2,155,*,*,*,*,*,,
Shrimp Trawl,---,1993,14,5,4,38015,28545,3741,0,0,23,,
Shrimp Trawl,---,1993,14,9,11,30595,71534,2138,0,0,166,,
Shrimp Trawl,---,1993,14,10,2,535,*,*,*,*,*,,
Shrimp Trawl,---,1993,14,11,1,21510,*,*,*,*,*,,
Shrimp Trawl,---,1993,14,12,7,27845,32636,4676,0,0,0,,
Shrimp Trawl,---,1993,14,13,4,4570,10428,881,0,0,69,,
Shrimp Trawl,---,1993,14,Total,19,169150,228131,17026,57,0,943,,
Shrimp Trawl,---,1993,15,0,1,2480,*,*,*,*,*,,
Shrimp Trawl,---,1993,15,1,1,2963,*,*,*,*,*,,
Shrimp Trawl,---,1993,15,2,13,64356,96636,23212,0,0,583,,
Shrimp Trawl,---,1993,15,3,3,7240,20802,156,0,0,17,,
Shrimp Trawl,---,1993,15,6,1,160,*,*,*,*,*,,
Shrimp Trawl,---,1993,15,Total,14,77199,121888,24745,0,0,600,,
Shrimp Trawl,---,1993,16,0,1,285,*,*,*,*,*,,
Shrimp Trawl,---,1993,16,1,1,4950,*,*,*,*,*,,
Shrimp Trawl,---,1993,16,Total,2,5235,*,*,*,*,*,,
Shrimp Trawl,---,1993,17,2,3,3190,377,216,1,0,243,,
Shrimp Trawl,---,1993,17,3,1,125,*,*,*,*,*,,
Shrimp Trawl,---,1993,17,4,3,1080,805,355,0,0,15,,
Shrimp Trawl,---,1993,17,6,5,9450,4352,698,0,0,0,,
Shrimp Trawl,---,1993,17,7,1,2130,*,*,*,*,*,,
Shrimp Trawl,---,1993,17,9,10,34645,11563,2292,103,0,2701,,
Shrimp Trawl,---,1993,17,11,1,830,*,*,*,*,*,,
Shrimp Trawl,---,1993,17,12,1,1770,*,*,*,*,*,,
Shrimp Trawl,---,1993,17,13,10,41110,19541,5542,0,0,357,,
Shrimp Trawl,---,1993,17,16,1,1070,*,*,*,*,*,,
Shrimp Trawl,---,1993,17,17,2,7550,*,*,*,*,*,,
Shrimp Trawl,---,1993,17,Total,24,102950,39044,10093,350,0,4664,,
Shrimp Trawl,---,1993,18,1,2,3530,*,*,*,*,*,,
Shrimp Trawl,---,1993,18,4,2,22285,*,*,*,*,*,,
Shrimp Trawl,---,1993,18,6,3,1935,166,209,11,0,1,,
Shrimp Trawl,---,1993,18,7,1,815,*,*,*,*,*,,
Shrimp Trawl,---,1993,18,Total,6,28565,1646,7778,4214,0,1,,
Shrimp Trawl,---,1993,23,3,1,120,*,*,*,*,*,,
Shrimp Trawl,---,1993,23,4,13,29885,62868,5011,0,0,174,,
Shrimp Trawl,---,1993,23,5,1,380,*,*,*,*,*,,
Shrimp Trawl,---,1993,23,6,2,552,*,*,*,*,*,,
Shrimp Trawl,---,1993,23,7,6,14067,28267,2161,0,0,39,,
Shrimp Trawl,---,1993,23,8,2,1200,*,*,*,*,*,,
Shrimp Trawl,---,1993,23,Total,15,46204,100950,7501,0,0,225,,
Shrimp Trawl,---,1993,24,0,1,2385,*,*,*,*,*,,
Shrimp Trawl,---,1993,24,2,1,6750,*,*,*,*,*,,
Shrimp Trawl,---,1993,24,Total,2,9135,*,*,*,*,*,,
Shrimp Trawl,---,1993,27,7,1,300,*,*,*,*,*,,
Shrimp Trawl,---,1993,27,Total,1,300,*,*,*,*,*,,
Shrimp Trawl,---,1993,28,1,8,21961,7821,2748,0,0,111,,
Shrimp Trawl,---,1993,28,2,2,3970,*,*,*,*,*,,
Shrimp Trawl,---,1993,28,3,2,17610,*,*,*,*,*,,
Shrimp Trawl,---,1993,28,7,7,72500,83811,7053,0,0,0,,
Shrimp Trawl,---,1993,28,Total,15,116041,116540,11336,0,0,119,,
Shrimp Trawl,---,1993,29,0,2,12660,*,*,*,*,*,,
Shrimp Trawl,---,1993,29,1,12,75825,46350,8500,0,0,309,,
Shrimp Trawl,---,1993,29,2,19,108658,24240,16139,185,0,222,,
Shrimp Trawl,---,1993,29,3,37,194304,49992,29489,112,0,469,,
Shrimp Trawl,---,1993,29,4,1,60,*,*,*,*,*,,
Shrimp Trawl,---,1993,29,Total,46,391507,124847,55221,297,0,1000,,
Shrimp Trawl,---,1993,101,7,1,200,*,*,*,*,*,,
Shrimp Trawl,---,1993,101,Total,1,200,*,*,*,*,*,,
Shrimp Trawl,---,1993,104,1,1,460,*,*,*,*,*,,
Shrimp Trawl,---,1993,104,Total,1,460,*,*,*,*,*,,
Shrimp Trawl,---,1993,121,0,1,0,*,*,*,*,*,,
Shrimp Trawl,---,1993,121,3,2,355,*,*,*,*,*,,
Shrimp Trawl,---,1993,121,Total,3,355,17680,0,0,0,0,,
Shrimp Trawl,---,1993,123,1,6,1840,8725,0,0,0,0,,
Shrimp Trawl,---,1993,123,2,6,3480,13435,12,0,0,3,,
Shrimp Trawl,---,1993,123,3,13,26495,129235,549,0,0,0,,
Shrimp Trawl,---,1993,123,4,13,22800,99655,135,0,0,0,,
Shrimp Trawl,---,1993,123,5,8,4140,11480,150,0,0,12,,
Shrimp Trawl,---,1993,123,6,2,820,*,*,*,*,*,,
Shrimp Trawl,---,1993,123,7,4,1320,2075,187,0,0,8,,
Shrimp Trawl,---,1993,123,8,1,190,*,*,*,*,*,,
Shrimp Trawl,---,1993,123,9,1,60,*,*,*,*,*,,
Shrimp Trawl,---,1993,123,Total,19,61145,273145,1039,0,0,23,,
Shrimp Trawl,---,1993,124,0,3,14121,67545,0,0,0,0,,
Shrimp Trawl,---,1993,124,1,8,9220,35647,3106,0,0,0,,
Shrimp Trawl,---,1993,124,2,23,20773,164808,20,0,0,0,,
Shrimp Trawl,---,1993,124,3,25,66178,424862,7,0,0,0,,
Shrimp Trawl,---,1993,124,4,6,7455,85810,0,0,0,0,,
Shrimp Trawl,---,1993,124,Total,35,117747,778672,3133,0,0,0,,
Shrimp Trawl,---,1993,125,0,2,1824,*,*,*,*,*,,
Shrimp Trawl,---,1993,125,1,2,2210,*,*,*,*,*,,
Shrimp Trawl,---,1993,125,2,4,5315,23450,0,0,0,0,,
Shrimp Trawl,---,1993,125,3,1,120,*,*,*,*,*,,
Shrimp Trawl,---,1993,125,4,1,65,*,*,*,*,*,,
Shrimp Trawl,---,1993,125,5,31,369468,4788026,500,0,0,0,,
Shrimp Trawl,---,1993,125,6,1,150,*,*,*,*,*,,
Shrimp Trawl,---,1993,125,Total,33,379152,4857426,500,0,0,0,,
Shrimp Trawl,---,1993,126,0,1,3030,*,*,*,*,*,,
Shrimp Trawl,---,1993,126,2,1,50,*,*,*,*,*,,
Shrimp Trawl,---,1993,126,Total,2,3080,*,*,*,*,*,,
Shrimp Trawl,---,1993,127,2,1,155,*,*,*,*,*,,
Shrimp Trawl,---,1993,127,4,1,380,*,*,*,*,*,,
Shrimp Trawl,---,1993,127,Total,1,535,*,*,*,*,*,,
Shrimp Trawl,---,1994,3,11,3,5795,110,5541,0,0,0,,
Shrimp Trawl,---,1994,3,Total,3,5795,110,5541,0,0,0,,
Shrimp Trawl,---,1994,4,0,1,9855,*,*,*,*,*,,
Shrimp Trawl,---,1994,4,5,6,23230,6615,15019,0,0,10,,
Shrimp Trawl,---,1994,4,9,9,29340,14531,19099,411,0,112,,
Shrimp Trawl,---,1994,4,10,1,1080,*,*,*,*,*,,
Shrimp Trawl,---,1994,4,12,8,17215,4029,7672,0,0,10,,
Shrimp Trawl,---,1994,4,Total,19,80720,25765,51114,411,0,139,,
Shrimp Trawl,---,1994,5,1,1,11630,*,*,*,*,*,,
Shrimp Trawl,---,1994,5,23,5,23165,**,**,**,**,**,,
Shrimp Trawl,---,1994,5,Total,5,34795,10733,28669,345,0,0,,
Shrimp Trawl,---,1994,6,4,1,1085,*,*,*,*,*,,
Shrimp Trawl,---,1994,6,Total,1,1085,*,*,*,*,*,,
Shrimp Trawl,---,1994,7,2,1,100,*,*,*,*,*,,
Shrimp Trawl,---,1994,7,32,1,105,*,*,*,*,*,,
Shrimp Trawl,---,1994,7,Total,1,205,*,*,*,*,*,,
Shrimp Trawl,---,1994,9,4,1,4300,*,*,*,*,*,,
Shrimp Trawl,---,1994,9,11,1,780,*,*,*,*,*,,
Shrimp Trawl,---,1994,9,Total,2,5080,*,*,*,*,*,,
Shrimp Trawl,---,1994,10,1,1,120,*,*,*,*,*,,
Shrimp Trawl,---,1994,10,2,1,4800,*,*,*,*,*,,
Shrimp Trawl,---,1994,10,3,1,1355,*,*,*,*,*,,
Shrimp Trawl,---,1994,10,Total,3,6275,348,3764,0,0,0,,
Shrimp Trawl,---,1994,12,26,2,3090,*,*,*,*,*,,
Shrimp Trawl,---,1994,12,35,1,360,*,*,*,*,*,,
Shrimp Trawl,---,1994,12,40,1,285,*,*,*,*,*,,
Shrimp Trawl,---,1994,12,Total,3,3735,1470,2022,0,0,5,,
Shrimp Trawl,---,1994,13,14,1,75,*,*,*,*,*,,
Shrimp Trawl,---,1994,13,15,1,250,*,*,*,*,*,,
Shrimp Trawl,---,1994,13,Total,1,325,*,*,*,*,*,,
Shrimp Trawl,---,1994,14,0,1,160,*,*,*,*,*,,
Shrimp Trawl,---,1994,14,2,2,24485,*,*,*,*,*,,
Shrimp Trawl,---,1994,14,3,3,470,125,141,0,0,2,,
Shrimp Trawl,---,1994,14,4,2,150,*,*,*,*,*,,
Shrimp Trawl,---,1994,14,5,7,28643,19408,2932,0,0,86,,
Shrimp Trawl,---,1994,14,6,1,60,*,*,*,*,*,,
Shrimp Trawl,---,1994,14,7,4,6034,8356,408,0,0,0,,
Shrimp Trawl,---,1994,14,9,14,56200,62152,5129,100,0,59,,
Shrimp Trawl,---,1994,14,10,4,3676,4389,8,3,0,5,,
Shrimp Trawl,---,1994,14,11,3,26825,39479,1744,31,0,267,,
Shrimp Trawl,---,1994,14,12,4,4070,7732,202,0,0,2,,
Shrimp Trawl,---,1994,14,13,5,5595,10383,897,8,0,37,,
Shrimp Trawl,---,1994,14,15,1,240,*,*,*,*,*,,
Shrimp Trawl,---,1994,14,Total,27,156608,163827,13729,145,0,491,,
Shrimp Trawl,---,1994,15,0,1,405,*,*,*,*,*,,
Shrimp Trawl,---,1994,15,1,2,2790,*,*,*,*,*,,
Shrimp Trawl,---,1994,15,2,10,85525,95839,13420,0,0,0,,
Shrimp Trawl,---,1994,15,3,6,13395,18552,286,0,0,63,,
Shrimp Trawl,---,1994,15,Total,14,102115,116365,13865,0,0,63,,
Shrimp Trawl,---,1994,16,1,2,11040,*,*,*,*,*,,
Shrimp Trawl,---,1994,16,2,5,8455,842,1294,0,0,11,,
Shrimp Trawl,---,1994,16,16,1,20,*,*,*,*,*,,
Shrimp Trawl,---,1994,16,18,1,60,*,*,*,*,*,,
Shrimp Trawl,---,1994,16,Total,6,19575,4767,2156,0,0,11,,
Shrimp Trawl,---,1994,17,0,1,30,*,*,*,*,*,,
Shrimp Trawl,---,1994,17,2,1,600,*,*,*,*,*,,
Shrimp Trawl,---,1994,17,4,1,60,*,*,*,*,*,,
Shrimp Trawl,---,1994,17,5,1,4535,*,*,*,*,*,,
Shrimp Trawl,---,1994,17,6,4,2925,990,243,2,0,18,,
Shrimp Trawl,---,1994,17,7,1,120,*,*,*,*,*,,
Shrimp Trawl,---,1994,17,9,5,7940,3965,766,42,0,169,,
Shrimp Trawl,---,1994,17,10,2,2220,*,*,*,*,*,,
Shrimp Trawl,---,1994,17,12,2,9720,*,*,*,*,*,,
Shrimp Trawl,---,1994,17,13,4,41155,15139,5470,0,0,79,,
Shrimp Trawl,---,1994,17,14,1,480,*,*,*,*,*,,
Shrimp Trawl,---,1994,17,16,2,3970,*,*,*,*,*,,
Shrimp Trawl,---,1994,17,17,2,930,*,*,*,*,*,,
Shrimp Trawl,---,1994,17,Total,19,74685,26631,8180,52,0,447,,
Shrimp Trawl,---,1994,18,4,1,3230,*,*,*,*,*,,
Shrimp Trawl,---,1994,18,Total,1,3230,*,*,*,*,*,,
Shrimp Trawl,---,1994,23,0,2,2240,*,*,*,*,*,,
Shrimp Trawl,---,1994,23,1,1,1350,*,*,*,*,*,,
Shrimp Trawl,---,1994,23,3,1,5140,*,*,*,*,*,,
Shrimp Trawl,---,1994,23,4,7,20545,31940,1443,0,0,93,,
Shrimp Trawl,---,1994,23,5,5,7595,17565,788,0,0,64,,
Shrimp Trawl,---,1994,23,6,3,3680,7210,425,0,0,0,,
Shrimp Trawl,---,1994,23,7,20,69385,205332,6620,0,0,102,,
Shrimp Trawl,---,1994,23,8,2,330,*,*,*,*,*,,
Shrimp Trawl,---,1994,23,9,1,360,*,*,*,*,*,,
Shrimp Trawl,---,1994,23,11,1,90,*,*,*,*,*,,
Shrimp Trawl,---,1994,23,Total,27,110715,285134,9585,0,0,287,,
Shrimp Trawl,---,1994,24,8,2,16360,*,*,*,*,*,,
Shrimp Trawl,---,1994,24,Total,2,16360,*,*,*,*,*,,
Shrimp Trawl,---,1994,27,3,1,480,*,*,*,*,*,,
Shrimp Trawl,---,1994,27,7,1,3210,*,*,*,*,*,,
Shrimp Trawl,---,1994,27,11,1,120,*,*,*,*,*,,
Shrimp Trawl,---,1994,27,Total,2,3810,*,*,*,*,*,,
Shrimp Trawl,---,1994,28,0,1,4340,*,*,*,*,*,,
Shrimp Trawl,---,1994,28,1,10,61660,19499,4389,0,0,17,,
Shrimp Trawl,---,1994,28,2,3,8010,4398,1358,0,0,7,,
Shrimp Trawl,---,1994,28,3,1,16460,*,*,*,*,*,,
Shrimp Trawl,---,1994,28,6,1,1080,*,*,*,*,*,,
Shrimp Trawl,---,1994,28,7,4,21585,16191,1089,0,0,331,,
Shrimp Trawl,---,1994,28,Total,19,113135,52828,7495,0,0,355,,
Shrimp Trawl,---,1994,29,0,2,8220,*,*,*,*,*,,
Shrimp Trawl,---,1994,29,1,13,74770,31167,4334,0,0,65,,
Shrimp Trawl,---,1994,29,2,13,37325,8440,5002,0,0,14,,
Shrimp Trawl,---,1994,29,3,26,164051,38230,23096,0,0,51,,
Shrimp Trawl,---,1994,29,4,1,600,*,*,*,*,*,,
Shrimp Trawl,---,1994,29,Total,40,284966,79301,33276,0,0,130,,
Shrimp Trawl,---,1994,107,1,1,65,*,*,*,*,*,,
Shrimp Trawl,---,1994,107,Total,1,65,*,*,*,*,*,,
Shrimp Trawl,---,1994,123,0,3,2430,16060,76,0,0,15,,
Shrimp Trawl,---,1994,123,1,12,2810,8840,0,0,0,0,,
Shrimp Trawl,---,1994,123,2,11,2360,5680,21,0,0,0,,
Shrimp Trawl,---,1994,123,3,25,92518,330993,757,0,0,4,,
Shrimp Trawl,---,1994,123,4,24,73575,208520,1389,8,0,29,,
Shrimp Trawl,---,1994,123,5,18,50590,143273,1248,0,0,5,,
Shrimp Trawl,---,1994,123,6,8,8565,23945,0,0,0,0,,
Shrimp Trawl,---,1994,123,7,2,19265,*,*,*,*,*,,
Shrimp Trawl,---,1994,123,8,2,160,*,*,*,*,*,,
Shrimp Trawl,---,1994,123,Total,36,252273,796449,3633,8,0,53,,
Shrimp Trawl,---,1994,124,0,2,1745,*,*,*,*,*,,
Shrimp Trawl,---,1994,124,1,18,19521,**,**,**,**,**,,
Shrimp Trawl,---,1994,124,2,29,235211,1498649,0,0,0,0,,
Shrimp Trawl,---,1994,124,3,34,226044,1207185,9360,0,0,0,,
Shrimp Trawl,---,1994,124,4,11,11101,80350,0,0,0,0,,
Shrimp Trawl,---,1994,124,Total,41,493622,2870854,11090,0,0,0,,
Shrimp Trawl,---,1994,125,0,1,1080,*,*,*,*,*,,
Shrimp Trawl,---,1994,125,1,2,3080,*,*,*,*,*,,
Shrimp Trawl,---,1994,125,3,1,3520,*,*,*,*,*,,
Shrimp Trawl,---,1994,125,4,1,50,*,*,*,*,*,,
Shrimp Trawl,---,1994,125,5,24,173095,1684755,72,0,0,0,,
Shrimp Trawl,---,1994,125,6,2,33415,*,*,*,*,*,,
Shrimp Trawl,---,1994,125,Total,26,214240,1923305,72,0,0,0,,
Shrimp Trawl,---,1994,142,2,1,102,*,*,*,*,*,,
Shrimp Trawl,---,1994,142,Total,1,102,*,*,*,*,*,,
Shrimp Trawl,---,1995,0,0,31,82937,261630,523,0,0,70,,
Shrimp Trawl,---,1995,0,Total,31,82937,261630,523,0,0,70,,
Shrimp Trawl,---,1995,2,0,1,52,*,*,*,*,*,,
Shrimp Trawl,---,1995,2,Total,1,52,*,*,*,*,*,,
Shrimp Trawl,---,1995,3,0,2,1030,*,*,*,*,*,,
Shrimp Trawl,---,1995,3,1,1,390,*,*,*,*,*,,
Shrimp Trawl,---,1995,3,2,1,90,*,*,*,*,*,,
Shrimp Trawl,---,1995,3,4,1,30,*,*,*,*,*,,
Shrimp Trawl,---,1995,3,5,1,7470,*,*,*,*,*,,
Shrimp Trawl,---,1995,3,11,1,360,*,*,*,*,*,,
Shrimp Trawl,---,1995,3,12,2,1275,*,*,*,*,*,,
Shrimp Trawl,---,1995,3,17,1,40,*,*,*,*,*,,
Shrimp Trawl,---,1995,3,Total,6,10685,5318,9290,0,0,0,,
Shrimp Trawl,---,1995,4,0,6,32595,7520,24144,3,0,22,,
Shrimp Trawl,---,1995,4,1,1,780,*,*,*,*,*,,
Shrimp Trawl,---,1995,4,5,16,67135,34651,70467,0,0,27,,
Shrimp Trawl,---,1995,4,7,1,210,*,*,*,*,*,,
Shrimp Trawl,---,1995,4,9,16,82797,90718,67170,78,0,656,,
Shrimp Trawl,---,1995,4,12,11,43739,28364,25349,2,0,214,,
Shrimp Trawl,---,1995,4,15,1,2820,*,*,*,*,*,,
Shrimp Trawl,---,1995,4,Total,31,230076,163173,189570,83,0,919,,
Shrimp Trawl,---,1995,5,0,4,18950,15085,10020,60,0,53,,
Shrimp Trawl,---,1995,5,1,7,9555,497,7520,0,0,0,,
Shrimp Trawl,---,1995,5,2,2,3855,*,*,*,*,*,,
Shrimp Trawl,---,1995,5,14,1,120,*,*,*,*,*,,
Shrimp Trawl,---,1995,5,23,2,2170,*,*,*,*,*,,
Shrimp Trawl,---,1995,5,Total,13,34650,16762,21875,65,0,60,,
Shrimp Trawl,---,1995,6,3,1,386,*,*,*,*,*,,
Shrimp Trawl,---,1995,6,4,2,7327,*,*,*,*,*,,
Shrimp Trawl,---,1995,6,16,1,120,*,*,*,*,*,,
Shrimp Trawl,---,1995,6,21,1,275,*,*,*,*,*,,
Shrimp Trawl,---,1995,6,Total,2,8108,*,*,*,*,*,,
Shrimp Trawl,---,1995,9,0,3,4200,6709,3915,74,0,20,,
Shrimp Trawl,---,1995,9,1,2,190,*,*,*,*,*,,
Shrimp Trawl,---,1995,9,2,3,5100,3906,4455,2,0,4,,
Shrimp Trawl,---,1995,9,3,1,1200,*,*,*,*,*,,
Shrimp Trawl,---,1995,9,4,1,40,*,*,*,*,*,,
Shrimp Trawl,---,1995,9,6,1,230,*,*,*,*,*,,
Shrimp Trawl,---,1995,9,11,2,1325,*,*,*,*,*,,
Shrimp Trawl,---,1995,9,Total,7,12285,11583,10143,225,0,28,,
Shrimp Trawl,---,1995,10,1,1,60,*,*,*,*,*,,
Shrimp Trawl,---,1995,10,2,1,30,*,*,*,*,*,,
Shrimp Trawl,---,1995,10,Total,2,90,*,*,*,*,*,,
Shrimp Trawl,---,1995,12,0,3,13020,17103,4463,120,0,9,,
Shrimp Trawl,---,1995,12,7,1,840,*,*,*,*,*,,
Shrimp Trawl,---,1995,12,9,1,40,*,*,*,*,*,,
Shrimp Trawl,---,1995,12,23,2,150,*,*,*,*,*,,
Shrimp Trawl,---,1995,12,26,6,27200,70474,6757,544,0,27,,
Shrimp Trawl,---,1995,12,27,1,350,*,*,*,*,*,,
Shrimp Trawl,---,1995,12,39,2,605,*,*,*,*,*,,
Shrimp Trawl,---,1995,12,40,1,160,*,*,*,*,*,,
Shrimp Trawl,---,1995,12,41,1,60,*,*,*,*,*,,
Shrimp Trawl,---,1995,12,42,1,4640,*,*,*,*,*,,
Shrimp Trawl,---,1995,12,Total,10,47065,97718,11851,13242,0,44,,
Shrimp Trawl,---,1995,13,0,1,490,*,*,*,*,*,,
Shrimp Trawl,---,1995,13,15,3,4860,16371,0,3,0,0,,
Shrimp Trawl,---,1995,13,16,1,480,*,*,*,*,*,,
Shrimp Trawl,---,1995,13,17,1,35,*,*,*,*,*,,
Shrimp Trawl,---,1995,13,29,1,480,*,*,*,*,*,,
Shrimp Trawl,---,1995,13,36,2,395,*,*,*,*,*,,
Shrimp Trawl,---,1995,13,37,1,100,*,*,*,*,*,,
Shrimp Trawl,---,1995,13,39,1,360,*,*,*,*,*,,
Shrimp Trawl,---,1995,13,Total,6,7200,18726,84,303,0,7,,
Shrimp Trawl,---,1995,14,0,4,3980,2235,433,3,0,27,,
Shrimp Trawl,---,1995,14,1,1,6789,*,*,*,*,*,,
Shrimp Trawl,---,1995,14,2,6,26290,9161,2143,39,0,9,,
Shrimp Trawl,---,1995,14,3,2,1425,*,*,*,*,*,,
Shrimp Trawl,---,1995,14,4,4,2430,335,266,0,0,8,,
Shrimp Trawl,---,1995,14,5,10,39831,18039,2615,0,0,162,,
Shrimp Trawl,---,1995,14,7,1,80,*,*,*,*,*,,
Shrimp Trawl,---,1995,14,9,8,13622,11355,1539,23,0,5,,
Shrimp Trawl,---,1995,14,10,2,1590,*,*,*,*,*,,
Shrimp Trawl,---,1995,14,12,7,27380,18004,2339,3,0,57,,
Shrimp Trawl,---,1995,14,13,1,3131,*,*,*,*,*,,
Shrimp Trawl,---,1995,14,Total,25,126548,66361,11769,68,0,268,,
Shrimp Trawl,---,1995,15,0,2,13031,*,*,*,*,*,,
Shrimp Trawl,---,1995,15,2,7,43155,81340,2806,6,0,0,,
Shrimp Trawl,---,1995,15,3,7,5935,**,**,**,**,**,,
Shrimp Trawl,---,1995,15,Total,10,62121,114275,3450,6,0,3,,
Shrimp Trawl,---,1995,16,1,1,310,*,*,*,*,*,,
Shrimp Trawl,---,1995,16,2,3,2525,**,**,**,**,**,,
Shrimp Trawl,---,1995,16,Total,4,2835,472,217,0,0,0,,
Shrimp Trawl,---,1995,17,0,4,5260,3550,521,11,0,0,,
Shrimp Trawl,---,1995,17,1,1,60,*,*,*,*,*,,
Shrimp Trawl,---,1995,17,2,2,1975,*,*,*,*,*,,
Shrimp Trawl,---,1995,17,4,1,60,*,*,*,*,*,,
Shrimp Trawl,---,1995,17,6,8,5580,1753,857,0,0,1,,
Shrimp Trawl,---,1995,17,8,1,90,*,*,*,*,*,,
Shrimp Trawl,---,1995,17,9,12,39470,14558,3589,5,0,4,,
Shrimp Trawl,---,1995,17,10,4,9880,3271,1713,0,0,58,,
Shrimp Trawl,---,1995,17,11,1,1330,*,*,*,*,*,,
Shrimp Trawl,---,1995,17,12,1,8870,*,*,*,*,*,,
Shrimp Trawl,---,1995,17,13,6,31000,11943,2308,0,0,20,,
Shrimp Trawl,---,1995,17,15,2,2140,*,*,*,*,*,,
Shrimp Trawl,---,1995,17,17,1,480,*,*,*,*,*,,
Shrimp Trawl,---,1995,17,Total,20,106195,41133,9967,31,3,104,,
Shrimp Trawl,---,1995,18,0,1,1170,*,*,*,*,*,,
Shrimp Trawl,---,1995,18,1,1,1500,*,*,*,*,*,,
Shrimp Trawl,---,1995,18,3,2,13980,*,*,*,*,*,,
Shrimp Trawl,---,1995,18,4,7,27520,8402,7676,1230,3168,18,,
Shrimp Trawl,---,1995,18,5,1,920,*,*,*,*,*,,
Shrimp Trawl,---,1995,18,6,2,870,*,*,*,*,*,,
Shrimp Trawl,---,1995,18,9,1,100,*,*,*,*,*,,
Shrimp Trawl,---,1995,18,11,1,420,*,*,*,*,*,,
Shrimp Trawl,---,1995,18,Total,9,46480,16249,10295,3075,8739,76,,
Shrimp Trawl,---,1995,20,5,1,240,*,*,*,*,*,,
Shrimp Trawl,---,1995,20,Total,1,240,*,*,*,*,*,,
Shrimp Trawl,---,1995,23,0,24,93615,322817,124,0,0,28,,
Shrimp Trawl,---,1995,23,1,1,7560,*,*,*,*,*,,
Shrimp Trawl,---,1995,23,2,1,1195,*,*,*,*,*,,
Shrimp Trawl,---,1995,23,3,1,1705,*,*,*,*,*,,
Shrimp Trawl,---,1995,23,4,15,23100,35347,138,0,0,71,,
Shrimp Trawl,---,1995,23,5,13,31545,57415,150,0,0,22,,
Shrimp Trawl,---,1995,23,6,17,48270,92597,1687,0,0,84,,
Shrimp Trawl,---,1995,23,7,64,584919,1258468,7267,0,0,790,,
Shrimp Trawl,---,1995,23,8,17,16615,69565,66,0,0,26,,
Shrimp Trawl,---,1995,23,9,1,360,*,*,*,*,*,,
Shrimp Trawl,---,1995,23,10,1,120,*,*,*,*,*,,
Shrimp Trawl,---,1995,23,11,8,855,3435,6,0,0,0,,
Shrimp Trawl,---,1995,23,Total,84,809859,1862609,9462,0,0,1031,,
Shrimp Trawl,---,1995,24,0,3,1590,**,**,**,**,**,,
Shrimp Trawl,---,1995,24,2,1,105,*,*,*,*,*,,
Shrimp Trawl,---,1995,24,Total,4,1695,220414,152,0,0,0,,
Shrimp Trawl,---,1995,25,0,2,395,*,*,*,*,*,,
Shrimp Trawl,---,1995,25,3,1,25,*,*,*,*,*,,
Shrimp Trawl,---,1995,25,4,1,3390,*,*,*,*,*,,
Shrimp Trawl,---,1995,25,5,1,40,*,*,*,*,*,,
Shrimp Trawl,---,1995,25,6,1,80,*,*,*,*,*,,
Shrimp Trawl,---,1995,25,15,1,30,*,*,*,*,*,,
Shrimp Trawl,---,1995,25,Total,3,3960,82007,1039,0,0,0,,
Shrimp Trawl,---,1995,27,7,3,5175,3110,1942,0,0,36,,
Shrimp Trawl,---,1995,27,Total,3,5175,3110,1942,0,0,36,,
Shrimp Trawl,---,1995,28,0,5,20445,2328,1418,0,0,0,,
Shrimp Trawl,---,1995,28,1,19,85745,41865,24566,132,0,83,,
Shrimp Trawl,---,1995,28,2,6,8690,2709,587,5,0,0,,
Shrimp Trawl,---,1995,28,3,8,19100,12231,637,2,0,86,,
Shrimp Trawl,---,1995,28,4,10,26335,9283,4335,0,0,0,,
Shrimp Trawl,---,1995,28,5,1,2050,*,*,*,*,*,,
Shrimp Trawl,---,1995,28,6,3,19415,26299,827,0,0,1,,
Shrimp Trawl,---,1995,28,7,7,71355,102649,1918,0,0,24,,
Shrimp Trawl,---,1995,28,12,3,26525,**,**,**,**,**,,
Shrimp Trawl,---,1995,28,Total,33,279660,199958,38000,1041,0,198,,
Shrimp Trawl,---,1995,29,0,6,35690,4412,2217,0,0,0,,
Shrimp Trawl,---,1995,29,1,12,49300,28124,1800,0,10,1,,
Shrimp Trawl,---,1995,29,2,18,61575,14817,6136,0,799,6,,
Shrimp Trawl,---,1995,29,3,42,174262,47246,23543,8,0,359,,
Shrimp Trawl,---,1995,29,4,2,5800,*,*,*,*,*,,
Shrimp Trawl,---,1995,29,5,2,540,*,*,*,*,*,,
Shrimp Trawl,---,1995,29,13,1,6060,*,*,*,*,*,,
Shrimp Trawl,---,1995,29,Total,50,333227,97136,34740,18,809,399,,
Shrimp Trawl,---,1995,108,1,4,9393,61280,145,0,0,0,,
Shrimp Trawl,---,1995,108,Total,4,9393,61280,145,0,0,0,,
Shrimp Trawl,---,1995,109,0,1,60,*,*,*,*,*,,
Shrimp Trawl,---,1995,109,Total,1,60,*,*,*,*,*,,
Shrimp Trawl,---,1995,111,0,1,90,*,*,*,*,*,,
Shrimp Trawl,---,1995,111,Total,1,90,*,*,*,*,*,,
Shrimp Trawl,---,1995,121,0,3,3655,32300,0,0,0,0,,
Shrimp Trawl,---,1995,121,1,3,4755,60200,0,0,0,0,,
Shrimp Trawl,---,1995,121,2,26,54475,323310,23,0,0,0,,
Shrimp Trawl,---,1995,121,3,16,6095,45390,0,0,0,0,,
Shrimp Trawl,---,1995,121,Total,32,68980,461200,23,0,0,0,,
Shrimp Trawl,---,1995,123,0,34,211861,1187831,7965,0,0,11,,
Shrimp Trawl,---,1995,123,1,38,106905,742601,62,0,0,80,,
Shrimp Trawl,---,1995,123,2,34,89243,580156,205,0,0,3,,
Shrimp Trawl,---,1995,123,3,64,344513,1180307,993,0,0,192,,
Shrimp Trawl,---,1995,123,4,56,189743,758105,4046,0,0,2,,
Shrimp Trawl,---,1995,123,5,62,272696,1239404,1108,0,0,68,,
Shrimp Trawl,---,1995,123,6,33,31741,108310,242,0,0,54,,
Shrimp Trawl,---,1995,123,7,22,55526,139185,835,0,0,0,,
Shrimp Trawl,---,1995,123,8,8,12560,**,**,**,**,**,,
Shrimp Trawl,---,1995,123,9,1,1655,*,*,*,*,*,,
Shrimp Trawl,---,1995,123,Total,104,1316443,5989994,15877,0,0,410,,
Shrimp Trawl,---,1995,124,0,11,43590,427445,317,0,0,0,,
Shrimp Trawl,---,1995,124,1,43,32016,142860,20,0,0,0,,
Shrimp Trawl,---,1995,124,2,32,70827,312713,0,0,0,0,,
Shrimp Trawl,---,1995,124,3,24,74295,581653,0,0,0,0,,
Shrimp Trawl,---,1995,124,4,11,29800,183255,0,0,0,0,,
Shrimp Trawl,---,1995,124,Total,67,250528,1647926,337,0,0,0,,
Shrimp Trawl,---,1995,125,0,10,49159,413590,210,0,0,0,,
Shrimp Trawl,---,1995,125,1,1,2620,*,*,*,*,*,,
Shrimp Trawl,---,1995,125,3,3,205,**,**,**,**,**,,
Shrimp Trawl,---,1995,125,4,5,5250,70350,0,0,0,0,,
Shrimp Trawl,---,1995,125,5,33,242855,2175425,175,0,0,0,,
Shrimp Trawl,---,1995,125,Total,39,300089,2683325,385,0,0,0,,
Shrimp Trawl,---,1995,126,1,1,60,*,*,*,*,*,,
Shrimp Trawl,---,1995,126,2,1,2741,*,*,*,*,*,,
Shrimp Trawl,---,1995,126,3,1,585,*,*,*,*,*,,
Shrimp Trawl,---,1995,126,Total,2,3386,*,*,*,*,*,,
Shrimp Trawl,---,1995,127,0,2,35969,*,*,*,*,*,,
Shrimp Trawl,---,1995,127,1,1,990,*,*,*,*,*,,
Shrimp Trawl,---,1995,127,2,3,1830,11750,0,0,0,0,,
Shrimp Trawl,---,1995,127,3,4,4270,28190,0,0,0,0,,
Shrimp Trawl,---,1995,127,4,1,545,*,*,*,*,*,,
Shrimp Trawl,---,1995,127,Total,8,43604,91236,10534,0,0,112,,
Shrimp Trawl,---,1996,0,0,5,13030,146897,298,0,0,0,,
Shrimp Trawl,---,1996,0,Total,5,13030,146897,298,0,0,0,,
Shrimp Trawl,---,1996,2,0,1,446,*,*,*,*,*,,
Shrimp Trawl,---,1996,2,6,1,137,*,*,*,*,*,,
Shrimp Trawl,---,1996,2,Total,1,583,*,*,*,*,*,,
Shrimp Trawl,---,1996,3,1,4,930,948,454,0,0,0,,
Shrimp Trawl,---,1996,3,2,5,6395,145,7470,7,0,0,,
Shrimp Trawl,---,1996,3,4,2,5545,*,*,*,*,*,,
Shrimp Trawl,---,1996,3,6,2,75,*,*,*,*,*,,
Shrimp Trawl,---,1996,3,7,1,900,*,*,*,*,*,,
Shrimp Trawl,---,1996,3,9,5,12590,2103,7308,0,0,0,,
Shrimp Trawl,---,1996,3,11,1,450,*,*,*,*,*,,
Shrimp Trawl,---,1996,3,12,5,8320,0,9455,0,0,0,,
Shrimp Trawl,---,1996,3,Total,14,35205,3196,31199,9,0,2,,
Shrimp Trawl,---,1996,4,0,6,14490,28710,9812,353,0,2,,
Shrimp Trawl,---,1996,4,1,2,2835,*,*,*,*,*,,
Shrimp Trawl,---,1996,4,5,21,161860,13929,127500,9,0,79,,
Shrimp Trawl,---,1996,4,8,1,12675,*,*,*,*,*,,
Shrimp Trawl,---,1996,4,9,30,102735,401520,41486,8635,0,91,,
Shrimp Trawl,---,1996,4,10,1,255,*,*,*,*,*,,
Shrimp Trawl,---,1996,4,11,2,7640,*,*,*,*,*,,
Shrimp Trawl,---,1996,4,12,25,62736,358731,24737,9104,0,41,,
Shrimp Trawl,---,1996,4,13,1,90,*,*,*,*,*,,
Shrimp Trawl,---,1996,4,14,2,1555,*,*,*,*,*,,
Shrimp Trawl,---,1996,4,15,2,829,*,*,*,*,*,,
Shrimp Trawl,---,1996,4,Total,43,367700,831598,220297,18663,0,213,,
Shrimp Trawl,---,1996,5,0,5,13930,18720,10242,433,0,1,,
Shrimp Trawl,---,1996,5,1,12,25270,108899,15357,1845,0,0,,
Shrimp Trawl,---,1996,5,2,2,5950,*,*,*,*,*,,
Shrimp Trawl,---,1996,5,14,1,50,*,*,*,*,*,,
Shrimp Trawl,---,1996,5,23,5,28320,1614,16706,72,0,0,,
Shrimp Trawl,---,1996,5,Total,17,73520,131298,56812,2353,0,1,,
Shrimp Trawl,---,1996,6,1,1,5990,*,*,*,*,*,,
Shrimp Trawl,---,1996,6,4,3,4222,2834,2900,74,0,1,,
Shrimp Trawl,---,1996,6,10,1,25,*,*,*,*,*,,
Shrimp Trawl,---,1996,6,16,1,145,*,*,*,*,*,,
Shrimp Trawl,---,1996,6,17,1,25,*,*,*,*,*,,
Shrimp Trawl,---,1996,6,22,1,0,*,*,*,*,*,,
Shrimp Trawl,---,1996,6,Total,4,10407,6888,8612,119,0,1,,
Shrimp Trawl,---,1996,7,1,1,30,*,*,*,*,*,,
Shrimp Trawl,---,1996,7,3,1,430,*,*,*,*,*,,
Shrimp Trawl,---,1996,7,14,1,90,*,*,*,*,*,,
Shrimp Trawl,---,1996,7,15,3,920,2690,95,0,0,0,,
Shrimp Trawl,---,1996,7,16,2,7310,*,*,*,*,*,,
Shrimp Trawl,---,1996,7,17,2,15,*,*,*,*,*,,
Shrimp Trawl,---,1996,7,18,3,1754,9853,743,32,0,0,,
Shrimp Trawl,---,1996,7,25,7,16345,64555,55,0,0,0,,
Shrimp Trawl,---,1996,7,26,16,90998,593475,4131,42,0,0,,
Shrimp Trawl,---,1996,7,27,3,1150,6955,63,0,0,0,,
Shrimp Trawl,---,1996,7,28,3,310,1140,18,0,0,0,,
Shrimp Trawl,---,1996,7,30,1,0,*,*,*,*,*,,
Shrimp Trawl,---,1996,7,Total,20,119352,680803,7511,84,1,0,,
Shrimp Trawl,---,1996,8,0,1,2540,*,*,*,*,*,,
Shrimp Trawl,---,1996,8,1,7,5974,38375,258,0,0,0,,
Shrimp Trawl,---,1996,8,2,1,655,*,*,*,*,*,,
Shrimp Trawl,---,1996,8,4,1,60,*,*,*,*,*,,
Shrimp Trawl,---,1996,8,7,1,600,*,*,*,*,*,,
Shrimp Trawl,---,1996,8,9,1,0,*,*,*,*,*,,
Shrimp Trawl,---,1996,8,Total,9,9829,46409,1412,56,0,0,,
Shrimp Trawl,---,1996,9,1,10,28853,27198,15272,15,0,2,,
Shrimp Trawl,---,1996,9,2,5,416,190,77,0,10,2,,
Shrimp Trawl,---,1996,9,3,3,12025,4726,7359,45,0,2,,
Shrimp Trawl,---,1996,9,6,2,1061,*,*,*,*,*,,
Shrimp Trawl,---,1996,9,10,3,12615,2243,5210,107,0,0,,
Shrimp Trawl,---,1996,9,11,1,120,*,*,*,*,*,,
Shrimp Trawl,---,1996,9,12,5,2006,10030,2175,0,0,0,,
Shrimp Trawl,---,1996,9,Total,14,57096,44389,30167,177,10,8,,
Shrimp Trawl,---,1996,10,1,11,38695,300889,5765,1,0,0,,
Shrimp Trawl,---,1996,10,2,3,385,3100,240,0,0,0,,
Shrimp Trawl,---,1996,10,3,2,75,*,*,*,*,*,,
Shrimp Trawl,---,1996,10,10,1,1205,*,*,*,*,*,,
Shrimp Trawl,---,1996,10,11,1,615,*,*,*,*,*,,
Shrimp Trawl,---,1996,10,12,1,6150,*,*,*,*,*,,
Shrimp Trawl,---,1996,10,Total,13,47125,304013,9288,69,0,0,,
Shrimp Trawl,---,1996,11,1,2,485,*,*,*,*,*,,
Shrimp Trawl,---,1996,11,2,1,60,*,*,*,*,*,,
Shrimp Trawl,---,1996,11,4,1,1315,*,*,*,*,*,,
Shrimp Trawl,---,1996,11,8,1,215,*,*,*,*,*,,
Shrimp Trawl,---,1996,11,9,1,410,*,*,*,*,*,,
Shrimp Trawl,---,1996,11,10,1,180,*,*,*,*,*,,
Shrimp Trawl,---,1996,11,Total,4,2665,2404,298,20,0,0,,
Shrimp Trawl,---,1996,12,0,1,195,*,*,*,*,*,,
Shrimp Trawl,---,1996,12,2,2,154,*,*,*,*,*,,
Shrimp Trawl,---,1996,12,3,1,60,*,*,*,*,*,,
Shrimp Trawl,---,1996,12,6,6,1710,5067,140,134,117,1,,
Shrimp Trawl,---,1996,12,7,5,11705,1452,7168,53,0,0,,
Shrimp Trawl,---,1996,12,8,1,190,*,*,*,*,*,,
Shrimp Trawl,---,1996,12,9,2,500,*,*,*,*,*,,
Shrimp Trawl,---,1996,12,13,2,3240,*,*,*,*,*,,
Shrimp Trawl,---,1996,12,22,1,90,*,*,*,*,*,,
Shrimp Trawl,---,1996,12,23,3,570,651,185,48,0,0,,
Shrimp Trawl,---,1996,12,26,27,167246,583956,4933,4126,2134,54,,
Shrimp Trawl,---,1996,12,27,2,585,*,*,*,*,*,,
Shrimp Trawl,---,1996,12,29,1,570,*,*,*,*,*,,
Shrimp Trawl,---,1996,12,35,3,530,5675,10,0,27,0,,
Shrimp Trawl,---,1996,12,36,2,2725,*,*,*,*,*,,
Shrimp Trawl,---,1996,12,37,2,3450,*,*,*,*,*,,
Shrimp Trawl,---,1996,12,38,3,1815,1250,857,45,0,0,,
Shrimp Trawl,---,1996,12,39,10,49990,292263,490,10777,4086,6,,
Shrimp Trawl,---,1996,12,40,9,12890,43945,4805,299,0,0,,
Shrimp Trawl,---,1996,12,41,5,1217,5410,154,870,115,1,,
Shrimp Trawl,---,1996,12,42,18,72405,171012,157,79507,10452,1,,
Shrimp Trawl,---,1996,12,45,2,2435,*,*,*,*,*,,
Shrimp Trawl,---,1996,12,47,1,140,*,*,*,*,*,,
Shrimp Trawl,---,1996,12,Total,34,334412,1150385,26192,96579,17261,66,,
Shrimp Trawl,---,1996,13,13,1,90,*,*,*,*,*,,
Shrimp Trawl,---,1996,13,14,2,1980,*,*,*,*,*,,
Shrimp Trawl,---,1996,13,15,2,725,*,*,*,*,*,,
Shrimp Trawl,---,1996,13,36,1,1295,*,*,*,*,*,,
Shrimp Trawl,---,1996,13,37,2,65,*,*,*,*,*,,
Shrimp Trawl,---,1996,13,Total,6,4155,8225,781,0,0,2,,
Shrimp Trawl,---,1996,14,0,1,390,*,*,*,*,*,,
Shrimp Trawl,---,1996,14,1,8,28215,29319,1643,213,1,228,,
Shrimp Trawl,---,1996,14,2,10,19363,11998,2435,0,0,2,,
Shrimp Trawl,---,1996,14,3,2,7175,*,*,*,*,*,,
Shrimp Trawl,---,1996,14,4,4,960,405,80,0,0,10,,
Shrimp Trawl,---,1996,14,5,17,40495,31505,5531,138,12,172,,
Shrimp Trawl,---,1996,14,6,3,235,102,5,0,0,0,,
Shrimp Trawl,---,1996,14,7,1,150,*,*,*,*,*,,
Shrimp Trawl,---,1996,14,8,2,590,*,*,*,*,*,,
Shrimp Trawl,---,1996,14,9,29,66393,97422,7062,332,82,33,,
Shrimp Trawl,---,1996,14,10,5,2265,6905,157,285,5,0,,
Shrimp Trawl,---,1996,14,12,16,48730,59646,5624,27,7,40,,
Shrimp Trawl,---,1996,14,13,6,6940,8137,1932,0,0,37,,
Shrimp Trawl,---,1996,14,Total,44,221901,248769,25779,1075,112,546,,
Shrimp Trawl,---,1996,15,0,1,0,*,*,*,*,*,,
Shrimp Trawl,---,1996,15,1,1,810,*,*,*,*,*,,
Shrimp Trawl,---,1996,15,2,18,73012,157606,2775,15,0,0,,
Shrimp Trawl,---,1996,15,3,8,5475,17060,62,0,0,0,,
Shrimp Trawl,---,1996,15,5,1,1510,*,*,*,*,*,,
Shrimp Trawl,---,1996,15,Total,19,80807,194702,2837,15,0,49,,
Shrimp Trawl,---,1996,16,1,3,1690,610,44,0,0,3,,
Shrimp Trawl,---,1996,16,2,13,55093,25072,3691,0,0,36,,
Shrimp Trawl,---,1996,16,5,1,180,*,*,*,*,*,,
Shrimp Trawl,---,1996,16,6,1,180,*,*,*,*,*,,
Shrimp Trawl,---,1996,16,11,1,60,*,*,*,*,*,,
Shrimp Trawl,---,1996,16,18,1,9930,*,*,*,*,*,,
Shrimp Trawl,---,1996,16,21,1,120,*,*,*,*,*,,
Shrimp Trawl,---,1996,16,Total,17,67253,31759,4214,0,0,39,,
Shrimp Trawl,---,1996,17,0,6,7620,2025,801,41,0,0,,
Shrimp Trawl,---,1996,17,2,5,560,22,36,0,0,0,,
Shrimp Trawl,---,1996,17,3,1,210,*,*,*,*,*,,
Shrimp Trawl,---,1996,17,4,1,0,*,*,*,*,*,,
Shrimp Trawl,---,1996,17,5,1,0,*,*,*,*,*,,
Shrimp Trawl,---,1996,17,6,8,4530,2082,241,19,0,0,,
Shrimp Trawl,---,1996,17,7,1,9655,*,*,*,*,*,,
Shrimp Trawl,---,1996,17,9,14,43990,17056,4788,394,110,4,,
Shrimp Trawl,---,1996,17,10,5,8075,2472,2066,0,0,12,,
Shrimp Trawl,---,1996,17,11,3,1300,559,181,0,0,0,,
Shrimp Trawl,---,1996,17,12,2,1750,*,*,*,*,*,,
Shrimp Trawl,---,1996,17,13,4,28502,13915,1777,0,0,0,,
Shrimp Trawl,---,1996,17,16,1,11790,*,*,*,*,*,,
Shrimp Trawl,---,1996,17,17,3,465,221,46,6,0,15,,
Shrimp Trawl,---,1996,17,18,1,300,*,*,*,*,*,,
Shrimp Trawl,---,1996,17,Total,27,118747,45965,11513,460,110,31,,
Shrimp Trawl,---,1996,18,0,3,6795,3910,0,2,2070,0,,
Shrimp Trawl,---,1996,18,1,3,1550,3275,632,0,1010,7,,
Shrimp Trawl,---,1996,18,3,5,8450,27350,120,0,2925,0,,
Shrimp Trawl,---,1996,18,4,13,57585,93767,18454,2499,8023,1,,
Shrimp Trawl,---,1996,18,5,2,4170,*,*,*,*,*,,
Shrimp Trawl,---,1996,18,6,7,57700,209991,2945,30,31410,25,,
Shrimp Trawl,---,1996,18,7,1,30,*,*,*,*,*,,
Shrimp Trawl,---,1996,18,9,3,4490,10437,60,0,4177,34,,
Shrimp Trawl,---,1996,18,11,1,540,*,*,*,*,*,,
Shrimp Trawl,---,1996,18,Total,18,141310,349475,22759,2531,61395,74,,
Shrimp Trawl,---,1996,19,4,1,60,*,*,*,*,*,,
Shrimp Trawl,---,1996,19,5,7,33560,**,**,**,**,**,,
Shrimp Trawl,---,1996,19,Total,7,33620,55743,1331,11950,51338,25,,
Shrimp Trawl,---,1996,20,1,1,510,*,*,*,*,*,,
Shrimp Trawl,---,1996,20,7,1,4380,*,*,*,*,*,,
Shrimp Trawl,---,1996,20,Total,2,4890,*,*,*,*,*,,
Shrimp Trawl,---,1996,23,0,10,30150,61361,135,0,0,4,,
Shrimp Trawl,---,1996,23,1,1,480,*,*,*,*,*,,
Shrimp Trawl,---,1996,23,2,1,180,*,*,*,*,*,,
Shrimp Trawl,---,1996,23,3,9,25975,56238,79,0,0,4,,
Shrimp Trawl,---,1996,23,4,25,47363,71095,560,0,0,83,,
Shrimp Trawl,---,1996,23,5,21,93348,226725,694,0,0,33,,
Shrimp Trawl,---,1996,23,6,28,105578,238841,1245,0,0,63,,
Shrimp Trawl,---,1996,23,7,67,733384,1652592,3795,0,43,533,,
Shrimp Trawl,---,1996,23,8,17,15335,40710,37,0,0,5,,
Shrimp Trawl,---,1996,23,9,1,180,*,*,*,*,*,,
Shrimp Trawl,---,1996,23,10,1,90,*,*,*,*,*,,
Shrimp Trawl,---,1996,23,11,19,15850,56331,0,0,0,0,,
Shrimp Trawl,---,1996,23,Total,79,1067913,2405133,6545,0,43,725,,
Shrimp Trawl,---,1996,24,8,1,120,*,*,*,*,*,,
Shrimp Trawl,---,1996,24,12,1,85,*,*,*,*,*,,
Shrimp Trawl,---,1996,24,Total,2,205,*,*,*,*,*,,
Shrimp Trawl,---,1996,27,2,4,12305,52450,672,0,0,2,,
Shrimp Trawl,---,1996,27,7,3,6510,10985,780,0,0,5,,
Shrimp Trawl,---,1996,27,Total,5,18815,63435,1452,0,0,7,,
Shrimp Trawl,---,1996,28,1,23,90045,38677,3166,0,0,10,,
Shrimp Trawl,---,1996,28,2,11,29905,18730,1027,0,0,14,,
Shrimp Trawl,---,1996,28,3,5,2835,665,199,0,0,0,,
Shrimp Trawl,---,1996,28,4,10,38753,7775,2376,0,0,4,,
Shrimp Trawl,---,1996,28,6,4,76060,17891,5427,0,0,26,,
Shrimp Trawl,---,1996,28,7,13,153254,122248,4488,20,0,3,,
Shrimp Trawl,---,1996,28,Total,33,390852,205986,16683,20,0,57,,
Shrimp Trawl,---,1996,29,0,3,6800,1438,418,0,0,0,,
Shrimp Trawl,---,1996,29,1,11,70100,15603,4603,0,0,1,,
Shrimp Trawl,---,1996,29,2,21,60680,14936,6001,1,0,12,,
Shrimp Trawl,---,1996,29,3,36,352320,98461,22142,1,0,58,,
Shrimp Trawl,---,1996,29,4,1,60,*,*,*,*,*,,
Shrimp Trawl,---,1996,29,5,2,300,*,*,*,*,*,,
Shrimp Trawl,---,1996,29,6,1,120,*,*,*,*,*,,
Shrimp Trawl,---,1996,29,10,2,155,*,*,*,*,*,,
Shrimp Trawl,---,1996,29,Total,44,490535,130498,33189,2,0,72,,
Shrimp Trawl,---,1996,101,6,1,180,*,*,*,*,*,,
Shrimp Trawl,---,1996,101,9,2,165,*,*,*,*,*,,
Shrimp Trawl,---,1996,101,10,1,30,*,*,*,*,*,,
Shrimp Trawl,---,1996,101,Total,4,375,1100,72,0,0,0,,
Shrimp Trawl,---,1996,103,0,2,470,*,*,*,*,*,,
Shrimp Trawl,---,1996,103,Total,2,470,*,*,*,*,*,,
Shrimp Trawl,---,1996,104,1,3,210,**,**,**,**,**,,
Shrimp Trawl,---,1996,104,2,2,50,*,*,*,*,*,,
Shrimp Trawl,---,1996,104,Total,3,260,305,100,0,0,0,,
Shrimp Trawl,---,1996,107,0,1,0,*,*,*,*,*,,
Shrimp Trawl,---,1996,107,2,5,4290,**,**,**,**,**,,
Shrimp Trawl,---,1996,107,3,11,14632,115260,75,0,0,0,,
Shrimp Trawl,---,1996,107,Total,12,18922,348035,75,0,0,0,,
Shrimp Trawl,---,1996,108,0,1,0,*,*,*,*,*,,
Shrimp Trawl,---,1996,108,1,17,152564,1145493,2384,0,0,0,,
Shrimp Trawl,---,1996,108,2,2,1245,*,*,*,*,*,,
Shrimp Trawl,---,1996,108,Total,18,153809,1230693,2384,0,0,0,,
Shrimp Trawl,---,1996,109,0,9,8830,84487,100,0,0,0,,
Shrimp Trawl,---,1996,109,Total,9,8830,84487,100,0,0,0,,
Shrimp Trawl,---,1996,110,0,8,4605,30560,118,0,0,0,,
Shrimp Trawl,---,1996,110,Total,8,4605,30560,118,0,0,0,,
Shrimp Trawl,---,1996,111,0,6,2020,7595,0,0,0,0,,
Shrimp Trawl,---,1996,111,Total,6,2020,7595,0,0,0,0,,
Shrimp Trawl,---,1996,121,1,1,1861,*,*,*,*,*,,
Shrimp Trawl,---,1996,121,2,15,22110,133700,0,0,0,0,,
Shrimp Trawl,---,1996,121,3,6,1450,**,**,**,**,**,,
Shrimp Trawl,---,1996,121,Total,15,25421,159150,0,0,0,0,,
Shrimp Trawl,---,1996,123,0,15,117242,554220,5848,0,0,4,,
Shrimp Trawl,---,1996,123,1,30,18119,72930,69,0,0,5,,
Shrimp Trawl,---,1996,123,2,30,36310,218406,36,0,0,0,,
Shrimp Trawl,---,1996,123,3,61,307267,1097696,1038,0,0,51,,
Shrimp Trawl,---,1996,123,4,56,135598,537735,1692,0,0,29,,
Shrimp Trawl,---,1996,123,5,66,305628,1153984,1653,0,0,9,,
Shrimp Trawl,---,1996,123,6,31,65775,226079,96,0,0,5,,
Shrimp Trawl,---,1996,123,7,11,33395,97940,345,0,0,0,,
Shrimp Trawl,---,1996,123,8,5,1030,**,**,**,**,**,,
Shrimp Trawl,---,1996,123,9,1,90,*,*,*,*,*,,
Shrimp Trawl,---,1996,123,Total,85,1020454,3960230,10785,0,0,103,,
Shrimp Trawl,---,1996,124,0,4,7375,**,**,**,**,**,,
Shrimp Trawl,---,1996,124,1,35,71172,294327,227,0,0,5,,
Shrimp Trawl,---,1996,124,2,34,258334,1055089,785,0,0,123,,
Shrimp Trawl,---,1996,124,3,25,21584,120010,0,0,0,0,,
Shrimp Trawl,---,1996,124,4,1,40,*,*,*,*,*,,
Shrimp Trawl,---,1996,124,Total,47,358505,1522826,1012,0,0,128,,
Shrimp Trawl,---,1996,125,0,5,3385,**,**,**,**,**,,
Shrimp Trawl,---,1996,125,3,1,405,*,*,*,*,*,,
Shrimp Trawl,---,1996,125,5,34,151035,1069450,7,0,0,0,,
Shrimp Trawl,---,1996,125,Total,34,154825,1086572,82,0,0,0,,
Shrimp Trawl,---,1996,126,1,1,645,*,*,*,*,*,,
Shrimp Trawl,---,1996,126,2,2,70,*,*,*,*,*,,
Shrimp Trawl,---,1996,126,Total,3,715,4300,0,0,0,0,,
Shrimp Trawl,---,1996,127,0,1,1200,*,*,*,*,*,,
Shrimp Trawl,---,1996,127,1,6,11360,121065,0,0,0,0,,
Shrimp Trawl,---,1996,127,2,5,3225,**,**,**,**,**,,
Shrimp Trawl,---,1996,127,3,8,8770,78553,3,0,0,0,,
Shrimp Trawl,---,1996,127,4,3,2315,25950,5,0,0,0,,
Shrimp Trawl,---,1996,127,Total,9,26870,244485,218,0,0,0,,
Shrimp Trawl,---,1997,0,0,2,240,*,*,*,*,*,,
Shrimp Trawl,---,1997,0,Total,2,240,*,*,*,*,*,,
Shrimp Trawl,---,1997,2,0,1,199,*,*,*,*,*,,
Shrimp Trawl,---,1997,2,6,1,240,*,*,*,*,*,,
Shrimp Trawl,---,1997,2,7,1,130,*,*,*,*,*,,
Shrimp Trawl,---,1997,2,8,2,1040,*,*,*,*,*,,
Shrimp Trawl,---,1997,2,10,2,180,*,*,*,*,*,,
Shrimp Trawl,---,1997,2,Total,3,1789,10,623,861,0,0,,
Shrimp Trawl,---,1997,3,1,5,4435,200,3672,0,0,0,,
Shrimp Trawl,---,1997,3,2,12,23105,2034,17726,0,0,3,,
Shrimp Trawl,---,1997,3,3,2,185,*,*,*,*,*,,
Shrimp Trawl,---,1997,3,4,4,7485,1723,4742,1,0,0,,
Shrimp Trawl,---,1997,3,6,3,5510,30,2342,2,0,0,,
Shrimp Trawl,---,1997,3,7,4,825,115,512,0,0,0,,
Shrimp Trawl,---,1997,3,9,5,6395,719,6048,0,0,0,,
Shrimp Trawl,---,1997,3,10,4,1569,165,1034,32,0,0,,
Shrimp Trawl,---,1997,3,11,1,200,*,*,*,*,*,,
Shrimp Trawl,---,1997,3,12,11,25325,250,30289,0,0,0,,
Shrimp Trawl,---,1997,3,13,2,440,*,*,*,*,*,,
Shrimp Trawl,---,1997,3,14,4,725,27,730,38,0,0,,
Shrimp Trawl,---,1997,3,18,2,1270,*,*,*,*,*,,
Shrimp Trawl,---,1997,3,Total,20,77469,5843,69653,73,0,3,,
Shrimp Trawl,---,1997,4,0,2,4965,*,*,*,*,*,,
Shrimp Trawl,---,1997,4,1,2,400,*,*,*,*,*,,
Shrimp Trawl,---,1997,4,2,1,40,*,*,*,*,*,,
Shrimp Trawl,---,1997,4,5,25,201954,15641,99095,89,0,21,,
Shrimp Trawl,---,1997,4,9,19,58524,4609,27772,64,0,49,,
Shrimp Trawl,---,1997,4,10,2,1426,*,*,*,*,*,,
Shrimp Trawl,---,1997,4,11,1,441,*,*,*,*,*,,
Shrimp Trawl,---,1997,4,12,21,44485,5202,19731,0,0,29,,
Shrimp Trawl,---,1997,4,Total,36,312235,35895,148857,279,0,99,,
Shrimp Trawl,---,1997,5,1,16,53200,14992,36350,148,0,1,,
Shrimp Trawl,---,1997,5,2,6,13145,4624,11090,11,0,0,,
Shrimp Trawl,---,1997,5,3,2,1200,*,*,*,*,*,,
Shrimp Trawl,---,1997,5,13,1,90,*,*,*,*,*,,
Shrimp Trawl,---,1997,5,14,2,235,*,*,*,*,*,,
Shrimp Trawl,---,1997,5,23,16,43795,27961,28968,1402,2,5,,
Shrimp Trawl,---,1997,5,24,1,210,*,*,*,*,*,,
Shrimp Trawl,---,1997,5,Total,24,111875,47727,77397,1563,2,6,,
Shrimp Trawl,---,1997,6,1,6,23527,804,13139,60,0,0,,
Shrimp Trawl,---,1997,6,3,3,1000,40,489,0,0,0,,
Shrimp Trawl,---,1997,6,4,7,13585,2201,6242,32,0,2,,
Shrimp Trawl,---,1997,6,5,1,3270,*,*,*,*,*,,
Shrimp Trawl,---,1997,6,16,1,1870,*,*,*,*,*,,
Shrimp Trawl,---,1997,6,Total,8,43252,3060,23565,96,0,2,,
Shrimp Trawl,---,1997,7,14,2,2070,*,*,*,*,*,,
Shrimp Trawl,---,1997,7,15,2,1325,*,*,*,*,*,,
Shrimp Trawl,---,1997,7,16,6,2945,985,1107,165,5,4,,
Shrimp Trawl,---,1997,7,18,2,300,*,*,*,*,*,,
Shrimp Trawl,---,1997,7,25,3,325,1100,53,0,0,0,,
Shrimp Trawl,---,1997,7,26,13,34365,221530,2450,0,0,0,,
Shrimp Trawl,---,1997,7,27,1,90,*,*,*,*,*,,
Shrimp Trawl,---,1997,7,28,1,40,*,*,*,*,*,,
Shrimp Trawl,---,1997,7,30,2,1252,*,*,*,*,*,,
Shrimp Trawl,---,1997,7,Total,19,42712,224085,4942,2529,660,4,,
Shrimp Trawl,---,1997,8,1,5,3435,20450,77,0,0,0,,
Shrimp Trawl,---,1997,8,2,1,0,*,*,*,*,*,,
Shrimp Trawl,---,1997,8,4,1,655,*,*,*,*,*,,
Shrimp Trawl,---,1997,8,Total,6,4090,25456,179,0,0,0,,
Shrimp Trawl,---,1997,9,1,6,6250,6221,3588,0,0,0,,
Shrimp Trawl,---,1997,9,2,1,80,*,*,*,*,*,,
Shrimp Trawl,---,1997,9,11,2,1515,*,*,*,*,*,,
Shrimp Trawl,---,1997,9,12,2,170,*,*,*,*,*,,
Shrimp Trawl,---,1997,9,Total,7,8015,6806,4202,0,0,0,,
Shrimp Trawl,---,1997,10,0,1,45,*,*,*,*,*,,
Shrimp Trawl,---,1997,10,1,8,45472,264763,5717,0,0,0,,
Shrimp Trawl,---,1997,10,2,1,45,*,*,*,*,*,,
Shrimp Trawl,---,1997,10,4,3,405,0,110,0,0,0,,
Shrimp Trawl,---,1997,10,5,1,40,*,*,*,*,*,,
Shrimp Trawl,---,1997,10,12,4,11625,10457,13937,274,0,0,,
Shrimp Trawl,---,1997,10,Total,13,57632,275280,19799,274,0,0,,
Shrimp Trawl,---,1997,11,1,1,95,*,*,*,*,*,,
Shrimp Trawl,---,1997,11,4,1,20,*,*,*,*,*,,
Shrimp Trawl,---,1997,11,Total,2,115,*,*,*,*,*,,
Shrimp Trawl,---,1997,12,6,6,3175,13110,356,1610,0,20,,
Shrimp Trawl,---,1997,12,7,7,41405,1051,24651,0,0,8,,
Shrimp Trawl,---,1997,12,9,2,3230,*,*,*,*,*,,
Shrimp Trawl,---,1997,12,11,1,700,*,*,*,*,*,,
Shrimp Trawl,---,1997,12,13,4,8900,758,4092,0,0,0,,
Shrimp Trawl,---,1997,12,16,1,2530,*,*,*,*,*,,
Shrimp Trawl,---,1997,12,17,1,7450,*,*,*,*,*,,
Shrimp Trawl,---,1997,12,20,2,590,*,*,*,*,*,,
Shrimp Trawl,---,1997,12,23,3,905,750,406,0,0,0,,
Shrimp Trawl,---,1997,12,26,12,38386,123040,8023,1563,803,234,,
Shrimp Trawl,---,1997,12,35,2,1175,*,*,*,*,*,,
Shrimp Trawl,---,1997,12,36,1,1850,*,*,*,*,*,,
Shrimp Trawl,---,1997,12,37,2,1235,*,*,*,*,*,,
Shrimp Trawl,---,1997,12,38,2,870,*,*,*,*,*,,
Shrimp Trawl,---,1997,12,39,10,10459,50705,435,6009,15,5,,
Shrimp Trawl,---,1997,12,40,9,16177,41865,8323,540,20,0,,
Shrimp Trawl,---,1997,12,41,2,1260,*,*,*,*,*,,
Shrimp Trawl,---,1997,12,42,7,10425,43978,649,12554,1400,24,,
Shrimp Trawl,---,1997,12,45,1,1190,*,*,*,*,*,,
Shrimp Trawl,---,1997,12,Total,18,151912,293162,57657,22279,2328,312,,
Shrimp Trawl,---,1997,13,1,4,2445,196,361,0,0,1,,
Shrimp Trawl,---,1997,13,10,1,60,*,*,*,*,*,,
Shrimp Trawl,---,1997,13,13,3,3480,2190,510,0,0,0,,
Shrimp Trawl,---,1997,13,14,12,14470,3379,5377,2,8,8,,
Shrimp Trawl,---,1997,13,15,10,27965,31613,132,3292,0,10,,
Shrimp Trawl,---,1997,13,17,2,180,*,*,*,*,*,,
Shrimp Trawl,---,1997,13,24,2,225,*,*,*,*,*,,
Shrimp Trawl,---,1997,13,25,1,15,*,*,*,*,*,,
Shrimp Trawl,---,1997,13,26,1,35,*,*,*,*,*,,
Shrimp Trawl,---,1997,13,35,1,90,*,*,*,*,*,,
Shrimp Trawl,---,1997,13,36,1,90,*,*,*,*,*,,
Shrimp Trawl,---,1997,13,43,1,240,*,*,*,*,*,,
Shrimp Trawl,---,1997,13,Total,15,49295,38360,6451,3370,8,19,,
Shrimp Trawl,---,1997,14,0,1,120,*,*,*,*,*,,
Shrimp Trawl,---,1997,14,1,13,8590,7273,749,2,0,5,,
Shrimp Trawl,---,1997,14,2,15,18895,10089,1062,0,0,3,,
Shrimp Trawl,---,1997,14,3,5,5130,1740,491,0,0,1,,
Shrimp Trawl,---,1997,14,4,9,1915,1052,77,0,4,3,,
Shrimp Trawl,---,1997,14,5,14,38155,33897,2583,738,53,28,,
Shrimp Trawl,---,1997,14,6,5,3953,3155,563,5,35,20,,
Shrimp Trawl,---,1997,14,7,6,2295,1935,107,60,20,0,,
Shrimp Trawl,---,1997,14,8,8,33757,282,504,26546,312,12,,
Shrimp Trawl,---,1997,14,9,25,41421,59592,3826,1369,29,49,,
Shrimp Trawl,---,1997,14,10,6,3200,14915,35,450,0,5,,
Shrimp Trawl,---,1997,14,11,2,540,*,*,*,*,*,,
Shrimp Trawl,---,1997,14,12,15,16459,14629,3443,120,0,42,,
Shrimp Trawl,---,1997,14,13,12,15487,12744,7469,42,0,11,,
Shrimp Trawl,---,1997,14,15,4,420,20,0,230,0,0,,
Shrimp Trawl,---,1997,14,Total,49,190337,162131,20911,29562,453,182,,
Shrimp Trawl,---,1997,15,1,14,38377,7218,3089,0,0,0,,
Shrimp Trawl,---,1997,15,2,28,91102,117135,4728,128,1,271,,
Shrimp Trawl,---,1997,15,3,17,17792,39906,3122,21,0,28,,
Shrimp Trawl,---,1997,15,5,3,845,4073,47,0,0,0,,
Shrimp Trawl,---,1997,15,Total,39,148116,168332,10986,149,1,299,,
Shrimp Trawl,---,1997,16,1,10,6400,2975,633,0,0,10,,
Shrimp Trawl,---,1997,16,2,24,65839,27188,4945,0,0,96,,
Shrimp Trawl,---,1997,16,18,2,330,*,*,*,*,*,,
Shrimp Trawl,---,1997,16,21,6,3370,**,**,**,**,**,,
Shrimp Trawl,---,1997,16,Total,27,75939,30916,5828,0,0,108,,
Shrimp Trawl,---,1997,17,0,1,660,*,*,*,*,*,,
Shrimp Trawl,---,1997,17,1,2,70,*,*,*,*,*,,
Shrimp Trawl,---,1997,17,2,4,380,45,8,0,0,0,,
Shrimp Trawl,---,1997,17,3,1,0,*,*,*,*,*,,
Shrimp Trawl,---,1997,17,4,2,710,*,*,*,*,*,,
Shrimp Trawl,---,1997,17,5,3,120,2,0,0,0,0,,
Shrimp Trawl,---,1997,17,6,15,9570,1572,2171,27,1,0,,
Shrimp Trawl,---,1997,17,7,1,240,*,*,*,*,*,,
Shrimp Trawl,---,1997,17,9,16,18175,4838,1327,390,113,6,,
Shrimp Trawl,---,1997,17,10,9,10280,2195,894,0,0,1,,
Shrimp Trawl,---,1997,17,11,7,3930,1094,418,0,0,11,,
Shrimp Trawl,---,1997,17,12,3,2390,762,138,0,0,0,,
Shrimp Trawl,---,1997,17,13,3,10895,2881,475,0,0,58,,
Shrimp Trawl,---,1997,17,15,2,1000,*,*,*,*,*,,
Shrimp Trawl,---,1997,17,16,5,10135,2322,519,0,0,31,,
Shrimp Trawl,---,1997,17,17,1,120,*,*,*,*,*,,
Shrimp Trawl,---,1997,17,18,1,240,*,*,*,*,*,,
Shrimp Trawl,---,1997,17,Total,32,68915,17216,6124,432,237,107,,
Shrimp Trawl,---,1997,18,0,2,900,*,*,*,*,*,,
Shrimp Trawl,---,1997,18,1,9,12115,2562,1561,0,221,11,,
Shrimp Trawl,---,1997,18,2,4,780,411,20,0,88,0,,
Shrimp Trawl,---,1997,18,3,13,16981,27226,293,0,9502,2,,
Shrimp Trawl,---,1997,18,4,25,51323,12779,5391,53,3137,8,,
Shrimp Trawl,---,1997,18,5,16,55325,118991,4572,237,16381,59,,
Shrimp Trawl,---,1997,18,6,28,74802,70281,1726,2730,47116,48,,
Shrimp Trawl,---,1997,18,7,3,1035,0,0,0,725,0,,
Shrimp Trawl,---,1997,18,8,1,165,*,*,*,*,*,,
Shrimp Trawl,---,1997,18,9,6,10043,23329,51,693,1646,27,,
Shrimp Trawl,---,1997,18,11,5,4680,1614,1367,0,150,18,,
Shrimp Trawl,---,1997,18,Total,46,228149,259544,15001,4113,78966,173,,
Shrimp Trawl,---,1997,19,0,1,480,*,*,*,*,*,,
Shrimp Trawl,---,1997,19,1,1,240,*,*,*,*,*,,
Shrimp Trawl,---,1997,19,3,2,1560,*,*,*,*,*,,
Shrimp Trawl,---,1997,19,4,2,1190,*,*,*,*,*,,
Shrimp Trawl,---,1997,19,5,34,92591,12378,3181,5400,114968,341,,
Shrimp Trawl,---,1997,19,6,1,2640,*,*,*,*,*,,
Shrimp Trawl,---,1997,19,Total,35,98701,13812,3300,5400,123413,341,,
Shrimp Trawl,---,1997,23,0,2,170,*,*,*,*,*,,
Shrimp Trawl,---,1997,23,3,1,120,*,*,*,*,*,,
Shrimp Trawl,---,1997,23,4,19,21855,34573,2205,0,550,11,,
Shrimp Trawl,---,1997,23,5,32,60971,138323,605,0,200,16,,
Shrimp Trawl,---,1997,23,6,39,131865,320058,1948,1,1050,71,,
Shrimp Trawl,---,1997,23,7,42,216081,501852,2874,0,0,127,,
Shrimp Trawl,---,1997,23,8,17,6533,17755,64,0,0,2,,
Shrimp Trawl,---,1997,23,9,3,570,1350,10,0,0,0,,
Shrimp Trawl,---,1997,23,11,9,6965,24220,14,0,0,0,,
Shrimp Trawl,---,1997,23,Total,47,445130,1038311,7792,1,1800,227,,
Shrimp Trawl,---,1997,24,2,2,575,*,*,*,*,*,,
Shrimp Trawl,---,1997,24,3,3,1445,0,478,0,0,3,,
Shrimp Trawl,---,1997,24,4,1,240,*,*,*,*,*,,
Shrimp Trawl,---,1997,24,9,1,3110,*,*,*,*,*,,
Shrimp Trawl,---,1997,24,Total,5,5370,13860,744,0,0,3,,
Shrimp Trawl,---,1997,25,3,1,25,*,*,*,*,*,,
Shrimp Trawl,---,1997,25,4,1,10,*,*,*,*,*,,
Shrimp Trawl,---,1997,25,5,1,70,*,*,*,*,*,,
Shrimp Trawl,---,1997,25,6,2,135,*,*,*,*,*,,
Shrimp Trawl,---,1997,25,7,1,45,*,*,*,*,*,,
Shrimp Trawl,---,1997,25,8,1,20,*,*,*,*,*,,
Shrimp Trawl,---,1997,25,11,1,135,*,*,*,*,*,,
Shrimp Trawl,---,1997,25,12,1,50,*,*,*,*,*,,
Shrimp Trawl,---,1997,25,13,2,2075,*,*,*,*,*,,
Shrimp Trawl,---,1997,25,14,1,45,*,*,*,*,*,,
Shrimp Trawl,---,1997,25,Total,4,2610,35,1371,0,0,93,,
Shrimp Trawl,---,1997,27,2,3,1630,**,**,**,**,**,,
Shrimp Trawl,---,1997,27,7,2,8640,*,*,*,*,*,,
Shrimp Trawl,---,1997,27,Total,4,10270,17472,2407,0,0,1,,
Shrimp Trawl,---,1997,28,0,2,205,*,*,*,*,*,,
Shrimp Trawl,---,1997,28,1,21,62032,19086,5767,16,7,104,,
Shrimp Trawl,---,1997,28,2,12,24927,15390,3075,1,10,14,,
Shrimp Trawl,---,1997,28,3,4,1810,429,93,0,0,0,,
Shrimp Trawl,---,1997,28,4,16,32942,6962,3344,0,0,13,,
Shrimp Trawl,---,1997,28,5,2,1020,*,*,*,*,*,,
Shrimp Trawl,---,1997,28,6,3,1285,535,191,0,0,1,,
Shrimp Trawl,---,1997,28,7,10,35738,23888,3057,0,15,15,,
Shrimp Trawl,---,1997,28,Total,30,159959,66610,15707,17,32,147,,
Shrimp Trawl,---,1997,29,0,2,916,*,*,*,*,*,,
Shrimp Trawl,---,1997,29,1,11,16352,2151,2596,0,0,312,,
Shrimp Trawl,---,1997,29,2,26,90206,22805,8419,0,0,105,,
Shrimp Trawl,---,1997,29,3,33,184406,59771,19407,0,0,12,,
Shrimp Trawl,---,1997,29,4,5,990,235,140,0,0,0,,
Shrimp Trawl,---,1997,29,5,5,610,220,111,200,0,0,,
Shrimp Trawl,---,1997,29,10,4,2739,477,206,0,0,0,,
Shrimp Trawl,---,1997,29,12,1,150,*,*,*,*,*,,
Shrimp Trawl,---,1997,29,Total,43,296369,86129,30974,200,0,429,,
Shrimp Trawl,---,1997,101,9,1,470,*,*,*,*,*,,
Shrimp Trawl,---,1997,101,Total,1,470,*,*,*,*,*,,
Shrimp Trawl,---,1997,102,1,1,305,*,*,*,*,*,,
Shrimp Trawl,---,1997,102,Total,1,305,*,*,*,*,*,,
Shrimp Trawl,---,1997,103,0,2,1570,*,*,*,*,*,,
Shrimp Trawl,---,1997,103,Total,2,1570,*,*,*,*,*,,
Shrimp Trawl,---,1997,104,1,1,140,*,*,*,*,*,,
Shrimp Trawl,---,1997,104,2,1,85,*,*,*,*,*,,
Shrimp Trawl,---,1997,104,Total,1,225,*,*,*,*,*,,
Shrimp Trawl,---,1997,107,2,3,310,300,150,0,0,0,,
Shrimp Trawl,---,1997,107,3,12,10210,76765,250,0,0,0,,
Shrimp Trawl,---,1997,107,Total,12,10520,77065,400,0,0,0,,
Shrimp Trawl,---,1997,108,1,10,120039,**,**,**,**,**,,
Shrimp Trawl,---,1997,108,2,2,220,*,*,*,*,*,,
Shrimp Trawl,---,1997,108,Total,10,120259,775595,2941,0,0,0,,
Shrimp Trawl,---,1997,109,0,7,1948,8670,19,0,0,0,,
Shrimp Trawl,---,1997,109,Total,7,1948,8670,19,0,0,0,,
Shrimp Trawl,---,1997,110,0,7,4325,34350,107,0,0,0,,
Shrimp Trawl,---,1997,110,Total,7,4325,34350,107,0,0,0,,
Shrimp Trawl,---,1997,111,0,3,985,7400,80,0,0,0,,
Shrimp Trawl,---,1997,111,Total,3,985,7400,80,0,0,0,,
Shrimp Trawl,---,1997,121,2,7,2925,**,**,**,**,**,,
Shrimp Trawl,---,1997,121,3,1,150,*,*,*,*,*,,
Shrimp Trawl,---,1997,121,Total,7,3075,14911,0,0,0,0,,
Shrimp Trawl,---,1997,123,0,2,1590,*,*,*,*,*,,
Shrimp Trawl,---,1997,123,1,18,6180,31836,76,0,0,0,,
Shrimp Trawl,---,1997,123,2,7,7010,37580,5,0,0,0,,
Shrimp Trawl,---,1997,123,3,32,67963,204858,590,0,0,24,,
Shrimp Trawl,---,1997,123,4,27,19050,49280,544,0,0,1,,
Shrimp Trawl,---,1997,123,5,37,171957,608462,1316,0,0,120,,
Shrimp Trawl,---,1997,123,6,34,38236,123925,30,0,0,15,,
Shrimp Trawl,---,1997,123,7,3,1800,**,**,**,**,**,,
Shrimp Trawl,---,1997,123,8,10,3605,22330,0,0,0,0,,
Shrimp Trawl,---,1997,123,Total,47,317391,1087346,2598,0,0,166,,
Shrimp Trawl,---,1997,124,0,2,370,*,*,*,*,*,,
Shrimp Trawl,---,1997,124,1,35,83163,374860,26,0,2000,0,,
Shrimp Trawl,---,1997,124,2,24,149748,670575,22,0,0,0,,
Shrimp Trawl,---,1997,124,3,12,4386,5210,0,0,0,0,,
Shrimp Trawl,---,1997,124,4,2,85,*,*,*,*,*,,
Shrimp Trawl,---,1997,124,Total,39,237752,1051145,48,0,2000,0,,
Shrimp Trawl,---,1997,125,4,2,110,*,*,*,*,*,,
Shrimp Trawl,---,1997,125,5,15,42115,**,**,**,**,**,,
Shrimp Trawl,---,1997,125,Total,15,42225,215800,65,0,0,0,,
Shrimp Trawl,---,1997,126,1,1,60,*,*,*,*,*,,
Shrimp Trawl,---,1997,126,2,2,50,*,*,*,*,*,,
Shrimp Trawl,---,1997,126,Total,3,110,0,10,0,0,0,,
Shrimp Trawl,---,1997,127,1,5,4320,25700,140,0,0,0,,
Shrimp Trawl,---,1997,127,2,1,1131,*,*,*,*,*,,
Shrimp Trawl,---,1997,127,3,4,455,600,0,0,0,0,,
Shrimp Trawl,---,1997,127,4,1,275,*,*,*,*,*,,
Shrimp Trawl,---,1997,127,Total,5,6181,32850,190,0,0,0,,
Shrimp Trawl,---,1997,130,1,1,90,*,*,*,*,*,,
Shrimp Trawl,---,1997,130,2,1,90,*,*,*,*,*,,
Shrimp Trawl,---,1997,130,Total,1,180,*,*,*,*,*,,
Shrimp Trawl,---,1998,0,0,3,2342,1387,128,0,0,15,,
Shrimp Trawl,---,1998,0,Total,3,2342,1387,128,0,0,15,,
Shrimp Trawl,---,1998,2,4,2,4280,*,*,*,*,*,,
Shrimp Trawl,---,1998,2,6,6,15275,18730,7724,33,0,0,,
Shrimp Trawl,---,1998,2,7,1,180,*,*,*,*,*,,
Shrimp Trawl,---,1998,2,8,2,5760,*,*,*,*,*,,
Shrimp Trawl,---,1998,2,9,4,2550,15180,549,24,3,0,,
Shrimp Trawl,---,1998,2,10,1,660,*,*,*,*,*,,
Shrimp Trawl,---,1998,2,11,2,240,*,*,*,*,*,,
Shrimp Trawl,---,1998,2,67,1,194,*,*,*,*,*,,
Shrimp Trawl,---,1998,2,Total,7,29139,34750,13695,3882,3,0,,
Shrimp Trawl,---,1998,3,1,2,1895,*,*,*,*,*,,
Shrimp Trawl,---,1998,3,2,12,29132,15066,15879,0,0,4,,
Shrimp Trawl,---,1998,3,3,3,350,130,325,0,0,0,,
Shrimp Trawl,---,1998,3,4,6,6020,3070,3434,0,0,0,,
Shrimp Trawl,---,1998,3,6,3,600,320,470,0,0,3,,
Shrimp Trawl,---,1998,3,7,4,4265,4220,3700,12,0,0,,
Shrimp Trawl,---,1998,3,8,1,40,*,*,*,*,*,,
Shrimp Trawl,---,1998,3,9,5,6085,6172,4476,0,0,0,,
Shrimp Trawl,---,1998,3,11,2,295,*,*,*,*,*,,
Shrimp Trawl,---,1998,3,12,6,10770,3960,11190,0,0,0,,
Shrimp Trawl,---,1998,3,13,1,240,*,*,*,*,*,,
Shrimp Trawl,---,1998,3,14,2,135,*,*,*,*,*,,
Shrimp Trawl,---,1998,3,17,1,70,*,*,*,*,*,,
Shrimp Trawl,---,1998,3,Total,18,59897,34443,41740,12,0,7,,
Shrimp Trawl,---,1998,4,1,2,2750,*,*,*,*,*,,
Shrimp Trawl,---,1998,4,2,1,480,*,*,*,*,*,,
Shrimp Trawl,---,1998,4,4,1,120,*,*,*,*,*,,
Shrimp Trawl,---,1998,4,5,21,219180,112415,87024,80,0,6,,
Shrimp Trawl,---,1998,4,9,28,119594,63173,53130,35,0,2,,
Shrimp Trawl,---,1998,4,10,1,1145,*,*,*,*,*,,
Shrimp Trawl,---,1998,4,12,20,41340,46357,19290,18,0,0,,
Shrimp Trawl,---,1998,4,Total,34,384609,223545,161060,196,0,8,,
Shrimp Trawl,---,1998,5,1,14,36465,41587,17588,119,0,5,,
Shrimp Trawl,---,1998,5,2,12,14595,10033,7515,51,0,0,,
Shrimp Trawl,---,1998,5,3,1,2040,*,*,*,*,*,,
Shrimp Trawl,---,1998,5,14,3,655,**,**,**,**,**,,
Shrimp Trawl,---,1998,5,23,14,18278,11075,10241,745,0,0,,
Shrimp Trawl,---,1998,5,Total,19,72033,62779,36993,915,0,5,,
Shrimp Trawl,---,1998,6,0,1,200,*,*,*,*,*,,
Shrimp Trawl,---,1998,6,1,6,14145,7895,8328,0,0,9,,
Shrimp Trawl,---,1998,6,3,2,1015,*,*,*,*,*,,
Shrimp Trawl,---,1998,6,4,5,5250,1246,3812,0,0,0,,
Shrimp Trawl,---,1998,6,5,2,1110,*,*,*,*,*,,
Shrimp Trawl,---,1998,6,9,1,280,*,*,*,*,*,,
Shrimp Trawl,---,1998,6,10,1,600,*,*,*,*,*,,
Shrimp Trawl,---,1998,6,16,2,1035,*,*,*,*,*,,
Shrimp Trawl,---,1998,6,18,2,5070,*,*,*,*,*,,
Shrimp Trawl,---,1998,6,21,1,200,*,*,*,*,*,,
Shrimp Trawl,---,1998,6,25,1,1800,*,*,*,*,*,,
Shrimp Trawl,---,1998,6,Total,11,30705,12610,15773,2,0,9,,
Shrimp Trawl,---,1998,7,1,1,125,*,*,*,*,*,,
Shrimp Trawl,---,1998,7,2,1,210,*,*,*,*,*,,
Shrimp Trawl,---,1998,7,3,1,1080,*,*,*,*,*,,
Shrimp Trawl,---,1998,7,12,1,30,*,*,*,*,*,,
Shrimp Trawl,---,1998,7,14,2,150,*,*,*,*,*,,
Shrimp Trawl,---,1998,7,15,6,1430,20,745,0,4,0,,
Shrimp Trawl,---,1998,7,16,6,3020,805,1396,220,9,0,,
Shrimp Trawl,---,1998,7,17,1,730,*,*,*,*,*,,
Shrimp Trawl,---,1998,7,18,2,855,*,*,*,*,*,,
Shrimp Trawl,---,1998,7,23,1,25,*,*,*,*,*,,
Shrimp Trawl,---,1998,7,24,1,60,*,*,*,*,*,,
Shrimp Trawl,---,1998,7,25,13,11120,18398,3668,1055,0,0,,
Shrimp Trawl,---,1998,7,26,11,5820,13750,685,0,0,0,,
Shrimp Trawl,---,1998,7,27,2,8570,*,*,*,*,*,,
Shrimp Trawl,---,1998,7,28,3,5347,6950,3763,1813,0,0,,
Shrimp Trawl,---,1998,7,30,6,3470,439,1569,20,0,0,,
Shrimp Trawl,---,1998,7,31,1,230,*,*,*,*,*,,
Shrimp Trawl,---,1998,7,Total,22,42272,50948,26613,3888,13,2,,
Shrimp Trawl,---,1998,8,1,3,480,360,136,0,0,0,,
Shrimp Trawl,---,1998,8,2,1,60,*,*,*,*,*,,
Shrimp Trawl,---,1998,8,4,2,2555,*,*,*,*,*,,
Shrimp Trawl,---,1998,8,5,1,420,*,*,*,*,*,,
Shrimp Trawl,---,1998,8,7,1,65,*,*,*,*,*,,
Shrimp Trawl,---,1998,8,13,2,105,*,*,*,*,*,,
Shrimp Trawl,---,1998,8,16,2,3608,*,*,*,*,*,,
Shrimp Trawl,---,1998,8,Total,6,7293,6836,4155,2062,0,0,,
Shrimp Trawl,---,1998,9,0,1,255,*,*,*,*,*,,
Shrimp Trawl,---,1998,9,1,17,74933,45156,38373,0,0,4,,
Shrimp Trawl,---,1998,9,2,6,6760,13283,2266,63,0,8,,
Shrimp Trawl,---,1998,9,3,3,2320,6007,590,44,0,15,,
Shrimp Trawl,---,1998,9,4,3,675,2090,135,6,0,0,,
Shrimp Trawl,---,1998,9,9,1,590,*,*,*,*,*,,
Shrimp Trawl,---,1998,9,10,3,6532,595,2868,190,0,0,,
Shrimp Trawl,---,1998,9,11,6,6055,11160,1950,245,0,0,,
Shrimp Trawl,---,1998,9,12,3,3005,1165,1165,0,0,0,,
Shrimp Trawl,---,1998,9,Total,23,101125,83556,47377,560,0,27,,
Shrimp Trawl,---,1998,10,1,11,4382,4561,1287,0,0,1,,
Shrimp Trawl,---,1998,10,2,5,2100,675,783,1,0,27,,
Shrimp Trawl,---,1998,10,3,1,680,*,*,*,*,*,,
Shrimp Trawl,---,1998,10,4,1,750,*,*,*,*,*,,
Shrimp Trawl,---,1998,10,5,3,1055,0,626,0,0,0,,
Shrimp Trawl,---,1998,10,10,1,10,*,*,*,*,*,,
Shrimp Trawl,---,1998,10,12,5,480,170,0,218,0,0,,
Shrimp Trawl,---,1998,10,Total,14,9457,5406,3306,219,0,28,,
Shrimp Trawl,---,1998,11,2,2,145,*,*,*,*,*,,
Shrimp Trawl,---,1998,11,3,1,3225,*,*,*,*,*,,
Shrimp Trawl,---,1998,11,4,1,3255,*,*,*,*,*,,
Shrimp Trawl,---,1998,11,Total,4,6625,21190,271,44,0,8,,
Shrimp Trawl,---,1998,12,0,1,0,*,*,*,*,*,,
Shrimp Trawl,---,1998,12,2,1,770,*,*,*,*,*,,
Shrimp Trawl,---,1998,12,3,1,55,*,*,*,*,*,,
Shrimp Trawl,---,1998,12,6,8,12430,6746,4634,259,0,90,,
Shrimp Trawl,---,1998,12,7,9,48915,7973,26178,1196,0,5,,
Shrimp Trawl,---,1998,12,8,2,1570,*,*,*,*,*,,
Shrimp Trawl,---,1998,12,10,1,300,*,*,*,*,*,,
Shrimp Trawl,---,1998,12,13,2,3180,*,*,*,*,*,,
Shrimp Trawl,---,1998,12,26,28,55786,236483,3317,665,1,196,,
Shrimp Trawl,---,1998,12,27,1,1800,*,*,*,*,*,,
Shrimp Trawl,---,1998,12,35,1,80,*,*,*,*,*,,
Shrimp Trawl,---,1998,12,37,1,633,*,*,*,*,*,,
Shrimp Trawl,---,1998,12,38,1,400,*,*,*,*,*,,
Shrimp Trawl,---,1998,12,39,13,19960,151808,664,4803,15,9,,
Shrimp Trawl,---,1998,12,40,8,9850,30564,2805,57,0,1,,
Shrimp Trawl,---,1998,12,41,4,1385,417,1621,3,0,0,,
Shrimp Trawl,---,1998,12,42,8,6005,34395,21,1935,0,7,,
Shrimp Trawl,---,1998,12,45,1,20,*,*,*,*,*,,
Shrimp Trawl,---,1998,12,46,1,25,*,*,*,*,*,,
Shrimp Trawl,---,1998,12,Total,35,163164,478226,42080,8920,16,313,,
Shrimp Trawl,---,1998,13,0,1,330,*,*,*,*,*,,
Shrimp Trawl,---,1998,13,1,5,15430,2580,1668,10,0,0,,
Shrimp Trawl,---,1998,13,2,1,0,*,*,*,*,*,,
Shrimp Trawl,---,1998,13,13,3,1250,291,257,0,0,0,,
Shrimp Trawl,---,1998,13,14,6,29477,4919,3062,0,0,0,,
Shrimp Trawl,---,1998,13,15,3,355,400,20,2,0,0,,
Shrimp Trawl,---,1998,13,24,1,0,*,*,*,*,*,,
Shrimp Trawl,---,1998,13,35,3,415,23,6,0,0,0,,
Shrimp Trawl,---,1998,13,36,5,7180,9687,1101,0,0,16,,
Shrimp Trawl,---,1998,13,37,3,2570,6455,0,0,0,0,,
Shrimp Trawl,---,1998,13,38,1,90,*,*,*,*,*,,
Shrimp Trawl,---,1998,13,42,2,150,*,*,*,*,*,,
Shrimp Trawl,---,1998,13,Total,15,57247,26435,6120,12,0,26,,
Shrimp Trawl,---,1998,14,0,1,1020,*,*,*,*,*,,
Shrimp Trawl,---,1998,14,1,22,30795,9896,1593,48,23,21,,
Shrimp Trawl,---,1998,14,2,20,34280,15282,1313,76,38,6,,
Shrimp Trawl,---,1998,14,3,19,30042,12917,2780,0,0,50,,
Shrimp Trawl,---,1998,14,4,14,16190,4134,818,0,0,0,,
Shrimp Trawl,---,1998,14,5,29,70060,36185,3822,1244,0,169,,
Shrimp Trawl,---,1998,14,6,12,13255,3395,726,0,0,21,,
Shrimp Trawl,---,1998,14,7,1,90,*,*,*,*,*,,
Shrimp Trawl,---,1998,14,8,5,4145,1740,80,2740,0,3,,
Shrimp Trawl,---,1998,14,9,43,101219,98715,4971,89,0,94,,
Shrimp Trawl,---,1998,14,10,8,3470,8730,15,26,0,0,,
Shrimp Trawl,---,1998,14,12,32,60518,19920,4206,0,0,14,,
Shrimp Trawl,---,1998,14,13,13,49590,19217,5931,18,0,39,,
Shrimp Trawl,---,1998,14,14,1,240,*,*,*,*,*,,
Shrimp Trawl,---,1998,14,Total,62,414914,230646,26355,4241,61,417,,
Shrimp Trawl,---,1998,15,0,1,2370,*,*,*,*,*,,
Shrimp Trawl,---,1998,15,1,8,6915,4995,578,0,0,31,,
Shrimp Trawl,---,1998,15,2,27,111723,146799,6623,129,64,331,,
Shrimp Trawl,---,1998,15,3,12,22392,24633,3863,2,0,15,,
Shrimp Trawl,---,1998,15,4,1,30,*,*,*,*,*,,
Shrimp Trawl,---,1998,15,5,4,1920,1358,302,0,0,100,,
Shrimp Trawl,---,1998,15,Total,34,145350,181035,11366,131,64,477,,
Shrimp Trawl,---,1998,16,0,1,240,*,*,*,*,*,,
Shrimp Trawl,---,1998,16,1,5,2530,1277,147,0,0,17,,
Shrimp Trawl,---,1998,16,2,18,47903,27995,2691,0,0,152,,
Shrimp Trawl,---,1998,16,12,1,480,*,*,*,*,*,,
Shrimp Trawl,---,1998,16,18,1,2880,*,*,*,*,*,,
Shrimp Trawl,---,1998,16,19,4,5825,3305,271,0,0,0,,
Shrimp Trawl,---,1998,16,20,1,2400,*,*,*,*,*,,
Shrimp Trawl,---,1998,16,21,7,21620,8810,955,0,0,18,,
Shrimp Trawl,---,1998,16,22,1,180,*,*,*,*,*,,
Shrimp Trawl,---,1998,16,Total,22,84058,42467,4210,0,0,187,,
Shrimp Trawl,---,1998,17,1,1,60,*,*,*,*,*,,
Shrimp Trawl,---,1998,17,2,2,600,*,*,*,*,*,,
Shrimp Trawl,---,1998,17,3,1,400,*,*,*,*,*,,
Shrimp Trawl,---,1998,17,6,15,11315,4532,452,306,71,0,,
Shrimp Trawl,---,1998,17,9,16,17140,4413,756,271,0,0,,
Shrimp Trawl,---,1998,17,10,9,11660,2390,534,0,0,41,,
Shrimp Trawl,---,1998,17,11,4,6480,2305,184,0,0,0,,
Shrimp Trawl,---,1998,17,12,3,10140,4745,758,0,0,22,,
Shrimp Trawl,---,1998,17,13,2,9290,*,*,*,*,*,,
Shrimp Trawl,---,1998,17,16,1,3300,*,*,*,*,*,,
Shrimp Trawl,---,1998,17,17,2,45,*,*,*,*,*,,
Shrimp Trawl,---,1998,17,Total,28,70430,21905,3238,592,71,103,,
Shrimp Trawl,---,1998,18,0,1,900,*,*,*,*,*,,
Shrimp Trawl,---,1998,18,1,19,50785,9063,4859,0,125,94,,
Shrimp Trawl,---,1998,18,2,11,9690,1678,561,0,368,0,,
Shrimp Trawl,---,1998,18,3,15,17395,20075,341,225,7038,0,,
Shrimp Trawl,---,1998,18,4,38,69535,21514,4761,5,7020,0,,
Shrimp Trawl,---,1998,18,5,30,69341,65947,1770,305,17222,62,,
Shrimp Trawl,---,1998,18,6,32,83393,42017,2341,361,45115,2,,
Shrimp Trawl,---,1998,18,7,7,3320,220,54,0,1820,0,,
Shrimp Trawl,---,1998,18,8,1,320,*,*,*,*,*,,
Shrimp Trawl,---,1998,18,9,4,1510,315,162,0,35,0,,
Shrimp Trawl,---,1998,18,10,2,370,*,*,*,*,*,,
Shrimp Trawl,---,1998,18,11,9,17690,2992,921,5,165,3,,
Shrimp Trawl,---,1998,18,Total,56,324249,164291,15880,931,78908,161,,
Shrimp Trawl,---,1998,19,3,3,1370,**,**,**,**,**,,
Shrimp Trawl,---,1998,19,4,2,1275,*,*,*,*,*,,
Shrimp Trawl,---,1998,19,5,20,37120,10089,1719,33,34028,28,,
Shrimp Trawl,---,1998,19,Total,22,39765,10789,1769,33,35688,28,,
Shrimp Trawl,---,1998,20,6,1,240,*,*,*,*,*,,
Shrimp Trawl,---,1998,20,Total,1,240,*,*,*,*,*,,
Shrimp Trawl,---,1998,23,4,12,26750,29650,2720,0,0,115,,
Shrimp Trawl,---,1998,23,5,27,30030,31480,243,0,0,10,,
Shrimp Trawl,---,1998,23,6,36,76488,100267,847,0,0,41,,
Shrimp Trawl,---,1998,23,7,60,636947,691109,3089,1,7,110,,
Shrimp Trawl,---,1998,23,8,29,25030,43655,24,0,0,5,,
Shrimp Trawl,---,1998,23,9,2,420,*,*,*,*,*,,
Shrimp Trawl,---,1998,23,11,12,4415,**,**,**,**,**,,
Shrimp Trawl,---,1998,23,Total,64,800080,905711,6937,1,7,281,,
Shrimp Trawl,---,1998,24,2,1,90,*,*,*,*,*,,
Shrimp Trawl,---,1998,24,3,1,1230,*,*,*,*,*,,
Shrimp Trawl,---,1998,24,Total,1,1320,*,*,*,*,*,,
Shrimp Trawl,---,1998,25,4,1,40,*,*,*,*,*,,
Shrimp Trawl,---,1998,25,6,4,2085,648,789,0,0,0,,
Shrimp Trawl,---,1998,25,7,2,395,*,*,*,*,*,,
Shrimp Trawl,---,1998,25,13,2,7305,*,*,*,*,*,,
Shrimp Trawl,---,1998,25,Total,4,9825,8698,1411,0,0,0,,
Shrimp Trawl,---,1998,26,1,1,1695,*,*,*,*,*,,
Shrimp Trawl,---,1998,26,2,2,7280,*,*,*,*,*,,
Shrimp Trawl,---,1998,26,3,1,40,*,*,*,*,*,,
Shrimp Trawl,---,1998,26,5,1,60,*,*,*,*,*,,
Shrimp Trawl,---,1998,26,6,1,40,*,*,*,*,*,,
Shrimp Trawl,---,1998,26,Total,2,9115,*,*,*,*,*,,
Shrimp Trawl,---,1998,27,2,4,5720,11395,4545,0,0,21,,
Shrimp Trawl,---,1998,27,7,3,13530,8120,3314,0,0,0,,
Shrimp Trawl,---,1998,27,8,1,35,*,*,*,*,*,,
Shrimp Trawl,---,1998,27,11,1,90,*,*,*,*,*,,
Shrimp Trawl,---,1998,27,Total,5,19375,19515,7859,0,0,21,,
Shrimp Trawl,---,1998,28,0,1,0,*,*,*,*,*,,
Shrimp Trawl,---,1998,28,1,32,93605,23128,7552,2,1,142,,
Shrimp Trawl,---,1998,28,2,12,27529,19826,2805,0,0,9,,
Shrimp Trawl,---,1998,28,3,9,7795,1718,392,0,0,7,,
Shrimp Trawl,---,1998,28,4,14,21888,6915,1685,0,0,79,,
Shrimp Trawl,---,1998,28,5,3,510,**,**,**,**,**,,
Shrimp Trawl,---,1998,28,6,5,25542,18462,769,0,0,2,,
Shrimp Trawl,---,1998,28,7,12,33120,35371,4093,0,3,62,,
Shrimp Trawl,---,1998,28,Total,40,209989,105695,17366,2,4,310,,
Shrimp Trawl,---,1998,29,0,2,2820,*,*,*,*,*,,
Shrimp Trawl,---,1998,29,1,19,22575,11085,2340,0,0,37,,
Shrimp Trawl,---,1998,29,2,40,150785,37039,12541,0,0,87,,
Shrimp Trawl,---,1998,29,3,43,243114,91839,27393,0,600,66,,
Shrimp Trawl,---,1998,29,4,7,2750,1080,242,0,10,0,,
Shrimp Trawl,---,1998,29,5,2,3070,*,*,*,*,*,,
Shrimp Trawl,---,1998,29,6,1,360,*,*,*,*,*,,
Shrimp Trawl,---,1998,29,7,1,900,*,*,*,*,*,,
Shrimp Trawl,---,1998,29,9,1,180,*,*,*,*,*,,
Shrimp Trawl,---,1998,29,10,2,1340,*,*,*,*,*,,
Shrimp Trawl,---,1998,29,Total,59,427894,147688,43509,0,610,190,,
Shrimp Trawl,---,1998,102,2,2,1230,*,*,*,*,*,,
Shrimp Trawl,---,1998,102,3,1,120,*,*,*,*,*,,
Shrimp Trawl,---,1998,102,Total,2,1350,*,*,*,*,*,,
Shrimp Trawl,---,1998,105,2,1,135,*,*,*,*,*,,
Shrimp Trawl,---,1998,105,Total,1,135,*,*,*,*,*,,
Shrimp Trawl,---,1998,106,1,1,240,*,*,*,*,*,,
Shrimp Trawl,---,1998,106,2,4,5105,**,**,**,**,**,,
Shrimp Trawl,---,1998,106,Total,4,5345,30526,622,0,0,2,,
Shrimp Trawl,---,1998,107,1,3,2115,12550,0,0,0,0,,
Shrimp Trawl,---,1998,107,2,28,107611,648370,3534,0,0,0,,
Shrimp Trawl,---,1998,107,3,27,31922,184422,1,0,0,0,,
Shrimp Trawl,---,1998,107,Total,28,141648,845342,3535,0,0,0,,
Shrimp Trawl,---,1998,108,1,32,178958,793927,4075,0,0,5,,
Shrimp Trawl,---,1998,108,Total,32,178958,793927,4075,0,0,5,,
Shrimp Trawl,---,1998,109,0,29,100638,419014,2129,0,0,0,,
Shrimp Trawl,---,1998,109,Total,29,100638,419014,2129,0,0,0,,
Shrimp Trawl,---,1998,110,0,16,5835,19545,238,0,0,0,,
Shrimp Trawl,---,1998,110,Total,16,5835,19545,238,0,0,0,,
Shrimp Trawl,---,1998,111,0,7,1625,2650,109,0,0,4,,
Shrimp Trawl,---,1998,111,Total,7,1625,2650,109,0,0,4,,
Shrimp Trawl,---,1998,121,1,1,80,*,*,*,*,*,,
Shrimp Trawl,---,1998,121,2,3,495,**,**,**,**,**,,
Shrimp Trawl,---,1998,121,3,4,930,1590,22,0,0,0,,
Shrimp Trawl,---,1998,121,Total,8,1505,1840,22,0,0,0,,
Shrimp Trawl,---,1998,123,0,2,220,*,*,*,*,*,,
Shrimp Trawl,---,1998,123,1,24,10065,15511,31,0,0,0,,
Shrimp Trawl,---,1998,123,2,18,6180,8180,71,0,0,0,,
Shrimp Trawl,---,1998,123,3,64,342691,528580,547,0,0,3,,
Shrimp Trawl,---,1998,123,4,49,106915,169956,1722,0,0,2,,
Shrimp Trawl,---,1998,123,5,58,224342,364650,1856,0,0,2,,
Shrimp Trawl,---,1998,123,6,35,19245,28400,11,0,0,0,,
Shrimp Trawl,---,1998,123,7,5,25230,23360,7,0,0,0,,
Shrimp Trawl,---,1998,123,8,4,1625,3450,0,0,0,0,,
Shrimp Trawl,---,1998,123,9,1,240,*,*,*,*,*,,
Shrimp Trawl,---,1998,123,Total,73,736753,1143057,4265,0,0,7,,
Shrimp Trawl,---,1998,124,1,30,8405,10310,2,0,0,0,,
Shrimp Trawl,---,1998,124,2,14,17825,32475,0,0,0,0,,
Shrimp Trawl,---,1998,124,3,10,2815,520,0,0,0,0,,
Shrimp Trawl,---,1998,124,Total,34,29045,43305,2,0,0,0,,
Shrimp Trawl,---,1998,125,1,1,90,*,*,*,*,*,,
Shrimp Trawl,---,1998,125,4,1,2210,*,*,*,*,*,,
Shrimp Trawl,---,1998,125,5,23,107430,433260,0,0,0,0,,
Shrimp Trawl,---,1998,125,Total,23,109730,457860,0,0,0,0,,
Shrimp Trawl,---,1998,126,2,1,1145,*,*,*,*,*,,
Shrimp Trawl,---,1998,126,Total,1,1145,*,*,*,*,*,,
Shrimp Trawl,---,1998,127,1,11,14051,92347,0,0,0,0,,
Shrimp Trawl,---,1998,127,2,7,6495,**,**,**,**,**,,
Shrimp Trawl,---,1998,127,3,2,120,*,*,*,*,*,,
Shrimp Trawl,---,1998,127,Total,11,20666,117317,0,0,0,0,,
Shrimp Trawl,---,1999,0,0,2,60,*,*,*,*,*,,
Shrimp Trawl,---,1999,0,Total,2,60,*,*,*,*,*,,
Shrimp Trawl,---,1999,2,4,3,9615,1880,0,7809,0,0,,
Shrimp Trawl,---,1999,2,6,3,5400,7990,178,2355,0,0,,
Shrimp Trawl,---,1999,2,9,1,430,*,*,*,*,*,,
Shrimp Trawl,---,1999,2,10,1,110,*,*,*,*,*,,
Shrimp Trawl,---,1999,2,Total,3,15555,10960,256,10182,0,0,,
Shrimp Trawl,---,1999,3,1,7,14675,11524,9795,3,0,0,,
Shrimp Trawl,---,1999,3,2,7,14370,22551,9673,0,0,0,,
Shrimp Trawl,---,1999,3,3,3,395,1350,609,0,0,0,,
Shrimp Trawl,---,1999,3,4,4,4785,4935,2641,0,0,0,,
Shrimp Trawl,---,1999,3,6,2,325,*,*,*,*,*,,
Shrimp Trawl,---,1999,3,7,3,740,1145,757,0,0,0,,
Shrimp Trawl,---,1999,3,8,1,90,*,*,*,*,*,,
Shrimp Trawl,---,1999,3,9,6,7015,3965,3630,4,0,11,,
Shrimp Trawl,---,1999,3,10,1,245,*,*,*,*,*,,
Shrimp Trawl,---,1999,3,12,7,24313,21472,32260,0,0,0,,
Shrimp Trawl,---,1999,3,14,1,120,*,*,*,*,*,,
Shrimp Trawl,---,1999,3,Total,15,67073,67637,59896,27,0,27,,
Shrimp Trawl,---,1999,4,1,5,5480,13925,1379,14,0,0,,
Shrimp Trawl,---,1999,4,2,3,250,504,386,0,0,0,,
Shrimp Trawl,---,1999,4,4,2,30,*,*,*,*,*,,
Shrimp Trawl,---,1999,4,5,24,168065,213803,64990,35,1,23,,
Shrimp Trawl,---,1999,4,9,27,202245,173233,104529,1035,0,101,,
Shrimp Trawl,---,1999,4,10,3,2535,1970,3256,0,0,0,,
Shrimp Trawl,---,1999,4,11,2,690,*,*,*,*,*,,
Shrimp Trawl,---,1999,4,12,26,78130,125093,26671,2706,0,8,,
Shrimp Trawl,---,1999,4,13,6,4655,767,3052,109,0,0,,
Shrimp Trawl,---,1999,4,Total,32,462080,529953,204669,3899,1,132,,
Shrimp Trawl,---,1999,5,1,13,21410,14770,9321,25,0,0,,
Shrimp Trawl,---,1999,5,2,9,10585,2954,9037,0,0,0,,
Shrimp Trawl,---,1999,5,3,1,1735,*,*,*,*,*,,
Shrimp Trawl,---,1999,5,4,1,1695,*,*,*,*,*,,
Shrimp Trawl,---,1999,5,5,1,70,*,*,*,*,*,,
Shrimp Trawl,---,1999,5,9,1,5610,*,*,*,*,*,,
Shrimp Trawl,---,1999,5,10,1,45,*,*,*,*,*,,
Shrimp Trawl,---,1999,5,11,1,60,*,*,*,*,*,,
Shrimp Trawl,---,1999,5,12,1,60,*,*,*,*,*,,
Shrimp Trawl,---,1999,5,14,1,70,*,*,*,*,*,,
Shrimp Trawl,---,1999,5,16,1,540,*,*,*,*,*,,
Shrimp Trawl,---,1999,5,23,11,16425,10115,21028,368,0,0,,
Shrimp Trawl,---,1999,5,24,1,285,*,*,*,*,*,,
Shrimp Trawl,---,1999,5,Total,17,58590,61367,47227,516,0,0,,
Shrimp Trawl,---,1999,6,0,1,180,*,*,*,*,*,,
Shrimp Trawl,---,1999,6,1,2,3005,*,*,*,*,*,,
Shrimp Trawl,---,1999,6,4,5,5685,13173,3329,0,0,2,,
Shrimp Trawl,---,1999,6,5,1,20,*,*,*,*,*,,
Shrimp Trawl,---,1999,6,9,1,1440,*,*,*,*,*,,
Shrimp Trawl,---,1999,6,17,1,630,*,*,*,*,*,,
Shrimp Trawl,---,1999,6,Total,7,10960,21264,7619,6,1,22,,
Shrimp Trawl,---,1999,7,18,2,1050,*,*,*,*,*,,
Shrimp Trawl,---,1999,7,25,1,60,*,*,*,*,*,,
Shrimp Trawl,---,1999,7,26,3,225,0,10,0,0,0,,
Shrimp Trawl,---,1999,7,27,1,270,*,*,*,*,*,,
Shrimp Trawl,---,1999,7,28,3,480,650,265,10,0,0,,
Shrimp Trawl,---,1999,7,30,3,720,267,208,36,0,0,,
Shrimp Trawl,---,1999,7,31,1,75,*,*,*,*,*,,
Shrimp Trawl,---,1999,7,Total,8,2880,1007,1101,101,0,0,,
Shrimp Trawl,---,1999,8,4,1,1110,*,*,*,*,*,,
Shrimp Trawl,---,1999,8,16,1,3485,*,*,*,*,*,,
Shrimp Trawl,---,1999,8,Total,2,4595,*,*,*,*,*,,
Shrimp Trawl,---,1999,9,1,27,109619,85340,30614,0,0,3,,
Shrimp Trawl,---,1999,9,2,5,3555,1391,1032,0,0,0,,
Shrimp Trawl,---,1999,9,3,11,20565,2096,5532,0,0,0,,
Shrimp Trawl,---,1999,9,4,1,480,*,*,*,*,*,,
Shrimp Trawl,---,1999,9,6,1,60,*,*,*,*,*,,
Shrimp Trawl,---,1999,9,10,3,3370,64,539,48,0,0,,
Shrimp Trawl,---,1999,9,11,5,1075,950,195,0,78,0,,
Shrimp Trawl,---,1999,9,12,8,8250,4717,2533,0,0,0,,
Shrimp Trawl,---,1999,9,Total,32,146974,95967,40495,64,78,7,,
Shrimp Trawl,---,1999,10,1,11,16630,27070,4635,0,0,12,,
Shrimp Trawl,---,1999,10,2,4,2715,1345,374,0,0,1,,
Shrimp Trawl,---,1999,10,3,3,4190,194,525,0,0,0,,
Shrimp Trawl,---,1999,10,4,3,1200,120,231,0,0,0,,
Shrimp Trawl,---,1999,10,5,1,580,*,*,*,*,*,,
Shrimp Trawl,---,1999,10,6,1,65,*,*,*,*,*,,
Shrimp Trawl,---,1999,10,7,1,120,*,*,*,*,*,,
Shrimp Trawl,---,1999,10,9,1,45,*,*,*,*,*,,
Shrimp Trawl,---,1999,10,12,1,45,*,*,*,*,*,,
Shrimp Trawl,---,1999,10,Total,17,25590,28766,6066,0,0,14,,
Shrimp Trawl,---,1999,11,1,1,1940,*,*,*,*,*,,
Shrimp Trawl,---,1999,11,3,1,180,*,*,*,*,*,,
Shrimp Trawl,---,1999,11,4,1,90,*,*,*,*,*,,
Shrimp Trawl,---,1999,11,Total,3,2210,754,252,53,6,0,,
Shrimp Trawl,---,1999,12,6,10,8451,10751,1228,89,10,49,,
Shrimp Trawl,---,1999,12,7,15,67965,11289,16121,0,0,3,,
Shrimp Trawl,---,1999,12,9,3,360,75,35,0,0,0,,
Shrimp Trawl,---,1999,12,13,7,4415,1311,696,0,0,0,,
Shrimp Trawl,---,1999,12,15,1,120,*,*,*,*,*,,
Shrimp Trawl,---,1999,12,17,1,100,*,*,*,*,*,,
Shrimp Trawl,---,1999,12,18,1,50,*,*,*,*,*,,
Shrimp Trawl,---,1999,12,22,1,60,*,*,*,*,*,,
Shrimp Trawl,---,1999,12,23,1,1200,*,*,*,*,*,,
Shrimp Trawl,---,1999,12,26,17,30445,83667,4919,258,0,17,,
Shrimp Trawl,---,1999,12,36,1,360,*,*,*,*,*,,
Shrimp Trawl,---,1999,12,37,1,290,*,*,*,*,*,,
Shrimp Trawl,---,1999,12,39,8,16410,75460,12,6734,0,41,,
Shrimp Trawl,---,1999,12,40,3,515,220,240,10,0,0,,
Shrimp Trawl,---,1999,12,41,5,900,120,119,0,0,0,,
Shrimp Trawl,---,1999,12,42,5,8990,22300,0,10635,1300,0,,
Shrimp Trawl,---,1999,12,Total,31,140631,209293,23885,17726,1310,111,,
Shrimp Trawl,---,1999,13,1,6,6115,1725,1593,14,0,28,,
Shrimp Trawl,---,1999,13,13,4,5465,8563,624,48,0,0,,
Shrimp Trawl,---,1999,13,14,8,6545,4170,1273,22,0,29,,
Shrimp Trawl,---,1999,13,15,9,19050,30474,166,300,0,1,,
Shrimp Trawl,---,1999,13,17,1,30,*,*,*,*,*,,
Shrimp Trawl,---,1999,13,18,1,200,*,*,*,*,*,,
Shrimp Trawl,---,1999,13,24,1,1000,*,*,*,*,*,,
Shrimp Trawl,---,1999,13,36,2,245,*,*,*,*,*,,
Shrimp Trawl,---,1999,13,37,1,60,*,*,*,*,*,,
Shrimp Trawl,---,1999,13,Total,14,38710,45188,3744,1000,0,63,,
Shrimp Trawl,---,1999,14,1,15,30896,27487,1425,140,9,21,,
Shrimp Trawl,---,1999,14,2,14,26630,17962,1991,11,14,26,,
Shrimp Trawl,---,1999,14,3,10,5040,1813,421,0,3,0,,
Shrimp Trawl,---,1999,14,4,3,300,143,32,0,0,0,,
Shrimp Trawl,---,1999,14,5,29,50150,49546,3638,4,2,43,,
Shrimp Trawl,---,1999,14,6,12,2255,1739,164,0,0,0,,
Shrimp Trawl,---,1999,14,7,2,4455,*,*,*,*,*,,
Shrimp Trawl,---,1999,14,8,1,840,*,*,*,*,*,,
Shrimp Trawl,---,1999,14,9,49,121795,197674,7714,236,0,25,,
Shrimp Trawl,---,1999,14,10,8,2825,15235,76,35,0,0,,
Shrimp Trawl,---,1999,14,11,2,450,*,*,*,*,*,,
Shrimp Trawl,---,1999,14,12,30,16595,11886,1273,25,0,2,,
Shrimp Trawl,---,1999,14,13,11,21841,14478,3706,24,0,5,,
Shrimp Trawl,---,1999,14,Total,68,284072,347643,20904,510,28,124,,
Shrimp Trawl,---,1999,15,0,1,200,*,*,*,*,*,,
Shrimp Trawl,---,1999,15,1,19,25875,12669,1469,1,0,109,,
Shrimp Trawl,---,1999,15,2,49,174977,252231,8047,366,123,45,,
Shrimp Trawl,---,1999,15,3,25,32745,49080,1567,180,0,134,,
Shrimp Trawl,---,1999,15,5,6,4635,**,**,**,**,**,,
Shrimp Trawl,---,1999,15,Total,63,238432,315417,11879,547,123,295,,
Shrimp Trawl,---,1999,16,0,1,150,*,*,*,*,*,,
Shrimp Trawl,---,1999,16,1,26,74450,23877,6063,3,0,66,,
Shrimp Trawl,---,1999,16,2,34,59960,37995,3858,2,10,31,,
Shrimp Trawl,---,1999,16,5,1,45,*,*,*,*,*,,
Shrimp Trawl,---,1999,16,6,1,1260,*,*,*,*,*,,
Shrimp Trawl,---,1999,16,7,1,20,*,*,*,*,*,,
Shrimp Trawl,---,1999,16,8,1,30,*,*,*,*,*,,
Shrimp Trawl,---,1999,16,11,1,180,*,*,*,*,*,,
Shrimp Trawl,---,1999,16,12,1,2160,*,*,*,*,*,,
Shrimp Trawl,---,1999,16,13,1,1260,*,*,*,*,*,,
Shrimp Trawl,---,1999,16,16,1,150,*,*,*,*,*,,
Shrimp Trawl,---,1999,16,18,1,220,*,*,*,*,*,,
Shrimp Trawl,---,1999,16,19,12,9960,11120,867,30,0,0,,
Shrimp Trawl,---,1999,16,20,4,4630,3790,168,2,0,0,,
Shrimp Trawl,---,1999,16,21,21,28295,16032,3413,2,0,0,,
Shrimp Trawl,---,1999,16,Total,49,182770,94256,14788,39,10,122,,
Shrimp Trawl,---,1999,17,6,3,4426,3760,13,2530,0,0,,
Shrimp Trawl,---,1999,17,9,4,1790,608,225,60,0,5,,
Shrimp Trawl,---,1999,17,10,10,7100,2257,800,0,0,0,,
Shrimp Trawl,---,1999,17,11,11,7320,4151,2191,0,0,0,,
Shrimp Trawl,---,1999,17,12,1,3460,*,*,*,*,*,,
Shrimp Trawl,---,1999,17,13,1,950,*,*,*,*,*,,
Shrimp Trawl,---,1999,17,16,1,270,*,*,*,*,*,,
Shrimp Trawl,---,1999,17,Total,25,25316,12811,3632,2590,0,5,,
Shrimp Trawl,---,1999,18,1,6,6770,1374,937,0,15,0,,
Shrimp Trawl,---,1999,18,2,6,3800,856,503,0,30,0,,
Shrimp Trawl,---,1999,18,3,8,2490,1562,58,30,1020,0,,
Shrimp Trawl,---,1999,18,4,28,28520,15326,4568,3,239,1,,
Shrimp Trawl,---,1999,18,5,19,21480,23935,960,62,6388,5,,
Shrimp Trawl,---,1999,18,6,19,24570,36340,2723,10,17201,0,,
Shrimp Trawl,---,1999,18,7,2,155,*,*,*,*,*,,
Shrimp Trawl,---,1999,18,9,1,100,*,*,*,*,*,,
Shrimp Trawl,---,1999,18,11,1,525,*,*,*,*,*,,
Shrimp Trawl,---,1999,18,Total,46,88410,79523,10029,105,25003,6,,
Shrimp Trawl,---,1999,19,3,3,350,**,**,**,**,**,,
Shrimp Trawl,---,1999,19,4,2,720,*,*,*,*,*,,
Shrimp Trawl,---,1999,19,5,35,52675,14320,2287,2282,71056,15,,
Shrimp Trawl,---,1999,19,Total,36,53745,14349,2311,2882,71606,15,,
Shrimp Trawl,---,1999,20,1,1,120,*,*,*,*,*,,
Shrimp Trawl,---,1999,20,3,1,90,*,*,*,*,*,,
Shrimp Trawl,---,1999,20,4,2,120,*,*,*,*,*,,
Shrimp Trawl,---,1999,20,5,2,180,*,*,*,*,*,,
Shrimp Trawl,---,1999,20,Total,3,510,0,9,0,0,0,,
Shrimp Trawl,---,1999,23,0,1,210,*,*,*,*,*,,
Shrimp Trawl,---,1999,23,4,12,18068,19665,2409,0,0,62,,
Shrimp Trawl,---,1999,23,5,23,28145,39425,924,0,2,28,,
Shrimp Trawl,---,1999,23,6,26,49340,55720,5329,0,7,18,,
Shrimp Trawl,---,1999,23,7,57,344926,677135,3094,0,103,97,,
Shrimp Trawl,---,1999,23,8,16,5315,11480,80,0,7,4,,
Shrimp Trawl,---,1999,23,11,4,390,**,**,**,**,**,,
Shrimp Trawl,---,1999,23,Total,61,446394,804705,11876,0,119,209,,
Shrimp Trawl,---,1999,24,0,1,540,*,*,*,*,*,,
Shrimp Trawl,---,1999,24,2,2,1080,*,*,*,*,*,,
Shrimp Trawl,---,1999,24,3,4,3060,1134,892,0,0,0,,
Shrimp Trawl,---,1999,24,4,2,2160,*,*,*,*,*,,
Shrimp Trawl,---,1999,24,6,1,540,*,*,*,*,*,,
Shrimp Trawl,---,1999,24,Total,6,7380,2551,1219,0,0,0,,
Shrimp Trawl,---,1999,25,4,1,30,*,*,*,*,*,,
Shrimp Trawl,---,1999,25,6,7,11795,16219,8273,0,0,0,,
Shrimp Trawl,---,1999,25,7,2,220,*,*,*,*,*,,
Shrimp Trawl,---,1999,25,15,1,345,*,*,*,*,*,,
Shrimp Trawl,---,1999,25,Total,7,12390,16424,9183,0,0,0,,
Shrimp Trawl,---,1999,26,1,1,1120,*,*,*,*,*,,
Shrimp Trawl,---,1999,26,2,1,1960,*,*,*,*,*,,
Shrimp Trawl,---,1999,26,Total,1,3080,*,*,*,*,*,,
Shrimp Trawl,---,1999,27,2,6,5386,22315,1122,0,0,0,,
Shrimp Trawl,---,1999,27,7,5,2720,8865,1405,0,0,0,,
Shrimp Trawl,---,1999,27,Total,7,8106,31180,2527,0,0,0,,
Shrimp Trawl,---,1999,28,1,29,56070,29563,3739,8,0,39,,
Shrimp Trawl,---,1999,28,2,11,12835,9472,1347,0,0,0,,
Shrimp Trawl,---,1999,28,3,6,900,195,60,0,0,0,,
Shrimp Trawl,---,1999,28,4,7,11290,4319,1698,0,0,0,,
Shrimp Trawl,---,1999,28,5,1,240,*,*,*,*,*,,
Shrimp Trawl,---,1999,28,6,4,12055,8415,387,1,0,4,,
Shrimp Trawl,---,1999,28,7,20,38560,41897,4640,10,32,54,,
Shrimp Trawl,---,1999,28,9,1,80,*,*,*,*,*,,
Shrimp Trawl,---,1999,28,11,1,1070,*,*,*,*,*,,
Shrimp Trawl,---,1999,28,Total,43,133100,94461,12018,19,32,98,,
Shrimp Trawl,---,1999,29,1,18,25080,15251,4194,0,0,24,,
Shrimp Trawl,---,1999,29,2,43,133581,60358,16072,50,0,29,,
Shrimp Trawl,---,1999,29,3,51,228774,89642,27694,4,11,44,,
Shrimp Trawl,---,1999,29,4,4,1850,**,**,**,**,**,,
Shrimp Trawl,---,1999,29,5,4,7320,4753,1488,0,0,0,,
Shrimp Trawl,---,1999,29,9,1,340,*,*,*,*,*,,
Shrimp Trawl,---,1999,29,Total,64,396945,171349,50399,54,11,97,,
Shrimp Trawl,---,1999,101,8,2,185,*,*,*,*,*,,
Shrimp Trawl,---,1999,101,9,1,100,*,*,*,*,*,,
Shrimp Trawl,---,1999,101,Total,2,285,*,*,*,*,*,,
Shrimp Trawl,---,1999,102,1,1,730,*,*,*,*,*,,
Shrimp Trawl,---,1999,102,Total,1,730,*,*,*,*,*,,
Shrimp Trawl,---,1999,103,0,4,13100,13675,11230,0,0,0,,
Shrimp Trawl,---,1999,103,Total,4,13100,13675,11230,0,0,0,,
Shrimp Trawl,---,1999,104,1,2,1350,*,*,*,*,*,,
Shrimp Trawl,---,1999,104,2,4,2520,**,**,**,**,**,,
Shrimp Trawl,---,1999,104,Total,4,3870,2541,3039,0,0,0,,
Shrimp Trawl,---,1999,106,2,1,40,*,*,*,*,*,,
Shrimp Trawl,---,1999,106,Total,1,40,*,*,*,*,*,,
Shrimp Trawl,---,1999,107,1,1,205,*,*,*,*,*,,
Shrimp Trawl,---,1999,107,2,1,2205,*,*,*,*,*,,
Shrimp Trawl,---,1999,107,3,2,225,*,*,*,*,*,,
Shrimp Trawl,---,1999,107,Total,3,2635,9710,390,0,0,0,,
Shrimp Trawl,---,1999,108,1,7,10049,31425,324,0,0,2,,
Shrimp Trawl,---,1999,108,Total,7,10049,31425,324,0,0,2,,
Shrimp Trawl,---,1999,109,0,4,2275,9380,362,0,0,0,,
Shrimp Trawl,---,1999,109,Total,4,2275,9380,362,0,0,0,,
Shrimp Trawl,---,1999,110,0,1,60,*,*,*,*,*,,
Shrimp Trawl,---,1999,110,Total,1,60,*,*,*,*,*,,
Shrimp Trawl,---,1999,111,0,1,60,*,*,*,*,*,,
Shrimp Trawl,---,1999,111,Total,1,60,*,*,*,*,*,,
Shrimp Trawl,---,1999,121,2,1,60,*,*,*,*,*,,
Shrimp Trawl,---,1999,121,Total,1,60,*,*,*,*,*,,
Shrimp Trawl,---,1999,123,1,14,3750,11240,3,0,0,0,,
Shrimp Trawl,---,1999,123,2,7,1175,3920,15,0,0,0,,
Shrimp Trawl,---,1999,123,3,61,237909,660131,545,0,0,19,,
Shrimp Trawl,---,1999,123,4,46,104108,253135,2152,5317,0,0,,
Shrimp Trawl,---,1999,123,5,46,245325,777275,1767,8001,1,18,,
Shrimp Trawl,---,1999,123,6,26,23420,54160,7,0,0,0,,
Shrimp Trawl,---,1999,123,7,1,60,*,*,*,*,*,,
Shrimp Trawl,---,1999,123,8,1,240,*,*,*,*,*,,
Shrimp Trawl,---,1999,123,Total,63,615987,1760811,4489,13318,1,37,,
Shrimp Trawl,---,1999,124,1,21,12455,37527,6,0,0,0,,
Shrimp Trawl,---,1999,124,2,1,120,*,*,*,*,*,,
Shrimp Trawl,---,1999,124,3,4,380,**,**,**,**,**,,
Shrimp Trawl,---,1999,124,Total,25,12955,37657,6,0,0,0,,
Shrimp Trawl,---,1999,125,5,7,25650,115295,0,0,0,0,,
Shrimp Trawl,---,1999,125,Total,7,25650,115295,0,0,0,0,,
Shrimp Trawl,---,1999,127,1,8,9255,66295,10,0,0,11,,
Shrimp Trawl,---,1999,127,2,2,110,*,*,*,*,*,,
Shrimp Trawl,---,1999,127,3,2,130,*,*,*,*,*,,
Shrimp Trawl,---,1999,127,4,2,1020,*,*,*,*,*,,
Shrimp Trawl,---,1999,127,Total,8,10515,73665,10,0,0,11,,
Shrimp Trawl,---,2000,0,0,1,0,*,*,*,*,*,,
Shrimp Trawl,---,2000,0,Total,1,0,*,*,*,*,*,,
Shrimp Trawl,---,2000,3,1,6,23580,17240,17583,0,0,7,,
Shrimp Trawl,---,2000,3,2,8,17735,12549,9817,0,0,0,,
Shrimp Trawl,---,2000,3,3,8,9065,4867,10484,0,0,0,,
Shrimp Trawl,---,2000,3,4,6,11115,8189,5278,0,0,0,,
Shrimp Trawl,---,2000,3,6,11,47040,8970,37331,27,180,25,,
Shrimp Trawl,---,2000,3,7,7,8765,12437,6263,10,0,0,,
Shrimp Trawl,---,2000,3,8,4,8715,1875,3105,10,0,0,,
Shrimp Trawl,---,2000,3,9,10,12265,10730,12754,31,0,0,,
Shrimp Trawl,---,2000,3,10,10,17885,9952,9687,3348,375,0,,
Shrimp Trawl,---,2000,3,11,2,800,*,*,*,*,*,,
Shrimp Trawl,---,2000,3,12,10,43010,30336,50869,20,0,0,,
Shrimp Trawl,---,2000,3,14,1,360,*,*,*,*,*,,
Shrimp Trawl,---,2000,3,15,2,1740,*,*,*,*,*,,
Shrimp Trawl,---,2000,3,18,1,480,*,*,*,*,*,,
Shrimp Trawl,---,2000,3,Total,26,202555,120176,166043,3687,555,32,,
Shrimp Trawl,---,2000,4,1,3,390,215,156,4,0,0,,
Shrimp Trawl,---,2000,4,3,1,600,*,*,*,*,*,,
Shrimp Trawl,---,2000,4,5,26,138498,101541,60910,134,16,4,,
Shrimp Trawl,---,2000,4,9,35,207963,212257,76957,23225,376,41,,
Shrimp Trawl,---,2000,4,10,6,1945,11459,44,677,62,0,,
Shrimp Trawl,---,2000,4,11,2,9570,*,*,*,*,*,,
Shrimp Trawl,---,2000,4,12,36,109299,221048,27214,26569,376,25,,
Shrimp Trawl,---,2000,4,13,1,150,*,*,*,*,*,,
Shrimp Trawl,---,2000,4,Total,40,468415,554535,167381,51589,1205,70,,
Shrimp Trawl,---,2000,5,1,11,22983,19365,9373,1140,4,0,,
Shrimp Trawl,---,2000,5,2,10,11680,6083,12393,10,1,0,,
Shrimp Trawl,---,2000,5,3,3,870,408,1051,0,0,0,,
Shrimp Trawl,---,2000,5,4,3,1375,13760,153,51,135,0,,
Shrimp Trawl,---,2000,5,5,1,400,*,*,*,*,*,,
Shrimp Trawl,---,2000,5,9,2,13700,*,*,*,*,*,,
Shrimp Trawl,---,2000,5,14,1,120,*,*,*,*,*,,
Shrimp Trawl,---,2000,5,23,11,29905,12703,12221,1714,12,0,,
Shrimp Trawl,---,2000,5,Total,18,81033,58019,45045,2915,152,0,,
Shrimp Trawl,---,2000,6,1,4,8750,12903,6900,76,0,0,,
Shrimp Trawl,---,2000,6,4,3,2750,**,**,**,**,**,,
Shrimp Trawl,---,2000,6,5,1,2340,*,*,*,*,*,,
Shrimp Trawl,---,2000,6,Total,5,13840,13266,9513,76,0,0,,
Shrimp Trawl,---,2000,7,6,1,2600,*,*,*,*,*,,
Shrimp Trawl,---,2000,7,15,2,120,*,*,*,*,*,,
Shrimp Trawl,---,2000,7,26,1,90,*,*,*,*,*,,
Shrimp Trawl,---,2000,7,30,1,60,*,*,*,*,*,,
Shrimp Trawl,---,2000,7,Total,4,2870,146,958,2,0,0,,
Shrimp Trawl,---,2000,8,4,1,630,*,*,*,*,*,,
Shrimp Trawl,---,2000,8,6,1,45,*,*,*,*,*,,
Shrimp Trawl,---,2000,8,Total,2,675,*,*,*,*,*,,
Shrimp Trawl,---,2000,9,1,9,37640,13491,7024,2,0,0,,
Shrimp Trawl,---,2000,9,2,1,3400,*,*,*,*,*,,
Shrimp Trawl,---,2000,9,3,3,550,81,38,9,0,0,,
Shrimp Trawl,---,2000,9,7,1,45,*,*,*,*,*,,
Shrimp Trawl,---,2000,9,8,1,120,*,*,*,*,*,,
Shrimp Trawl,---,2000,9,10,1,2360,*,*,*,*,*,,
Shrimp Trawl,---,2000,9,11,5,9795,1100,1853,2,0,0,,
Shrimp Trawl,---,2000,9,12,5,1700,974,586,0,0,0,,
Shrimp Trawl,---,2000,9,Total,12,55610,15771,10976,13,0,0,,
Shrimp Trawl,---,2000,10,1,1,180,*,*,*,*,*,,
Shrimp Trawl,---,2000,10,4,2,1110,*,*,*,*,*,,
Shrimp Trawl,---,2000,10,5,2,120,*,*,*,*,*,,
Shrimp Trawl,---,2000,10,12,1,60,*,*,*,*,*,,
Shrimp Trawl,---,2000,10,Total,3,1470,327,681,0,0,0,,
Shrimp Trawl,---,2000,11,3,1,70,*,*,*,*,*,,
Shrimp Trawl,---,2000,11,4,1,145,*,*,*,*,*,,
Shrimp Trawl,---,2000,11,5,1,100,*,*,*,*,*,,
Shrimp Trawl,---,2000,11,10,1,120,*,*,*,*,*,,
Shrimp Trawl,---,2000,11,Total,1,435,*,*,*,*,*,,
Shrimp Trawl,---,2000,12,2,1,50,*,*,*,*,*,,
Shrimp Trawl,---,2000,12,6,2,525,*,*,*,*,*,,
Shrimp Trawl,---,2000,12,7,4,6670,542,1486,0,440,0,,
Shrimp Trawl,---,2000,12,13,1,550,*,*,*,*,*,,
Shrimp Trawl,---,2000,12,15,1,75,*,*,*,*,*,,
Shrimp Trawl,---,2000,12,16,1,20,*,*,*,*,*,,
Shrimp Trawl,---,2000,12,26,9,24300,42414,2844,1843,0,0,,
Shrimp Trawl,---,2000,12,27,1,145,*,*,*,*,*,,
Shrimp Trawl,---,2000,12,31,1,50,*,*,*,*,*,,
Shrimp Trawl,---,2000,12,33,1,30,*,*,*,*,*,,
Shrimp Trawl,---,2000,12,34,1,60,*,*,*,*,*,,
Shrimp Trawl,---,2000,12,35,1,2170,*,*,*,*,*,,
Shrimp Trawl,---,2000,12,36,1,12616,*,*,*,*,*,,
Shrimp Trawl,---,2000,12,38,1,120,*,*,*,*,*,,
Shrimp Trawl,---,2000,12,39,9,13765,26665,63,2220,9211,11,,
Shrimp Trawl,---,2000,12,40,2,5150,*,*,*,*,*,,
Shrimp Trawl,---,2000,12,41,3,8195,188,2213,733,0,8,,
Shrimp Trawl,---,2000,12,42,3,1950,360,0,560,0,7,,
Shrimp Trawl,---,2000,12,Total,16,76441,82595,18237,5595,9831,59,,
Shrimp Trawl,---,2000,13,1,2,2890,*,*,*,*,*,,
Shrimp Trawl,---,2000,13,13,3,950,1453,31,0,0,0,,
Shrimp Trawl,---,2000,13,14,5,2880,**,**,**,**,**,,
Shrimp Trawl,---,2000,13,15,3,4355,10290,0,1,0,0,,
Shrimp Trawl,---,2000,13,Total,5,11075,12823,920,1,0,13,,
Shrimp Trawl,---,2000,14,0,1,240,*,*,*,*,*,,
Shrimp Trawl,---,2000,14,1,20,32505,18383,1285,190,0,231,,
Shrimp Trawl,---,2000,14,2,21,25240,14589,1244,5,2,65,,
Shrimp Trawl,---,2000,14,3,19,15540,6319,1011,0,0,159,,
Shrimp Trawl,---,2000,14,4,7,875,**,**,**,**,**,,
Shrimp Trawl,---,2000,14,5,21,49480,41261,3170,3,0,354,,
Shrimp Trawl,---,2000,14,6,14,5035,1930,443,0,0,21,,
Shrimp Trawl,---,2000,14,7,3,2200,1985,50,15,0,10,,
Shrimp Trawl,---,2000,14,9,33,74390,126762,10875,902,0,178,,
Shrimp Trawl,---,2000,14,10,9,4200,19410,100,155,0,0,,
Shrimp Trawl,---,2000,14,12,25,27680,17040,2580,40,0,448,,
Shrimp Trawl,---,2000,14,13,7,11085,4721,1382,5,0,13,,
Shrimp Trawl,---,2000,14,Total,50,248470,252557,22171,1315,2,1511,,
Shrimp Trawl,---,2000,15,1,7,13730,6594,886,3,0,600,,
Shrimp Trawl,---,2000,15,2,16,39214,74362,2424,77,14,10,,
Shrimp Trawl,---,2000,15,3,8,12406,21305,779,28,40,0,,
Shrimp Trawl,---,2000,15,4,1,120,*,*,*,*,*,,
Shrimp Trawl,---,2000,15,5,1,20,*,*,*,*,*,,
Shrimp Trawl,---,2000,15,Total,22,65490,102265,4092,108,54,610,,
Shrimp Trawl,---,2000,16,1,16,24140,12510,1341,15,0,456,,
Shrimp Trawl,---,2000,16,2,24,56116,36581,2787,0,0,330,,
Shrimp Trawl,---,2000,16,10,1,340,*,*,*,*,*,,
Shrimp Trawl,---,2000,16,18,2,1050,*,*,*,*,*,,
Shrimp Trawl,---,2000,16,19,7,3750,3975,302,0,0,0,,
Shrimp Trawl,---,2000,16,20,2,1290,*,*,*,*,*,,
Shrimp Trawl,---,2000,16,21,13,14115,11289,1413,10,0,72,,
Shrimp Trawl,---,2000,16,Total,33,100801,66443,6201,25,0,868,,
Shrimp Trawl,---,2000,17,2,2,2710,*,*,*,*,*,,
Shrimp Trawl,---,2000,17,4,1,200,*,*,*,*,*,,
Shrimp Trawl,---,2000,17,6,4,3915,3765,13,1216,60,0,,
Shrimp Trawl,---,2000,17,9,3,765,273,47,41,36,0,,
Shrimp Trawl,---,2000,17,10,4,2966,1314,1006,0,0,0,,
Shrimp Trawl,---,2000,17,11,7,1715,554,290,0,0,0,,
Shrimp Trawl,---,2000,17,12,3,360,314,117,0,0,0,,
Shrimp Trawl,---,2000,17,13,6,10662,8297,1033,0,0,0,,
Shrimp Trawl,---,2000,17,15,1,122,*,*,*,*,*,,
Shrimp Trawl,---,2000,17,16,2,120,*,*,*,*,*,,
Shrimp Trawl,---,2000,17,17,1,240,*,*,*,*,*,,
Shrimp Trawl,---,2000,17,Total,19,23775,16288,2793,1299,356,1,,
Shrimp Trawl,---,2000,18,1,10,18176,5558,2704,0,1035,89,,
Shrimp Trawl,---,2000,18,2,3,660,305,50,0,5,0,,
Shrimp Trawl,---,2000,18,3,3,1390,470,0,0,255,0,,
Shrimp Trawl,---,2000,18,4,15,31630,12140,2589,0,430,34,,
Shrimp Trawl,---,2000,18,5,12,9535,5378,362,0,1521,20,,
Shrimp Trawl,---,2000,18,6,10,11990,25025,755,0,7682,152,,
Shrimp Trawl,---,2000,18,11,3,4780,1005,607,0,0,0,,
Shrimp Trawl,---,2000,18,Total,24,78161,49881,7067,0,10928,295,,
Shrimp Trawl,---,2000,19,4,1,65,*,*,*,*,*,,
Shrimp Trawl,---,2000,19,5,30,56377,**,**,**,**,**,,
Shrimp Trawl,---,2000,19,Total,30,56442,35477,1161,0,82341,64,,
Shrimp Trawl,---,2000,23,4,15,21205,16815,2763,0,0,5,,
Shrimp Trawl,---,2000,23,5,36,25865,62480,564,0,0,1,,
Shrimp Trawl,---,2000,23,6,48,62113,136175,3839,0,1,19,,
Shrimp Trawl,---,2000,23,7,72,347418,1191606,5424,0,2,134,,
Shrimp Trawl,---,2000,23,8,18,3675,24025,7,0,0,0,,
Shrimp Trawl,---,2000,23,11,6,1270,6870,0,0,0,0,,
Shrimp Trawl,---,2000,23,Total,72,461546,1437971,12597,0,3,159,,
Shrimp Trawl,---,2000,24,3,4,8520,1872,562,0,0,0,,
Shrimp Trawl,---,2000,24,Total,4,8520,1872,562,0,0,0,,
Shrimp Trawl,---,2000,25,3,3,4590,1008,530,0,0,0,,
Shrimp Trawl,---,2000,25,4,2,250,*,*,*,*,*,,
Shrimp Trawl,---,2000,25,6,7,19758,5492,2727,0,0,7,,
Shrimp Trawl,---,2000,25,13,1,1195,*,*,*,*,*,,
Shrimp Trawl,---,2000,25,15,4,7085,1752,674,0,0,0,,
Shrimp Trawl,---,2000,25,Total,8,32878,13155,4035,0,0,7,,
Shrimp Trawl,---,2000,27,1,1,480,*,*,*,*,*,,
Shrimp Trawl,---,2000,27,2,2,3720,*,*,*,*,*,,
Shrimp Trawl,---,2000,27,3,1,70,*,*,*,*,*,,
Shrimp Trawl,---,2000,27,7,1,535,*,*,*,*,*,,
Shrimp Trawl,---,2000,27,Total,2,4805,*,*,*,*,*,,
Shrimp Trawl,---,2000,28,1,27,35830,24296,2899,128,0,96,,
Shrimp Trawl,---,2000,28,2,10,3300,2787,243,0,0,56,,
Shrimp Trawl,---,2000,28,3,2,300,*,*,*,*,*,,
Shrimp Trawl,---,2000,28,4,3,5615,**,**,**,**,**,,
Shrimp Trawl,---,2000,28,7,13,13454,12250,648,0,13,41,,
Shrimp Trawl,---,2000,28,Total,34,58499,41407,5066,128,13,195,,
Shrimp Trawl,---,2000,29,1,12,13765,12120,979,0,0,11,,
Shrimp Trawl,---,2000,29,2,41,86926,39148,16871,132,0,135,,
Shrimp Trawl,---,2000,29,3,39,132360,59478,18021,5,6,179,,
Shrimp Trawl,---,2000,29,4,4,1920,4110,170,0,0,6,,
Shrimp Trawl,---,2000,29,5,9,11133,4134,4437,0,0,0,,
Shrimp Trawl,---,2000,29,6,1,180,*,*,*,*,*,,
Shrimp Trawl,---,2000,29,9,1,480,*,*,*,*,*,,
Shrimp Trawl,---,2000,29,10,2,1140,*,*,*,*,*,,
Shrimp Trawl,---,2000,29,Total,53,247904,119310,40790,137,6,331,,
Shrimp Trawl,---,2000,101,10,1,50,*,*,*,*,*,,
Shrimp Trawl,---,2000,101,Total,1,50,*,*,*,*,*,,
Shrimp Trawl,---,2000,103,0,2,3965,*,*,*,*,*,,
Shrimp Trawl,---,2000,103,Total,2,3965,*,*,*,*,*,,
Shrimp Trawl,---,2000,104,1,2,2135,*,*,*,*,*,,
Shrimp Trawl,---,2000,104,2,2,2495,*,*,*,*,*,,
Shrimp Trawl,---,2000,104,Total,2,4630,*,*,*,*,*,,
Shrimp Trawl,---,2000,107,2,1,90,*,*,*,*,*,,
Shrimp Trawl,---,2000,107,Total,1,90,*,*,*,*,*,,
Shrimp Trawl,---,2000,108,1,1,60,*,*,*,*,*,,
Shrimp Trawl,---,2000,108,Total,1,60,*,*,*,*,*,,
Shrimp Trawl,---,2000,121,2,6,5477,56790,10,0,0,0,,
Shrimp Trawl,---,2000,121,3,3,2445,29300,0,0,0,0,,
Shrimp Trawl,---,2000,121,Total,7,7922,86090,10,0,0,0,,
Shrimp Trawl,---,2000,123,1,13,3900,39160,15,0,0,1,,
Shrimp Trawl,---,2000,123,2,18,4610,22660,87,0,0,0,,
Shrimp Trawl,---,2000,123,3,44,67324,408750,156,0,0,0,,
Shrimp Trawl,---,2000,123,4,41,62340,263940,1829,0,0,0,,
Shrimp Trawl,---,2000,123,5,47,113633,562080,2052,0,0,0,,
Shrimp Trawl,---,2000,123,6,20,14310,55130,8,0,0,0,,
Shrimp Trawl,---,2000,123,7,2,175,*,*,*,*,*,,
Shrimp Trawl,---,2000,123,8,1,705,*,*,*,*,*,,
Shrimp Trawl,---,2000,123,Total,55,266997,1360530,4147,0,0,1,,
Shrimp Trawl,---,2000,124,1,16,9900,35975,35,0,0,0,,
Shrimp Trawl,---,2000,124,2,10,19860,93678,2,0,0,0,,
Shrimp Trawl,---,2000,124,3,3,1858,14300,0,0,0,0,,
Shrimp Trawl,---,2000,124,Total,21,31618,143953,37,0,0,0,,
Shrimp Trawl,---,2000,125,1,1,120,*,*,*,*,*,,
Shrimp Trawl,---,2000,125,5,8,10860,**,**,**,**,**,,
Shrimp Trawl,---,2000,125,Total,8,10980,142866,1,0,0,0,,
Shrimp Trawl,---,2000,127,1,1,3365,*,*,*,*,*,,
Shrimp Trawl,---,2000,127,3,1,45,*,*,*,*,*,,
Shrimp Trawl,---,2000,127,4,1,290,*,*,*,*,*,,
Shrimp Trawl,---,2000,127,Total,1,3700,*,*,*,*,*,,
Shrimp Trawl,---,2001,0,0,2,480,*,*,*,*,*,,
Shrimp Trawl,---,2001,0,Total,2,480,*,*,*,*,*,,
Shrimp Trawl,---,2001,2,6,2,2111,*,*,*,*,*,,
Shrimp Trawl,---,2001,2,8,1,68,*,*,*,*,*,,
Shrimp Trawl,---,2001,2,9,2,460,*,*,*,*,*,,
Shrimp Trawl,---,2001,2,10,1,50,*,*,*,*,*,,
Shrimp Trawl,---,2001,2,11,1,95,*,*,*,*,*,,
Shrimp Trawl,---,2001,2,12,1,40,*,*,*,*,*,,
Shrimp Trawl,---,2001,2,Total,2,2824,*,*,*,*,*,,
Shrimp Trawl,---,2001,3,1,1,420,*,*,*,*,*,,
Shrimp Trawl,---,2001,3,2,8,10030,3416,5649,575,0,0,,
Shrimp Trawl,---,2001,3,3,5,4275,2435,3525,0,0,0,,
Shrimp Trawl,---,2001,3,4,6,3045,1915,1270,0,0,3,,
Shrimp Trawl,---,2001,3,5,1,240,*,*,*,*,*,,
Shrimp Trawl,---,2001,3,6,5,9130,3348,9182,650,0,0,,
Shrimp Trawl,---,2001,3,7,3,3690,255,1616,0,0,0,,
Shrimp Trawl,---,2001,3,8,2,2790,*,*,*,*,*,,
Shrimp Trawl,---,2001,3,9,5,5440,4125,5112,0,0,0,,
Shrimp Trawl,---,2001,3,10,2,480,*,*,*,*,*,,
Shrimp Trawl,---,2001,3,11,1,120,*,*,*,*,*,,
Shrimp Trawl,---,2001,3,12,6,23760,6767,19885,0,0,0,,
Shrimp Trawl,---,2001,3,17,1,240,*,*,*,*,*,,
Shrimp Trawl,---,2001,3,Total,18,63660,23181,48983,1225,0,3,,
Shrimp Trawl,---,2001,4,0,2,20040,*,*,*,*,*,,
Shrimp Trawl,---,2001,4,2,2,560,*,*,*,*,*,,
Shrimp Trawl,---,2001,4,3,1,40,*,*,*,*,*,,
Shrimp Trawl,---,2001,4,4,1,110,*,*,*,*,*,,
Shrimp Trawl,---,2001,4,5,19,75020,30355,39211,19,0,5,,
Shrimp Trawl,---,2001,4,6,2,1080,*,*,*,*,*,,
Shrimp Trawl,---,2001,4,7,1,240,*,*,*,*,*,,
Shrimp Trawl,---,2001,4,8,1,120,*,*,*,*,*,,
Shrimp Trawl,---,2001,4,9,28,187887,72244,76064,14227,55,25,,
Shrimp Trawl,---,2001,4,10,1,65,*,*,*,*,*,,
Shrimp Trawl,---,2001,4,12,26,65814,87085,18786,16939,19,42,,
Shrimp Trawl,---,2001,4,13,5,5615,902,2397,41,0,2,,
Shrimp Trawl,---,2001,4,15,2,150,*,*,*,*,*,,
Shrimp Trawl,---,2001,4,Total,30,356741,198133,145232,32331,74,76,,
Shrimp Trawl,---,2001,5,1,15,32915,17052,13989,732,12,0,,
Shrimp Trawl,---,2001,5,2,8,15765,3270,11974,0,0,0,,
Shrimp Trawl,---,2001,5,4,4,1415,70,12,5843,0,0,,
Shrimp Trawl,---,2001,5,5,2,680,*,*,*,*,*,,
Shrimp Trawl,---,2001,5,6,2,430,*,*,*,*,*,,
Shrimp Trawl,---,2001,5,7,1,500,*,*,*,*,*,,
Shrimp Trawl,---,2001,5,8,2,185,*,*,*,*,*,,
Shrimp Trawl,---,2001,5,9,3,1020,232,595,440,0,0,,
Shrimp Trawl,---,2001,5,10,1,2820,*,*,*,*,*,,
Shrimp Trawl,---,2001,5,15,1,180,*,*,*,*,*,,
Shrimp Trawl,---,2001,5,16,2,5320,*,*,*,*,*,,
Shrimp Trawl,---,2001,5,23,11,11710,3951,4560,3989,0,0,,
Shrimp Trawl,---,2001,5,Total,18,72940,25685,36625,15554,12,116,,
Shrimp Trawl,---,2001,6,1,2,7800,*,*,*,*,*,,
Shrimp Trawl,---,2001,6,4,2,11940,*,*,*,*,*,,
Shrimp Trawl,---,2001,6,5,1,300,*,*,*,*,*,,
Shrimp Trawl,---,2001,6,16,1,240,*,*,*,*,*,,
Shrimp Trawl,---,2001,6,Total,4,20280,80,13140,2084,0,4,,
Shrimp Trawl,---,2001,7,3,1,120,*,*,*,*,*,,
Shrimp Trawl,---,2001,7,9,1,785,*,*,*,*,*,,
Shrimp Trawl,---,2001,7,14,1,360,*,*,*,*,*,,
Shrimp Trawl,---,2001,7,15,3,1140,305,907,490,0,0,,
Shrimp Trawl,---,2001,7,16,3,3855,329,2232,2,0,0,,
Shrimp Trawl,---,2001,7,17,1,15,*,*,*,*,*,,
Shrimp Trawl,---,2001,7,28,1,90,*,*,*,*,*,,
Shrimp Trawl,---,2001,7,30,2,1645,*,*,*,*,*,,
Shrimp Trawl,---,2001,7,Total,5,8010,684,4247,498,0,11,,
Shrimp Trawl,---,2001,9,1,11,57735,19926,21272,0,0,2,,
Shrimp Trawl,---,2001,9,2,2,4860,*,*,*,*,*,,
Shrimp Trawl,---,2001,9,3,1,4450,*,*,*,*,*,,
Shrimp Trawl,---,2001,9,5,2,9070,*,*,*,*,*,,
Shrimp Trawl,---,2001,9,10,2,1135,*,*,*,*,*,,
Shrimp Trawl,---,2001,9,11,2,5290,*,*,*,*,*,,
Shrimp Trawl,---,2001,9,12,7,6620,2565,2985,0,0,2,,
Shrimp Trawl,---,2001,9,Total,12,89160,23254,30805,0,0,4,,
Shrimp Trawl,---,2001,11,3,1,400,*,*,*,*,*,,
Shrimp Trawl,---,2001,11,Total,1,400,*,*,*,*,*,,
Shrimp Trawl,---,2001,12,6,4,7740,372,691,4554,1482,53,,
Shrimp Trawl,---,2001,12,7,5,14500,1297,7679,927,0,0,,
Shrimp Trawl,---,2001,12,9,1,45,*,*,*,*,*,,
Shrimp Trawl,---,2001,12,22,1,60,*,*,*,*,*,,
Shrimp Trawl,---,2001,12,23,2,3990,*,*,*,*,*,,
Shrimp Trawl,---,2001,12,26,8,6640,2916,1693,296,50,200,,
Shrimp Trawl,---,2001,12,27,3,2270,199,2193,0,0,0,,
Shrimp Trawl,---,2001,12,28,1,80,*,*,*,*,*,,
Shrimp Trawl,---,2001,12,35,1,180,*,*,*,*,*,,
Shrimp Trawl,---,2001,12,36,4,9320,1110,10098,18,0,0,,
Shrimp Trawl,---,2001,12,37,3,240,25,64,0,0,0,,
Shrimp Trawl,---,2001,12,38,3,3830,0,1792,65,0,0,,
Shrimp Trawl,---,2001,12,39,7,20500,21883,969,10531,6751,1,,
Shrimp Trawl,---,2001,12,40,8,6401,2101,2258,81,220,0,,
Shrimp Trawl,---,2001,12,41,3,980,46,106,144,100,0,,
Shrimp Trawl,---,2001,12,42,3,5575,0,0,3465,200,0,,
Shrimp Trawl,---,2001,12,45,1,60,*,*,*,*,*,,
Shrimp Trawl,---,2001,12,46,1,120,*,*,*,*,*,,
Shrimp Trawl,---,2001,12,Total,12,82531,29996,28314,20086,8803,254,,
Shrimp Trawl,---,2001,13,1,1,2680,*,*,*,*,*,,
Shrimp Trawl,---,2001,13,13,3,1140,80,204,4,0,0,,
Shrimp Trawl,---,2001,13,14,3,4050,240,670,0,0,0,,
Shrimp Trawl,---,2001,13,15,3,6545,9202,0,294,0,0,,
Shrimp Trawl,---,2001,13,24,1,3445,*,*,*,*,*,,
Shrimp Trawl,---,2001,13,42,1,225,*,*,*,*,*,,
Shrimp Trawl,---,2001,13,Total,6,18085,15444,1824,2804,0,4,,
Shrimp Trawl,---,2001,14,1,6,16750,6324,1757,0,0,4,,
Shrimp Trawl,---,2001,14,2,10,10050,6998,681,8,1,14,,
Shrimp Trawl,---,2001,14,3,6,10085,6602,953,10,0,13,,
Shrimp Trawl,---,2001,14,4,1,240,*,*,*,*,*,,
Shrimp Trawl,---,2001,14,5,7,33526,35616,2107,0,0,247,,
Shrimp Trawl,---,2001,14,6,4,840,1220,9,15,0,0,,
Shrimp Trawl,---,2001,14,7,1,210,*,*,*,*,*,,
Shrimp Trawl,---,2001,14,8,1,120,*,*,*,*,*,,
Shrimp Trawl,---,2001,14,9,18,61016,121865,4746,1433,0,61,,
Shrimp Trawl,---,2001,14,10,5,3340,13950,15,20,0,0,,
Shrimp Trawl,---,2001,14,12,11,13059,11121,2426,24,0,39,,
Shrimp Trawl,---,2001,14,13,5,2345,1997,548,0,0,0,,
Shrimp Trawl,---,2001,14,Total,30,151581,206313,13244,1510,1,378,,
Shrimp Trawl,---,2001,15,1,4,2400,**,**,**,**,**,,
Shrimp Trawl,---,2001,15,2,13,55571,102802,1579,35,0,33,,
Shrimp Trawl,---,2001,15,3,9,14961,30185,419,33,0,0,,
Shrimp Trawl,---,2001,15,5,1,90,*,*,*,*,*,,
Shrimp Trawl,---,2001,15,Total,16,73022,133998,2162,68,0,33,,
Shrimp Trawl,---,2001,16,1,16,26900,11283,2929,0,0,10,,
Shrimp Trawl,---,2001,16,2,20,51900,30076,3711,47,0,25,,
Shrimp Trawl,---,2001,16,3,1,1920,*,*,*,*,*,,
Shrimp Trawl,---,2001,16,4,1,480,*,*,*,*,*,,
Shrimp Trawl,---,2001,16,8,1,360,*,*,*,*,*,,
Shrimp Trawl,---,2001,16,10,1,720,*,*,*,*,*,,
Shrimp Trawl,---,2001,16,17,2,600,*,*,*,*,*,,
Shrimp Trawl,---,2001,16,18,3,4920,2495,2347,0,0,0,,
Shrimp Trawl,---,2001,16,19,2,525,*,*,*,*,*,,
Shrimp Trawl,---,2001,16,20,1,240,*,*,*,*,*,,
Shrimp Trawl,---,2001,16,21,10,10145,4455,1375,0,4,0,,
Shrimp Trawl,---,2001,16,Total,30,98710,49469,10946,47,4,35,,
Shrimp Trawl,---,2001,17,3,1,870,*,*,*,*,*,,
Shrimp Trawl,---,2001,17,4,1,95,*,*,*,*,*,,
Shrimp Trawl,---,2001,17,6,10,10005,2030,1704,4,0,0,,
Shrimp Trawl,---,2001,17,9,8,4010,749,758,0,0,0,,
Shrimp Trawl,---,2001,17,10,2,325,*,*,*,*,*,,
Shrimp Trawl,---,2001,17,11,4,4220,1940,345,0,0,0,,
Shrimp Trawl,---,2001,17,12,4,895,785,86,0,0,0,,
Shrimp Trawl,---,2001,17,13,9,11832,11115,1087,0,0,9,,
Shrimp Trawl,---,2001,17,14,1,120,*,*,*,*,*,,
Shrimp Trawl,---,2001,17,15,1,75,*,*,*,*,*,,
Shrimp Trawl,---,2001,17,16,2,360,*,*,*,*,*,,
Shrimp Trawl,---,2001,17,17,1,60,*,*,*,*,*,,
Shrimp Trawl,---,2001,17,Total,21,32867,17244,4262,4,0,9,,
Shrimp Trawl,---,2001,18,1,4,7440,3660,1145,0,64,174,,
Shrimp Trawl,---,2001,18,2,4,5340,933,709,0,40,0,,
Shrimp Trawl,---,2001,18,3,2,280,*,*,*,*,*,,
Shrimp Trawl,---,2001,18,4,13,40450,10174,5743,15,616,259,,
Shrimp Trawl,---,2001,18,5,8,4905,8026,382,0,289,29,,
Shrimp Trawl,---,2001,18,6,9,5955,2840,553,0,4325,5,,
Shrimp Trawl,---,2001,18,7,1,180,*,*,*,*,*,,
Shrimp Trawl,---,2001,18,9,1,2220,*,*,*,*,*,,
Shrimp Trawl,---,2001,18,11,2,1890,*,*,*,*,*,,
Shrimp Trawl,---,2001,18,Total,19,68660,26340,9317,17,5377,477,,
Shrimp Trawl,---,2001,19,4,2,105,*,*,*,*,*,,
Shrimp Trawl,---,2001,19,5,15,67131,34726,3179,0,52531,231,,
Shrimp Trawl,---,2001,19,8,1,15,*,*,*,*,*,,
Shrimp Trawl,---,2001,19,Total,15,67251,34781,3183,0,52691,231,,
Shrimp Trawl,---,2001,23,0,1,120,*,*,*,*,*,,
Shrimp Trawl,---,2001,23,4,13,7720,13683,2312,0,0,0,,
Shrimp Trawl,---,2001,23,5,29,47929,286650,5603,0,0,31,,
Shrimp Trawl,---,2001,23,6,31,87552,527812,11656,0,0,109,,
Shrimp Trawl,---,2001,23,7,34,253566,2296368,4547,0,0,4,,
Shrimp Trawl,---,2001,23,8,13,2965,25460,26,0,0,0,,
Shrimp Trawl,---,2001,23,11,2,130,*,*,*,*,*,,
Shrimp Trawl,---,2001,23,Total,35,399982,3151198,24184,0,0,144,,
Shrimp Trawl,---,2001,24,3,1,90,*,*,*,*,*,,
Shrimp Trawl,---,2001,24,Total,1,90,*,*,*,*,*,,
Shrimp Trawl,---,2001,26,1,1,120,*,*,*,*,*,,
Shrimp Trawl,---,2001,26,2,1,450,*,*,*,*,*,,
Shrimp Trawl,---,2001,26,Total,1,570,*,*,*,*,*,,
Shrimp Trawl,---,2001,27,7,1,600,*,*,*,*,*,,
Shrimp Trawl,---,2001,27,Total,1,600,*,*,*,*,*,,
Shrimp Trawl,---,2001,28,1,29,134775,104834,9166,11,256,783,,
Shrimp Trawl,---,2001,28,2,12,33665,36065,1451,0,0,102,,
Shrimp Trawl,---,2001,28,3,11,12300,5986,699,0,109,12,,
Shrimp Trawl,---,2001,28,4,12,27465,6598,3940,0,0,33,,
Shrimp Trawl,---,2001,28,5,2,360,*,*,*,*,*,,
Shrimp Trawl,---,2001,28,6,3,660,790,70,0,0,5,,
Shrimp Trawl,---,2001,28,7,12,30685,23357,1961,0,0,9,,
Shrimp Trawl,---,2001,28,10,1,80,*,*,*,*,*,,
Shrimp Trawl,---,2001,28,Total,35,239990,177680,17371,11,365,946,,
Shrimp Trawl,---,2001,29,1,8,10505,2390,934,0,0,0,,
Shrimp Trawl,---,2001,29,2,34,117299,42674,16354,0,0,108,,
Shrimp Trawl,---,2001,29,3,41,316981,115864,32088,69,223,960,,
Shrimp Trawl,---,2001,29,4,4,1150,265,147,0,0,0,,
Shrimp Trawl,---,2001,29,5,14,60651,38362,9065,5,0,45,,
Shrimp Trawl,---,2001,29,6,3,255,55,57,0,0,0,,
Shrimp Trawl,---,2001,29,10,6,1150,151,117,0,0,5,,
Shrimp Trawl,---,2001,29,Total,54,507991,199761,58762,74,223,1118,,
Shrimp Trawl,---,2001,104,2,1,120,*,*,*,*,*,,
Shrimp Trawl,---,2001,104,Total,1,120,*,*,*,*,*,,
Shrimp Trawl,---,2001,121,2,2,165,*,*,*,*,*,,
Shrimp Trawl,---,2001,121,3,1,60,*,*,*,*,*,,
Shrimp Trawl,---,2001,121,Total,3,225,900,0,0,0,0,,
Shrimp Trawl,---,2001,123,1,3,270,800,3,0,0,0,,
Shrimp Trawl,---,2001,123,2,3,230,**,**,**,**,**,,
Shrimp Trawl,---,2001,123,3,9,5400,55905,45,0,0,0,,
Shrimp Trawl,---,2001,123,4,14,17976,34835,7239,0,0,0,,
Shrimp Trawl,---,2001,123,5,14,13015,40310,3912,0,0,0,,
Shrimp Trawl,---,2001,123,6,4,535,910,21,0,0,0,,
Shrimp Trawl,---,2001,123,7,1,70,*,*,*,*,*,,
Shrimp Trawl,---,2001,123,Total,17,37496,133065,11310,0,0,0,,
Shrimp Trawl,---,2001,124,1,2,220,*,*,*,*,*,,
Shrimp Trawl,---,2001,124,Total,2,220,*,*,*,*,*,,
Shrimp Trawl,---,2002,3,2,8,11482,4274,9375,0,0,0,,
Shrimp Trawl,---,2002,3,3,1,300,*,*,*,*,*,,
Shrimp Trawl,---,2002,3,4,5,10104,3880,5368,4813,0,0,,
Shrimp Trawl,---,2002,3,6,3,2130,740,1567,0,0,0,,
Shrimp Trawl,---,2002,3,9,1,3030,*,*,*,*,*,,
Shrimp Trawl,---,2002,3,10,1,120,*,*,*,*,*,,
Shrimp Trawl,---,2002,3,12,5,9390,4715,14458,0,0,0,,
Shrimp Trawl,---,2002,3,18,1,240,*,*,*,*,*,,
Shrimp Trawl,---,2002,3,Total,12,36796,15742,34495,4813,0,0,,
Shrimp Trawl,---,2002,4,1,1,625,*,*,*,*,*,,
Shrimp Trawl,---,2002,4,2,2,2640,*,*,*,*,*,,
Shrimp Trawl,---,2002,4,5,22,106816,39650,68990,591,0,4,,
Shrimp Trawl,---,2002,4,9,25,220578,148696,128624,9998,160,5,,
Shrimp Trawl,---,2002,4,10,4,1075,7024,138,157,0,0,,
Shrimp Trawl,---,2002,4,11,1,3660,*,*,*,*,*,,
Shrimp Trawl,---,2002,4,12,22,42098,65827,19290,5740,120,0,,
Shrimp Trawl,---,2002,4,13,3,6480,2752,5750,0,0,0,,
Shrimp Trawl,---,2002,4,14,1,360,*,*,*,*,*,,
Shrimp Trawl,---,2002,4,Total,28,384332,265183,225915,16806,280,11,,
Shrimp Trawl,---,2002,5,1,13,17811,16725,10906,364,0,0,,
Shrimp Trawl,---,2002,5,2,8,14075,5991,11360,0,0,0,,
Shrimp Trawl,---,2002,5,3,4,1060,195,1015,500,0,0,,
Shrimp Trawl,---,2002,5,4,7,16705,3348,692,9903,0,0,,
Shrimp Trawl,---,2002,5,5,5,1110,46,0,3060,0,0,,
Shrimp Trawl,---,2002,5,6,2,1860,*,*,*,*,*,,
Shrimp Trawl,---,2002,5,8,3,910,5,0,345,0,0,,
Shrimp Trawl,---,2002,5,9,3,1970,337,130,510,0,0,,
Shrimp Trawl,---,2002,5,11,1,180,*,*,*,*,*,,
Shrimp Trawl,---,2002,5,12,1,1740,*,*,*,*,*,,
Shrimp Trawl,---,2002,5,23,7,9152,2458,5214,2290,0,0,,
Shrimp Trawl,---,2002,5,Total,19,66573,29722,29353,18446,0,0,,
Shrimp Trawl,---,2002,6,1,4,17945,476,8274,231,0,0,,
Shrimp Trawl,---,2002,6,3,1,140,*,*,*,*,*,,
Shrimp Trawl,---,2002,6,4,7,8638,665,3616,750,0,0,,
Shrimp Trawl,---,2002,6,22,1,290,*,*,*,*,*,,
Shrimp Trawl,---,2002,6,23,3,195,0,0,2040,0,0,,
Shrimp Trawl,---,2002,6,Total,10,27208,1541,11890,5491,0,0,,
Shrimp Trawl,---,2002,7,15,1,275,*,*,*,*,*,,
Shrimp Trawl,---,2002,7,16,1,300,*,*,*,*,*,,
Shrimp Trawl,---,2002,7,27,1,1590,*,*,*,*,*,,
Shrimp Trawl,---,2002,7,28,1,2610,*,*,*,*,*,,
Shrimp Trawl,---,2002,7,Total,2,4775,*,*,*,*,*,,
Shrimp Trawl,---,2002,9,1,10,48850,14300,15043,0,0,45,,
Shrimp Trawl,---,2002,9,2,2,7290,*,*,*,*,*,,
Shrimp Trawl,---,2002,9,3,2,2070,*,*,*,*,*,,
Shrimp Trawl,---,2002,9,6,3,6736,455,1858,0,0,32,,
Shrimp Trawl,---,2002,9,8,1,3020,*,*,*,*,*,,
Shrimp Trawl,---,2002,9,10,2,250,*,*,*,*,*,,
Shrimp Trawl,---,2002,9,11,3,1275,30,276,23,53,7,,
Shrimp Trawl,---,2002,9,12,5,13817,3023,4897,1,26,4,,
Shrimp Trawl,---,2002,9,Total,11,83308,18620,25934,24,79,88,,
Shrimp Trawl,---,2002,12,6,4,3505,70,445,1785,175,0,,
Shrimp Trawl,---,2002,12,7,4,2700,2676,86,1807,0,0,,
Shrimp Trawl,---,2002,12,23,2,1555,*,*,*,*,*,,
Shrimp Trawl,---,2002,12,26,11,27060,66860,7264,3367,250,0,,
Shrimp Trawl,---,2002,12,27,3,1090,167,597,0,0,0,,
Shrimp Trawl,---,2002,12,35,1,1105,*,*,*,*,*,,
Shrimp Trawl,---,2002,12,36,6,14420,5658,4468,141,0,0,,
Shrimp Trawl,---,2002,12,37,2,300,*,*,*,*,*,,
Shrimp Trawl,---,2002,12,39,8,40104,197257,1753,20466,98,0,,
Shrimp Trawl,---,2002,12,40,6,3540,17205,187,1442,0,0,,
Shrimp Trawl,---,2002,12,41,2,5930,*,*,*,*,*,,
Shrimp Trawl,---,2002,12,42,2,1820,*,*,*,*,*,,
Shrimp Trawl,---,2002,12,Total,15,103129,302403,15043,31817,2568,340,,
Shrimp Trawl,---,2002,13,0,1,1080,*,*,*,*,*,,
Shrimp Trawl,---,2002,13,1,6,19050,16972,5655,8,0,52,,
Shrimp Trawl,---,2002,13,13,2,235,*,*,*,*,*,,
Shrimp Trawl,---,2002,13,14,4,6829,3654,2118,2,5,120,,
Shrimp Trawl,---,2002,13,15,4,7224,14935,0,5,0,0,,
Shrimp Trawl,---,2002,13,24,1,5260,*,*,*,*,*,,
Shrimp Trawl,---,2002,13,36,1,90,*,*,*,*,*,,
Shrimp Trawl,---,2002,13,Total,13,39768,35813,7850,2941,5,172,,
Shrimp Trawl,---,2002,14,1,8,18950,14965,1808,78,0,72,,
Shrimp Trawl,---,2002,14,2,7,5815,3297,537,48,0,0,,
Shrimp Trawl,---,2002,14,3,5,9930,3636,879,0,0,2,,
Shrimp Trawl,---,2002,14,4,1,180,*,*,*,*,*,,
Shrimp Trawl,---,2002,14,5,10,25230,29794,4548,245,0,129,,
Shrimp Trawl,---,2002,14,6,2,240,*,*,*,*,*,,
Shrimp Trawl,---,2002,14,8,2,90,*,*,*,*,*,,
Shrimp Trawl,---,2002,14,9,21,58120,183917,7533,704,0,136,,
Shrimp Trawl,---,2002,14,10,5,2695,17225,40,0,0,0,,
Shrimp Trawl,---,2002,14,12,14,13460,38489,1598,19,0,14,,
Shrimp Trawl,---,2002,14,13,11,5405,4832,2375,0,0,0,,
Shrimp Trawl,---,2002,14,Total,35,140115,296418,19348,1114,0,353,,
Shrimp Trawl,---,2002,15,1,11,26951,**,**,**,**,**,,
Shrimp Trawl,---,2002,15,2,30,126145,163398,22618,130,40,1,,
Shrimp Trawl,---,2002,15,3,19,36347,47341,10713,19,0,0,,
Shrimp Trawl,---,2002,15,5,1,1680,*,*,*,*,*,,
Shrimp Trawl,---,2002,15,Total,36,191123,219957,36413,149,40,1,,
Shrimp Trawl,---,2002,16,1,17,31826,19098,2851,0,0,5,,
Shrimp Trawl,---,2002,16,2,22,61331,62452,4615,33,33,4,,
Shrimp Trawl,---,2002,16,4,1,35,*,*,*,*,*,,
Shrimp Trawl,---,2002,16,17,1,240,*,*,*,*,*,,
Shrimp Trawl,---,2002,16,18,11,9940,2636,1725,0,0,4,,
Shrimp Trawl,---,2002,16,19,5,1830,1065,338,3,0,0,,
Shrimp Trawl,---,2002,16,21,14,17510,9768,4991,0,0,0,,
Shrimp Trawl,---,2002,16,Total,31,122712,95219,14525,36,33,13,,
Shrimp Trawl,---,2002,17,2,1,2620,*,*,*,*,*,,
Shrimp Trawl,---,2002,17,3,1,470,*,*,*,*,*,,
Shrimp Trawl,---,2002,17,6,11,5942,1095,1200,10,0,0,,
Shrimp Trawl,---,2002,17,9,12,11025,2182,1280,45,0,0,,
Shrimp Trawl,---,2002,17,10,5,11465,2241,1314,0,0,0,,
Shrimp Trawl,---,2002,17,11,6,1800,495,232,0,0,0,,
Shrimp Trawl,---,2002,17,12,4,6655,4305,616,0,0,0,,
Shrimp Trawl,---,2002,17,13,3,5470,2405,328,0,0,0,,
Shrimp Trawl,---,2002,17,14,1,180,*,*,*,*,*,,
Shrimp Trawl,---,2002,17,15,1,30,*,*,*,*,*,,
Shrimp Trawl,---,2002,17,16,2,130,*,*,*,*,*,,
Shrimp Trawl,---,2002,17,17,2,330,*,*,*,*,*,,
Shrimp Trawl,---,2002,17,18,1,75,*,*,*,*,*,,
Shrimp Trawl,---,2002,17,Total,21,46192,14568,5309,148,10,5,,
Shrimp Trawl,---,2002,18,1,4,11910,3410,1638,0,30,100,,
Shrimp Trawl,---,2002,18,2,3,840,500,42,0,50,0,,
Shrimp Trawl,---,2002,18,4,12,33794,7851,3653,0,718,0,,
Shrimp Trawl,---,2002,18,5,12,22570,50950,361,325,7950,29,,
Shrimp Trawl,---,2002,18,6,9,3517,2910,243,0,1799,1,,
Shrimp Trawl,---,2002,18,9,2,1140,*,*,*,*,*,,
Shrimp Trawl,---,2002,18,11,2,1440,*,*,*,*,*,,
Shrimp Trawl,---,2002,18,Total,21,75211,66440,6140,325,10587,130,,
Shrimp Trawl,---,2002,19,5,15,42297,44148,4372,396,29204,71,,
Shrimp Trawl,---,2002,19,Total,15,42297,44148,4372,396,29204,71,,
Shrimp Trawl,---,2002,23,4,20,46615,80612,5662,0,0,0,,
Shrimp Trawl,---,2002,23,5,23,49035,264455,2002,0,0,0,,
Shrimp Trawl,---,2002,23,6,26,62876,255243,7454,0,0,2,,
Shrimp Trawl,---,2002,23,7,31,234483,1047839,4229,2,0,5,,
Shrimp Trawl,---,2002,23,8,7,1395,7720,5,0,0,0,,
Shrimp Trawl,---,2002,23,Total,33,394404,1655869,19352,2,0,7,,
Shrimp Trawl,---,2002,25,6,2,580,*,*,*,*,*,,
Shrimp Trawl,---,2002,25,7,1,60,*,*,*,*,*,,
Shrimp Trawl,---,2002,25,13,1,210,*,*,*,*,*,,
Shrimp Trawl,---,2002,25,15,1,120,*,*,*,*,*,,
Shrimp Trawl,---,2002,25,Total,2,970,*,*,*,*,*,,
Shrimp Trawl,---,2002,26,1,2,900,*,*,*,*,*,,
Shrimp Trawl,---,2002,26,2,1,1380,*,*,*,*,*,,
Shrimp Trawl,---,2002,26,Total,2,2280,*,*,*,*,*,,
Shrimp Trawl,---,2002,28,1,25,76972,28963,5726,0,1,363,,
Shrimp Trawl,---,2002,28,2,10,22815,14754,1429,0,0,12,,
Shrimp Trawl,---,2002,28,3,10,8070,1540,450,0,0,4,,
Shrimp Trawl,---,2002,28,4,18,39550,8933,4782,2,0,61,,
Shrimp Trawl,---,2002,28,5,1,100,*,*,*,*,*,,
Shrimp Trawl,---,2002,28,6,4,630,**,**,**,**,**,,
Shrimp Trawl,---,2002,28,7,9,18434,13603,1020,0,0,29,,
Shrimp Trawl,---,2002,28,Total,30,166571,68050,13503,9,1,469,,
Shrimp Trawl,---,2002,29,1,18,30660,11449,2224,0,0,4,,
Shrimp Trawl,---,2002,29,2,32,113768,46238,11073,2,4,56,,
Shrimp Trawl,---,2002,29,3,28,188543,58272,21328,6,0,210,,
Shrimp Trawl,---,2002,29,4,1,210,*,*,*,*,*,,
Shrimp Trawl,---,2002,29,5,7,10164,2452,1056,0,17,18,,
Shrimp Trawl,---,2002,29,10,1,180,*,*,*,*,*,,
Shrimp Trawl,---,2002,29,Total,41,343525,118476,35708,8,21,288,,
Shrimp Trawl,---,2002,104,3,2,270,*,*,*,*,*,,
Shrimp Trawl,---,2002,104,Total,2,270,*,*,*,*,*,,
Shrimp Trawl,---,2002,121,2,2,340,*,*,*,*,*,,
Shrimp Trawl,---,2002,121,3,1,60,*,*,*,*,*,,
Shrimp Trawl,---,2002,121,Total,2,400,*,*,*,*,*,,
Shrimp Trawl,---,2002,123,1,4,805,2870,124,0,0,0,,
Shrimp Trawl,---,2002,123,2,2,645,*,*,*,*,*,,
Shrimp Trawl,---,2002,123,3,9,10380,5675,4941,0,0,0,,
Shrimp Trawl,---,2002,123,4,10,9785,4277,4911,0,0,0,,
Shrimp Trawl,---,2002,123,5,15,14880,4757,5960,0,0,0,,
Shrimp Trawl,---,2002,123,7,2,270,*,*,*,*,*,,
Shrimp Trawl,---,2002,123,Total,18,36765,19479,15946,0,0,0,,
Shrimp Trawl,---,2002,124,1,2,2365,*,*,*,*,*,,
Shrimp Trawl,---,2002,124,2,3,1430,7580,0,0,0,0,,
Shrimp Trawl,---,2002,124,3,2,375,*,*,*,*,*,,
Shrimp Trawl,---,2002,124,Total,4,4170,19015,50,0,0,0,,
Shrimp Trawl,---,2002,125,5,3,4405,21035,0,0,0,0,,
Shrimp Trawl,---,2002,125,Total,3,4405,21035,0,0,0,0,,
Shrimp Trawl,---,2003,3,0,1,240,*,*,*,*,*,,
Shrimp Trawl,---,2003,3,1,2,1020,*,*,*,*,*,,
Shrimp Trawl,---,2003,3,2,10,28545,10535,23259,45,0,0,,
Shrimp Trawl,---,2003,3,3,4,965,325,1230,0,0,0,,
Shrimp Trawl,---,2003,3,4,6,11240,5470,7572,0,0,0,,
Shrimp Trawl,---,2003,3,6,3,5070,1465,4408,0,0,0,,
Shrimp Trawl,---,2003,3,7,4,960,205,1150,0,0,0,,
Shrimp Trawl,---,2003,3,8,1,540,*,*,*,*,*,,
Shrimp Trawl,---,2003,3,9,4,2585,335,3960,0,0,0,,
Shrimp Trawl,---,2003,3,10,3,900,125,650,17,0,0,,
Shrimp Trawl,---,2003,3,11,1,810,*,*,*,*,*,,
Shrimp Trawl,---,2003,3,12,5,12180,6665,17710,0,0,0,,
Shrimp Trawl,---,2003,3,13,1,30,*,*,*,*,*,,
Shrimp Trawl,---,2003,3,14,1,90,*,*,*,*,*,,
Shrimp Trawl,---,2003,3,17,1,5040,*,*,*,*,*,,
Shrimp Trawl,---,2003,3,18,1,30,*,*,*,*,*,,
Shrimp Trawl,---,2003,3,Total,18,70245,31810,79289,62,0,0,,
Shrimp Trawl,---,2003,4,0,1,0,*,*,*,*,*,,
Shrimp Trawl,---,2003,4,1,1,120,*,*,*,*,*,,
Shrimp Trawl,---,2003,4,2,2,7140,*,*,*,*,*,,
Shrimp Trawl,---,2003,4,3,1,180,*,*,*,*,*,,
Shrimp Trawl,---,2003,4,5,19,106740,56675,59609,910,0,6,,
Shrimp Trawl,---,2003,4,8,1,600,*,*,*,*,*,,
Shrimp Trawl,---,2003,4,9,24,202118,108885,124554,53,0,0,,
Shrimp Trawl,---,2003,4,10,3,2370,9826,889,10,50,0,,
Shrimp Trawl,---,2003,4,11,1,110,*,*,*,*,*,,
Shrimp Trawl,---,2003,4,12,19,22955,17199,13613,475,30,0,,
Shrimp Trawl,---,2003,4,13,5,902,195,477,0,0,0,,
Shrimp Trawl,---,2003,4,Total,26,343235,192830,203132,1448,80,6,,
Shrimp Trawl,---,2003,5,1,11,32035,9148,30286,340,0,2,,
Shrimp Trawl,---,2003,5,2,5,14750,2550,14962,0,0,0,,
Shrimp Trawl,---,2003,5,4,3,1310,4420,245,633,0,0,,
Shrimp Trawl,---,2003,5,5,1,40,*,*,*,*,*,,
Shrimp Trawl,---,2003,5,9,1,300,*,*,*,*,*,,
Shrimp Trawl,---,2003,5,14,1,60,*,*,*,*,*,,
Shrimp Trawl,---,2003,5,15,1,30,*,*,*,*,*,,
Shrimp Trawl,---,2003,5,23,7,4680,1189,2476,1187,0,0,,
Shrimp Trawl,---,2003,5,Total,14,53205,17862,48187,2382,0,2,,
Shrimp Trawl,---,2003,6,1,5,16205,890,9800,16,0,0,,
Shrimp Trawl,---,2003,6,4,2,2170,*,*,*,*,*,,
Shrimp Trawl,---,2003,6,7,1,1620,*,*,*,*,*,,
Shrimp Trawl,---,2003,6,23,1,600,*,*,*,*,*,,
Shrimp Trawl,---,2003,6,Total,8,20595,2833,13572,16,0,0,,
Shrimp Trawl,---,2003,7,9,1,400,*,*,*,*,*,,
Shrimp Trawl,---,2003,7,12,1,100,*,*,*,*,*,,
Shrimp Trawl,---,2003,7,16,1,490,*,*,*,*,*,,
Shrimp Trawl,---,2003,7,30,1,120,*,*,*,*,*,,
Shrimp Trawl,---,2003,7,Total,3,1110,85,217,0,0,0,,
Shrimp Trawl,---,2003,9,1,8,68150,41756,28618,0,0,11,,
Shrimp Trawl,---,2003,9,2,4,11810,2283,3865,0,0,1,,
Shrimp Trawl,---,2003,9,3,2,1360,*,*,*,*,*,,
Shrimp Trawl,---,2003,9,6,4,1140,180,135,0,0,0,,
Shrimp Trawl,---,2003,9,10,3,690,**,**,**,**,**,,
Shrimp Trawl,---,2003,9,11,3,3575,1111,842,0,0,0,,
Shrimp Trawl,---,2003,9,12,6,6425,3116,2114,0,0,0,,
Shrimp Trawl,---,2003,9,Total,12,93150,48626,35890,0,0,12,,
Shrimp Trawl,---,2003,10,3,1,345,*,*,*,*,*,,
Shrimp Trawl,---,2003,10,4,3,2005,377,425,0,0,3,,
Shrimp Trawl,---,2003,10,5,1,660,*,*,*,*,*,,
Shrimp Trawl,---,2003,10,12,1,90,*,*,*,*,*,,
Shrimp Trawl,---,2003,10,Total,3,3100,505,651,0,0,3,,
Shrimp Trawl,---,2003,11,5,1,1000,*,*,*,*,*,,
Shrimp Trawl,---,2003,11,Total,1,1000,*,*,*,*,*,,
Shrimp Trawl,---,2003,12,3,1,120,*,*,*,*,*,,
Shrimp Trawl,---,2003,12,6,6,6920,1830,1315,3251,40,0,,
Shrimp Trawl,---,2003,12,7,2,3532,*,*,*,*,*,,
Shrimp Trawl,---,2003,12,18,1,60,*,*,*,*,*,,
Shrimp Trawl,---,2003,12,23,2,2120,*,*,*,*,*,,
Shrimp Trawl,---,2003,12,26,14,31590,98977,14044,433,531,0,,
Shrimp Trawl,---,2003,12,27,1,480,*,*,*,*,*,,
Shrimp Trawl,---,2003,12,35,2,260,*,*,*,*,*,,
Shrimp Trawl,---,2003,12,36,9,17770,6451,6115,129,0,0,,
Shrimp Trawl,---,2003,12,37,2,180,*,*,*,*,*,,
Shrimp Trawl,---,2003,12,39,8,15400,97025,515,2883,855,0,,
Shrimp Trawl,---,2003,12,40,6,2825,7325,137,505,0,0,,
Shrimp Trawl,---,2003,12,41,3,5340,70,10,1785,2423,0,,
Shrimp Trawl,---,2003,12,42,1,1040,*,*,*,*,*,,
Shrimp Trawl,---,2003,12,Total,19,87637,213689,25357,9726,3883,0,,
Shrimp Trawl,---,2003,13,1,4,4555,3335,1474,0,0,2,,
Shrimp Trawl,---,2003,13,14,7,11585,1243,5608,6,0,0,,
Shrimp Trawl,---,2003,13,15,6,6005,35325,140,46,0,7,,
Shrimp Trawl,---,2003,13,16,1,80,*,*,*,*,*,,
Shrimp Trawl,---,2003,13,24,1,540,*,*,*,*,*,,
Shrimp Trawl,---,2003,13,38,1,390,*,*,*,*,*,,
Shrimp Trawl,---,2003,13,Total,12,23155,39933,7242,1807,0,9,,
Shrimp Trawl,---,2003,14,1,11,25825,14904,1894,29,9,26,,
Shrimp Trawl,---,2003,14,2,15,14412,8601,1113,8,14,19,,
Shrimp Trawl,---,2003,14,3,12,12110,3528,1056,0,0,1,,
Shrimp Trawl,---,2003,14,4,6,3630,1686,449,0,0,0,,
Shrimp Trawl,---,2003,14,5,15,42305,30849,4513,0,0,89,,
Shrimp Trawl,---,2003,14,6,12,6080,4512,699,5,0,0,,
Shrimp Trawl,---,2003,14,7,3,1255,1430,242,0,0,0,,
Shrimp Trawl,---,2003,14,9,31,102710,183090,12169,200,0,317,,
Shrimp Trawl,---,2003,14,10,7,2510,6257,5,0,0,15,,
Shrimp Trawl,---,2003,14,12,34,69426,33690,9046,77,11,24,,
Shrimp Trawl,---,2003,14,13,14,23334,12776,8827,0,0,7,,
Shrimp Trawl,---,2003,14,Total,50,303597,301323,40013,319,34,498,,
Shrimp Trawl,---,2003,15,1,8,18810,2353,3723,0,0,0,,
Shrimp Trawl,---,2003,15,2,28,111677,62383,26823,398,0,106,,
Shrimp Trawl,---,2003,15,3,17,48573,64418,9135,401,0,20,,
Shrimp Trawl,---,2003,15,4,1,120,*,*,*,*,*,,
Shrimp Trawl,---,2003,15,5,1,180,*,*,*,*,*,,
Shrimp Trawl,---,2003,15,Total,32,179360,129274,39701,799,0,126,,
Shrimp Trawl,---,2003,16,1,20,23000,14614,1733,0,0,50,,
Shrimp Trawl,---,2003,16,2,24,67152,46704,5267,7,0,146,,
Shrimp Trawl,---,2003,16,4,1,540,*,*,*,*,*,,
Shrimp Trawl,---,2003,16,12,1,15,*,*,*,*,*,,
Shrimp Trawl,---,2003,16,17,1,360,*,*,*,*,*,,
Shrimp Trawl,---,2003,16,18,4,5600,1345,867,0,0,0,,
Shrimp Trawl,---,2003,16,19,3,1164,1330,353,0,0,0,,
Shrimp Trawl,---,2003,16,21,11,17670,6587,3005,2,0,31,,
Shrimp Trawl,---,2003,16,Total,31,115501,70688,11343,9,0,227,,
Shrimp Trawl,---,2003,17,1,1,270,*,*,*,*,*,,
Shrimp Trawl,---,2003,17,2,1,60,*,*,*,*,*,,
Shrimp Trawl,---,2003,17,4,1,70,*,*,*,*,*,,
Shrimp Trawl,---,2003,17,5,2,135,*,*,*,*,*,,
Shrimp Trawl,---,2003,17,6,7,2085,388,167,31,0,0,,
Shrimp Trawl,---,2003,17,9,10,4390,1232,654,5,0,0,,
Shrimp Trawl,---,2003,17,10,8,13070,3573,1210,0,0,3,,
Shrimp Trawl,---,2003,17,11,6,2940,693,264,0,0,2,,
Shrimp Trawl,---,2003,17,12,5,5375,2610,597,0,0,0,,
Shrimp Trawl,---,2003,17,13,3,1745,675,125,0,0,0,,
Shrimp Trawl,---,2003,17,16,1,5590,*,*,*,*,*,,
Shrimp Trawl,---,2003,17,17,1,495,*,*,*,*,*,,
Shrimp Trawl,---,2003,17,Total,24,36225,13718,3430,88,0,12,,
Shrimp Trawl,---,2003,18,1,3,3840,880,540,0,0,0,,
Shrimp Trawl,---,2003,18,2,1,240,*,*,*,*,*,,
Shrimp Trawl,---,2003,18,3,1,870,*,*,*,*,*,,
Shrimp Trawl,---,2003,18,4,13,13560,2280,1292,0,0,0,,
Shrimp Trawl,---,2003,18,5,5,9200,18760,0,0,3786,33,,
Shrimp Trawl,---,2003,18,6,4,660,178,47,10,45,0,,
Shrimp Trawl,---,2003,18,9,1,200,*,*,*,*,*,,
Shrimp Trawl,---,2003,18,Total,17,28570,23370,1901,10,3831,33,,
Shrimp Trawl,---,2003,19,1,1,180,*,*,*,*,*,,
Shrimp Trawl,---,2003,19,5,18,45911,12841,1658,0,47534,20,,
Shrimp Trawl,---,2003,19,6,1,480,*,*,*,*,*,,
Shrimp Trawl,---,2003,19,Total,18,46571,12921,1658,0,48284,20,,
Shrimp Trawl,---,2003,23,4,15,45130,104013,2116,0,0,8,,
Shrimp Trawl,---,2003,23,5,18,30822,106192,1470,0,0,13,,
Shrimp Trawl,---,2003,23,6,23,99520,391920,7521,0,2,24,,
Shrimp Trawl,---,2003,23,7,24,111305,353650,3118,0,0,16,,
Shrimp Trawl,---,2003,23,8,4,1120,4200,32,0,0,0,,
Shrimp Trawl,---,2003,23,11,4,385,602,0,0,0,0,,
Shrimp Trawl,---,2003,23,Total,27,288282,960577,14257,0,2,61,,
Shrimp Trawl,---,2003,24,2,1,1080,*,*,*,*,*,,
Shrimp Trawl,---,2003,24,3,1,2250,*,*,*,*,*,,
Shrimp Trawl,---,2003,24,Total,1,3330,*,*,*,*,*,,
Shrimp Trawl,---,2003,25,4,1,20,*,*,*,*,*,,
Shrimp Trawl,---,2003,25,6,2,210,*,*,*,*,*,,
Shrimp Trawl,---,2003,25,7,1,60,*,*,*,*,*,,
Shrimp Trawl,---,2003,25,8,1,75,*,*,*,*,*,,
Shrimp Trawl,---,2003,25,Total,2,365,*,*,*,*,*,,
Shrimp Trawl,---,2003,26,1,1,2970,*,*,*,*,*,,
Shrimp Trawl,---,2003,26,Total,1,2970,*,*,*,*,*,,
Shrimp Trawl,---,2003,27,2,1,960,*,*,*,*,*,,
Shrimp Trawl,---,2003,27,7,2,16100,*,*,*,*,*,,
Shrimp Trawl,---,2003,27,8,1,600,*,*,*,*,*,,
Shrimp Trawl,---,2003,27,Total,2,17660,*,*,*,*,*,,
Shrimp Trawl,---,2003,28,1,22,41635,8411,4187,0,0,46,,
Shrimp Trawl,---,2003,28,2,9,12080,17025,1064,0,0,21,,
Shrimp Trawl,---,2003,28,3,5,4200,1488,425,0,0,2,,
Shrimp Trawl,---,2003,28,4,11,20915,5436,5179,0,0,11,,
Shrimp Trawl,---,2003,28,6,1,540,*,*,*,*,*,,
Shrimp Trawl,---,2003,28,7,5,1960,**,**,**,**,**,,
Shrimp Trawl,---,2003,28,Total,23,81330,33934,10942,0,0,91,,
Shrimp Trawl,---,2003,29,0,1,0,*,*,*,*,*,,
Shrimp Trawl,---,2003,29,1,6,7405,2418,1258,0,0,0,,
Shrimp Trawl,---,2003,29,2,24,70795,19355,9862,160,110,5,,
Shrimp Trawl,---,2003,29,3,24,104055,32860,14488,0,0,56,,
Shrimp Trawl,---,2003,29,5,2,185,*,*,*,*,*,,
Shrimp Trawl,---,2003,29,Total,31,182440,54668,25638,160,110,61,,
Shrimp Trawl,---,2003,103,0,2,3390,*,*,*,*,*,,
Shrimp Trawl,---,2003,103,Total,2,3390,*,*,*,*,*,,
Shrimp Trawl,---,2003,104,1,2,2270,*,*,*,*,*,,
Shrimp Trawl,---,2003,104,2,2,630,*,*,*,*,*,,
Shrimp Trawl,---,2003,104,Total,2,2900,*,*,*,*,*,,
Shrimp Trawl,---,2003,123,1,1,75,*,*,*,*,*,,
Shrimp Trawl,---,2003,123,3,6,835,**,**,**,**,**,,
Shrimp Trawl,---,2003,123,4,5,4570,1965,933,0,0,0,,
Shrimp Trawl,---,2003,123,5,5,5135,3993,961,0,0,0,,
Shrimp Trawl,---,2003,123,Total,8,10615,6045,1966,0,0,0,,
Shrimp Trawl,---,2003,124,1,1,425,*,*,*,*,*,,
Shrimp Trawl,---,2003,124,2,1,265,*,*,*,*,*,,
Shrimp Trawl,---,2003,124,Total,1,690,*,*,*,*,*,,
Shrimp Trawl,---,2003,126,1,1,120,*,*,*,*,*,,
Shrimp Trawl,---,2003,126,Total,1,120,*,*,*,*,*,,
Shrimp Trawl,---,2004,3,2,6,13875,13214,9031,0,0,0,,
Shrimp Trawl,---,2004,3,3,2,385,*,*,*,*,*,,
Shrimp Trawl,---,2004,3,4,4,4260,3512,3228,185,0,0,,
Shrimp Trawl,---,2004,3,6,1,1440,*,*,*,*,*,,
Shrimp Trawl,---,2004,3,7,3,2660,2375,2808,0,0,0,,
Shrimp Trawl,---,2004,3,9,3,2640,1700,2175,0,0,0,,
Shrimp Trawl,---,2004,3,10,2,180,*,*,*,*,*,,
Shrimp Trawl,---,2004,3,11,1,120,*,*,*,*,*,,
Shrimp Trawl,---,2004,3,12,2,1885,*,*,*,*,*,,
Shrimp Trawl,---,2004,3,17,1,1865,*,*,*,*,*,,
Shrimp Trawl,---,2004,3,Total,11,29310,22777,37445,185,0,0,,
Shrimp Trawl,---,2004,4,0,1,870,*,*,*,*,*,,
Shrimp Trawl,---,2004,4,2,1,75,*,*,*,*,*,,
Shrimp Trawl,---,2004,4,5,13,53590,35497,33328,0,0,0,,
Shrimp Trawl,---,2004,4,9,21,117168,55694,61173,855,0,54,,
Shrimp Trawl,---,2004,4,10,3,1530,1645,1087,0,15,6,,
Shrimp Trawl,---,2004,4,12,16,31923,18660,22836,1176,14,0,,
Shrimp Trawl,---,2004,4,Total,22,205156,111611,119819,2031,29,60,,
Shrimp Trawl,---,2004,5,1,12,15665,6104,13576,60,0,0,,
Shrimp Trawl,---,2004,5,2,6,10795,5260,8515,0,0,0,,
Shrimp Trawl,---,2004,5,4,4,1680,310,2095,512,0,0,,
Shrimp Trawl,---,2004,5,5,1,60,*,*,*,*,*,,
Shrimp Trawl,---,2004,5,12,1,60,*,*,*,*,*,,
Shrimp Trawl,---,2004,5,23,6,3970,1491,2524,335,0,0,,
Shrimp Trawl,---,2004,5,Total,13,32230,13258,26710,995,0,0,,
Shrimp Trawl,---,2004,6,1,3,2640,**,**,**,**,**,,
Shrimp Trawl,---,2004,6,4,2,3180,*,*,*,*,*,,
Shrimp Trawl,---,2004,6,Total,3,5820,1125,3155,33,0,0,,
Shrimp Trawl,---,2004,7,28,1,610,*,*,*,*,*,,
Shrimp Trawl,---,2004,7,Total,1,610,*,*,*,*,*,,
Shrimp Trawl,---,2004,8,14,2,13276,*,*,*,*,*,,
Shrimp Trawl,---,2004,8,16,1,30,*,*,*,*,*,,
Shrimp Trawl,---,2004,8,Total,3,13306,670,9599,0,0,0,,
Shrimp Trawl,---,2004,9,1,8,39355,19152,13463,0,0,0,,
Shrimp Trawl,---,2004,9,2,4,10940,3346,2452,10,0,0,,
Shrimp Trawl,---,2004,9,3,4,5920,1119,1500,0,0,1,,
Shrimp Trawl,---,2004,9,4,1,2280,*,*,*,*,*,,
Shrimp Trawl,---,2004,9,6,2,750,*,*,*,*,*,,
Shrimp Trawl,---,2004,9,12,5,7615,2591,1838,0,0,0,,
Shrimp Trawl,---,2004,9,Total,10,66860,29808,20316,10,0,1,,
Shrimp Trawl,---,2004,10,4,1,1260,*,*,*,*,*,,
Shrimp Trawl,---,2004,10,Total,1,1260,*,*,*,*,*,,
Shrimp Trawl,---,2004,11,4,1,240,*,*,*,*,*,,
Shrimp Trawl,---,2004,11,9,1,260,*,*,*,*,*,,
Shrimp Trawl,---,2004,11,Total,1,500,*,*,*,*,*,,
Shrimp Trawl,---,2004,12,6,4,9565,240,2195,2989,1105,10,,
Shrimp Trawl,---,2004,12,7,3,4460,515,2211,2,0,0,,
Shrimp Trawl,---,2004,12,23,2,1320,*,*,*,*,*,,
Shrimp Trawl,---,2004,12,26,13,34895,37007,16074,1718,381,0,,
Shrimp Trawl,---,2004,12,36,3,4580,761,3380,320,5,0,,
Shrimp Trawl,---,2004,12,37,1,90,*,*,*,*,*,,
Shrimp Trawl,---,2004,12,39,10,24635,91885,668,9065,208,0,,
Shrimp Trawl,---,2004,12,40,8,4995,45675,290,121,0,0,,
Shrimp Trawl,---,2004,12,41,1,1950,*,*,*,*,*,,
Shrimp Trawl,---,2004,12,42,2,600,*,*,*,*,*,,
Shrimp Trawl,---,2004,12,Total,16,87090,178533,25350,15130,2155,10,,
Shrimp Trawl,---,2004,13,1,5,14605,8362,2797,12,0,37,,
Shrimp Trawl,---,2004,13,12,1,180,*,*,*,*,*,,
Shrimp Trawl,---,2004,13,13,3,3645,1215,1385,0,0,0,,
Shrimp Trawl,---,2004,13,14,7,19996,12738,3766,16,0,26,,
Shrimp Trawl,---,2004,13,15,9,17725,290,45,5008,0,0,,
Shrimp Trawl,---,2004,13,17,1,240,*,*,*,*,*,,
Shrimp Trawl,---,2004,13,24,2,6240,*,*,*,*,*,,
Shrimp Trawl,---,2004,13,41,1,300,*,*,*,*,*,,
Shrimp Trawl,---,2004,13,42,1,480,*,*,*,*,*,,
Shrimp Trawl,---,2004,13,Total,11,63411,22670,8038,10021,0,63,,
Shrimp Trawl,---,2004,14,1,11,16700,10222,639,23,0,0,,
Shrimp Trawl,---,2004,14,2,14,16890,8981,871,18,5,0,,
Shrimp Trawl,---,2004,14,3,7,8900,3571,724,1,0,0,,
Shrimp Trawl,---,2004,14,4,5,1855,785,174,0,0,5,,
Shrimp Trawl,---,2004,14,5,12,32303,16776,2649,105,0,109,,
Shrimp Trawl,---,2004,14,6,11,3500,1737,381,1,0,0,,
Shrimp Trawl,---,2004,14,7,3,270,**,**,**,**,**,,
Shrimp Trawl,---,2004,14,8,2,2350,*,*,*,*,*,,
Shrimp Trawl,---,2004,14,9,19,75255,101626,5420,680,0,30,,
Shrimp Trawl,---,2004,14,10,3,1080,1360,0,115,0,0,,
Shrimp Trawl,---,2004,14,12,23,49540,26703,6939,660,0,0,,
Shrimp Trawl,---,2004,14,13,19,34175,15711,7288,0,0,0,,
Shrimp Trawl,---,2004,14,Total,42,242818,187712,25135,3288,5,149,,
Shrimp Trawl,---,2004,15,1,15,60552,17955,6922,0,0,0,,
Shrimp Trawl,---,2004,15,2,32,187067,153055,19582,438,4,27,,
Shrimp Trawl,---,2004,15,3,24,96057,138820,8486,1250,9,213,,
Shrimp Trawl,---,2004,15,4,1,90,*,*,*,*,*,,
Shrimp Trawl,---,2004,15,5,3,1020,**,**,**,**,**,,
Shrimp Trawl,---,2004,15,Total,38,344786,310125,35555,1688,13,335,,
Shrimp Trawl,---,2004,16,0,1,60,*,*,*,*,*,,
Shrimp Trawl,---,2004,16,1,17,13710,6720,1215,0,0,10,,
Shrimp Trawl,---,2004,16,2,22,53155,51588,3713,0,0,23,,
Shrimp Trawl,---,2004,16,18,4,4475,665,931,0,0,0,,
Shrimp Trawl,---,2004,16,19,1,600,*,*,*,*,*,,
Shrimp Trawl,---,2004,16,21,9,9260,3382,1053,0,0,0,,
Shrimp Trawl,---,2004,16,Total,28,81260,62455,7051,0,0,33,,
Shrimp Trawl,---,2004,17,2,2,500,*,*,*,*,*,,
Shrimp Trawl,---,2004,17,3,1,180,*,*,*,*,*,,
Shrimp Trawl,---,2004,17,4,1,180,*,*,*,*,*,,
Shrimp Trawl,---,2004,17,6,5,1680,221,63,26,0,0,,
Shrimp Trawl,---,2004,17,9,7,6730,1583,576,181,0,0,,
Shrimp Trawl,---,2004,17,10,6,10680,2693,1112,1010,0,0,,
Shrimp Trawl,---,2004,17,11,5,4140,1225,379,0,0,0,,
Shrimp Trawl,---,2004,17,12,2,685,*,*,*,*,*,,
Shrimp Trawl,---,2004,17,13,4,6400,4700,684,0,0,0,,
Shrimp Trawl,---,2004,17,15,1,120,*,*,*,*,*,,
Shrimp Trawl,---,2004,17,17,7,10580,0,0,3719,0,0,,
Shrimp Trawl,---,2004,17,18,1,70,*,*,*,*,*,,
Shrimp Trawl,---,2004,17,Total,16,41945,11105,2917,5116,0,0,,
Shrimp Trawl,---,2004,18,1,8,7980,7575,1409,0,25,0,,
Shrimp Trawl,---,2004,18,4,15,27175,8731,5112,40,276,2,,
Shrimp Trawl,---,2004,18,5,6,2214,4725,25,0,1224,14,,
Shrimp Trawl,---,2004,18,6,6,2465,5112,343,10,63,0,,
Shrimp Trawl,---,2004,18,9,2,420,*,*,*,*,*,,
Shrimp Trawl,---,2004,18,11,3,840,**,**,**,**,**,,
Shrimp Trawl,---,2004,18,Total,20,41094,26843,7154,50,1598,16,,
Shrimp Trawl,---,2004,19,5,12,22365,20214,998,0,16237,40,,
Shrimp Trawl,---,2004,19,Total,12,22365,20214,998,0,16237,40,,
Shrimp Trawl,---,2004,20,5,1,60,*,*,*,*,*,,
Shrimp Trawl,---,2004,20,Total,1,60,*,*,*,*,*,,
Shrimp Trawl,---,2004,23,4,10,25185,46250,702,0,0,3,,
Shrimp Trawl,---,2004,23,5,12,5405,7018,454,0,0,1,,
Shrimp Trawl,---,2004,23,6,16,63537,116455,5186,34,0,17,,
Shrimp Trawl,---,2004,23,7,19,135945,244748,1641,31,0,177,,
Shrimp Trawl,---,2004,23,8,1,120,*,*,*,*,*,,
Shrimp Trawl,---,2004,23,11,1,120,*,*,*,*,*,,
Shrimp Trawl,---,2004,23,Total,20,230312,414571,7983,65,0,198,,
Shrimp Trawl,---,2004,24,2,2,1902,*,*,*,*,*,,
Shrimp Trawl,---,2004,24,3,3,9150,1442,3146,0,0,0,,
Shrimp Trawl,---,2004,24,13,1,60,*,*,*,*,*,,
Shrimp Trawl,---,2004,24,Total,3,11112,1451,4204,0,0,0,,
Shrimp Trawl,---,2004,25,6,2,750,*,*,*,*,*,,
Shrimp Trawl,---,2004,25,Total,2,750,*,*,*,*,*,,
Shrimp Trawl,---,2004,26,1,1,2760,*,*,*,*,*,,
Shrimp Trawl,---,2004,26,Total,1,2760,*,*,*,*,*,,
Shrimp Trawl,---,2004,27,2,2,3980,*,*,*,*,*,,
Shrimp Trawl,---,2004,27,7,2,1550,*,*,*,*,*,,
Shrimp Trawl,---,2004,27,8,1,240,*,*,*,*,*,,
Shrimp Trawl,---,2004,27,Total,3,5770,1385,2300,0,0,0,,
Shrimp Trawl,---,2004,28,1,15,17515,11934,1294,0,0,50,,
Shrimp Trawl,---,2004,28,2,5,9320,16813,498,0,0,22,,
Shrimp Trawl,---,2004,28,3,2,990,*,*,*,*,*,,
Shrimp Trawl,---,2004,28,4,6,8110,**,**,**,**,**,,
Shrimp Trawl,---,2004,28,7,6,4580,3460,823,0,0,0,,
Shrimp Trawl,---,2004,28,Total,18,40515,34517,4593,0,0,81,,
Shrimp Trawl,---,2004,29,1,4,1975,775,260,0,0,2,,
Shrimp Trawl,---,2004,29,2,12,22410,10410,3211,0,0,13,,
Shrimp Trawl,---,2004,29,3,24,75515,31439,9915,0,0,129,,
Shrimp Trawl,---,2004,29,4,2,420,*,*,*,*,*,,
Shrimp Trawl,---,2004,29,10,3,900,**,**,**,**,**,,
Shrimp Trawl,---,2004,29,Total,24,101220,43069,13606,0,0,144,,
Shrimp Trawl,---,2004,123,1,1,60,*,*,*,*,*,,
Shrimp Trawl,---,2004,123,2,1,120,*,*,*,*,*,,
Shrimp Trawl,---,2004,123,3,3,945,180,13,0,0,0,,
Shrimp Trawl,---,2004,123,4,2,450,*,*,*,*,*,,
Shrimp Trawl,---,2004,123,5,4,6927,15393,47,0,0,0,,
Shrimp Trawl,---,2004,123,6,2,480,*,*,*,*,*,,
Shrimp Trawl,---,2004,123,Total,4,8982,15855,78,0,0,0,,
Shrimp Trawl,---,2004,124,1,2,225,*,*,*,*,*,,
Shrimp Trawl,---,2004,124,2,1,50,*,*,*,*,*,,
Shrimp Trawl,---,2004,124,3,1,90,*,*,*,*,*,,
Shrimp Trawl,---,2004,124,Total,2,365,*,*,*,*,*,,
Shrimp Trawl,---,2005,0,0,1,0,*,*,*,*,*,,
Shrimp Trawl,---,2005,0,Total,1,0,*,*,*,*,*,,
Shrimp Trawl,---,2005,3,2,9,13115,9312,9814,0,0,0,,
Shrimp Trawl,---,2005,3,3,4,2250,1688,477,0,0,0,,
Shrimp Trawl,---,2005,3,4,5,4445,1764,2582,190,0,10,,
Shrimp Trawl,---,2005,3,6,3,7630,245,5878,0,0,0,,
Shrimp Trawl,---,2005,3,7,3,1930,1750,1870,24,0,0,,
Shrimp Trawl,---,2005,3,8,1,720,*,*,*,*,*,,
Shrimp Trawl,---,2005,3,9,6,13825,9275,9704,15,0,0,,
Shrimp Trawl,---,2005,3,10,1,360,*,*,*,*,*,,
Shrimp Trawl,---,2005,3,12,4,4530,490,2801,0,0,0,,
Shrimp Trawl,---,2005,3,17,1,120,*,*,*,*,*,,
Shrimp Trawl,---,2005,3,Total,15,48925,25394,34397,229,0,10,,
Shrimp Trawl,---,2005,4,2,2,480,*,*,*,*,*,,
Shrimp Trawl,---,2005,4,5,24,116730,62687,75253,17,0,4,,
Shrimp Trawl,---,2005,4,9,23,174268,62684,109292,2539,190,11,,
Shrimp Trawl,---,2005,4,10,3,1680,**,**,**,**,**,,
Shrimp Trawl,---,2005,4,12,18,33275,29536,17167,2089,85,0,,
Shrimp Trawl,---,2005,4,13,3,1030,800,900,0,0,0,,
Shrimp Trawl,---,2005,4,Total,27,327463,156572,203952,4695,275,18,,
Shrimp Trawl,---,2005,5,1,13,24720,11427,14820,1265,0,2,,
Shrimp Trawl,---,2005,5,2,7,9495,4725,6918,490,0,0,,
Shrimp Trawl,---,2005,5,3,2,285,*,*,*,*,*,,
Shrimp Trawl,---,2005,5,4,3,2950,1348,146,1253,0,0,,
Shrimp Trawl,---,2005,5,5,1,300,*,*,*,*,*,,
Shrimp Trawl,---,2005,5,6,1,600,*,*,*,*,*,,
Shrimp Trawl,---,2005,5,9,3,2940,610,1091,145,0,0,,
Shrimp Trawl,---,2005,5,14,1,960,*,*,*,*,*,,
Shrimp Trawl,---,2005,5,23,9,9613,2648,5478,894,0,5,,
Shrimp Trawl,---,2005,5,Total,16,51863,21598,29023,5035,0,7,,
Shrimp Trawl,---,2005,6,1,4,19060,646,5903,3980,0,0,,
Shrimp Trawl,---,2005,6,3,2,105,*,*,*,*,*,,
Shrimp Trawl,---,2005,6,4,5,2405,708,1315,20,0,0,,
Shrimp Trawl,---,2005,6,17,1,240,*,*,*,*,*,,
Shrimp Trawl,---,2005,6,Total,8,21810,1354,7255,4000,0,0,,
Shrimp Trawl,---,2005,8,14,1,90,*,*,*,*,*,,
Shrimp Trawl,---,2005,8,Total,1,90,*,*,*,*,*,,
Shrimp Trawl,---,2005,9,1,7,4530,1512,1382,0,0,0,,
Shrimp Trawl,---,2005,9,2,1,1600,*,*,*,*,*,,
Shrimp Trawl,---,2005,9,3,1,840,*,*,*,*,*,,
Shrimp Trawl,---,2005,9,12,2,960,*,*,*,*,*,,
Shrimp Trawl,---,2005,9,Total,7,7930,1859,1782,0,0,0,,
Shrimp Trawl,---,2005,12,6,6,9515,14341,2940,327,0,0,,
Shrimp Trawl,---,2005,12,7,5,5280,740,2324,910,0,0,,
Shrimp Trawl,---,2005,12,9,1,500,*,*,*,*,*,,
Shrimp Trawl,---,2005,12,13,2,5087,*,*,*,*,*,,
Shrimp Trawl,---,2005,12,18,1,480,*,*,*,*,*,,
Shrimp Trawl,---,2005,12,23,3,350,0,113,0,0,0,,
Shrimp Trawl,---,2005,12,26,18,81130,125072,27487,3490,54,7,,
Shrimp Trawl,---,2005,12,27,1,2160,*,*,*,*,*,,
Shrimp Trawl,---,2005,12,28,1,120,*,*,*,*,*,,
Shrimp Trawl,---,2005,12,29,1,120,*,*,*,*,*,,
Shrimp Trawl,---,2005,12,35,3,3720,598,1798,165,0,0,,
Shrimp Trawl,---,2005,12,36,5,2740,682,2207,174,0,0,,
Shrimp Trawl,---,2005,12,37,1,60,*,*,*,*,*,,
Shrimp Trawl,---,2005,12,38,1,240,*,*,*,*,*,,
Shrimp Trawl,---,2005,12,39,9,64156,191268,3633,15512,2375,10,,
Shrimp Trawl,---,2005,12,40,6,4740,9977,1289,268,0,0,,
Shrimp Trawl,---,2005,12,41,5,4875,404,481,3235,0,0,,
Shrimp Trawl,---,2005,12,Total,22,185273,346819,45046,24726,2589,17,,
Shrimp Trawl,---,2005,13,1,3,5335,3540,1273,0,0,0,,
Shrimp Trawl,---,2005,13,3,1,60,*,*,*,*,*,,
Shrimp Trawl,---,2005,13,13,1,390,*,*,*,*,*,,
Shrimp Trawl,---,2005,13,14,3,7095,5422,1700,0,0,0,,
Shrimp Trawl,---,2005,13,15,4,300,320,0,0,0,0,,
Shrimp Trawl,---,2005,13,24,1,1240,*,*,*,*,*,,
Shrimp Trawl,---,2005,13,35,1,1030,*,*,*,*,*,,
Shrimp Trawl,---,2005,13,Total,9,15450,10212,3503,1329,0,0,,
Shrimp Trawl,---,2005,14,1,7,5905,3843,209,0,31,3,,
Shrimp Trawl,---,2005,14,2,10,17435,5746,1153,0,5,20,,
Shrimp Trawl,---,2005,14,3,5,7080,3276,360,0,0,8,,
Shrimp Trawl,---,2005,14,4,5,5910,2397,497,0,0,5,,
Shrimp Trawl,---,2005,14,5,13,32435,11313,3749,0,0,38,,
Shrimp Trawl,---,2005,14,6,5,1600,**,**,**,**,**,,
Shrimp Trawl,---,2005,14,9,18,65780,85129,3951,247,0,142,,
Shrimp Trawl,---,2005,14,10,1,30,*,*,*,*,*,,
Shrimp Trawl,---,2005,14,12,19,50805,48546,4484,0,0,15,,
Shrimp Trawl,---,2005,14,13,10,21005,8037,9285,0,0,0,,
Shrimp Trawl,---,2005,14,Total,32,207985,170052,23793,247,36,231,,
Shrimp Trawl,---,2005,15,1,14,32035,14386,3331,0,35,0,,
Shrimp Trawl,---,2005,15,2,24,153743,150209,14673,46,20,10,,
Shrimp Trawl,---,2005,15,3,16,61726,88860,5808,9,211,0,,
Shrimp Trawl,---,2005,15,5,4,450,95,35,0,0,0,,
Shrimp Trawl,---,2005,15,Total,27,247954,253550,23847,55,266,10,,
Shrimp Trawl,---,2005,16,1,10,14675,8170,1247,0,0,8,,
Shrimp Trawl,---,2005,16,2,16,58446,43981,3934,80,215,48,,
Shrimp Trawl,---,2005,16,18,1,240,*,*,*,*,*,,
Shrimp Trawl,---,2005,16,19,1,180,*,*,*,*,*,,
Shrimp Trawl,---,2005,16,21,4,21010,12915,1464,0,0,10,,
Shrimp Trawl,---,2005,16,Total,19,94551,65316,6705,80,215,66,,
Shrimp Trawl,---,2005,17,1,1,180,*,*,*,*,*,,
Shrimp Trawl,---,2005,17,6,2,720,*,*,*,*,*,,
Shrimp Trawl,---,2005,17,9,3,1800,560,123,120,0,0,,
Shrimp Trawl,---,2005,17,10,5,9580,3142,1575,0,0,0,,
Shrimp Trawl,---,2005,17,11,3,3240,760,360,0,0,0,,
Shrimp Trawl,---,2005,17,12,3,1020,1000,228,0,0,0,,
Shrimp Trawl,---,2005,17,13,4,4180,2770,383,0,0,0,,
Shrimp Trawl,---,2005,17,15,2,1200,*,*,*,*,*,,
Shrimp Trawl,---,2005,17,16,2,1080,*,*,*,*,*,,
Shrimp Trawl,---,2005,17,17,6,12270,200,10,4216,0,0,,
Shrimp Trawl,---,2005,17,Total,12,35270,10197,2960,4356,0,0,,
Shrimp Trawl,---,2005,18,1,4,5355,10240,1983,133,15,0,,
Shrimp Trawl,---,2005,18,2,1,180,*,*,*,*,*,,
Shrimp Trawl,---,2005,18,4,10,16170,10291,6533,0,121,0,,
Shrimp Trawl,---,2005,18,5,4,2315,2570,0,0,3015,6,,
Shrimp Trawl,---,2005,18,6,3,540,700,80,10,35,0,,
Shrimp Trawl,---,2005,18,11,2,650,*,*,*,*,*,,
Shrimp Trawl,---,2005,18,Total,11,25210,25301,8646,143,3211,7,,
Shrimp Trawl,---,2005,19,3,1,720,*,*,*,*,*,,
Shrimp Trawl,---,2005,19,5,7,35272,**,**,**,**,**,,
Shrimp Trawl,---,2005,19,Total,8,35992,15076,1536,100,38310,20,,
Shrimp Trawl,---,2005,23,4,13,31556,46650,1295,0,0,0,,
Shrimp Trawl,---,2005,23,5,13,12690,21130,340,0,0,0,,
Shrimp Trawl,---,2005,23,6,15,20980,24340,1705,0,0,0,,
Shrimp Trawl,---,2005,23,7,18,169719,330494,2555,50,4,69,,
Shrimp Trawl,---,2005,23,8,3,1680,**,**,**,**,**,,
Shrimp Trawl,---,2005,23,11,1,60,*,*,*,*,*,,
Shrimp Trawl,---,2005,23,Total,18,236685,425514,5905,50,4,69,,
Shrimp Trawl,---,2005,24,2,1,840,*,*,*,*,*,,
Shrimp Trawl,---,2005,24,3,3,1490,0,237,0,0,0,,
Shrimp Trawl,---,2005,24,4,1,90,*,*,*,*,*,,
Shrimp Trawl,---,2005,24,Total,3,2420,0,362,0,0,0,,
Shrimp Trawl,---,2005,26,1,1,2070,*,*,*,*,*,,
Shrimp Trawl,---,2005,26,Total,1,2070,*,*,*,*,*,,
Shrimp Trawl,---,2005,28,1,10,9210,6173,1676,0,5,22,,
Shrimp Trawl,---,2005,28,2,6,4740,4820,1077,0,0,5,,
Shrimp Trawl,---,2005,28,4,10,10900,1055,6386,0,0,36,,
Shrimp Trawl,---,2005,28,7,4,1270,690,802,0,0,0,,
Shrimp Trawl,---,2005,28,Total,15,26120,12738,9941,0,5,63,,
Shrimp Trawl,---,2005,29,1,2,680,*,*,*,*,*,,
Shrimp Trawl,---,2005,29,2,14,37880,23859,18197,0,3,63,,
Shrimp Trawl,---,2005,29,3,16,43285,24123,16288,25,1,63,,
Shrimp Trawl,---,2005,29,4,1,200,*,*,*,*,*,,
Shrimp Trawl,---,2005,29,Total,18,82045,48912,34640,25,4,141,,
Shrimp Trawl,---,2005,121,2,1,295,*,*,*,*,*,,
Shrimp Trawl,---,2005,121,3,1,110,*,*,*,*,*,,
Shrimp Trawl,---,2005,121,Total,1,405,*,*,*,*,*,,
Shrimp Trawl,---,2005,123,1,2,376,*,*,*,*,*,,
Shrimp Trawl,---,2005,123,2,1,30,*,*,*,*,*,,
Shrimp Trawl,---,2005,123,3,4,611,10,10,0,0,0,,
Shrimp Trawl,---,2005,123,4,1,120,*,*,*,*,*,,
Shrimp Trawl,---,2005,123,5,2,310,*,*,*,*,*,,
Shrimp Trawl,---,2005,123,6,1,135,*,*,*,*,*,,
Shrimp Trawl,---,2005,123,7,1,50,*,*,*,*,*,,
Shrimp Trawl,---,2005,123,8,1,260,*,*,*,*,*,,
Shrimp Trawl,---,2005,123,9,1,480,*,*,*,*,*,,
Shrimp Trawl,---,2005,123,Total,6,2372,4210,190,0,0,0,,
Shrimp Trawl,---,2005,124,1,1,1185,*,*,*,*,*,,
Shrimp Trawl,---,2005,124,2,1,891,*,*,*,*,*,,
Shrimp Trawl,---,2005,124,Total,1,2076,*,*,*,*,*,,
Shrimp Trawl,---,2006,3,2,8,14710,8412,10780,0,0,0,,
Shrimp Trawl,---,2006,3,4,8,8055,3313,5953,85,0,0,,
Shrimp Trawl,---,2006,3,6,2,1510,*,*,*,*,*,,
Shrimp Trawl,---,2006,3,7,1,1020,*,*,*,*,*,,
Shrimp Trawl,---,2006,3,9,4,5085,8905,4233,0,0,0,,
Shrimp Trawl,---,2006,3,10,3,810,840,619,5,0,0,,
Shrimp Trawl,---,2006,3,11,2,300,*,*,*,*,*,,
Shrimp Trawl,---,2006,3,12,5,9025,2180,11577,0,28,0,,
Shrimp Trawl,---,2006,3,14,1,990,*,*,*,*,*,,
Shrimp Trawl,---,2006,3,17,1,1985,*,*,*,*,*,,
Shrimp Trawl,---,2006,3,18,1,30,*,*,*,*,*,,
Shrimp Trawl,---,2006,3,Total,14,43520,26985,41335,412,28,0,,
Shrimp Trawl,---,2006,4,2,2,1710,*,*,*,*,*,,
Shrimp Trawl,---,2006,4,5,21,100795,64749,64245,0,0,0,,
Shrimp Trawl,---,2006,4,6,2,3240,*,*,*,*,*,,
Shrimp Trawl,---,2006,4,9,23,149055,82922,85785,3187,0,98,,
Shrimp Trawl,---,2006,4,10,1,263,*,*,*,*,*,,
Shrimp Trawl,---,2006,4,12,19,40707,37105,21882,4913,0,50,,
Shrimp Trawl,---,2006,4,Total,27,295770,190321,175587,8185,0,148,,
Shrimp Trawl,---,2006,5,1,11,34655,17284,26445,349,0,3,,
Shrimp Trawl,---,2006,5,2,6,9360,2475,10052,0,0,1,,
Shrimp Trawl,---,2006,5,3,4,1080,239,977,1,0,1,,
Shrimp Trawl,---,2006,5,4,4,2500,8981,572,174,0,0,,
Shrimp Trawl,---,2006,5,9,3,7155,792,3713,11,0,0,,
Shrimp Trawl,---,2006,5,13,1,180,*,*,*,*,*,,
Shrimp Trawl,---,2006,5,23,8,17677,13194,9208,1188,0,2,,
Shrimp Trawl,---,2006,5,24,1,170,*,*,*,*,*,,
Shrimp Trawl,---,2006,5,Total,12,72777,42965,51004,2301,0,7,,
Shrimp Trawl,---,2006,6,1,2,23480,*,*,*,*,*,,
Shrimp Trawl,---,2006,6,3,1,120,*,*,*,*,*,,
Shrimp Trawl,---,2006,6,4,1,1190,*,*,*,*,*,,
Shrimp Trawl,---,2006,6,5,1,3900,*,*,*,*,*,,
Shrimp Trawl,---,2006,6,Total,4,28690,745,12943,4635,0,0,,
Shrimp Trawl,---,2006,7,14,3,3385,**,**,**,**,**,,
Shrimp Trawl,---,2006,7,17,1,60,*,*,*,*,*,,
Shrimp Trawl,---,2006,7,Total,3,3445,520,4,1856,15,2,,
Shrimp Trawl,---,2006,8,14,1,3330,*,*,*,*,*,,
Shrimp Trawl,---,2006,8,Total,1,3330,*,*,*,*,*,,
Shrimp Trawl,---,2006,9,1,4,9700,1362,10446,0,0,8,,
Shrimp Trawl,---,2006,9,3,1,1080,*,*,*,*,*,,
Shrimp Trawl,---,2006,9,12,2,210,*,*,*,*,*,,
Shrimp Trawl,---,2006,9,Total,4,10990,1382,10994,0,0,8,,
Shrimp Trawl,---,2006,10,4,1,180,*,*,*,*,*,,
Shrimp Trawl,---,2006,10,5,1,60,*,*,*,*,*,,
Shrimp Trawl,---,2006,10,12,1,180,*,*,*,*,*,,
Shrimp Trawl,---,2006,10,Total,1,420,*,*,*,*,*,,
Shrimp Trawl,---,2006,12,6,5,5000,4503,2885,1026,390,0,,
Shrimp Trawl,---,2006,12,9,1,120,*,*,*,*,*,,
Shrimp Trawl,---,2006,12,23,2,2835,*,*,*,*,*,,
Shrimp Trawl,---,2006,12,26,8,40670,117934,11632,1038,190,0,,
Shrimp Trawl,---,2006,12,27,1,4140,*,*,*,*,*,,
Shrimp Trawl,---,2006,12,35,1,210,*,*,*,*,*,,
Shrimp Trawl,---,2006,12,36,2,7640,*,*,*,*,*,,
Shrimp Trawl,---,2006,12,37,2,445,*,*,*,*,*,,
Shrimp Trawl,---,2006,12,39,6,14480,22620,365,4750,805,0,,
Shrimp Trawl,---,2006,12,40,1,915,*,*,*,*,*,,
Shrimp Trawl,---,2006,12,42,1,520,*,*,*,*,*,,
Shrimp Trawl,---,2006,12,Total,10,76975,155495,26641,8586,1385,0,,
Shrimp Trawl,---,2006,13,1,2,6804,*,*,*,*,*,,
Shrimp Trawl,---,2006,13,13,2,275,*,*,*,*,*,,
Shrimp Trawl,---,2006,13,14,2,4344,*,*,*,*,*,,
Shrimp Trawl,---,2006,13,15,1,100,*,*,*,*,*,,
Shrimp Trawl,---,2006,13,42,1,1290,*,*,*,*,*,,
Shrimp Trawl,---,2006,13,Total,5,12813,5302,2770,5,4,208,,
Shrimp Trawl,---,2006,14,1,9,21535,12052,1761,3,10,14,,
Shrimp Trawl,---,2006,14,2,10,17615,9806,1680,1,7,55,,
Shrimp Trawl,---,2006,14,3,2,2850,*,*,*,*,*,,
Shrimp Trawl,---,2006,14,4,4,5820,1860,741,0,0,5,,
Shrimp Trawl,---,2006,14,5,8,24589,12418,4247,0,0,24,,
Shrimp Trawl,---,2006,14,6,1,90,*,*,*,*,*,,
Shrimp Trawl,---,2006,14,7,1,45,*,*,*,*,*,,
Shrimp Trawl,---,2006,14,9,9,50280,63216,9270,51,0,41,,
Shrimp Trawl,---,2006,14,10,1,60,*,*,*,*,*,,
Shrimp Trawl,---,2006,14,12,9,25125,11436,6286,0,0,0,,
Shrimp Trawl,---,2006,14,13,8,13790,9150,4063,0,0,0,,
Shrimp Trawl,---,2006,14,Total,25,161799,122938,28253,85,17,146,,
Shrimp Trawl,---,2006,15,1,10,37551,**,**,**,**,**,,
Shrimp Trawl,---,2006,15,2,18,82641,63904,9603,21,0,14,,
Shrimp Trawl,---,2006,15,3,10,38480,46975,2398,0,24,6,,
Shrimp Trawl,---,2006,15,5,1,20,*,*,*,*,*,,
Shrimp Trawl,---,2006,15,Total,19,158692,132421,15692,21,25,20,,
Shrimp Trawl,---,2006,16,1,12,12970,13515,2160,0,0,33,,
Shrimp Trawl,---,2006,16,2,16,36360,35455,5458,3,0,60,,
Shrimp Trawl,---,2006,16,18,1,240,*,*,*,*,*,,
Shrimp Trawl,---,2006,16,21,2,1380,*,*,*,*,*,,
Shrimp Trawl,---,2006,16,Total,16,50950,50555,7793,3,0,95,,
Shrimp Trawl,---,2006,17,6,2,240,*,*,*,*,*,,
Shrimp Trawl,---,2006,17,9,3,475,110,2,21,2,0,,
Shrimp Trawl,---,2006,17,10,6,6610,4051,3094,10,0,0,,
Shrimp Trawl,---,2006,17,11,3,785,730,106,0,0,38,,
Shrimp Trawl,---,2006,17,12,2,1110,*,*,*,*,*,,
Shrimp Trawl,---,2006,17,13,4,2700,2485,629,0,0,0,,
Shrimp Trawl,---,2006,17,15,1,330,*,*,*,*,*,,
Shrimp Trawl,---,2006,17,17,4,9840,0,0,5547,0,0,,
Shrimp Trawl,---,2006,17,Total,13,22090,8631,4214,5593,2,38,,
Shrimp Trawl,---,2006,18,2,1,1080,*,*,*,*,*,,
Shrimp Trawl,---,2006,18,3,2,405,*,*,*,*,*,,
Shrimp Trawl,---,2006,18,4,17,33657,76044,13620,5,8767,0,,
Shrimp Trawl,---,2006,18,5,3,2025,2690,269,0,368,4,,
Shrimp Trawl,---,2006,18,6,3,460,2660,120,30,400,0,,
Shrimp Trawl,---,2006,18,9,1,720,*,*,*,*,*,,
Shrimp Trawl,---,2006,18,Total,18,38347,82869,14559,45,12183,4,,
Shrimp Trawl,---,2006,19,4,1,180,*,*,*,*,*,,
Shrimp Trawl,---,2006,19,5,10,13827,**,**,**,**,**,,
Shrimp Trawl,---,2006,19,Total,10,14007,6189,1278,1,23449,51,,
Shrimp Trawl,---,2006,20,5,1,360,*,*,*,*,*,,
Shrimp Trawl,---,2006,20,Total,1,360,*,*,*,*,*,,
Shrimp Trawl,---,2006,23,4,7,4670,4285,318,0,0,7,,
Shrimp Trawl,---,2006,23,5,15,34380,60450,395,0,0,13,,
Shrimp Trawl,---,2006,23,6,15,28040,45561,894,2,0,46,,
Shrimp Trawl,---,2006,23,7,19,111063,141420,840,5,0,72,,
Shrimp Trawl,---,2006,23,8,1,60,*,*,*,*,*,,
Shrimp Trawl,---,2006,23,11,2,1510,*,*,*,*,*,,
Shrimp Trawl,---,2006,23,Total,19,179723,259666,2590,7,0,144,,
Shrimp Trawl,---,2006,24,3,1,45,*,*,*,*,*,,
Shrimp Trawl,---,2006,24,4,1,20,*,*,*,*,*,,
Shrimp Trawl,---,2006,24,Total,1,65,*,*,*,*,*,,
Shrimp Trawl,---,2006,25,6,1,65,*,*,*,*,*,,
Shrimp Trawl,---,2006,25,Total,1,65,*,*,*,*,*,,
Shrimp Trawl,---,2006,26,1,1,720,*,*,*,*,*,,
Shrimp Trawl,---,2006,26,2,1,720,*,*,*,*,*,,
Shrimp Trawl,---,2006,26,Total,1,1440,*,*,*,*,*,,
Shrimp Trawl,---,2006,27,2,2,665,*,*,*,*,*,,
Shrimp Trawl,---,2006,27,5,1,95,*,*,*,*,*,,
Shrimp Trawl,---,2006,27,7,3,710,50,500,0,0,0,,
Shrimp Trawl,---,2006,27,10,2,180,*,*,*,*,*,,
Shrimp Trawl,---,2006,27,11,1,150,*,*,*,*,*,,
Shrimp Trawl,---,2006,27,Total,4,1800,1413,1000,70,0,0,,
Shrimp Trawl,---,2006,28,1,16,31305,15960,10732,0,0,8,,
Shrimp Trawl,---,2006,28,2,4,1970,1202,606,0,0,0,,
Shrimp Trawl,---,2006,28,3,5,4500,2020,1280,0,0,0,,
Shrimp Trawl,---,2006,28,4,5,5710,1603,1552,0,0,18,,
Shrimp Trawl,---,2006,28,5,1,250,*,*,*,*,*,,
Shrimp Trawl,---,2006,28,7,2,1440,*,*,*,*,*,,
Shrimp Trawl,---,2006,28,Total,17,45175,21450,15061,0,0,31,,
Shrimp Trawl,---,2006,29,1,4,1140,660,215,0,0,6,,
Shrimp Trawl,---,2006,29,2,17,51280,25290,24122,0,0,9,,
Shrimp Trawl,---,2006,29,3,20,43620,27309,20925,0,0,51,,
Shrimp Trawl,---,2006,29,5,1,1440,*,*,*,*,*,,
Shrimp Trawl,---,2006,29,10,1,180,*,*,*,*,*,,
Shrimp Trawl,---,2006,29,Total,22,97660,56704,46067,0,0,70,,
Shrimp Trawl,---,2006,121,2,2,150,*,*,*,*,*,,
Shrimp Trawl,---,2006,121,Total,2,150,*,*,*,*,*,,
Shrimp Trawl,---,2006,123,1,3,750,5600,0,0,0,0,,
Shrimp Trawl,---,2006,123,2,2,130,*,*,*,*,*,,
Shrimp Trawl,---,2006,123,3,2,460,*,*,*,*,*,,
Shrimp Trawl,---,2006,123,4,2,870,*,*,*,*,*,,
Shrimp Trawl,---,2006,123,5,7,3310,11120,3,0,0,0,,
Shrimp Trawl,---,2006,123,6,8,16276,66835,2500,0,0,1,,
Shrimp Trawl,---,2006,123,Total,11,21796,91155,2620,0,0,7,,
Shrimp Trawl,---,2006,124,1,6,12125,43425,73,0,0,40,,
Shrimp Trawl,---,2006,124,Total,6,12125,43425,73,0,0,40,,
Shrimp Trawl,---,2007,2,6,1,611,*,*,*,*,*,,
Shrimp Trawl,---,2007,2,Total,1,611,*,*,*,*,*,,
Shrimp Trawl,---,2007,3,2,4,3530,1879,2099,0,0,0,,
Shrimp Trawl,---,2007,3,4,2,2640,*,*,*,*,*,,
Shrimp Trawl,---,2007,3,6,1,1885,*,*,*,*,*,,
Shrimp Trawl,---,2007,3,7,2,600,*,*,*,*,*,,
Shrimp Trawl,---,2007,3,9,3,1560,1230,2510,0,0,0,,
Shrimp Trawl,---,2007,3,10,1,1530,*,*,*,*,*,,
Shrimp Trawl,---,2007,3,11,1,60,*,*,*,*,*,,
Shrimp Trawl,---,2007,3,12,2,360,*,*,*,*,*,,
Shrimp Trawl,---,2007,3,17,2,360,*,*,*,*,*,,
Shrimp Trawl,---,2007,3,Total,8,12525,4213,9138,30,0,0,,
Shrimp Trawl,---,2007,4,2,1,900,*,*,*,*,*,,
Shrimp Trawl,---,2007,4,5,16,41075,19819,23625,0,0,5,,
Shrimp Trawl,---,2007,4,9,17,168348,94621,111614,2607,25,17,,
Shrimp Trawl,---,2007,4,10,3,3065,25100,1320,890,0,0,,
Shrimp Trawl,---,2007,4,12,18,48340,40052,24331,1423,0,25,,
Shrimp Trawl,---,2007,4,13,1,420,*,*,*,*,*,,
Shrimp Trawl,---,2007,4,Total,22,262148,179772,161450,4920,25,47,,
Shrimp Trawl,---,2007,5,1,10,15090,3297,10649,77,0,3,,
Shrimp Trawl,---,2007,5,2,3,6210,**,**,**,**,**,,
Shrimp Trawl,---,2007,5,23,10,22510,6948,18844,326,20,0,,
Shrimp Trawl,---,2007,5,24,1,40,*,*,*,*,*,,
Shrimp Trawl,---,2007,5,Total,11,43850,11895,34993,433,20,3,,
Shrimp Trawl,---,2007,6,1,2,21065,*,*,*,*,*,,
Shrimp Trawl,---,2007,6,4,2,1815,*,*,*,*,*,,
Shrimp Trawl,---,2007,6,Total,4,22880,1094,8816,3921,0,0,,
Shrimp Trawl,---,2007,7,12,1,390,*,*,*,*,*,,
Shrimp Trawl,---,2007,7,14,1,1515,*,*,*,*,*,,
Shrimp Trawl,---,2007,7,15,1,180,*,*,*,*,*,,
Shrimp Trawl,---,2007,7,27,1,90,*,*,*,*,*,,
Shrimp Trawl,---,2007,7,28,1,360,*,*,*,*,*,,
Shrimp Trawl,---,2007,7,Total,3,2535,340,326,682,14,0,,
Shrimp Trawl,---,2007,8,14,1,1770,*,*,*,*,*,,
Shrimp Trawl,---,2007,8,Total,1,1770,*,*,*,*,*,,
Shrimp Trawl,---,2007,9,1,8,33560,13020,12029,0,0,0,,
Shrimp Trawl,---,2007,9,2,2,1505,*,*,*,*,*,,
Shrimp Trawl,---,2007,9,3,5,8505,1912,3630,0,0,0,,
Shrimp Trawl,---,2007,9,12,2,6740,*,*,*,*,*,,
Shrimp Trawl,---,2007,9,Total,8,50310,18162,18243,0,0,0,,
Shrimp Trawl,---,2007,12,6,3,4180,2325,2345,229,100,0,,
Shrimp Trawl,---,2007,12,7,2,1200,*,*,*,*,*,,
Shrimp Trawl,---,2007,12,23,1,2760,*,*,*,*,*,,
Shrimp Trawl,---,2007,12,26,12,50340,147230,26859,6366,642,0,,
Shrimp Trawl,---,2007,12,27,1,1200,*,*,*,*,*,,
Shrimp Trawl,---,2007,12,36,3,1800,410,1825,595,0,0,,
Shrimp Trawl,---,2007,12,37,3,630,1425,595,215,0,0,,
Shrimp Trawl,---,2007,12,39,5,11330,8000,0,9175,3912,0,,
Shrimp Trawl,---,2007,12,41,3,1260,130,60,560,500,0,,
Shrimp Trawl,---,2007,12,42,3,3120,900,0,1300,395,0,,
Shrimp Trawl,---,2007,12,Total,14,77820,162400,36848,18440,5549,0,,
Shrimp Trawl,---,2007,13,1,1,1680,*,*,*,*,*,,
Shrimp Trawl,---,2007,13,14,3,8905,5998,1954,0,0,5,,
Shrimp Trawl,---,2007,13,15,1,180,*,*,*,*,*,,
Shrimp Trawl,---,2007,13,Total,4,10765,6703,2324,0,0,30,,
Shrimp Trawl,---,2007,14,1,10,6495,2701,544,115,0,170,,
Shrimp Trawl,---,2007,14,2,10,14920,4366,1516,2,8,136,,
Shrimp Trawl,---,2007,14,3,5,7300,2599,720,0,7,15,,
Shrimp Trawl,---,2007,14,4,2,1530,*,*,*,*,*,,
Shrimp Trawl,---,2007,14,5,10,22520,5545,3389,0,0,37,,
Shrimp Trawl,---,2007,14,6,2,270,*,*,*,*,*,,
Shrimp Trawl,---,2007,14,7,1,60,*,*,*,*,*,,
Shrimp Trawl,---,2007,14,9,13,35640,34952,3426,606,0,136,,
Shrimp Trawl,---,2007,14,12,13,37845,26108,8670,0,0,27,,
Shrimp Trawl,---,2007,14,13,5,22350,19405,4551,0,0,10,,
Shrimp Trawl,---,2007,14,Total,25,148930,96196,23021,723,15,531,,
Shrimp Trawl,---,2007,15,1,10,26070,8736,2229,5,0,0,,
Shrimp Trawl,---,2007,15,2,18,92345,79365,10403,14,0,44,,
Shrimp Trawl,---,2007,15,3,11,26920,33840,1106,9,0,34,,
Shrimp Trawl,---,2007,15,Total,21,145335,121941,13738,28,0,78,,
Shrimp Trawl,---,2007,16,1,14,13420,6373,2454,0,4,8,,
Shrimp Trawl,---,2007,16,2,18,61809,27869,7263,110,0,62,,
Shrimp Trawl,---,2007,16,18,2,420,*,*,*,*,*,,
Shrimp Trawl,---,2007,16,21,4,12215,**,**,**,**,**,,
Shrimp Trawl,---,2007,16,Total,21,87864,37757,10828,120,4,70,,
Shrimp Trawl,---,2007,17,4,1,240,*,*,*,*,*,,
Shrimp Trawl,---,2007,17,6,1,60,*,*,*,*,*,,
Shrimp Trawl,---,2007,17,9,2,570,*,*,*,*,*,,
Shrimp Trawl,---,2007,17,10,1,3720,*,*,*,*,*,,
Shrimp Trawl,---,2007,17,12,2,870,*,*,*,*,*,,
Shrimp Trawl,---,2007,17,13,3,930,890,179,0,0,0,,
Shrimp Trawl,---,2007,17,17,4,19900,1717,450,7549,0,0,,
Shrimp Trawl,---,2007,17,Total,8,26290,4585,1305,7594,0,0,,
Shrimp Trawl,---,2007,18,1,2,5460,*,*,*,*,*,,
Shrimp Trawl,---,2007,18,2,3,2250,573,463,0,926,0,,
Shrimp Trawl,---,2007,18,3,1,20,*,*,*,*,*,,
Shrimp Trawl,---,2007,18,4,22,54240,88653,15710,0,10500,36,,
Shrimp Trawl,---,2007,18,5,2,800,*,*,*,*,*,,
Shrimp Trawl,---,2007,18,6,4,1620,1593,206,0,208,0,,
Shrimp Trawl,---,2007,18,7,1,180,*,*,*,*,*,,
Shrimp Trawl,---,2007,18,9,2,2370,*,*,*,*,*,,
Shrimp Trawl,---,2007,18,11,1,540,*,*,*,*,*,,
Shrimp Trawl,---,2007,18,Total,22,67480,93761,18385,0,12148,37,,
Shrimp Trawl,---,2007,19,5,9,11368,150,835,0,13051,0,,
Shrimp Trawl,---,2007,19,Total,9,11368,150,835,0,13051,0,,
Shrimp Trawl,---,2007,23,4,5,8990,**,**,**,**,**,,
Shrimp Trawl,---,2007,23,5,12,31977,65480,131,0,0,0,,
Shrimp Trawl,---,2007,23,6,15,38945,73950,1113,0,0,26,,
Shrimp Trawl,---,2007,23,7,14,85575,163670,802,1,0,227,,
Shrimp Trawl,---,2007,23,8,2,220,*,*,*,*,*,,
Shrimp Trawl,---,2007,23,Total,16,165707,316966,2390,1,0,253,,
Shrimp Trawl,---,2007,28,1,15,35130,15703,8148,0,0,38,,
Shrimp Trawl,---,2007,28,2,5,1920,1115,317,0,0,5,,
Shrimp Trawl,---,2007,28,3,2,1050,*,*,*,*,*,,
Shrimp Trawl,---,2007,28,4,2,780,*,*,*,*,*,,
Shrimp Trawl,---,2007,28,7,5,8940,4035,2125,0,0,0,,
Shrimp Trawl,---,2007,28,Total,16,47820,21688,10910,0,0,51,,
Shrimp Trawl,---,2007,29,1,13,14370,8906,4528,0,0,4,,
Shrimp Trawl,---,2007,29,2,18,54890,24705,16223,0,0,8,,
Shrimp Trawl,---,2007,29,3,21,119326,40545,28505,470,0,0,,
Shrimp Trawl,---,2007,29,5,4,9047,3782,2674,0,0,34,,
Shrimp Trawl,---,2007,29,Total,28,197633,77938,51930,470,0,46,,
Shrimp Trawl,---,2007,104,3,1,540,*,*,*,*,*,,
Shrimp Trawl,---,2007,104,Total,1,540,*,*,*,*,*,,
Shrimp Trawl,---,2007,123,4,1,570,*,*,*,*,*,,
Shrimp Trawl,---,2007,123,5,2,680,*,*,*,*,*,,
Shrimp Trawl,---,2007,123,6,2,375,*,*,*,*,*,,
Shrimp Trawl,---,2007,123,8,1,20,*,*,*,*,*,,
Shrimp Trawl,---,2007,123,Total,4,1645,2865,95,0,0,90,,
Shrimp Trawl,---,2007,124,1,3,330,60,0,0,0,0,,
Shrimp Trawl,---,2007,124,2,1,20,*,*,*,*,*,,
Shrimp Trawl,---,2007,124,3,1,150,*,*,*,*,*,,
Shrimp Trawl,---,2007,124,Total,3,500,160,0,0,0,0,,
Shrimp Trawl,---,2007,125,5,1,160,*,*,*,*,*,,
Shrimp Trawl,---,2007,125,Total,1,160,*,*,*,*,*,,
Shrimp Trawl,---,2008,2,6,1,80,*,*,*,*,*,,
Shrimp Trawl,---,2008,2,Total,1,80,*,*,*,*,*,,
Shrimp Trawl,---,2008,3,2,3,6595,3281,3729,0,0,0,,
Shrimp Trawl,---,2008,3,4,2,2400,*,*,*,*,*,,
Shrimp Trawl,---,2008,3,6,2,11120,*,*,*,*,*,,
Shrimp Trawl,---,2008,3,7,1,1200,*,*,*,*,*,,
Shrimp Trawl,---,2008,3,9,3,4300,880,3875,0,0,0,,
Shrimp Trawl,---,2008,3,10,3,1780,365,1475,10,0,0,,
Shrimp Trawl,---,2008,3,17,1,450,*,*,*,*,*,,
Shrimp Trawl,---,2008,3,Total,8,27845,4961,20979,81,0,0,,
Shrimp Trawl,---,2008,4,2,1,480,*,*,*,*,*,,
Shrimp Trawl,---,2008,4,5,13,52820,23168,31396,0,0,0,,
Shrimp Trawl,---,2008,4,8,1,100,*,*,*,*,*,,
Shrimp Trawl,---,2008,4,9,15,93515,37068,53099,189,0,6,,
Shrimp Trawl,---,2008,4,10,2,260,*,*,*,*,*,,
Shrimp Trawl,---,2008,4,12,14,42570,31807,23399,591,0,0,,
Shrimp Trawl,---,2008,4,Total,17,189745,93663,108234,820,0,6,,
Shrimp Trawl,---,2008,5,1,6,11610,2862,7810,138,0,0,,
Shrimp Trawl,---,2008,5,2,4,5880,2467,3433,0,0,0,,
Shrimp Trawl,---,2008,5,3,2,1260,*,*,*,*,*,,
Shrimp Trawl,---,2008,5,9,1,10150,*,*,*,*,*,,
Shrimp Trawl,---,2008,5,23,6,6895,2261,4275,416,0,0,,
Shrimp Trawl,---,2008,5,Total,9,35795,17731,20436,554,0,0,,
Shrimp Trawl,---,2008,6,1,3,29152,4384,8661,4262,0,0,,
Shrimp Trawl,---,2008,6,3,1,360,*,*,*,*,*,,
Shrimp Trawl,---,2008,6,4,3,6300,**,**,**,**,**,,
Shrimp Trawl,---,2008,6,Total,4,35812,5369,12652,4274,0,0,,
Shrimp Trawl,---,2008,7,27,1,240,*,*,*,*,*,,
Shrimp Trawl,---,2008,7,Total,1,240,*,*,*,*,*,,
Shrimp Trawl,---,2008,8,14,1,20,*,*,*,*,*,,
Shrimp Trawl,---,2008,8,Total,1,20,*,*,*,*,*,,
Shrimp Trawl,---,2008,9,1,3,20040,12914,6582,0,0,0,,
Shrimp Trawl,---,2008,9,2,1,120,*,*,*,*,*,,
Shrimp Trawl,---,2008,9,3,2,1680,*,*,*,*,*,,
Shrimp Trawl,---,2008,9,12,1,60,*,*,*,*,*,,
Shrimp Trawl,---,2008,9,Total,4,21900,13529,7117,0,0,100,,
Shrimp Trawl,---,2008,10,4,1,300,*,*,*,*,*,,
Shrimp Trawl,---,2008,10,Total,1,300,*,*,*,*,*,,
Shrimp Trawl,---,2008,12,6,1,4260,*,*,*,*,*,,
Shrimp Trawl,---,2008,12,23,1,1320,*,*,*,*,*,,
Shrimp Trawl,---,2008,12,26,7,26410,84450,14871,6592,1080,0,,
Shrimp Trawl,---,2008,12,27,1,270,*,*,*,*,*,,
Shrimp Trawl,---,2008,12,36,2,2340,*,*,*,*,*,,
Shrimp Trawl,---,2008,12,37,1,1005,*,*,*,*,*,,
Shrimp Trawl,---,2008,12,38,1,30,*,*,*,*,*,,
Shrimp Trawl,---,2008,12,39,6,11905,12570,685,12090,1535,39,,
Shrimp Trawl,---,2008,12,40,1,625,*,*,*,*,*,,
Shrimp Trawl,---,2008,12,Total,10,48165,98340,21925,19521,2615,39,,
Shrimp Trawl,---,2008,13,1,1,720,*,*,*,*,*,,
Shrimp Trawl,---,2008,13,14,1,480,*,*,*,*,*,,
Shrimp Trawl,---,2008,13,Total,1,1200,*,*,*,*,*,,
Shrimp Trawl,---,2008,14,1,3,1525,1109,199,0,0,0,,
Shrimp Trawl,---,2008,14,2,4,12290,8884,1351,11,1,25,,
Shrimp Trawl,---,2008,14,3,2,195,*,*,*,*,*,,
Shrimp Trawl,---,2008,14,4,3,10305,7909,1531,33,0,0,,
Shrimp Trawl,---,2008,14,5,4,12700,8485,2513,0,0,108,,
Shrimp Trawl,---,2008,14,6,2,360,*,*,*,*,*,,
Shrimp Trawl,---,2008,14,9,7,29040,39637,2339,18,0,91,,
Shrimp Trawl,---,2008,14,11,1,120,*,*,*,*,*,,
Shrimp Trawl,---,2008,14,12,7,4770,4068,664,0,0,0,,
Shrimp Trawl,---,2008,14,13,4,11320,7977,2398,0,0,0,,
Shrimp Trawl,---,2008,14,Total,11,82625,78915,11075,62,1,224,,
Shrimp Trawl,---,2008,15,1,3,855,**,**,**,**,**,,
Shrimp Trawl,---,2008,15,2,7,16650,17356,1316,14,0,0,,
Shrimp Trawl,---,2008,15,3,4,11350,13885,936,0,0,0,,
Shrimp Trawl,---,2008,15,5,1,1125,*,*,*,*,*,,
Shrimp Trawl,---,2008,15,Total,7,29980,35240,2460,14,0,0,,
Shrimp Trawl,---,2008,16,1,1,295,*,*,*,*,*,,
Shrimp Trawl,---,2008,16,2,5,2490,1403,342,0,0,0,,
Shrimp Trawl,---,2008,16,21,3,405,**,**,**,**,**,,
Shrimp Trawl,---,2008,16,Total,8,3190,2303,442,0,0,0,,
Shrimp Trawl,---,2008,17,1,1,240,*,*,*,*,*,,
Shrimp Trawl,---,2008,17,4,1,180,*,*,*,*,*,,
Shrimp Trawl,---,2008,17,6,3,2520,332,650,0,0,0,,
Shrimp Trawl,---,2008,17,9,5,14305,1900,3282,0,0,0,,
Shrimp Trawl,---,2008,17,10,2,4440,*,*,*,*,*,,
Shrimp Trawl,---,2008,17,11,1,120,*,*,*,*,*,,
Shrimp Trawl,---,2008,17,12,1,160,*,*,*,*,*,,
Shrimp Trawl,---,2008,17,13,1,100,*,*,*,*,*,,
Shrimp Trawl,---,2008,17,17,2,5520,*,*,*,*,*,,
Shrimp Trawl,---,2008,17,Total,7,27585,3322,5005,1352,0,0,,
Shrimp Trawl,---,2008,18,1,3,750,160,170,0,0,0,,
Shrimp Trawl,---,2008,18,2,6,5460,2815,578,0,1024,0,,
Shrimp Trawl,---,2008,18,3,1,900,*,*,*,*,*,,
Shrimp Trawl,---,2008,18,4,13,81795,131627,14486,414,4215,8,,
Shrimp Trawl,---,2008,18,5,1,90,*,*,*,*,*,,
Shrimp Trawl,---,2008,18,6,7,6990,6755,200,35,1542,0,,
Shrimp Trawl,---,2008,18,9,4,3780,1540,531,0,625,0,,
Shrimp Trawl,---,2008,18,11,1,1080,*,*,*,*,*,,
Shrimp Trawl,---,2008,18,Total,13,100845,143687,16290,449,7836,8,,
Shrimp Trawl,---,2008,19,4,1,60,*,*,*,*,*,,
Shrimp Trawl,---,2008,19,5,7,43735,**,**,**,**,**,,
Shrimp Trawl,---,2008,19,Total,7,43795,9451,2403,610,33747,0,,
Shrimp Trawl,---,2008,23,4,5,3445,**,**,**,**,**,,
Shrimp Trawl,---,2008,23,5,11,23895,75345,262,0,0,4,,
Shrimp Trawl,---,2008,23,6,11,30165,89120,2369,0,0,55,,
Shrimp Trawl,---,2008,23,7,13,81355,197695,1879,10,0,60,,
Shrimp Trawl,---,2008,23,11,1,150,*,*,*,*,*,,
Shrimp Trawl,---,2008,23,Total,13,139010,367020,4769,10,5,134,,
Shrimp Trawl,---,2008,28,1,13,46130,17409,8121,0,0,18,,
Shrimp Trawl,---,2008,28,2,6,8505,10050,2682,0,0,646,,
Shrimp Trawl,---,2008,28,3,4,3360,2450,675,0,0,0,,
Shrimp Trawl,---,2008,28,4,6,5920,2175,917,0,0,0,,
Shrimp Trawl,---,2008,28,7,9,8910,8745,1586,0,0,0,,
Shrimp Trawl,---,2008,28,Total,18,72825,40829,13981,0,0,664,,
Shrimp Trawl,---,2008,29,1,10,10515,5737,1677,0,0,0,,
Shrimp Trawl,---,2008,29,2,14,55350,17751,7518,0,0,2,,
Shrimp Trawl,---,2008,29,3,21,198847,87311,40130,375,0,744,,
Shrimp Trawl,---,2008,29,4,3,1320,855,262,0,0,0,,
Shrimp Trawl,---,2008,29,5,4,3255,1367,1124,0,0,0,,
Shrimp Trawl,---,2008,29,Total,26,269287,113021,50711,375,0,746,,
Shrimp Trawl,---,2008,121,2,1,30,*,*,*,*,*,,
Shrimp Trawl,---,2008,121,Total,1,30,*,*,*,*,*,,
Shrimp Trawl,---,2008,123,2,1,120,*,*,*,*,*,,
Shrimp Trawl,---,2008,123,3,5,3605,12920,145,0,0,0,,
Shrimp Trawl,---,2008,123,4,4,930,2110,10,0,0,0,,
Shrimp Trawl,---,2008,123,5,2,390,*,*,*,*,*,,
Shrimp Trawl,---,2008,123,6,1,120,*,*,*,*,*,,
Shrimp Trawl,---,2008,123,Total,5,5165,16440,195,0,0,0,,
Shrimp Trawl,---,2008,124,1,1,45,*,*,*,*,*,,
Shrimp Trawl,---,2008,124,Total,1,45,*,*,*,*,*,,
Shrimp Trawl,---,2009,3,2,4,11580,2460,4227,0,0,0,,
Shrimp Trawl,---,2009,3,3,1,145,*,*,*,*,*,,
Shrimp Trawl,---,2009,3,4,1,3150,*,*,*,*,*,,
Shrimp Trawl,---,2009,3,6,3,3500,78,875,345,0,30,,
Shrimp Trawl,---,2009,3,7,1,960,*,*,*,*,*,,
Shrimp Trawl,---,2009,3,9,3,6000,1385,3092,75,0,34,,
Shrimp Trawl,---,2009,3,10,1,300,*,*,*,*,*,,
Shrimp Trawl,---,2009,3,12,1,600,*,*,*,*,*,,
Shrimp Trawl,---,2009,3,Total,8,26235,4568,10037,420,0,104,,
Shrimp Trawl,---,2009,4,2,2,2520,*,*,*,*,*,,
Shrimp Trawl,---,2009,4,5,14,76271,8012,41124,270,2,0,,
Shrimp Trawl,---,2009,4,9,15,134523,21864,89664,3586,0,7,,
Shrimp Trawl,---,2009,4,10,2,150,*,*,*,*,*,,
Shrimp Trawl,---,2009,4,12,15,26465,26239,11197,2620,0,0,,
Shrimp Trawl,---,2009,4,13,1,60,*,*,*,*,*,,
Shrimp Trawl,---,2009,4,Total,19,239989,56375,143418,6501,2,7,,
Shrimp Trawl,---,2009,5,1,8,18220,2415,14419,195,30,0,,
Shrimp Trawl,---,2009,5,2,3,7050,0,5280,0,0,0,,
Shrimp Trawl,---,2009,5,4,1,120,*,*,*,*,*,,
Shrimp Trawl,---,2009,5,8,1,60,*,*,*,*,*,,
Shrimp Trawl,---,2009,5,14,1,35,*,*,*,*,*,,
Shrimp Trawl,---,2009,5,23,5,8100,1000,5576,109,0,0,,
Shrimp Trawl,---,2009,5,Total,10,33585,3440,25283,364,30,0,,
Shrimp Trawl,---,2009,6,1,3,23240,0,7600,4192,0,0,,
Shrimp Trawl,---,2009,6,4,3,11020,45,6874,15,0,0,,
Shrimp Trawl,---,2009,6,Total,3,34260,45,14474,4207,0,0,,
Shrimp Trawl,---,2009,7,12,1,0,*,*,*,*,*,,
Shrimp Trawl,---,2009,7,14,3,5350,0,4,5259,0,0,,
Shrimp Trawl,---,2009,7,15,1,105,*,*,*,*,*,,
Shrimp Trawl,---,2009,7,30,1,330,*,*,*,*,*,,
Shrimp Trawl,---,2009,7,Total,3,5785,0,36,5456,0,0,,
Shrimp Trawl,---,2009,9,1,2,8430,*,*,*,*,*,,
Shrimp Trawl,---,2009,9,12,1,1000,*,*,*,*,*,,
Shrimp Trawl,---,2009,9,Total,2,9430,*,*,*,*,*,,
Shrimp Trawl,---,2009,12,6,6,4270,3125,4040,1070,100,0,,
Shrimp Trawl,---,2009,12,7,2,1080,*,*,*,*,*,,
Shrimp Trawl,---,2009,12,13,1,180,*,*,*,*,*,,
Shrimp Trawl,---,2009,12,23,1,90,*,*,*,*,*,,
Shrimp Trawl,---,2009,12,26,8,23875,110570,18047,2364,0,0,,
Shrimp Trawl,---,2009,12,27,1,480,*,*,*,*,*,,
Shrimp Trawl,---,2009,12,36,2,1630,*,*,*,*,*,,
Shrimp Trawl,---,2009,12,37,1,300,*,*,*,*,*,,
Shrimp Trawl,---,2009,12,39,7,18550,24370,441,13699,980,0,,
Shrimp Trawl,---,2009,12,40,1,1464,*,*,*,*,*,,
Shrimp Trawl,---,2009,12,41,1,360,*,*,*,*,*,,
Shrimp Trawl,---,2009,12,Total,12,52279,138065,26637,18049,1080,0,,
Shrimp Trawl,---,2009,13,1,1,60,*,*,*,*,*,,
Shrimp Trawl,---,2009,13,15,1,40,*,*,*,*,*,,
Shrimp Trawl,---,2009,13,24,2,1020,*,*,*,*,*,,
Shrimp Trawl,---,2009,13,Total,3,1120,140,10,595,0,0,,
Shrimp Trawl,---,2009,14,1,3,1580,757,201,0,0,0,,
Shrimp Trawl,---,2009,14,2,5,10805,7886,1400,0,0,18,,
Shrimp Trawl,---,2009,14,3,4,4720,3241,636,0,0,37,,
Shrimp Trawl,---,2009,14,4,3,2105,1021,445,0,0,3,,
Shrimp Trawl,---,2009,14,5,3,7005,1026,992,0,0,80,,
Shrimp Trawl,---,2009,14,6,2,300,*,*,*,*,*,,
Shrimp Trawl,---,2009,14,7,1,90,*,*,*,*,*,,
Shrimp Trawl,---,2009,14,9,4,19395,29670,2866,0,0,50,,
Shrimp Trawl,---,2009,14,12,5,23400,28765,6781,0,0,20,,
Shrimp Trawl,---,2009,14,13,2,960,*,*,*,*,*,,
Shrimp Trawl,---,2009,14,Total,10,70360,73281,13478,0,0,208,,
Shrimp Trawl,---,2009,15,1,2,480,*,*,*,*,*,,
Shrimp Trawl,---,2009,15,2,6,12095,7590,2728,4,0,0,,
Shrimp Trawl,---,2009,15,3,4,1755,**,**,**,**,**,,
Shrimp Trawl,---,2009,15,Total,7,14330,8440,3451,4,0,0,,
Shrimp Trawl,---,2009,16,0,1,360,*,*,*,*,*,,
Shrimp Trawl,---,2009,16,1,8,4370,939,879,0,0,0,,
Shrimp Trawl,---,2009,16,2,13,26125,47834,3715,0,0,3,,
Shrimp Trawl,---,2009,16,18,1,180,*,*,*,*,*,,
Shrimp Trawl,---,2009,16,21,3,4085,2881,647,0,0,50,,
Shrimp Trawl,---,2009,16,Total,17,35120,59369,5276,0,0,53,,
Shrimp Trawl,---,2009,17,2,2,60,*,*,*,*,*,,
Shrimp Trawl,---,2009,17,4,2,1710,*,*,*,*,*,,
Shrimp Trawl,---,2009,17,6,3,2710,895,589,0,0,0,,
Shrimp Trawl,---,2009,17,9,6,9485,2023,2076,55,0,0,,
Shrimp Trawl,---,2009,17,10,2,5950,*,*,*,*,*,,
Shrimp Trawl,---,2009,17,12,2,200,*,*,*,*,*,,
Shrimp Trawl,---,2009,17,13,3,1735,515,745,0,0,0,,
Shrimp Trawl,---,2009,17,Total,8,21850,4364,4608,483,2,0,,
Shrimp Trawl,---,2009,18,1,1,120,*,*,*,*,*,,
Shrimp Trawl,---,2009,18,2,1,120,*,*,*,*,*,,
Shrimp Trawl,---,2009,18,3,1,130,*,*,*,*,*,,
Shrimp Trawl,---,2009,18,4,8,5196,546,1789,0,63,4,,
Shrimp Trawl,---,2009,18,6,3,345,137,20,0,85,0,,
Shrimp Trawl,---,2009,18,9,1,120,*,*,*,*,*,,
Shrimp Trawl,---,2009,18,Total,8,6031,798,1839,3,378,4,,
Shrimp Trawl,---,2009,19,5,4,9159,243,205,209,10662,0,,
Shrimp Trawl,---,2009,19,Total,4,9159,243,205,209,10662,0,,
Shrimp Trawl,---,2009,23,4,3,1120,2370,125,0,0,0,,
Shrimp Trawl,---,2009,23,5,11,13840,61820,566,0,0,5,,
Shrimp Trawl,---,2009,23,6,10,27965,162305,3917,0,0,55,,
Shrimp Trawl,---,2009,23,7,12,33562,140338,1904,0,0,39,,
Shrimp Trawl,---,2009,23,8,1,360,*,*,*,*,*,,
Shrimp Trawl,---,2009,23,11,1,120,*,*,*,*,*,,
Shrimp Trawl,---,2009,23,Total,12,76967,368893,6642,0,0,99,,
Shrimp Trawl,---,2009,24,2,1,300,*,*,*,*,*,,
Shrimp Trawl,---,2009,24,3,1,4260,*,*,*,*,*,,
Shrimp Trawl,---,2009,24,4,1,60,*,*,*,*,*,,
Shrimp Trawl,---,2009,24,10,1,350,*,*,*,*,*,,
Shrimp Trawl,---,2009,24,Total,1,4970,*,*,*,*,*,,
Shrimp Trawl,---,2009,28,1,14,42885,25162,6533,0,0,5,,
Shrimp Trawl,---,2009,28,2,4,6600,11170,425,0,0,100,,
Shrimp Trawl,---,2009,28,3,4,4920,2620,852,0,0,0,,
Shrimp Trawl,---,2009,28,4,5,11580,2172,2433,0,0,0,,
Shrimp Trawl,---,2009,28,7,5,3570,3535,528,0,0,100,,
Shrimp Trawl,---,2009,28,Total,15,69555,44659,10771,0,0,205,,
Shrimp Trawl,---,2009,29,1,11,19663,14663,2958,2,0,0,,
Shrimp Trawl,---,2009,29,2,15,65635,44988,11149,3,0,36,,
Shrimp Trawl,---,2009,29,3,16,324615,183816,62658,0,0,965,,
Shrimp Trawl,---,2009,29,4,1,180,*,*,*,*,*,,
Shrimp Trawl,---,2009,29,5,1,2540,*,*,*,*,*,,
Shrimp Trawl,---,2009,29,Total,20,412633,244197,77623,5,0,1001,,
Shrimp Trawl,---,2009,123,3,1,390,*,*,*,*,*,,
Shrimp Trawl,---,2009,123,5,1,165,*,*,*,*,*,,
Shrimp Trawl,---,2009,123,6,1,90,*,*,*,*,*,,
Shrimp Trawl,---,2009,123,Total,1,645,*,*,*,*,*,,
Shrimp Trawl,---,2009,124,1,1,20,*,*,*,*,*,,
Shrimp Trawl,---,2009,124,Total,1,20,*,*,*,*,*,,
Shrimp Trawl,---,2010,3,2,1,120,*,*,*,*,*,,
Shrimp Trawl,---,2010,3,4,1,180,*,*,*,*,*,,
Shrimp Trawl,---,2010,3,6,1,1830,*,*,*,*,*,,
Shrimp Trawl,---,2010,3,7,1,60,*,*,*,*,*,,
Shrimp Trawl,---,2010,3,9,2,1770,*,*,*,*,*,,
Shrimp Trawl,---,2010,3,10,1,270,*,*,*,*,*,,
Shrimp Trawl,---,2010,3,17,1,60,*,*,*,*,*,,
Shrimp Trawl,---,2010,3,Total,4,4290,519,2700,50,0,0,,
Shrimp Trawl,---,2010,4,2,2,1770,*,*,*,*,*,,
Shrimp Trawl,---,2010,4,4,1,90,*,*,*,*,*,,
Shrimp Trawl,---,2010,4,5,7,34590,7961,26758,85,0,0,,
Shrimp Trawl,---,2010,4,9,9,52963,5450,37163,558,0,0,,
Shrimp Trawl,---,2010,4,10,1,20,*,*,*,*,*,,
Shrimp Trawl,---,2010,4,12,8,20370,12710,16067,1190,0,20,,
Shrimp Trawl,---,2010,4,Total,10,109803,26121,82523,1833,0,20,,
Shrimp Trawl,---,2010,5,1,5,3030,540,2951,0,0,10,,
Shrimp Trawl,---,2010,5,2,2,3450,*,*,*,*,*,,
Shrimp Trawl,---,2010,5,23,2,210,*,*,*,*,*,,
Shrimp Trawl,---,2010,5,Total,5,6690,840,6767,0,0,10,,
Shrimp Trawl,---,2010,6,1,1,2490,*,*,*,*,*,,
Shrimp Trawl,---,2010,6,4,2,645,*,*,*,*,*,,
Shrimp Trawl,---,2010,6,Total,2,3135,*,*,*,*,*,,
Shrimp Trawl,---,2010,7,14,1,120,*,*,*,*,*,,
Shrimp Trawl,---,2010,7,Total,1,120,*,*,*,*,*,,
Shrimp Trawl,---,2010,9,1,4,26800,17110,12536,0,0,0,,
Shrimp Trawl,---,2010,9,3,1,630,*,*,*,*,*,,
Shrimp Trawl,---,2010,9,10,1,180,*,*,*,*,*,,
Shrimp Trawl,---,2010,9,12,3,5965,2215,2190,0,0,0,,
Shrimp Trawl,---,2010,9,Total,4,33575,19535,15021,0,0,0,,
Shrimp Trawl,---,2010,10,3,1,30,*,*,*,*,*,,
Shrimp Trawl,---,2010,10,4,1,30,*,*,*,*,*,,
Shrimp Trawl,---,2010,10,Total,1,60,*,*,*,*,*,,
Shrimp Trawl,---,2010,12,5,1,1080,*,*,*,*,*,,
Shrimp Trawl,---,2010,12,6,3,4850,740,1650,1935,550,0,,
Shrimp Trawl,---,2010,12,8,1,360,*,*,*,*,*,,
Shrimp Trawl,---,2010,12,26,6,52280,122150,42715,1311,10,20,,
Shrimp Trawl,---,2010,12,27,1,2190,*,*,*,*,*,,
Shrimp Trawl,---,2010,12,28,1,120,*,*,*,*,*,,
Shrimp Trawl,---,2010,12,35,1,600,*,*,*,*,*,,
Shrimp Trawl,---,2010,12,36,2,3240,*,*,*,*,*,,
Shrimp Trawl,---,2010,12,37,1,60,*,*,*,*,*,,
Shrimp Trawl,---,2010,12,39,7,19370,33325,2340,8611,370,0,,
Shrimp Trawl,---,2010,12,42,1,120,*,*,*,*,*,,
Shrimp Trawl,---,2010,12,Total,10,84270,166170,53175,13977,930,20,,
Shrimp Trawl,---,2010,13,23,1,60,*,*,*,*,*,,
Shrimp Trawl,---,2010,13,Total,1,60,*,*,*,*,*,,
Shrimp Trawl,---,2010,14,1,6,3740,4191,499,0,0,0,,
Shrimp Trawl,---,2010,14,2,6,9540,4170,2738,0,0,5,,
Shrimp Trawl,---,2010,14,3,1,2760,*,*,*,*,*,,
Shrimp Trawl,---,2010,14,4,1,3180,*,*,*,*,*,,
Shrimp Trawl,---,2010,14,5,6,6550,3306,1762,0,0,55,,
Shrimp Trawl,---,2010,14,6,2,270,*,*,*,*,*,,
Shrimp Trawl,---,2010,14,9,9,45525,92202,7262,0,0,20,,
Shrimp Trawl,---,2010,14,12,9,23010,36715,4197,0,0,25,,
Shrimp Trawl,---,2010,14,13,2,8400,*,*,*,*,*,,
Shrimp Trawl,---,2010,14,Total,12,102975,154939,19843,0,0,125,,
Shrimp Trawl,---,2010,15,1,6,4880,**,**,**,**,**,,
Shrimp Trawl,---,2010,15,2,10,35010,37227,10468,0,0,0,,
Shrimp Trawl,---,2010,15,3,4,6570,11240,2671,0,0,0,,
Shrimp Trawl,---,2010,15,5,1,125,*,*,*,*,*,,
Shrimp Trawl,---,2010,15,Total,11,46585,50752,14264,0,0,0,,
Shrimp Trawl,---,2010,16,0,1,360,*,*,*,*,*,,
Shrimp Trawl,---,2010,16,1,9,7650,11470,923,1100,0,0,,
Shrimp Trawl,---,2010,16,2,12,59095,92635,6250,2650,0,4,,
Shrimp Trawl,---,2010,16,18,1,570,*,*,*,*,*,,
Shrimp Trawl,---,2010,16,21,4,2280,2250,568,0,0,0,,
Shrimp Trawl,---,2010,16,Total,16,69955,110855,7759,3750,0,4,,
Shrimp Trawl,---,2010,17,4,1,2280,*,*,*,*,*,,
Shrimp Trawl,---,2010,17,6,4,3680,595,1310,125,0,0,,
Shrimp Trawl,---,2010,17,9,5,18314,3428,6416,404,0,0,,
Shrimp Trawl,---,2010,17,10,1,420,*,*,*,*,*,,
Shrimp Trawl,---,2010,17,12,2,120,*,*,*,*,*,,
Shrimp Trawl,---,2010,17,13,3,240,95,37,0,0,0,,
Shrimp Trawl,---,2010,17,17,1,126,*,*,*,*,*,,
Shrimp Trawl,---,2010,17,Total,9,25180,4238,7893,1434,0,0,,
Shrimp Trawl,---,2010,18,0,1,240,*,*,*,*,*,,
Shrimp Trawl,---,2010,18,3,1,60,*,*,*,*,*,,
Shrimp Trawl,---,2010,18,4,3,3630,277,1242,30,33,55,,
Shrimp Trawl,---,2010,18,6,2,125,*,*,*,*,*,,
Shrimp Trawl,---,2010,18,Total,4,4055,315,1352,38,265,95,,
Shrimp Trawl,---,2010,23,4,3,1690,**,**,**,**,**,,
Shrimp Trawl,---,2010,23,5,2,270,*,*,*,*,*,,
Shrimp Trawl,---,2010,23,6,7,11155,15520,3990,0,0,115,,
Shrimp Trawl,---,2010,23,7,8,22610,23480,4070,0,0,92,,
Shrimp Trawl,---,2010,23,Total,8,35725,40200,8312,0,0,207,,
Shrimp Trawl,---,2010,24,2,1,240,*,*,*,*,*,,
Shrimp Trawl,---,2010,24,3,1,810,*,*,*,*,*,,
Shrimp Trawl,---,2010,24,Total,1,1050,*,*,*,*,*,,
Shrimp Trawl,---,2010,28,1,13,38346,16538,8707,0,0,6,,
Shrimp Trawl,---,2010,28,2,3,1800,1819,125,0,0,3,,
Shrimp Trawl,---,2010,28,3,3,3780,3975,1295,0,0,0,,
Shrimp Trawl,---,2010,28,4,5,4260,1419,485,0,0,0,,
Shrimp Trawl,---,2010,28,7,6,2310,1855,632,0,0,3,,
Shrimp Trawl,---,2010,28,Total,15,50496,25606,11244,0,0,12,,
Shrimp Trawl,---,2010,29,1,10,27530,13237,5360,0,0,2,,
Shrimp Trawl,---,2010,29,2,20,91209,66553,39733,0,0,12,,
Shrimp Trawl,---,2010,29,3,17,249545,101994,57943,0,0,17,,
Shrimp Trawl,---,2010,29,4,1,180,*,*,*,*,*,,
Shrimp Trawl,---,2010,29,5,1,2180,*,*,*,*,*,,
Shrimp Trawl,---,2010,29,10,1,180,*,*,*,*,*,,
Shrimp Trawl,---,2010,29,12,1,180,*,*,*,*,*,,
Shrimp Trawl,---,2010,29,Total,22,371004,182367,104147,0,0,31,,
Shrimp Trawl,---,2010,123,1,1,60,*,*,*,*,*,,
Shrimp Trawl,---,2010,123,2,1,255,*,*,*,*,*,,
Shrimp Trawl,---,2010,123,3,3,360,0,300,0,0,0,,
Shrimp Trawl,---,2010,123,4,1,450,*,*,*,*,*,,
Shrimp Trawl,---,2010,123,5,2,780,*,*,*,*,*,,
Shrimp Trawl,---,2010,123,Total,3,1905,0,2600,0,0,0,,
Shrimp Trawl,---,2010,124,3,1,30,*,*,*,*,*,,
Shrimp Trawl,---,2010,124,Total,1,30,*,*,*,*,*,,
Shrimp Trawl,---,2010,125,4,1,30,*,*,*,*,*,,
Shrimp Trawl,---,2010,125,Total,1,30,*,*,*,*,*,,
Shrimp Trawl,---,2011,3,2,1,420,*,*,*,*,*,,
Shrimp Trawl,---,2011,3,6,1,3600,*,*,*,*,*,,
Shrimp Trawl,---,2011,3,8,1,300,*,*,*,*,*,,
Shrimp Trawl,---,2011,3,9,2,360,*,*,*,*,*,,
Shrimp Trawl,---,2011,3,10,1,150,*,*,*,*,*,,
Shrimp Trawl,---,2011,3,17,1,490,*,*,*,*,*,,
Shrimp Trawl,---,2011,3,Total,3,5320,987,4397,10,0,0,,
Shrimp Trawl,---,2011,4,2,2,12360,*,*,*,*,*,,
Shrimp Trawl,---,2011,4,5,5,24640,7036,20808,0,0,0,,
Shrimp Trawl,---,2011,4,9,6,68007,23850,52202,157,0,0,,
Shrimp Trawl,---,2011,4,10,2,750,*,*,*,*,*,,
Shrimp Trawl,---,2011,4,12,6,21085,23008,14625,375,0,0,,
Shrimp Trawl,---,2011,4,13,1,420,*,*,*,*,*,,
Shrimp Trawl,---,2011,4,Total,9,127262,64632,113741,1133,10,0,,
Shrimp Trawl,---,2011,5,1,5,6150,2340,3703,0,0,0,,
Shrimp Trawl,---,2011,5,2,2,2850,*,*,*,*,*,,
Shrimp Trawl,---,2011,5,23,2,11315,*,*,*,*,*,,
Shrimp Trawl,---,2011,5,Total,6,20315,4600,7733,6448,0,0,,
Shrimp Trawl,---,2011,6,1,2,5665,*,*,*,*,*,,
Shrimp Trawl,---,2011,6,4,1,425,*,*,*,*,*,,
Shrimp Trawl,---,2011,6,Total,2,6090,*,*,*,*,*,,
Shrimp Trawl,---,2011,7,12,1,30,*,*,*,*,*,,
Shrimp Trawl,---,2011,7,14,1,1740,*,*,*,*,*,,
Shrimp Trawl,---,2011,7,28,1,30,*,*,*,*,*,,
Shrimp Trawl,---,2011,7,Total,2,1800,*,*,*,*,*,,
Shrimp Trawl,---,2011,9,1,3,15815,4025,5095,0,0,0,,
Shrimp Trawl,---,2011,9,3,1,1080,*,*,*,*,*,,
Shrimp Trawl,---,2011,9,10,1,30,*,*,*,*,*,,
Shrimp Trawl,---,2011,9,12,1,1200,*,*,*,*,*,,
Shrimp Trawl,---,2011,9,Total,3,18125,4885,5940,0,0,0,,
Shrimp Trawl,---,2011,12,6,2,3340,*,*,*,*,*,,
Shrimp Trawl,---,2011,12,23,1,120,*,*,*,*,*,,
Shrimp Trawl,---,2011,12,24,1,60,*,*,*,*,*,,
Shrimp Trawl,---,2011,12,26,7,35308,123175,40004,169,0,0,,
Shrimp Trawl,---,2011,12,27,2,1260,*,*,*,*,*,,
Shrimp Trawl,---,2011,12,36,1,1200,*,*,*,*,*,,
Shrimp Trawl,---,2011,12,37,1,30,*,*,*,*,*,,
Shrimp Trawl,---,2011,12,39,4,11235,33685,670,3078,780,0,,
Shrimp Trawl,---,2011,12,40,1,60,*,*,*,*,*,,
Shrimp Trawl,---,2011,12,Total,8,52613,165430,50367,5282,895,0,,
Shrimp Trawl,---,2011,13,14,1,960,*,*,*,*,*,,
Shrimp Trawl,---,2011,13,24,1,120,*,*,*,*,*,,
Shrimp Trawl,---,2011,13,Total,2,1080,*,*,*,*,*,,
Shrimp Trawl,---,2011,14,1,3,2550,1120,1220,0,0,0,,
Shrimp Trawl,---,2011,14,2,3,4500,1793,2550,0,0,0,,
Shrimp Trawl,---,2011,14,3,1,540,*,*,*,*,*,,
Shrimp Trawl,---,2011,14,9,1,17340,*,*,*,*,*,,
Shrimp Trawl,---,2011,14,12,3,5190,7440,2343,0,0,0,,
Shrimp Trawl,---,2011,14,13,3,7215,9775,4102,0,0,0,,
Shrimp Trawl,---,2011,14,Total,8,37335,52118,16032,0,0,0,,
Shrimp Trawl,---,2011,15,1,7,23910,11460,6108,0,0,0,,
Shrimp Trawl,---,2011,15,2,14,117025,122034,33539,238,0,0,,
Shrimp Trawl,---,2011,15,3,7,20030,16368,12612,0,0,0,,
Shrimp Trawl,---,2011,15,Total,16,160965,149862,52259,238,0,0,,
Shrimp Trawl,---,2011,16,1,11,12675,10750,2376,0,0,0,,
Shrimp Trawl,---,2011,16,2,18,62955,51033,11759,0,0,0,,
Shrimp Trawl,---,2011,16,18,1,180,*,*,*,*,*,,
Shrimp Trawl,---,2011,16,21,4,8610,**,**,**,**,**,,
Shrimp Trawl,---,2011,16,Total,21,84420,69271,16409,0,0,0,,
Shrimp Trawl,---,2011,17,1,1,180,*,*,*,*,*,,
Shrimp Trawl,---,2011,17,2,1,360,*,*,*,*,*,,
Shrimp Trawl,---,2011,17,4,1,5680,*,*,*,*,*,,
Shrimp Trawl,---,2011,17,6,3,9010,767,2834,0,0,0,,
Shrimp Trawl,---,2011,17,8,2,300,*,*,*,*,*,,
Shrimp Trawl,---,2011,17,9,4,34695,4422,9968,0,0,0,,
Shrimp Trawl,---,2011,17,10,1,120,*,*,*,*,*,,
Shrimp Trawl,---,2011,17,11,4,1530,695,430,0,0,0,,
Shrimp Trawl,---,2011,17,13,1,150,*,*,*,*,*,,
Shrimp Trawl,---,2011,17,17,1,180,*,*,*,*,*,,
Shrimp Trawl,---,2011,17,Total,8,52205,6214,13647,1783,0,0,,
Shrimp Trawl,---,2011,23,4,2,485,*,*,*,*,*,,
Shrimp Trawl,---,2011,23,6,2,110,*,*,*,*,*,,
Shrimp Trawl,---,2011,23,7,3,10585,2716,2580,0,0,22,,
Shrimp Trawl,---,2011,23,Total,3,11180,2953,2723,0,0,22,,
Shrimp Trawl,---,2011,28,1,13,22560,10832,7313,20,30,0,,
Shrimp Trawl,---,2011,28,2,2,300,*,*,*,*,*,,
Shrimp Trawl,---,2011,28,3,3,2250,812,918,0,0,0,,
Shrimp Trawl,---,2011,28,4,5,6180,3514,2112,0,0,0,,
Shrimp Trawl,---,2011,28,6,1,180,*,*,*,*,*,,
Shrimp Trawl,---,2011,28,7,8,22580,11450,5639,0,0,0,,
Shrimp Trawl,---,2011,28,Total,16,54050,26783,16177,20,30,0,,
Shrimp Trawl,---,2011,29,1,5,8130,7135,3380,0,0,0,,
Shrimp Trawl,---,2011,29,2,13,48645,15501,18919,65,85,0,,
Shrimp Trawl,---,2011,29,3,18,185480,85245,57139,30,30,140,,
Shrimp Trawl,---,2011,29,4,1,180,*,*,*,*,*,,
Shrimp Trawl,---,2011,29,5,2,1760,*,*,*,*,*,,
Shrimp Trawl,---,2011,29,10,1,0,*,*,*,*,*,,
Shrimp Trawl,---,2011,29,Total,19,244195,108628,81097,95,115,140,,
Shrimp Trawl,---,2011,123,6,1,60,*,*,*,*,*,,
Shrimp Trawl,---,2011,123,Total,1,60,*,*,*,*,*,,
Shrimp Trawl,---,2011,124,1,1,30,*,*,*,*,*,,
Shrimp Trawl,---,2011,124,2,3,12785,**,**,**,**,**,,
Shrimp Trawl,---,2011,124,Total,3,12815,148540,0,0,0,0,,
Shrimp Trawl,---,2012,3,2,2,260,*,*,*,*,*,,
Shrimp Trawl,---,2012,3,9,2,450,*,*,*,*,*,,
Shrimp Trawl,---,2012,3,10,1,240,*,*,*,*,*,,
Shrimp Trawl,---,2012,3,12,1,900,*,*,*,*,*,,
Shrimp Trawl,---,2012,3,Total,4,1850,363,856,15,0,0,,
Shrimp Trawl,---,2012,4,5,6,17520,5621,13896,0,0,0,,
Shrimp Trawl,---,2012,4,9,9,70697,21042,41091,0,0,0,,
Shrimp Trawl,---,2012,4,10,1,60,*,*,*,*,*,,
Shrimp Trawl,---,2012,4,12,7,31830,22175,13330,0,0,0,,
Shrimp Trawl,---,2012,4,13,1,180,*,*,*,*,*,,
Shrimp Trawl,---,2012,4,Total,10,120287,49278,68522,0,0,0,,
Shrimp Trawl,---,2012,5,1,5,19680,3080,13837,0,0,0,,
Shrimp Trawl,---,2012,5,2,3,2250,**,**,**,**,**,,
Shrimp Trawl,---,2012,5,9,1,360,*,*,*,*,*,,
Shrimp Trawl,---,2012,5,23,3,2900,645,1404,1720,0,0,,
Shrimp Trawl,---,2012,5,Total,6,25190,4290,17235,1720,0,0,,
Shrimp Trawl,---,2012,6,1,2,11050,*,*,*,*,*,,
Shrimp Trawl,---,2012,6,4,2,4710,*,*,*,*,*,,
Shrimp Trawl,---,2012,6,18,1,2400,*,*,*,*,*,,
Shrimp Trawl,---,2012,6,Total,3,18160,13400,7531,4107,0,0,,
Shrimp Trawl,---,2012,7,14,2,3540,*,*,*,*,*,,
Shrimp Trawl,---,2012,7,28,1,360,*,*,*,*,*,,
Shrimp Trawl,---,2012,7,Total,2,3900,*,*,*,*,*,,
Shrimp Trawl,---,2012,8,7,1,1200,*,*,*,*,*,,
Shrimp Trawl,---,2012,8,14,1,50,*,*,*,*,*,,
Shrimp Trawl,---,2012,8,Total,2,1250,*,*,*,*,*,,
Shrimp Trawl,---,2012,9,1,3,3004,585,1697,0,0,0,,
Shrimp Trawl,---,2012,9,3,1,720,*,*,*,*,*,,
Shrimp Trawl,---,2012,9,12,2,1455,*,*,*,*,*,,
Shrimp Trawl,---,2012,9,Total,4,5179,1124,2993,0,0,0,,
Shrimp Trawl,---,2012,12,6,2,600,*,*,*,*,*,,
Shrimp Trawl,---,2012,12,26,10,63176,195074,57700,869,0,12,,
Shrimp Trawl,---,2012,12,27,1,880,*,*,*,*,*,,
Shrimp Trawl,---,2012,12,37,2,550,*,*,*,*,*,,
Shrimp Trawl,---,2012,12,39,4,16560,22290,80,11135,1423,0,,
Shrimp Trawl,---,2012,12,Total,12,81766,222254,63275,12004,1423,12,,
Shrimp Trawl,---,2012,13,1,2,190,*,*,*,*,*,,
Shrimp Trawl,---,2012,13,14,3,2030,**,**,**,**,**,,
Shrimp Trawl,---,2012,13,Total,3,2220,1155,1305,0,0,0,,
Shrimp Trawl,---,2012,14,1,3,2760,1956,567,0,0,0,,
Shrimp Trawl,---,2012,14,2,3,10260,5220,4105,0,0,0,,
Shrimp Trawl,---,2012,14,3,5,6230,6145,1070,0,0,0,,
Shrimp Trawl,---,2012,14,4,3,1560,603,574,0,0,0,,
Shrimp Trawl,---,2012,14,5,2,4555,*,*,*,*,*,,
Shrimp Trawl,---,2012,14,6,2,360,*,*,*,*,*,,
Shrimp Trawl,---,2012,14,9,4,17130,10815,7187,0,0,0,,
Shrimp Trawl,---,2012,14,12,6,12400,5251,3052,0,0,0,,
Shrimp Trawl,---,2012,14,13,3,28620,19020,11695,0,0,0,,
Shrimp Trawl,---,2012,14,Total,11,83875,50483,30330,0,0,0,,
Shrimp Trawl,---,2012,15,1,8,35035,7812,8528,100,55,0,,
Shrimp Trawl,---,2012,15,2,10,76370,36614,21006,79,30,0,,
Shrimp Trawl,---,2012,15,3,6,12625,5308,5615,0,0,0,,
Shrimp Trawl,---,2012,15,Total,12,124030,49734,35149,179,85,0,,
Shrimp Trawl,---,2012,16,1,7,8720,10041,1040,5,0,1,,
Shrimp Trawl,---,2012,16,2,14,51200,59426,7234,0,0,4,,
Shrimp Trawl,---,2012,16,18,2,120,*,*,*,*,*,,
Shrimp Trawl,---,2012,16,19,1,120,*,*,*,*,*,,
Shrimp Trawl,---,2012,16,21,3,2670,2775,350,0,0,0,,
Shrimp Trawl,---,2012,16,Total,16,62830,72383,8644,5,0,5,,
Shrimp Trawl,---,2012,17,4,1,5160,*,*,*,*,*,,
Shrimp Trawl,---,2012,17,6,3,6350,133,1677,0,0,0,,
Shrimp Trawl,---,2012,17,8,1,85,*,*,*,*,*,,
Shrimp Trawl,---,2012,17,9,3,24855,1521,6336,0,0,0,,
Shrimp Trawl,---,2012,17,10,3,1860,505,355,0,0,0,,
Shrimp Trawl,---,2012,17,11,3,2760,450,410,0,0,0,,
Shrimp Trawl,---,2012,17,12,1,130,*,*,*,*,*,,
Shrimp Trawl,---,2012,17,13,2,210,*,*,*,*,*,,
Shrimp Trawl,---,2012,17,Total,7,41410,2617,8823,1440,0,0,,
Shrimp Trawl,---,2012,23,4,1,345,*,*,*,*,*,,
Shrimp Trawl,---,2012,23,6,3,210,140,105,0,0,0,,
Shrimp Trawl,---,2012,23,7,2,4175,*,*,*,*,*,,
Shrimp Trawl,---,2012,23,8,1,105,*,*,*,*,*,,
Shrimp Trawl,---,2012,23,11,1,60,*,*,*,*,*,,
Shrimp Trawl,---,2012,23,Total,3,4895,2980,830,0,0,0,,
Shrimp Trawl,---,2012,28,1,14,37550,22190,9871,100,0,0,,
Shrimp Trawl,---,2012,28,2,3,660,860,205,0,0,0,,
Shrimp Trawl,---,2012,28,3,3,420,330,105,0,0,2,,
Shrimp Trawl,---,2012,28,4,4,3480,990,931,150,0,2,,
Shrimp Trawl,---,2012,28,7,9,23520,25425,4469,0,0,0,,
Shrimp Trawl,---,2012,28,Total,17,65630,49795,15581,250,0,4,,
Shrimp Trawl,---,2012,29,1,7,16280,16910,3501,5,0,3,,
Shrimp Trawl,---,2012,29,2,12,48090,20606,10829,35,0,0,,
Shrimp Trawl,---,2012,29,3,19,302600,148050,74336,225,0,5,,
Shrimp Trawl,---,2012,29,5,3,1490,**,**,**,**,**,,
Shrimp Trawl,---,2012,29,10,1,180,*,*,*,*,*,,
Shrimp Trawl,---,2012,29,Total,21,368640,185631,89143,265,0,8,,
Shrimp Trawl,---,2012,121,3,1,240,*,*,*,*,*,,
Shrimp Trawl,---,2012,121,Total,1,240,*,*,*,*,*,,
Shrimp Trawl,---,2012,123,1,2,1305,*,*,*,*,*,,
Shrimp Trawl,---,2012,123,2,2,210,*,*,*,*,*,,
Shrimp Trawl,---,2012,123,3,2,2005,*,*,*,*,*,,
Shrimp Trawl,---,2012,123,4,2,375,*,*,*,*,*,,
Shrimp Trawl,---,2012,123,5,2,985,*,*,*,*,*,,
Shrimp Trawl,---,2012,123,6,4,4845,57260,0,0,0,0,,
Shrimp Trawl,---,2012,123,7,1,90,*,*,*,*,*,,
Shrimp Trawl,---,2012,123,8,2,225,*,*,*,*,*,,
Shrimp Trawl,---,2012,123,Total,4,10040,70562,104,0,0,0,,
Shrimp Trawl,---,2012,124,1,4,3250,33505,0,0,0,0,,
Shrimp Trawl,---,2012,124,2,2,24835,*,*,*,*,*,,
Shrimp Trawl,---,2012,124,3,2,175,*,*,*,*,*,,
Shrimp Trawl,---,2012,124,Total,4,28260,321978,0,0,0,0,,
Shrimp Trawl,---,2013,3,2,1,180,*,*,*,*,*,,
Shrimp Trawl,---,2013,3,4,1,360,*,*,*,*,*,,
Shrimp Trawl,---,2013,3,12,1,1080,*,*,*,*,*,,
Shrimp Trawl,---,2013,3,Total,2,1620,*,*,*,*,*,,
Shrimp Trawl,---,2013,4,1,1,280,*,*,*,*,*,,
Shrimp Trawl,---,2013,4,5,9,28910,13635,20260,0,0,0,,
Shrimp Trawl,---,2013,4,9,10,101010,42388,68202,182,0,0,,
Shrimp Trawl,---,2013,4,10,1,250,*,*,*,*,*,,
Shrimp Trawl,---,2013,4,12,7,37830,35945,18492,413,0,0,,
Shrimp Trawl,---,2013,4,Total,10,168280,92018,107154,595,0,0,,
Shrimp Trawl,---,2013,5,1,3,16110,2335,8331,0,0,0,,
Shrimp Trawl,---,2013,5,2,2,2040,*,*,*,*,*,,
Shrimp Trawl,---,2013,5,23,3,2990,**,**,**,**,**,,
Shrimp Trawl,---,2013,5,Total,3,21140,2580,10308,0,0,0,,
Shrimp Trawl,---,2013,6,1,2,11040,*,*,*,*,*,,
Shrimp Trawl,---,2013,6,4,2,5070,*,*,*,*,*,,
Shrimp Trawl,---,2013,6,Total,2,16110,*,*,*,*,*,,
Shrimp Trawl,---,2013,7,14,1,660,*,*,*,*,*,,
Shrimp Trawl,---,2013,7,Total,1,660,*,*,*,*,*,,
Shrimp Trawl,---,2013,9,1,1,480,*,*,*,*,*,,
Shrimp Trawl,---,2013,9,Total,1,480,*,*,*,*,*,,
Shrimp Trawl,---,2013,12,6,2,780,*,*,*,*,*,,
Shrimp Trawl,---,2013,12,26,10,70366,231660,37144,1745,25,595,,
Shrimp Trawl,---,2013,12,35,1,120,*,*,*,*,*,,
Shrimp Trawl,---,2013,12,36,1,120,*,*,*,*,*,,
Shrimp Trawl,---,2013,12,37,1,3330,*,*,*,*,*,,
Shrimp Trawl,---,2013,12,39,5,20700,55430,260,14355,1641,0,,
Shrimp Trawl,---,2013,12,Total,11,95416,289795,40648,16110,1666,595,,
Shrimp Trawl,---,2013,13,1,5,5850,2238,1957,0,0,0,,
Shrimp Trawl,---,2013,13,14,6,19440,8027,9002,0,0,0,,
Shrimp Trawl,---,2013,13,Total,6,25290,10265,10959,0,0,0,,
Shrimp Trawl,---,2013,14,1,4,1160,230,267,0,0,0,,
Shrimp Trawl,---,2013,14,2,6,5968,3340,922,0,0,5,,
Shrimp Trawl,---,2013,14,3,1,1620,*,*,*,*,*,,
Shrimp Trawl,---,2013,14,4,3,6030,4698,1430,0,0,0,,
Shrimp Trawl,---,2013,14,5,5,16655,6239,8556,0,0,0,,
Shrimp Trawl,---,2013,14,6,2,450,*,*,*,*,*,,
Shrimp Trawl,---,2013,14,7,1,90,*,*,*,*,*,,
Shrimp Trawl,---,2013,14,9,9,40590,44560,9768,9,0,30,,
Shrimp Trawl,---,2013,14,12,11,23260,15533,6087,0,0,3,,
Shrimp Trawl,---,2013,14,13,3,28060,27849,6604,0,0,0,,
Shrimp Trawl,---,2013,14,Total,15,123883,103175,34651,9,0,38,,
Shrimp Trawl,---,2013,15,1,10,18015,5036,4470,0,0,0,,
Shrimp Trawl,---,2013,15,2,16,66230,43250,21005,0,0,0,,
Shrimp Trawl,---,2013,15,3,5,7435,4105,4075,0,0,0,,
Shrimp Trawl,---,2013,15,Total,18,91680,52391,29550,0,0,0,,
Shrimp Trawl,---,2013,16,1,6,4980,2010,1227,0,0,0,,
Shrimp Trawl,---,2013,16,2,10,32090,22870,7212,0,0,0,,
Shrimp Trawl,---,2013,16,18,1,120,*,*,*,*,*,,
Shrimp Trawl,---,2013,16,21,3,1545,**,**,**,**,**,,
Shrimp Trawl,---,2013,16,Total,13,38735,25899,9186,0,0,5,,
Shrimp Trawl,---,2013,17,4,1,180,*,*,*,*,*,,
Shrimp Trawl,---,2013,17,6,3,4414,171,1057,0,0,4,,
Shrimp Trawl,---,2013,17,9,2,5400,*,*,*,*,*,,
Shrimp Trawl,---,2013,17,11,2,7800,*,*,*,*,*,,
Shrimp Trawl,---,2013,17,12,3,520,159,160,0,0,0,,
Shrimp Trawl,---,2013,17,13,2,700,*,*,*,*,*,,
Shrimp Trawl,---,2013,17,Total,7,19014,1498,5082,60,0,4,,
Shrimp Trawl,---,2013,23,4,1,1920,*,*,*,*,*,,
Shrimp Trawl,---,2013,23,5,2,240,*,*,*,*,*,,
Shrimp Trawl,---,2013,23,6,3,5135,7007,451,0,0,0,,
Shrimp Trawl,---,2013,23,7,4,8460,8935,347,0,0,11,,
Shrimp Trawl,---,2013,23,8,2,184,*,*,*,*,*,,
Shrimp Trawl,---,2013,23,Total,4,15939,16877,1070,0,0,11,,
Shrimp Trawl,---,2013,27,7,1,210,*,*,*,*,*,,
Shrimp Trawl,---,2013,27,Total,1,210,*,*,*,*,*,,
Shrimp Trawl,---,2013,28,1,14,36750,25478,6344,0,20,0,,
Shrimp Trawl,---,2013,28,2,4,6200,7700,1123,0,0,0,,
Shrimp Trawl,---,2013,28,3,3,5460,5498,1581,0,0,0,,
Shrimp Trawl,---,2013,28,4,5,5400,**,**,**,**,**,,
Shrimp Trawl,---,2013,28,6,2,600,*,*,*,*,*,,
Shrimp Trawl,---,2013,28,7,6,5670,11325,1507,0,0,0,,
Shrimp Trawl,---,2013,28,Total,20,60080,51726,12515,0,20,0,,
Shrimp Trawl,---,2013,29,1,4,13880,4090,4195,0,0,0,,
Shrimp Trawl,---,2013,29,2,15,99015,37772,30020,50,0,2,,
Shrimp Trawl,---,2013,29,3,21,420330,217686,98315,653,0,0,,
Shrimp Trawl,---,2013,29,5,1,3355,*,*,*,*,*,,
Shrimp Trawl,---,2013,29,10,1,180,*,*,*,*,*,,
Shrimp Trawl,---,2013,29,Total,25,536760,260056,134511,703,0,2,,
Shrimp Trawl,---,2013,123,2,1,60,*,*,*,*,*,,
Shrimp Trawl,---,2013,123,3,3,3360,11520,0,0,0,0,,
Shrimp Trawl,---,2013,123,4,2,375,*,*,*,*,*,,
Shrimp Trawl,---,2013,123,5,2,3525,*,*,*,*,*,,
Shrimp Trawl,---,2013,123,6,2,600,*,*,*,*,*,,
Shrimp Trawl,---,2013,123,Total,3,7920,30395,61,0,0,0,,
Shrimp Trawl,---,2013,124,1,2,780,*,*,*,*,*,,
Shrimp Trawl,---,2013,124,Total,2,780,*,*,*,*,*,,
Shrimp Trawl,---,2014,3,2,2,300,*,*,*,*,*,,
Shrimp Trawl,---,2014,3,3,1,120,*,*,*,*,*,,
Shrimp Trawl,---,2014,3,4,1,300,*,*,*,*,*,,
Shrimp Trawl,---,2014,3,6,1,1710,*,*,*,*,*,,
Shrimp Trawl,---,2014,3,9,1,1490,*,*,*,*,*,,
Shrimp Trawl,---,2014,3,10,1,1470,*,*,*,*,*,,
Shrimp Trawl,---,2014,3,11,1,60,*,*,*,*,*,,
Shrimp Trawl,---,2014,3,12,1,60,*,*,*,*,*,,
Shrimp Trawl,---,2014,3,17,1,60,*,*,*,*,*,,
Shrimp Trawl,---,2014,3,Total,4,5570,8275,5046,20,0,0,,
Shrimp Trawl,---,2014,4,5,11,21535,13227,16746,0,0,5,,
Shrimp Trawl,---,2014,4,9,11,63855,60371,47930,953,0,24,,
Shrimp Trawl,---,2014,4,10,1,55,*,*,*,*,*,,
Shrimp Trawl,---,2014,4,12,8,18655,35205,10303,307,0,0,,
Shrimp Trawl,---,2014,4,13,2,540,*,*,*,*,*,,
Shrimp Trawl,---,2014,4,Total,12,104640,109543,75304,1280,0,29,,
Shrimp Trawl,---,2014,5,1,3,7480,1248,4076,30,0,0,,
Shrimp Trawl,---,2014,5,2,2,2200,*,*,*,*,*,,
Shrimp Trawl,---,2014,5,4,1,60,*,*,*,*,*,,
Shrimp Trawl,---,2014,5,9,1,180,*,*,*,*,*,,
Shrimp Trawl,---,2014,5,23,3,4800,160,3932,0,0,0,,
Shrimp Trawl,---,2014,5,Total,4,14720,2043,9223,60,0,0,,
Shrimp Trawl,---,2014,6,1,1,11940,*,*,*,*,*,,
Shrimp Trawl,---,2014,6,4,4,3896,**,**,**,**,**,,
Shrimp Trawl,---,2014,6,Total,4,15836,4219,8669,1590,0,2,,
Shrimp Trawl,---,2014,7,14,2,1150,*,*,*,*,*,,
Shrimp Trawl,---,2014,7,16,1,60,*,*,*,*,*,,
Shrimp Trawl,---,2014,7,30,1,120,*,*,*,*,*,,
Shrimp Trawl,---,2014,7,Total,2,1330,*,*,*,*,*,,
Shrimp Trawl,---,2014,9,1,3,8607,3595,4585,0,0,3,,
Shrimp Trawl,---,2014,9,3,2,7620,*,*,*,*,*,,
Shrimp Trawl,---,2014,9,10,1,60,*,*,*,*,*,,
Shrimp Trawl,---,2014,9,12,2,405,*,*,*,*,*,,
Shrimp Trawl,---,2014,9,Total,4,16692,7096,12401,0,0,4,,
Shrimp Trawl,---,2014,10,12,1,1720,*,*,*,*,*,,
Shrimp Trawl,---,2014,10,Total,1,1720,*,*,*,*,*,,
Shrimp Trawl,---,2014,12,6,3,1090,1595,1274,730,220,0,,
Shrimp Trawl,---,2014,12,7,1,120,*,*,*,*,*,,
Shrimp Trawl,---,2014,12,23,1,60,*,*,*,*,*,,
Shrimp Trawl,---,2014,12,26,6,35121,119176,12349,96,0,94,,
Shrimp Trawl,---,2014,12,36,1,2040,*,*,*,*,*,,
Shrimp Trawl,---,2014,12,37,1,120,*,*,*,*,*,,
Shrimp Trawl,---,2014,12,39,4,21205,63230,1605,8140,1140,0,,
Shrimp Trawl,---,2014,12,Total,9,59756,190752,16330,8966,1360,98,,
Shrimp Trawl,---,2014,13,1,3,2050,746,1154,0,0,0,,
Shrimp Trawl,---,2014,13,13,1,60,*,*,*,*,*,,
Shrimp Trawl,---,2014,13,14,4,10383,3570,5278,2,0,0,,
Shrimp Trawl,---,2014,13,15,1,60,*,*,*,*,*,,
Shrimp Trawl,---,2014,13,17,1,165,*,*,*,*,*,,
Shrimp Trawl,---,2014,13,24,1,100,*,*,*,*,*,,
Shrimp Trawl,---,2014,13,Total,4,12818,4447,6542,52,0,0,,
Shrimp Trawl,---,2014,14,1,4,7570,5985,965,1,0,0,,
Shrimp Trawl,---,2014,14,2,3,6990,4704,1486,0,0,10,,
Shrimp Trawl,---,2014,14,3,2,2520,*,*,*,*,*,,
Shrimp Trawl,---,2014,14,4,2,1560,*,*,*,*,*,,
Shrimp Trawl,---,2014,14,5,2,9780,*,*,*,*,*,,
Shrimp Trawl,---,2014,14,6,4,2240,3477,493,100,0,0,,
Shrimp Trawl,---,2014,14,9,5,48265,95268,9945,335,0,2,,
Shrimp Trawl,---,2014,14,11,1,300,*,*,*,*,*,,
Shrimp Trawl,---,2014,14,12,9,16425,17450,5562,0,0,10,,
Shrimp Trawl,---,2014,14,13,4,15710,15970,3353,0,0,41,,
Shrimp Trawl,---,2014,14,15,1,180,*,*,*,*,*,,
Shrimp Trawl,---,2014,14,Total,12,111540,147836,28880,436,0,63,,
Shrimp Trawl,---,2014,15,1,1,60,*,*,*,*,*,,
Shrimp Trawl,---,2014,15,2,4,23585,26833,8305,0,0,1,,
Shrimp Trawl,---,2014,15,3,4,5625,**,**,**,**,**,,
Shrimp Trawl,---,2014,15,Total,4,29270,32795,10779,0,0,3,,
Shrimp Trawl,---,2014,16,1,3,1850,**,**,**,**,**,,
Shrimp Trawl,---,2014,16,2,4,7130,6282,2019,0,0,0,,
Shrimp Trawl,---,2014,16,19,2,4320,*,*,*,*,*,,
Shrimp Trawl,---,2014,16,21,7,12120,9222,3157,1,0,0,,
Shrimp Trawl,---,2014,16,Total,9,25420,18595,7610,4,0,0,,
Shrimp Trawl,---,2014,17,1,1,60,*,*,*,*,*,,
Shrimp Trawl,---,2014,17,2,2,300,*,*,*,*,*,,
Shrimp Trawl,---,2014,17,4,1,150,*,*,*,*,*,,
Shrimp Trawl,---,2014,17,6,4,3030,197,880,0,0,0,,
Shrimp Trawl,---,2014,17,8,1,240,*,*,*,*,*,,
Shrimp Trawl,---,2014,17,9,5,9015,618,2635,0,0,0,,
Shrimp Trawl,---,2014,17,10,1,300,*,*,*,*,*,,
Shrimp Trawl,---,2014,17,11,3,11280,423,3989,0,0,0,,
Shrimp Trawl,---,2014,17,12,1,180,*,*,*,*,*,,
Shrimp Trawl,---,2014,17,13,1,540,*,*,*,*,*,,
Shrimp Trawl,---,2014,17,Total,9,25095,1673,8041,45,30,5,,
Shrimp Trawl,---,2014,23,4,2,480,*,*,*,*,*,,
Shrimp Trawl,---,2014,23,5,2,170,*,*,*,*,*,,
Shrimp Trawl,---,2014,23,6,3,6540,3775,795,0,0,0,,
Shrimp Trawl,---,2014,23,7,2,1510,*,*,*,*,*,,
Shrimp Trawl,---,2014,23,8,1,120,*,*,*,*,*,,
Shrimp Trawl,---,2014,23,Total,3,8820,4645,885,0,0,0,,
Shrimp Trawl,---,2014,24,2,1,60,*,*,*,*,*,,
Shrimp Trawl,---,2014,24,13,1,120,*,*,*,*,*,,
Shrimp Trawl,---,2014,24,Total,1,180,*,*,*,*,*,,
Shrimp Trawl,---,2014,26,2,1,90,*,*,*,*,*,,
Shrimp Trawl,---,2014,26,Total,1,90,*,*,*,*,*,,
Shrimp Trawl,---,2014,27,7,1,780,*,*,*,*,*,,
Shrimp Trawl,---,2014,27,Total,1,780,*,*,*,*,*,,
Shrimp Trawl,---,2014,28,1,16,70100,38312,13301,0,0,74,,
Shrimp Trawl,---,2014,28,2,3,2730,**,**,**,**,**,,
Shrimp Trawl,---,2014,28,3,4,5130,3301,902,0,0,0,,
Shrimp Trawl,---,2014,28,4,4,9330,5138,2495,0,0,0,,
Shrimp Trawl,---,2014,28,7,6,9570,10790,1975,0,0,0,,
Shrimp Trawl,---,2014,28,9,1,240,*,*,*,*,*,,
Shrimp Trawl,---,2014,28,Total,17,97100,59281,19217,0,0,74,,
Shrimp Trawl,---,2014,29,1,5,8020,2520,2095,0,0,0,,
Shrimp Trawl,---,2014,29,2,18,75805,35440,19043,95,80,48,,
Shrimp Trawl,---,2014,29,3,20,400430,135191,89739,0,0,0,,
Shrimp Trawl,---,2014,29,4,1,240,*,*,*,*,*,,
Shrimp Trawl,---,2014,29,5,3,6965,**,**,**,**,**,,
Shrimp Trawl,---,2014,29,10,3,825,585,160,0,0,0,,
Shrimp Trawl,---,2014,29,Total,23,492285,174238,113420,95,80,48,,
Shrimp Trawl,---,2014,123,1,1,120,*,*,*,*,*,,
Shrimp Trawl,---,2014,123,3,1,210,*,*,*,*,*,,
Shrimp Trawl,---,2014,123,4,3,690,120,45,0,0,0,,
Shrimp Trawl,---,2014,123,5,1,2315,*,*,*,*,*,,
Shrimp Trawl,---,2014,123,6,2,200,*,*,*,*,*,,
Shrimp Trawl,---,2014,123,Total,3,3535,2625,150,0,0,0,,
Shrimp Trawl,---,2014,124,1,1,540,*,*,*,*,*,,
Shrimp Trawl,---,2014,124,Total,1,540,*,*,*,*,*,,
Shrimp Trawl,---,2015,3,6,1,3840,*,*,*,*,*,,
Shrimp Trawl,---,2015,3,9,1,1730,*,*,*,*,*,,
Shrimp Trawl,---,2015,3,10,1,2140,*,*,*,*,*,,
Shrimp Trawl,---,2015,3,12,1,540,*,*,*,*,*,,
Shrimp Trawl,---,2015,3,Total,3,8250,7430,6315,0,0,0,,
Shrimp Trawl,---,2015,4,2,1,60,*,*,*,*,*,,
Shrimp Trawl,---,2015,4,5,10,42140,8530,36179,0,0,0,,
Shrimp Trawl,---,2015,4,9,10,63190,17002,41206,41,0,44,,
Shrimp Trawl,---,2015,4,10,1,50,*,*,*,*,*,,
Shrimp Trawl,---,2015,4,12,8,9350,4885,3513,12,0,0,,
Shrimp Trawl,---,2015,4,Total,12,114790,30697,80933,58,0,44,,
Shrimp Trawl,---,2015,5,1,6,13940,5960,10696,0,0,0,,
Shrimp Trawl,---,2015,5,2,1,1500,*,*,*,*,*,,
Shrimp Trawl,---,2015,5,3,1,2010,*,*,*,*,*,,
Shrimp Trawl,---,2015,5,9,3,370,105,52,20,0,0,,
Shrimp Trawl,---,2015,5,23,3,4280,5085,2204,3428,0,0,,
Shrimp Trawl,---,2015,5,Total,6,22100,11250,15932,3448,0,0,,
Shrimp Trawl,---,2015,6,1,1,11970,*,*,*,*,*,,
Shrimp Trawl,---,2015,6,4,2,2865,*,*,*,*,*,,
Shrimp Trawl,---,2015,6,Total,2,14835,*,*,*,*,*,,
Shrimp Trawl,---,2015,7,13,1,1410,*,*,*,*,*,,
Shrimp Trawl,---,2015,7,14,1,1140,*,*,*,*,*,,
Shrimp Trawl,---,2015,7,16,1,780,*,*,*,*,*,,
Shrimp Trawl,---,2015,7,Total,3,3330,378,403,2683,0,0,,
Shrimp Trawl,---,2015,9,1,3,17840,6915,9285,0,0,0,,
Shrimp Trawl,---,2015,9,3,3,7000,**,**,**,**,**,,
Shrimp Trawl,---,2015,9,12,1,1320,*,*,*,*,*,,
Shrimp Trawl,---,2015,9,Total,4,26160,7712,16175,0,0,0,,
Shrimp Trawl,---,2015,10,12,1,780,*,*,*,*,*,,
Shrimp Trawl,---,2015,10,Total,1,780,*,*,*,*,*,,
Shrimp Trawl,---,2015,12,6,3,1370,3400,1498,0,0,0,,
Shrimp Trawl,---,2015,12,26,9,38922,91748,14657,496,24,5,,
Shrimp Trawl,---,2015,12,27,1,90,*,*,*,*,*,,
Shrimp Trawl,---,2015,12,36,1,120,*,*,*,*,*,,
Shrimp Trawl,---,2015,12,39,4,3740,9305,188,800,0,0,,
Shrimp Trawl,---,2015,12,Total,11,44242,104553,16503,1296,24,5,,
Shrimp Trawl,---,2015,13,1,7,11888,6713,3539,0,0,0,,
Shrimp Trawl,---,2015,13,14,7,18104,11336,5432,0,0,0,,
Shrimp Trawl,---,2015,13,Total,8,29992,18049,8971,0,0,0,,
Shrimp Trawl,---,2015,14,1,5,5680,5129,268,3,0,0,,
Shrimp Trawl,---,2015,14,2,3,8640,5593,819,2,0,0,,
Shrimp Trawl,---,2015,14,3,4,1110,**,**,**,**,**,,
Shrimp Trawl,---,2015,14,5,3,6630,1257,2186,0,0,0,,
Shrimp Trawl,---,2015,14,6,3,2730,1722,712,0,0,0,,
Shrimp Trawl,---,2015,14,9,9,40860,46805,9186,5,0,26,,
Shrimp Trawl,---,2015,14,10,1,180,*,*,*,*,*,,
Shrimp Trawl,---,2015,14,12,9,32215,25766,7620,0,0,4,,
Shrimp Trawl,---,2015,14,13,7,31615,35179,9521,0,0,16,,
Shrimp Trawl,---,2015,14,Total,13,129660,121846,30482,10,0,46,,
Shrimp Trawl,---,2015,15,1,7,19595,7815,4964,0,0,0,,
Shrimp Trawl,---,2015,15,2,11,84840,53278,17218,20,0,14,,
Shrimp Trawl,---,2015,15,3,7,20270,13484,5697,0,0,21,,
Shrimp Trawl,---,2015,15,Total,12,124705,74577,27879,20,0,35,,
Shrimp Trawl,---,2015,16,1,1,900,*,*,*,*,*,,
Shrimp Trawl,---,2015,16,2,8,24125,12164,2752,0,0,0,,
Shrimp Trawl,---,2015,16,18,1,720,*,*,*,*,*,,
Shrimp Trawl,---,2015,16,19,1,645,*,*,*,*,*,,
Shrimp Trawl,---,2015,16,21,5,8690,8774,1224,0,0,0,,
Shrimp Trawl,---,2015,16,Total,12,35080,21503,4633,0,0,0,,
Shrimp Trawl,---,2015,17,4,1,60,*,*,*,*,*,,
Shrimp Trawl,---,2015,17,6,2,5755,*,*,*,*,*,,
Shrimp Trawl,---,2015,17,8,1,120,*,*,*,*,*,,
Shrimp Trawl,---,2015,17,9,2,8055,*,*,*,*,*,,
Shrimp Trawl,---,2015,17,11,2,15240,*,*,*,*,*,,
Shrimp Trawl,---,2015,17,12,2,2410,*,*,*,*,*,,
Shrimp Trawl,---,2015,17,13,4,9455,2916,1575,0,0,0,,
Shrimp Trawl,---,2015,17,17,1,645,*,*,*,*,*,,
Shrimp Trawl,---,2015,17,Total,5,41740,8737,7510,210,0,0,,
Shrimp Trawl,---,2015,23,4,1,855,*,*,*,*,*,,
Shrimp Trawl,---,2015,23,5,3,540,62,17,0,0,2,,
Shrimp Trawl,---,2015,23,6,4,3070,5612,781,0,0,12,,
Shrimp Trawl,---,2015,23,7,2,535,*,*,*,*,*,,
Shrimp Trawl,---,2015,23,8,1,60,*,*,*,*,*,,
Shrimp Trawl,---,2015,23,Total,4,5060,6244,943,0,0,14,,
Shrimp Trawl,---,2015,25,6,1,30,*,*,*,*,*,,
Shrimp Trawl,---,2015,25,7,1,10,*,*,*,*,*,,
Shrimp Trawl,---,2015,25,Total,1,40,*,*,*,*,*,,
Shrimp Trawl,---,2015,26,2,1,45,*,*,*,*,*,,
Shrimp Trawl,---,2015,26,4,1,70,*,*,*,*,*,,
Shrimp Trawl,---,2015,26,Total,1,115,*,*,*,*,*,,
Shrimp Trawl,---,2015,27,7,1,2725,*,*,*,*,*,,
Shrimp Trawl,---,2015,27,Total,1,2725,*,*,*,*,*,,
Shrimp Trawl,---,2015,28,1,12,45135,22398,5304,0,0,0,,
Shrimp Trawl,---,2015,28,2,4,750,**,**,**,**,**,,
Shrimp Trawl,---,2015,28,3,3,3420,2055,556,0,0,0,,
Shrimp Trawl,---,2015,28,4,3,12180,7013,3383,0,0,0,,
Shrimp Trawl,---,2015,28,6,1,180,*,*,*,*,*,,
Shrimp Trawl,---,2015,28,7,6,22500,20905,1338,0,0,0,,
Shrimp Trawl,---,2015,28,Total,15,84165,53481,10748,0,0,0,,
Shrimp Trawl,---,2015,29,1,7,10410,**,**,**,**,**,,
Shrimp Trawl,---,2015,29,2,14,56640,19013,8075,0,0,0,,
Shrimp Trawl,---,2015,29,3,18,217380,76100,41018,0,0,0,,
Shrimp Trawl,---,2015,29,5,1,1485,*,*,*,*,*,,
Shrimp Trawl,---,2015,29,Total,20,285915,97963,51104,0,0,0,,
Shrimp Trawl,---,2015,121,3,3,120,0,0,0,0,0,,
Shrimp Trawl,---,2015,121,Total,3,120,0,0,0,0,0,,
Shrimp Trawl,---,2015,123,1,1,90,*,*,*,*,*,,
Shrimp Trawl,---,2015,123,3,2,330,*,*,*,*,*,,
Shrimp Trawl,---,2015,123,4,1,170,*,*,*,*,*,,
Shrimp Trawl,---,2015,123,5,3,420,0,3,0,0,0,,
Shrimp Trawl,---,2015,123,6,2,204,*,*,*,*,*,,
Shrimp Trawl,---,2015,123,7,2,30,*,*,*,*,*,,
Shrimp Trawl,---,2015,123,8,2,70,*,*,*,*,*,,
Shrimp Trawl,---,2015,123,9,3,425,4800,0,0,0,0,,
Shrimp Trawl,---,2015,123,Total,9,1739,4859,6,0,0,0,,
Shrimp Trawl,---,2015,124,1,8,1465,16320,0,0,0,0,,
Shrimp Trawl,---,2015,124,2,11,64696,1637640,0,0,0,2,,
Shrimp Trawl,---,2015,124,3,12,22886,904220,0,0,0,0,,
Shrimp Trawl,---,2015,124,4,14,6171,434900,0,0,0,0,,
Shrimp Trawl,---,2015,124,Total,16,95218,2993080,0,0,0,2,,
Shrimp Trawl,---,2015,125,3,4,2664,117900,0,0,0,0,,
Shrimp Trawl,---,2015,125,4,16,22916,766170,0,0,0,0,,
Shrimp Trawl,---,2015,125,5,17,96534,4819030,4000,0,7,0,,
Shrimp Trawl,---,2015,125,Total,17,122114,5703100,4000,0,7,0,,
Shrimp Trawl,---,2015,126,3,1,135,*,*,*,*,*,,
Shrimp Trawl,---,2015,126,Total,1,135,*,*,*,*,*,,
Shrimp Trawl,---,2016,3,1,2,1515,*,*,*,*,*,,
Shrimp Trawl,---,2016,3,2,1,180,*,*,*,*,*,,
Shrimp Trawl,---,2016,3,4,1,60,*,*,*,*,*,,
Shrimp Trawl,---,2016,3,6,3,9115,1390,8089,0,0,0,,
Shrimp Trawl,---,2016,3,7,1,45,*,*,*,*,*,,
Shrimp Trawl,---,2016,3,9,1,3538,*,*,*,*,*,,
Shrimp Trawl,---,2016,3,10,1,855,*,*,*,*,*,,
Shrimp Trawl,---,2016,3,Total,6,15308,4720,12706,0,0,0,,
Shrimp Trawl,---,2016,4,5,7,21615,6988,12466,0,0,0,,
Shrimp Trawl,---,2016,4,9,9,37755,9261,26112,29,0,47,,
Shrimp Trawl,---,2016,4,12,8,18585,**,**,**,**,**,,
Shrimp Trawl,---,2016,4,13,1,1080,*,*,*,*,*,,
Shrimp Trawl,---,2016,4,Total,10,79035,20017,48547,43,0,64,,
Shrimp Trawl,---,2016,5,1,3,7900,3580,10435,0,0,0,,
Shrimp Trawl,---,2016,5,2,3,3860,200,5575,0,0,0,,
Shrimp Trawl,---,2016,5,9,1,150,*,*,*,*,*,,
Shrimp Trawl,---,2016,5,23,2,720,*,*,*,*,*,,
Shrimp Trawl,---,2016,5,Total,4,12630,3780,16887,190,0,0,,
Shrimp Trawl,---,2016,6,1,1,13050,*,*,*,*,*,,
Shrimp Trawl,---,2016,6,4,1,2250,*,*,*,*,*,,
Shrimp Trawl,---,2016,6,Total,1,15300,*,*,*,*,*,,
Shrimp Trawl,---,2016,7,13,1,840,*,*,*,*,*,,
Shrimp Trawl,---,2016,7,14,2,390,*,*,*,*,*,,
Shrimp Trawl,---,2016,7,15,1,195,*,*,*,*,*,,
Shrimp Trawl,---,2016,7,26,1,45,*,*,*,*,*,,
Shrimp Trawl,---,2016,7,Total,3,1470,65,43,1026,0,0,,
Shrimp Trawl,---,2016,9,1,5,22162,11515,8674,75,0,0,,
Shrimp Trawl,---,2016,9,3,1,4300,*,*,*,*,*,,
Shrimp Trawl,---,2016,9,12,3,1319,**,**,**,**,**,,
Shrimp Trawl,---,2016,9,Total,5,27781,13165,12391,75,0,0,,
Shrimp Trawl,---,2016,10,12,2,150,*,*,*,*,*,,
Shrimp Trawl,---,2016,10,Total,2,150,*,*,*,*,*,,
Shrimp Trawl,---,2016,12,6,1,60,*,*,*,*,*,,
Shrimp Trawl,---,2016,12,7,1,195,*,*,*,*,*,,
Shrimp Trawl,---,2016,12,23,2,1003,*,*,*,*,*,,
Shrimp Trawl,---,2016,12,26,14,86693,206766,16741,3450,0,0,,
Shrimp Trawl,---,2016,12,27,1,2520,*,*,*,*,*,,
Shrimp Trawl,---,2016,12,35,1,90,*,*,*,*,*,,
Shrimp Trawl,---,2016,12,36,1,90,*,*,*,*,*,,
Shrimp Trawl,---,2016,12,37,2,1140,*,*,*,*,*,,
Shrimp Trawl,---,2016,12,39,2,1470,*,*,*,*,*,,
Shrimp Trawl,---,2016,12,41,1,1620,*,*,*,*,*,,
Shrimp Trawl,---,2016,12,42,1,120,*,*,*,*,*,,
Shrimp Trawl,---,2016,12,Total,14,95001,213937,20989,4169,36,0,,
Shrimp Trawl,---,2016,13,1,3,13150,4467,2387,0,0,0,,
Shrimp Trawl,---,2016,13,2,1,210,*,*,*,*,*,,
Shrimp Trawl,---,2016,13,13,2,735,*,*,*,*,*,,
Shrimp Trawl,---,2016,13,14,2,14805,*,*,*,*,*,,
Shrimp Trawl,---,2016,13,Total,3,28900,9732,6048,0,0,0,,
Shrimp Trawl,---,2016,14,1,4,1620,1230,177,0,0,0,,
Shrimp Trawl,---,2016,14,2,4,8370,5716,1030,0,0,0,,
Shrimp Trawl,---,2016,14,3,1,60,*,*,*,*,*,,
Shrimp Trawl,---,2016,14,4,2,630,*,*,*,*,*,,
Shrimp Trawl,---,2016,14,5,3,680,87,14,0,0,2,,
Shrimp Trawl,---,2016,14,6,2,10640,*,*,*,*,*,,
Shrimp Trawl,---,2016,14,9,9,17535,26077,3693,0,0,2,,
Shrimp Trawl,---,2016,14,12,8,19585,10732,6288,0,0,0,,
Shrimp Trawl,---,2016,14,13,7,33562,28094,10293,0,0,2,,
Shrimp Trawl,---,2016,14,Total,13,92682,76081,23123,0,0,6,,
Shrimp Trawl,---,2016,15,1,5,15240,3250,1984,0,0,0,,
Shrimp Trawl,---,2016,15,2,10,47165,23085,7733,0,0,3,,
Shrimp Trawl,---,2016,15,3,5,3340,2245,896,0,0,0,,
Shrimp Trawl,---,2016,15,Total,10,65745,28580,10613,0,0,3,,
Shrimp Trawl,---,2016,16,1,2,960,*,*,*,*,*,,
Shrimp Trawl,---,2016,16,2,8,29910,12247,4678,0,0,0,,
Shrimp Trawl,---,2016,16,18,1,960,*,*,*,*,*,,
Shrimp Trawl,---,2016,16,21,3,6735,7355,1115,0,0,0,,
Shrimp Trawl,---,2016,16,Total,10,38565,20970,6113,0,0,0,,
Shrimp Trawl,---,2016,17,4,1,0,*,*,*,*,*,,
Shrimp Trawl,---,2016,17,5,1,0,*,*,*,*,*,,
Shrimp Trawl,---,2016,17,6,2,14035,*,*,*,*,*,,
Shrimp Trawl,---,2016,17,8,1,180,*,*,*,*,*,,
Shrimp Trawl,---,2016,17,9,4,10601,366,1276,0,0,0,,
Shrimp Trawl,---,2016,17,10,1,165,*,*,*,*,*,,
Shrimp Trawl,---,2016,17,11,2,12960,*,*,*,*,*,,
Shrimp Trawl,---,2016,17,12,3,390,50,43,0,0,0,,
Shrimp Trawl,---,2016,17,13,2,330,*,*,*,*,*,,
Shrimp Trawl,---,2016,17,Total,7,38661,3405,6421,0,0,0,,
Shrimp Trawl,---,2016,23,4,1,420,*,*,*,*,*,,
Shrimp Trawl,---,2016,23,5,1,150,*,*,*,*,*,,
Shrimp Trawl,---,2016,23,6,1,1700,*,*,*,*,*,,
Shrimp Trawl,---,2016,23,Total,1,2270,*,*,*,*,*,,
Shrimp Trawl,---,2016,27,7,2,7410,*,*,*,*,*,,
Shrimp Trawl,---,2016,27,Total,2,7410,*,*,*,*,*,,
Shrimp Trawl,---,2016,28,1,9,12290,3049,1663,0,0,0,,
Shrimp Trawl,---,2016,28,2,1,240,*,*,*,*,*,,
Shrimp Trawl,---,2016,28,3,2,480,*,*,*,*,*,,
Shrimp Trawl,---,2016,28,4,1,300,*,*,*,*,*,,
Shrimp Trawl,---,2016,28,7,3,2410,3745,24,0,0,6,,
Shrimp Trawl,---,2016,28,Total,12,15720,7539,1857,0,0,6,,
Shrimp Trawl,---,2016,29,1,4,8120,4160,841,0,0,0,,
Shrimp Trawl,---,2016,29,2,12,22470,6893,3806,0,0,0,,
Shrimp Trawl,---,2016,29,3,18,162705,36351,26626,0,0,2,,
Shrimp Trawl,---,2016,29,4,1,15,*,*,*,*,*,,
Shrimp Trawl,---,2016,29,5,2,100,*,*,*,*,*,,
Shrimp Trawl,---,2016,29,10,1,480,*,*,*,*,*,,
Shrimp Trawl,---,2016,29,Total,20,193890,47454,31335,0,0,2,,
Shrimp Trawl,---,2016,103,0,1,30,*,*,*,*,*,,
Shrimp Trawl,---,2016,103,Total,1,30,*,*,*,*,*,,
Shrimp Trawl,---,2016,104,2,1,30,*,*,*,*,*,,
Shrimp Trawl,---,2016,104,Total,1,30,*,*,*,*,*,,
Shrimp Trawl,---,2016,121,2,2,80,*,*,*,*,*,,
Shrimp Trawl,---,2016,121,3,3,155,**,**,**,**,**,,
Shrimp Trawl,---,2016,121,Total,3,235,1,0,0,0,0,,
Shrimp Trawl,---,2016,123,2,1,60,*,*,*,*,*,,
Shrimp Trawl,---,2016,123,3,2,325,*,*,*,*,*,,
Shrimp Trawl,---,2016,123,4,1,20,*,*,*,*,*,,
Shrimp Trawl,---,2016,123,5,3,340,0,0,0,0,0,,
Shrimp Trawl,---,2016,123,7,2,25,*,*,*,*,*,,
Shrimp Trawl,---,2016,123,8,3,100,201,1,0,0,0,,
Shrimp Trawl,---,2016,123,9,1,48,*,*,*,*,*,,
Shrimp Trawl,---,2016,123,Total,7,918,1104,2,0,0,0,,
Shrimp Trawl,---,2016,124,1,8,946,101,0,0,0,0,,
Shrimp Trawl,---,2016,124,2,9,1558,0,0,0,0,0,,
Shrimp Trawl,---,2016,124,3,13,2435,0,0,0,0,0,,
Shrimp Trawl,---,2016,124,4,13,1935,108850,0,0,0,0,,
Shrimp Trawl,---,2016,124,Total,15,6874,108951,0,0,0,0,,
Shrimp Trawl,---,2016,125,3,13,2394,47600,583,0,0,0,,
Shrimp Trawl,---,2016,125,4,23,53141,1825852,1751,0,0,0,,
Shrimp Trawl,---,2016,125,5,23,117204,5306462,1166,0,0,0,,
Shrimp Trawl,---,2016,125,Total,23,172739,7179914,3500,0,0,0,,
Shrimp Trawl,---,2016,126,2,1,110,*,*,*,*,*,,
Shrimp Trawl,---,2016,126,Total,1,110,*,*,*,*,*,,
Shrimp Trawl,---,2016,127,1,1,80,*,*,*,*,*,,
Shrimp Trawl,---,2016,127,Total,1,80,*,*,*,*,*,,
Shrimp Trawl,---,2017,3,1,1,300,*,*,*,*,*,,
Shrimp Trawl,---,2017,3,2,1,770,*,*,*,*,*,,
Shrimp Trawl,---,2017,3,3,1,240,*,*,*,*,*,,
Shrimp Trawl,---,2017,3,4,2,1620,*,*,*,*,*,,
Shrimp Trawl,---,2017,3,6,2,780,*,*,*,*,*,,
Shrimp Trawl,---,2017,3,9,4,17270,16580,16134,0,0,0,,
Shrimp Trawl,---,2017,3,10,2,3440,*,*,*,*,*,,
Shrimp Trawl,---,2017,3,11,1,240,*,*,*,*,*,,
Shrimp Trawl,---,2017,3,12,3,8590,413,4917,0,0,0,,
Shrimp Trawl,---,2017,3,14,1,240,*,*,*,*,*,,
Shrimp Trawl,---,2017,3,18,1,60,*,*,*,*,*,,
Shrimp Trawl,---,2017,3,Total,8,33550,21775,31344,5,0,0,,
Shrimp Trawl,---,2017,4,5,12,65875,16905,34645,0,0,4,,
Shrimp Trawl,---,2017,4,9,17,136634,37057,64301,2673,22,11,,
Shrimp Trawl,---,2017,4,12,14,43010,10722,25108,2168,30,32,,
Shrimp Trawl,---,2017,4,13,1,20,*,*,*,*,*,,
Shrimp Trawl,---,2017,4,15,1,180,*,*,*,*,*,,
Shrimp Trawl,---,2017,4,Total,19,245719,64694,124108,4861,52,53,,
Shrimp Trawl,---,2017,5,1,13,19485,16003,14030,89,20,1,,
Shrimp Trawl,---,2017,5,2,3,7890,**,**,**,**,**,,
Shrimp Trawl,---,2017,5,3,1,660,*,*,*,*,*,,
Shrimp Trawl,---,2017,5,23,10,7019,1607,6057,60,0,0,,
Shrimp Trawl,---,2017,5,Total,13,35054,18190,29571,149,20,1,,
Shrimp Trawl,---,2017,6,1,1,13460,*,*,*,*,*,,
Shrimp Trawl,---,2017,6,4,1,3270,*,*,*,*,*,,
Shrimp Trawl,---,2017,6,Total,1,16730,*,*,*,*,*,,
Shrimp Trawl,---,2017,7,14,1,270,*,*,*,*,*,,
Shrimp Trawl,---,2017,7,17,1,60,*,*,*,*,*,,
Shrimp Trawl,---,2017,7,Total,2,330,*,*,*,*,*,,
Shrimp Trawl,---,2017,9,1,4,2860,585,552,0,0,0,,
Shrimp Trawl,---,2017,9,3,1,240,*,*,*,*,*,,
Shrimp Trawl,---,2017,9,12,1,60,*,*,*,*,*,,
Shrimp Trawl,---,2017,9,Total,4,3160,585,872,0,0,0,,
Shrimp Trawl,---,2017,12,3,1,180,*,*,*,*,*,,
Shrimp Trawl,---,2017,12,6,2,240,*,*,*,*,*,,
Shrimp Trawl,---,2017,12,7,2,280,*,*,*,*,*,,
Shrimp Trawl,---,2017,12,9,1,60,*,*,*,*,*,,
Shrimp Trawl,---,2017,12,15,1,60,*,*,*,*,*,,
Shrimp Trawl,---,2017,12,23,2,90,*,*,*,*,*,,
Shrimp Trawl,---,2017,12,26,9,48321,122263,12328,2058,0,0,,
Shrimp Trawl,---,2017,12,27,1,120,*,*,*,*,*,,
Shrimp Trawl,---,2017,12,36,4,4185,13258,654,52,0,0,,
Shrimp Trawl,---,2017,12,37,2,5040,*,*,*,*,*,,
Shrimp Trawl,---,2017,12,39,6,20742,41755,693,14900,215,0,,
Shrimp Trawl,---,2017,12,40,2,180,*,*,*,*,*,,
Shrimp Trawl,---,2017,12,41,1,120,*,*,*,*,*,,
Shrimp Trawl,---,2017,12,Total,10,79618,181538,19288,17128,220,0,,
Shrimp Trawl,---,2017,14,1,4,2390,1507,103,60,51,0,,
Shrimp Trawl,---,2017,14,2,3,11250,6676,1156,0,0,11,,
Shrimp Trawl,---,2017,14,3,3,9840,5037,1003,0,0,2,,
Shrimp Trawl,---,2017,14,4,3,960,160,214,0,0,0,,
Shrimp Trawl,---,2017,14,5,4,9080,1363,2244,0,0,0,,
Shrimp Trawl,---,2017,14,6,3,520,77,200,0,0,0,,
Shrimp Trawl,---,2017,14,7,1,360,*,*,*,*,*,,
Shrimp Trawl,---,2017,14,8,1,180,*,*,*,*,*,,
Shrimp Trawl,---,2017,14,9,5,35825,32285,8672,0,0,0,,
Shrimp Trawl,---,2017,14,12,8,16885,6887,3014,0,0,0,,
Shrimp Trawl,---,2017,14,13,4,42945,28063,10285,0,0,0,,
Shrimp Trawl,---,2017,14,Total,11,130235,82121,27048,60,51,13,,
Shrimp Trawl,---,2017,16,18,1,180,*,*,*,*,*,,
Shrimp Trawl,---,2017,16,21,1,540,*,*,*,*,*,,
Shrimp Trawl,---,2017,16,Total,1,720,*,*,*,*,*,,
Shrimp Trawl,---,2017,17,1,2,210,*,*,*,*,*,,
Shrimp Trawl,---,2017,17,2,2,360,*,*,*,*,*,,
Shrimp Trawl,---,2017,17,3,1,120,*,*,*,*,*,,
Shrimp Trawl,---,2017,17,4,2,60,*,*,*,*,*,,
Shrimp Trawl,---,2017,17,5,2,270,*,*,*,*,*,,
Shrimp Trawl,---,2017,17,6,2,6150,*,*,*,*,*,,
Shrimp Trawl,---,2017,17,8,1,100,*,*,*,*,*,,
Shrimp Trawl,---,2017,17,9,2,6780,*,*,*,*,*,,
Shrimp Trawl,---,2017,17,10,3,3635,653,844,0,0,0,,
Shrimp Trawl,---,2017,17,11,1,150,*,*,*,*,*,,
Shrimp Trawl,---,2017,17,12,1,260,*,*,*,*,*,,
Shrimp Trawl,---,2017,17,Total,6,18095,889,2617,1420,156,3,,
Shrimp Trawl,---,2017,23,4,1,600,*,*,*,*,*,,
Shrimp Trawl,---,2017,23,5,1,330,*,*,*,*,*,,
Shrimp Trawl,---,2017,23,6,2,930,*,*,*,*,*,,
Shrimp Trawl,---,2017,23,7,4,2070,4610,32,0,0,0,,
Shrimp Trawl,---,2017,23,8,1,60,*,*,*,*,*,,
Shrimp Trawl,---,2017,23,Total,4,3990,5650,201,0,0,0,,
Shrimp Trawl,---,2017,24,2,1,60,*,*,*,*,*,,
Shrimp Trawl,---,2017,24,3,1,60,*,*,*,*,*,,
Shrimp Trawl,---,2017,24,5,1,60,*,*,*,*,*,,
Shrimp Trawl,---,2017,24,14,1,60,*,*,*,*,*,,
Shrimp Trawl,---,2017,24,Total,1,240,*,*,*,*,*,,
Shrimp Trawl,---,2017,25,6,1,120,*,*,*,*,*,,
Shrimp Trawl,---,2017,25,12,1,50,*,*,*,*,*,,
Shrimp Trawl,---,2017,25,13,1,60,*,*,*,*,*,,
Shrimp Trawl,---,2017,25,Total,1,230,*,*,*,*,*,,
Shrimp Trawl,---,2017,26,2,1,60,*,*,*,*,*,,
Shrimp Trawl,---,2017,26,4,1,50,*,*,*,*,*,,
Shrimp Trawl,---,2017,26,Total,1,110,*,*,*,*,*,,
Shrimp Trawl,---,2017,27,7,1,240,*,*,*,*,*,,
Shrimp Trawl,---,2017,27,8,1,60,*,*,*,*,*,,
Shrimp Trawl,---,2017,27,Total,1,300,*,*,*,*,*,,
Shrimp Trawl,---,2017,103,0,1,120,*,*,*,*,*,,
Shrimp Trawl,---,2017,103,Total,1,120,*,*,*,*,*,,
Shrimp Trawl,---,2017,123,3,1,160,*,*,*,*,*,,
Shrimp Trawl,---,2017,123,4,1,40,*,*,*,*,*,,
Shrimp Trawl,---,2017,123,5,1,230,*,*,*,*,*,,
Shrimp Trawl,---,2017,123,6,1,60,*,*,*,*,*,,
Shrimp Trawl,---,2017,123,Total,2,490,*,*,*,*,*,,
Shrimp Trawl,---,2017,124,1,2,240,*,*,*,*,*,,
Shrimp Trawl,---,2017,124,Total,2,240,*,*,*,*,*,,
Shrimp Trawl,---,2018,3,1,1,220,*,*,*,*,*,,
Shrimp Trawl,---,2018,3,2,6,1900,1891,1446,0,0,0,,
Shrimp Trawl,---,2018,3,4,3,2220,599,787,350,0,0,,
Shrimp Trawl,---,2018,3,6,5,11140,4365,3831,0,0,0,,
Shrimp Trawl,---,2018,3,7,2,600,*,*,*,*,*,,
Shrimp Trawl,---,2018,3,9,7,21150,4490,14232,0,0,10,,
Shrimp Trawl,---,2018,3,10,3,690,275,237,0,0,0,,
Shrimp Trawl,---,2018,3,11,3,5010,935,6492,0,0,0,,
Shrimp Trawl,---,2018,3,12,3,2400,817,2139,7,0,0,,
Shrimp Trawl,---,2018,3,14,1,210,*,*,*,*,*,,
Shrimp Trawl,---,2018,3,17,1,1890,*,*,*,*,*,,
Shrimp Trawl,---,2018,3,18,1,120,*,*,*,*,*,,
Shrimp Trawl,---,2018,3,Total,15,47550,15736,36559,379,0,10,,
Shrimp Trawl,---,2018,4,1,1,210,*,*,*,*,*,,
Shrimp Trawl,---,2018,4,2,3,450,25,176,0,0,0,,
Shrimp Trawl,---,2018,4,5,19,83731,58049,51843,222,0,2,,
Shrimp Trawl,---,2018,4,9,21,153243,64376,81475,640,0,9,,
Shrimp Trawl,---,2018,4,10,1,70,*,*,*,*,*,,
Shrimp Trawl,---,2018,4,12,21,75020,49510,42367,3281,0,5,,
Shrimp Trawl,---,2018,4,13,2,640,*,*,*,*,*,,
Shrimp Trawl,---,2018,4,Total,23,313364,172450,176137,4161,0,16,,
Shrimp Trawl,---,2018,5,1,16,24560,26820,16716,791,0,0,,
Shrimp Trawl,---,2018,5,2,6,1860,503,1077,22,0,0,,
Shrimp Trawl,---,2018,5,9,2,600,*,*,*,*,*,,
Shrimp Trawl,---,2018,5,11,1,20,*,*,*,*,*,,
Shrimp Trawl,---,2018,5,13,1,30,*,*,*,*,*,,
Shrimp Trawl,---,2018,5,14,1,75,*,*,*,*,*,,
Shrimp Trawl,---,2018,5,16,1,25,*,*,*,*,*,,
Shrimp Trawl,---,2018,5,17,1,10,*,*,*,*,*,,
Shrimp Trawl,---,2018,5,19,1,35,*,*,*,*,*,,
Shrimp Trawl,---,2018,5,23,12,9190,4282,4006,849,0,0,,
Shrimp Trawl,---,2018,5,Total,17,36405,31645,21811,1662,0,0,,
Shrimp Trawl,---,2018,6,1,2,16829,*,*,*,*,*,,
Shrimp Trawl,---,2018,6,4,4,12780,2982,9062,46,0,0,,
Shrimp Trawl,---,2018,6,5,1,150,*,*,*,*,*,,
Shrimp Trawl,---,2018,6,12,1,20,*,*,*,*,*,,
Shrimp Trawl,---,2018,6,16,1,440,*,*,*,*,*,,
Shrimp Trawl,---,2018,6,18,2,140,*,*,*,*,*,,
Shrimp Trawl,---,2018,6,23,1,45,*,*,*,*,*,,
Shrimp Trawl,---,2018,6,Total,5,30404,14823,17046,891,0,0,,
Shrimp Trawl,---,2018,7,9,1,80,*,*,*,*,*,,
Shrimp Trawl,---,2018,7,13,1,150,*,*,*,*,*,,
Shrimp Trawl,---,2018,7,16,1,60,*,*,*,*,*,,
Shrimp Trawl,---,2018,7,Total,3,290,25,4,215,0,0,,
Shrimp Trawl,---,2018,9,1,2,1000,*,*,*,*,*,,
Shrimp Trawl,---,2018,9,3,2,5910,*,*,*,*,*,,
Shrimp Trawl,---,2018,9,Total,3,6910,30,5330,0,0,0,,
Shrimp Trawl,---,2018,11,4,1,70,*,*,*,*,*,,
Shrimp Trawl,---,2018,11,8,1,130,*,*,*,*,*,,
Shrimp Trawl,---,2018,11,10,1,30,*,*,*,*,*,,
Shrimp Trawl,---,2018,11,Total,1,230,*,*,*,*,*,,
Shrimp Trawl,---,2018,12,3,1,185,*,*,*,*,*,,
Shrimp Trawl,---,2018,12,6,4,2950,8805,2312,167,0,0,,
Shrimp Trawl,---,2018,12,7,3,1325,282,195,0,0,0,,
Shrimp Trawl,---,2018,12,8,1,208,*,*,*,*,*,,
Shrimp Trawl,---,2018,12,9,1,60,*,*,*,*,*,,
Shrimp Trawl,---,2018,12,11,1,40,*,*,*,*,*,,
Shrimp Trawl,---,2018,12,13,1,60,*,*,*,*,*,,
Shrimp Trawl,---,2018,12,23,2,90,*,*,*,*,*,,
Shrimp Trawl,---,2018,12,26,11,21127,71411,9817,668,17,26,,
Shrimp Trawl,---,2018,12,27,2,5450,*,*,*,*,*,,
Shrimp Trawl,---,2018,12,34,1,120,*,*,*,*,*,,
Shrimp Trawl,---,2018,12,35,1,135,*,*,*,*,*,,
Shrimp Trawl,---,2018,12,36,2,480,*,*,*,*,*,,
Shrimp Trawl,---,2018,12,37,5,7575,24570,1410,0,0,0,,
Shrimp Trawl,---,2018,12,39,6,25100,30089,407,21748,2056,0,,
Shrimp Trawl,---,2018,12,40,2,390,*,*,*,*,*,,
Shrimp Trawl,---,2018,12,Total,12,65295,139009,23392,22593,2073,30,,
Shrimp Trawl,---,2018,13,1,2,840,*,*,*,*,*,,
Shrimp Trawl,---,2018,13,13,1,60,*,*,*,*,*,,
Shrimp Trawl,---,2018,13,14,4,2435,1120,439,0,0,0,,
Shrimp Trawl,---,2018,13,15,1,95,*,*,*,*,*,,
Shrimp Trawl,---,2018,13,42,1,30,*,*,*,*,*,,
Shrimp Trawl,---,2018,13,Total,5,3460,1515,572,0,0,0,,
Shrimp Trawl,---,2018,14,1,2,2040,*,*,*,*,*,,
Shrimp Trawl,---,2018,14,2,3,6270,1612,903,0,0,3,,
Shrimp Trawl,---,2018,14,3,3,870,365,67,0,0,0,,
Shrimp Trawl,---,2018,14,4,4,825,85,113,6,0,0,,
Shrimp Trawl,---,2018,14,5,4,630,69,66,0,0,0,,
Shrimp Trawl,---,2018,14,9,4,8010,2148,3302,0,0,51,,
Shrimp Trawl,---,2018,14,12,4,13405,2765,5235,0,0,24,,
Shrimp Trawl,---,2018,14,13,2,14870,*,*,*,*,*,,
Shrimp Trawl,---,2018,14,Total,7,46920,11654,13672,6,0,85,,
Shrimp Trawl,---,2018,15,1,3,14080,**,**,**,**,**,,
Shrimp Trawl,---,2018,15,2,6,30200,28627,5183,4,0,0,,
Shrimp Trawl,---,2018,15,3,2,4840,*,*,*,*,*,,
Shrimp Trawl,---,2018,15,Total,6,49120,47467,7308,23,0,0,,
Shrimp Trawl,---,2018,16,2,4,32490,30918,5901,0,0,0,,
Shrimp Trawl,---,2018,16,21,4,2790,2455,322,0,0,0,,
Shrimp Trawl,---,2018,16,Total,7,35280,33373,6223,0,0,0,,
Shrimp Trawl,---,2018,17,1,2,330,*,*,*,*,*,,
Shrimp Trawl,---,2018,17,2,1,1780,*,*,*,*,*,,
Shrimp Trawl,---,2018,17,3,1,1920,*,*,*,*,*,,
Shrimp Trawl,---,2018,17,4,1,240,*,*,*,*,*,,
Shrimp Trawl,---,2018,17,6,3,3425,356,328,1049,165,0,,
Shrimp Trawl,---,2018,17,8,1,1020,*,*,*,*,*,,
Shrimp Trawl,---,2018,17,9,5,2570,422,273,204,10,0,,
Shrimp Trawl,---,2018,17,10,1,180,*,*,*,*,*,,
Shrimp Trawl,---,2018,17,11,2,390,*,*,*,*,*,,
Shrimp Trawl,---,2018,17,12,2,390,*,*,*,*,*,,
Shrimp Trawl,---,2018,17,13,2,240,*,*,*,*,*,,
Shrimp Trawl,---,2018,17,Total,7,12485,2196,939,5173,2734,0,,
Shrimp Trawl,---,2018,23,4,1,180,*,*,*,*,*,,
Shrimp Trawl,---,2018,23,5,1,390,*,*,*,*,*,,
Shrimp Trawl,---,2018,23,6,1,720,*,*,*,*,*,,
Shrimp Trawl,---,2018,23,7,1,5175,*,*,*,*,*,,
Shrimp Trawl,---,2018,23,9,1,120,*,*,*,*,*,,
Shrimp Trawl,---,2018,23,Total,1,6585,*,*,*,*,*,,
Shrimp Trawl,---,2018,27,7,1,60,*,*,*,*,*,,
Shrimp Trawl,---,2018,27,Total,1,60,*,*,*,*,*,,
Shrimp Trawl,---,2018,105,2,1,60,*,*,*,*,*,,
Shrimp Trawl,---,2018,105,Total,1,60,*,*,*,*,*,,
Shrimp Trawl,---,2018,106,2,1,150,*,*,*,*,*,,
Shrimp Trawl,---,2018,106,Total,1,150,*,*,*,*,*,,
Shrimp Trawl,---,2019,3,2,5,3840,1975,1851,440,0,0,,
Shrimp Trawl,---,2019,3,3,1,210,*,*,*,*,*,,
Shrimp Trawl,---,2019,3,4,3,1680,920,1344,0,0,0,,
Shrimp Trawl,---,2019,3,6,5,14100,5560,4307,0,0,0,,
Shrimp Trawl,---,2019,3,7,2,1860,*,*,*,*,*,,
Shrimp Trawl,---,2019,3,9,3,5145,4270,2025,0,0,0,,
Shrimp Trawl,---,2019,3,11,2,1380,*,*,*,*,*,,
Shrimp Trawl,---,2019,3,12,2,3700,*,*,*,*,*,,
Shrimp Trawl,---,2019,3,13,1,30,*,*,*,*,*,,
Shrimp Trawl,---,2019,3,17,1,3305,*,*,*,*,*,,
Shrimp Trawl,---,2019,3,Total,12,35250,18127,23837,442,0,0,,
Shrimp Trawl,---,2019,4,5,16,123180,61526,45386,1361,0,0,,
Shrimp Trawl,---,2019,4,9,18,150550,50269,64697,2838,0,0,,
Shrimp Trawl,---,2019,4,10,1,20,*,*,*,*,*,,
Shrimp Trawl,---,2019,4,12,16,40585,**,**,**,**,**,,
Shrimp Trawl,---,2019,4,Total,20,314335,126506,126508,6997,0,0,,
Shrimp Trawl,---,2019,5,0,1,780,*,*,*,*,*,,
Shrimp Trawl,---,2019,5,1,15,32060,10828,15899,71,0,15,,
Shrimp Trawl,---,2019,5,2,1,900,*,*,*,*,*,,
Shrimp Trawl,---,2019,5,9,1,60,*,*,*,*,*,,
Shrimp Trawl,---,2019,5,23,11,9680,2683,5553,144,0,0,,
Shrimp Trawl,---,2019,5,Total,15,43480,13791,23423,228,0,15,,
Shrimp Trawl,---,2019,6,1,2,15390,*,*,*,*,*,,
Shrimp Trawl,---,2019,6,4,2,5260,*,*,*,*,*,,
Shrimp Trawl,---,2019,6,21,1,90,*,*,*,*,*,,
Shrimp Trawl,---,2019,6,Total,2,20740,*,*,*,*,*,,
Shrimp Trawl,---,2019,7,13,1,80,*,*,*,*,*,,
Shrimp Trawl,---,2019,7,Total,1,80,*,*,*,*,*,,
Shrimp Trawl,---,2019,8,13,1,180,*,*,*,*,*,,
Shrimp Trawl,---,2019,8,Total,1,180,*,*,*,*,*,,
Shrimp Trawl,---,2019,9,1,2,930,*,*,*,*,*,,
Shrimp Trawl,---,2019,9,3,1,900,*,*,*,*,*,,
Shrimp Trawl,---,2019,9,12,1,90,*,*,*,*,*,,
Shrimp Trawl,---,2019,9,Total,2,1920,*,*,*,*,*,,
Shrimp Trawl,---,2019,10,12,2,240,*,*,*,*,*,,
Shrimp Trawl,---,2019,10,Total,2,240,*,*,*,*,*,,
Shrimp Trawl,---,2019,12,6,3,1710,3215,1828,709,0,2,,
Shrimp Trawl,---,2019,12,8,1,120,*,*,*,*,*,,
Shrimp Trawl,---,2019,12,9,1,30,*,*,*,*,*,,
Shrimp Trawl,---,2019,12,23,1,30,*,*,*,*,*,,
Shrimp Trawl,---,2019,12,26,9,50057,145272,21651,2483,22,24,,
Shrimp Trawl,---,2019,12,27,2,6055,*,*,*,*,*,,
Shrimp Trawl,---,2019,12,35,2,180,*,*,*,*,*,,
Shrimp Trawl,---,2019,12,37,3,4470,13400,1117,0,0,0,,
Shrimp Trawl,---,2019,12,38,1,60,*,*,*,*,*,,
Shrimp Trawl,---,2019,12,39,5,15590,6661,616,17831,5222,0,,
Shrimp Trawl,---,2019,12,40,1,120,*,*,*,*,*,,
Shrimp Trawl,---,2019,12,41,1,150,*,*,*,*,*,,
Shrimp Trawl,---,2019,12,Total,12,78572,174070,34111,21088,5244,26,,
Shrimp Trawl,---,2019,13,1,2,1290,*,*,*,*,*,,
Shrimp Trawl,---,2019,13,13,1,120,*,*,*,*,*,,
Shrimp Trawl,---,2019,13,14,3,4590,1185,577,0,0,0,,
Shrimp Trawl,---,2019,13,Total,3,6000,1470,735,0,0,0,,
Shrimp Trawl,---,2019,14,13,1,210,*,*,*,*,*,,
Shrimp Trawl,---,2019,14,Total,1,210,*,*,*,*,*,,
Shrimp Trawl,---,2019,15,1,4,10535,11217,410,0,0,0,,
Shrimp Trawl,---,2019,15,2,4,21435,19189,2334,0,0,0,,
Shrimp Trawl,---,2019,15,3,3,3165,1155,629,0,0,0,,
Shrimp Trawl,---,2019,15,Total,6,35135,31561,3373,0,0,0,,
Shrimp Trawl,---,2019,16,2,1,2340,*,*,*,*,*,,
Shrimp Trawl,---,2019,16,21,2,1230,*,*,*,*,*,,
Shrimp Trawl,---,2019,16,Total,3,3570,1785,427,0,0,0,,
Shrimp Trawl,---,2019,17,1,1,120,*,*,*,*,*,,
Shrimp Trawl,---,2019,17,2,2,1600,*,*,*,*,*,,
Shrimp Trawl,---,2019,17,3,2,4558,*,*,*,*,*,,
Shrimp Trawl,---,2019,17,5,1,90,*,*,*,*,*,,
Shrimp Trawl,---,2019,17,6,3,2291,1441,222,808,591,13,,
Shrimp Trawl,---,2019,17,8,2,1603,*,*,*,*,*,,
Shrimp Trawl,---,2019,17,9,2,735,*,*,*,*,*,,
Shrimp Trawl,---,2019,17,Total,3,10997,3192,848,5889,6652,87,,
Shrimp Trawl,---,2019,23,5,2,540,*,*,*,*,*,,
Shrimp Trawl,---,2019,23,6,2,900,*,*,*,*,*,,
Shrimp Trawl,---,2019,23,7,6,10745,126125,241,0,0,0,,
Shrimp Trawl,---,2019,23,8,2,300,*,*,*,*,*,,
Shrimp Trawl,---,2019,23,Total,6,12485,134045,478,0,0,0,,
Shrimp Trawl,---,2019,24,5,1,120,*,*,*,*,*,,
Shrimp Trawl,---,2019,24,13,1,90,*,*,*,*,*,,
Shrimp Trawl,---,2019,24,14,1,90,*,*,*,*,*,,
Shrimp Trawl,---,2019,24,Total,1,300,*,*,*,*,*,,
Shrimp Trawl,---,2019,25,13,1,60,*,*,*,*,*,,
Shrimp Trawl,---,2019,25,15,1,60,*,*,*,*,*,,
Shrimp Trawl,---,2019,25,Total,1,120,*,*,*,*,*,,
Shrimp Trawl,---,2019,26,2,1,120,*,*,*,*,*,,
Shrimp Trawl,---,2019,26,Total,1,120,*,*,*,*,*,,
Shrimp Trawl,---,2019,27,7,2,140,*,*,*,*,*,,
Shrimp Trawl,---,2019,27,Total,2,140,*,*,*,*,*,,
Shrimp Trawl,---,2019,121,2,3,140,0,0,0,0,0,,
Shrimp Trawl,---,2019,121,Total,3,140,0,0,0,0,0,,
Shrimp Trawl,---,2019,123,1,4,733,39220,0,0,0,0,,
Shrimp Trawl,---,2019,123,2,6,437,**,**,**,**,**,,
Shrimp Trawl,---,2019,123,3,8,15999,692690,0,0,0,0,,
Shrimp Trawl,---,2019,123,4,8,11565,478820,0,0,0,0,,
Shrimp Trawl,---,2019,123,5,7,4215,191820,0,0,0,0,,
Shrimp Trawl,---,2019,123,8,1,55,*,*,*,*,*,,
Shrimp Trawl,---,2019,123,Total,8,33004,1427600,0,0,0,0,,
Shrimp Trawl,---,2019,127,4,1,15,*,*,*,*,*,,
Shrimp Trawl,---,2019,127,Total,1,15,*,*,*,*,*,,
Shrimp Trawl,---,2020,3,0,1,240,*,*,*,*,*,,
Shrimp Trawl,---,2020,3,2,1,120,*,*,*,*,*,,
Shrimp Trawl,---,2020,3,4,2,1320,*,*,*,*,*,,
Shrimp Trawl,---,2020,3,5,1,360,*,*,*,*,*,,
Shrimp Trawl,---,2020,3,6,7,30350,6421,10000,0,0,5,,
Shrimp Trawl,---,2020,3,7,2,1650,*,*,*,*,*,,
Shrimp Trawl,---,2020,3,9,8,24222,9061,5878,0,0,0,,
Shrimp Trawl,---,2020,3,10,4,25440,7665,6494,0,0,0,,
Shrimp Trawl,---,2020,3,11,2,2940,*,*,*,*,*,,
Shrimp Trawl,---,2020,3,12,4,16680,5293,8505,0,0,0,,
Shrimp Trawl,---,2020,3,14,2,2400,*,*,*,*,*,,
Shrimp Trawl,---,2020,3,17,1,180,*,*,*,*,*,,
Shrimp Trawl,---,2020,3,Total,10,105902,30535,35272,0,0,5,,
Shrimp Trawl,---,2020,4,5,2,1440,*,*,*,*,*,,
Shrimp Trawl,---,2020,4,9,6,41970,18105,29751,0,0,0,,
Shrimp Trawl,---,2020,4,12,5,4620,**,**,**,**,**,,
Shrimp Trawl,---,2020,4,Total,6,48030,19835,33870,22,0,0,,
Shrimp Trawl,---,2020,5,1,1,1440,*,*,*,*,*,,
Shrimp Trawl,---,2020,5,3,3,3880,870,1048,115,0,0,,
Shrimp Trawl,---,2020,5,4,3,16650,2345,135,13820,0,0,,
Shrimp Trawl,---,2020,5,10,3,480,40,20,0,0,0,,
Shrimp Trawl,---,2020,5,14,2,4320,*,*,*,*,*,,
Shrimp Trawl,---,2020,5,23,3,2040,780,789,0,0,0,,
Shrimp Trawl,---,2020,5,Total,7,28810,6230,4070,13935,0,0,,
Shrimp Trawl,---,2020,6,1,4,20910,10093,7068,496,0,272,,
Shrimp Trawl,---,2020,6,2,1,240,*,*,*,*,*,,
Shrimp Trawl,---,2020,6,3,1,180,*,*,*,*,*,,
Shrimp Trawl,---,2020,6,4,5,7140,3057,1374,0,0,36,,
Shrimp Trawl,---,2020,6,5,1,540,*,*,*,*,*,,
Shrimp Trawl,---,2020,6,Total,6,29010,13420,8615,496,0,308,,
Shrimp Trawl,---,2020,7,14,1,240,*,*,*,*,*,,
Shrimp Trawl,---,2020,7,Total,1,240,*,*,*,*,*,,
Shrimp Trawl,---,2020,9,1,1,4590,*,*,*,*,*,,
Shrimp Trawl,---,2020,9,3,2,6030,*,*,*,*,*,,
Shrimp Trawl,---,2020,9,10,1,60,*,*,*,*,*,,
Shrimp Trawl,---,2020,9,Total,2,10680,*,*,*,*,*,,
Shrimp Trawl,---,2020,10,2,1,120,*,*,*,*,*,,
Shrimp Trawl,---,2020,10,12,1,60,*,*,*,*,*,,
Shrimp Trawl,---,2020,10,Total,2,180,*,*,*,*,*,,
Shrimp Trawl,---,2020,12,6,3,510,175,199,22,0,0,,
Shrimp Trawl,---,2020,12,7,1,360,*,*,*,*,*,,
Shrimp Trawl,---,2020,12,23,2,210,*,*,*,*,*,,
Shrimp Trawl,---,2020,12,26,11,36887,47846,19050,1601,0,110,,
Shrimp Trawl,---,2020,12,27,3,3360,403,4480,0,0,0,,
Shrimp Trawl,---,2020,12,37,4,6335,35682,10738,522,0,0,,
Shrimp Trawl,---,2020,12,39,7,20446,11920,1318,14624,3095,0,,
Shrimp Trawl,---,2020,12,40,3,150,105,20,65,0,0,,
Shrimp Trawl,---,2020,12,Total,13,68258,96131,35826,16834,3095,110,,
Shrimp Trawl,---,2020,17,0,1,60,*,*,*,*,*,,
Shrimp Trawl,---,2020,17,2,2,3360,*,*,*,*,*,,
Shrimp Trawl,---,2020,17,3,2,1740,*,*,*,*,*,,
Shrimp Trawl,---,2020,17,6,3,6865,1340,358,2875,2284,22,,
Shrimp Trawl,---,2020,17,8,3,3180,427,141,975,808,4,,
Shrimp Trawl,---,2020,17,9,3,2310,270,558,310,290,8,,
Shrimp Trawl,---,2020,17,12,2,125,*,*,*,*,*,,
Shrimp Trawl,---,2020,17,13,2,585,*,*,*,*,*,,
Shrimp Trawl,---,2020,17,18,1,25,*,*,*,*,*,,
Shrimp Trawl,---,2020,17,Total,5,18250,2882,1148,6620,5753,43,,
Shrimp Trawl,---,2020,23,5,3,1283,10230,182,0,0,0,,
Shrimp Trawl,---,2020,23,6,4,2148,16100,206,52,0,0,,
Shrimp Trawl,---,2020,23,7,4,880,7000,48,0,0,0,,
Shrimp Trawl,---,2020,23,Total,5,4311,33330,436,52,0,0,,
Shrimp Trawl,---,2020,27,7,1,150,*,*,*,*,*,,
Shrimp Trawl,---,2020,27,Total,1,150,*,*,*,*,*,,
Shrimp Trawl,---,2020,123,1,2,730,*,*,*,*,*,,
Shrimp Trawl,---,2020,123,2,4,525,9600,0,0,0,0,,
Shrimp Trawl,---,2020,123,3,6,18082,573450,0,0,0,0,,
Shrimp Trawl,---,2020,123,4,6,15272,433652,2,0,0,0,,
Shrimp Trawl,---,2020,123,5,2,345,*,*,*,*,*,,
Shrimp Trawl,---,2020,123,6,1,45,*,*,*,*,*,,
Shrimp Trawl,---,2020,123,Total,6,34999,1071272,2,0,0,0,,
Shrimp Trawl,---,2021,3,2,6,3495,1220,1157,0,0,0,,
Shrimp Trawl,---,2021,3,4,2,2730,*,*,*,*,*,,
Shrimp Trawl,---,2021,3,6,2,3180,*,*,*,*,*,,
Shrimp Trawl,---,2021,3,9,2,1320,*,*,*,*,*,,
Shrimp Trawl,---,2021,3,10,2,480,*,*,*,*,*,,
Shrimp Trawl,---,2021,3,11,1,240,*,*,*,*,*,,
Shrimp Trawl,---,2021,3,12,1,360,*,*,*,*,*,,
Shrimp Trawl,---,2021,3,Total,9,11805,5440,5724,0,0,0,,
Shrimp Trawl,---,2021,4,3,1,60,*,*,*,*,*,,
Shrimp Trawl,---,2021,4,5,11,166508,62597,55691,870,0,0,,
Shrimp Trawl,---,2021,4,9,11,48379,22754,39959,7,0,0,,
Shrimp Trawl,---,2021,4,12,8,2718,**,**,**,**,**,,
Shrimp Trawl,---,2021,4,Total,12,217665,86900,96982,877,0,0,,
Shrimp Trawl,---,2021,5,1,7,24360,11051,12156,0,0,0,,
Shrimp Trawl,---,2021,5,2,1,1890,*,*,*,*,*,,
Shrimp Trawl,---,2021,5,11,1,240,*,*,*,*,*,,
Shrimp Trawl,---,2021,5,23,5,8070,3903,3884,0,0,0,,
Shrimp Trawl,---,2021,5,Total,7,34560,15554,18836,0,0,0,,
Shrimp Trawl,---,2021,6,1,2,6930,*,*,*,*,*,,
Shrimp Trawl,---,2021,6,4,1,720,*,*,*,*,*,,
Shrimp Trawl,---,2021,6,Total,2,7650,*,*,*,*,*,,
Shrimp Trawl,---,2021,9,1,1,870,*,*,*,*,*,,
Shrimp Trawl,---,2021,9,3,1,600,*,*,*,*,*,,
Shrimp Trawl,---,2021,9,Total,1,1470,*,*,*,*,*,,
Shrimp Trawl,---,2021,12,23,1,120,*,*,*,*,*,,
Shrimp Trawl,---,2021,12,26,7,25680,41788,11458,1392,0,49,,
Shrimp Trawl,---,2021,12,27,1,9750,*,*,*,*,*,,
Shrimp Trawl,---,2021,12,37,2,1500,*,*,*,*,*,,
Shrimp Trawl,---,2021,12,39,3,8735,400,80,9785,1750,0,,
Shrimp Trawl,---,2021,12,Total,8,45965,46780,21640,11283,1750,49,,
Shrimp Trawl,---,2021,16,2,1,1320,*,*,*,*,*,,
Shrimp Trawl,---,2021,16,21,2,1380,*,*,*,*,*,,
Shrimp Trawl,---,2021,16,Total,2,2700,*,*,*,*,*,,
Shrimp Trawl,---,2021,17,1,1,210,*,*,*,*,*,,
Shrimp Trawl,---,2021,17,2,2,2417,*,*,*,*,*,,
Shrimp Trawl,---,2021,17,3,2,330,*,*,*,*,*,,
Shrimp Trawl,---,2021,17,4,1,30,*,*,*,*,*,,
Shrimp Trawl,---,2021,17,5,1,60,*,*,*,*,*,,
Shrimp Trawl,---,2021,17,6,3,11530,705,3220,2150,1710,8,,
Shrimp Trawl,---,2021,17,8,2,2850,*,*,*,*,*,,
Shrimp Trawl,---,2021,17,9,2,9030,*,*,*,*,*,,
Shrimp Trawl,---,2021,17,10,1,205,*,*,*,*,*,,
Shrimp Trawl,---,2021,17,12,1,30,*,*,*,*,*,,
Shrimp Trawl,---,2021,17,13,1,60,*,*,*,*,*,,
Shrimp Trawl,---,2021,17,17,1,30,*,*,*,*,*,,
Shrimp Trawl,---,2021,17,Total,3,26782,1975,6654,6619,6552,27,,
Shrimp Trawl,---,2021,23,4,1,30,*,*,*,*,*,,
Shrimp Trawl,---,2021,23,5,1,1470,*,*,*,*,*,,
Shrimp Trawl,---,2021,23,6,1,800,*,*,*,*,*,,
Shrimp Trawl,---,2021,23,7,1,70,*,*,*,*,*,,
Shrimp Trawl,---,2021,23,Total,1,2370,*,*,*,*,*,,
Shrimp Trawl,---,2021,24,2,1,50,*,*,*,*,*,,
Shrimp Trawl,---,2021,24,3,1,90,*,*,*,*,*,,
Shrimp Trawl,---,2021,24,4,1,120,*,*,*,*,*,,
Shrimp Trawl,---,2021,24,Total,1,260,*,*,*,*,*,,
Shrimp Trawl,---,2021,25,6,1,300,*,*,*,*,*,,
Shrimp Trawl,---,2021,25,15,1,150,*,*,*,*,*,,
Shrimp Trawl,---,2021,25,Total,1,450,*,*,*,*,*,,
Shrimp Trawl,---,2021,27,7,1,60,*,*,*,*,*,,
Shrimp Trawl,---,2021,27,8,1,60,*,*,*,*,*,,
Shrimp Trawl,---,2021,27,Total,1,120,*,*,*,*,*,,
Shrimp Trawl,---,2021,29,5,1,60,*,*,*,*,*,,
Shrimp Trawl,---,2021,29,Total,1,60,*,*,*,*,*,,
Shrimp Trawl,---,2021,123,2,1,30,*,*,*,*,*,,
Shrimp Trawl,---,2021,123,3,1,1100,*,*,*,*,*,,
Shrimp Trawl,---,2021,123,4,1,725,*,*,*,*,*,,
Shrimp Trawl,---,2021,123,Total,1,1855,*,*,*,*,*,,
Shrimp Trawl,---,2021,125,5,1,30,*,*,*,*,*,,
Shrimp Trawl,---,2021,125,Total,1,30,*,*,*,*,*,,
Shrimp Trawl,---,2022,1,6,1,120,*,*,*,*,*,,
Shrimp Trawl,---,2022,1,Total,1,120,*,*,*,*,*,,
Shrimp Trawl,---,2022,3,2,2,570,*,*,*,*,*,,
Shrimp Trawl,---,2022,3,4,1,3120,*,*,*,*,*,,
Shrimp Trawl,---,2022,3,6,2,8040,*,*,*,*,*,,
Shrimp Trawl,---,2022,3,8,1,840,*,*,*,*,*,,
Shrimp Trawl,---,2022,3,9,4,11160,537,2986,0,0,0,,
Shrimp Trawl,---,2022,3,10,1,4680,*,*,*,*,*,,
Shrimp Trawl,---,2022,3,12,4,51790,2999,23953,0,0,0,,
Shrimp Trawl,---,2022,3,Total,6,80200,7474,32289,0,0,0,,
Shrimp Trawl,---,2022,4,5,4,6280,597,2345,0,0,0,,
Shrimp Trawl,---,2022,4,9,9,54747,24402,34496,37,0,0,,
Shrimp Trawl,---,2022,4,12,8,11681,3666,3760,5,0,0,,
Shrimp Trawl,---,2022,4,Total,9,72708,28665,40601,42,0,0,,
Shrimp Trawl,---,2022,5,1,5,10864,1768,5793,0,0,0,,
Shrimp Trawl,---,2022,5,2,2,3060,*,*,*,*,*,,
Shrimp Trawl,---,2022,5,23,2,3360,*,*,*,*,*,,
Shrimp Trawl,---,2022,5,Total,6,17284,2608,9203,0,0,0,,
Shrimp Trawl,---,2022,6,1,4,10260,60,2385,116,0,0,,
Shrimp Trawl,---,2022,6,3,1,600,*,*,*,*,*,,
Shrimp Trawl,---,2022,6,4,2,5100,*,*,*,*,*,,
Shrimp Trawl,---,2022,6,Total,5,15960,86,3623,116,0,80,,
Shrimp Trawl,---,2022,7,2,1,125,*,*,*,*,*,,
Shrimp Trawl,---,2022,7,Total,1,125,*,*,*,*,*,,
Shrimp Trawl,---,2022,9,12,1,180,*,*,*,*,*,,
Shrimp Trawl,---,2022,9,Total,1,180,*,*,*,*,*,,
Shrimp Trawl,---,2022,12,6,1,360,*,*,*,*,*,,
Shrimp Trawl,---,2022,12,26,6,10414,12377,6600,1524,0,34,,
Shrimp Trawl,---,2022,12,27,1,2250,*,*,*,*,*,,
Shrimp Trawl,---,2022,12,35,1,90,*,*,*,*,*,,
Shrimp Trawl,---,2022,12,36,1,1110,*,*,*,*,*,,
Shrimp Trawl,---,2022,12,37,1,240,*,*,*,*,*,,
Shrimp Trawl,---,2022,12,39,1,11385,*,*,*,*,*,,
Shrimp Trawl,---,2022,12,Total,7,25849,12806,9951,19874,2875,39,,
Shrimp Trawl,---,2022,16,2,2,420,*,*,*,*,*,,
Shrimp Trawl,---,2022,16,21,1,120,*,*,*,*,*,,
Shrimp Trawl,---,2022,16,Total,2,540,*,*,*,*,*,,
Shrimp Trawl,---,2022,17,2,3,2365,256,42,1396,865,0,,
Shrimp Trawl,---,2022,17,3,2,270,*,*,*,*,*,,
Shrimp Trawl,---,2022,17,4,2,14820,*,*,*,*,*,,
Shrimp Trawl,---,2022,17,5,1,510,*,*,*,*,*,,
Shrimp Trawl,---,2022,17,6,5,9860,1582,1036,3562,1920,7,,
Shrimp Trawl,---,2022,17,8,3,2035,216,8,1790,1600,0,,
Shrimp Trawl,---,2022,17,9,4,1920,282,365,135,60,0,,
Shrimp Trawl,---,2022,17,10,1,240,*,*,*,*,*,,
Shrimp Trawl,---,2022,17,Total,5,32020,2341,1474,14864,4595,7,,
Shrimp Trawl,---,2022,20,1,1,30,*,*,*,*,*,,
Shrimp Trawl,---,2022,20,5,1,90,*,*,*,*,*,,
Shrimp Trawl,---,2022,20,Total,2,120,*,*,*,*,*,,
Shrimp Trawl,---,2022,23,5,1,285,*,*,*,*,*,,
Shrimp Trawl,---,2022,23,6,1,465,*,*,*,*,*,,
Shrimp Trawl,---,2022,23,7,1,60,*,*,*,*,*,,
Shrimp Trawl,---,2022,23,Total,1,810,*,*,*,*,*,,
Shrimp Trawl,---,2022,28,1,4,9165,1725,2948,0,0,0,,
Shrimp Trawl,---,2022,28,3,2,840,*,*,*,*,*,,
Shrimp Trawl,---,2022,28,4,3,900,0,198,0,0,0,,
Shrimp Trawl,---,2022,28,7,1,480,*,*,*,*,*,,
Shrimp Trawl,---,2022,28,Total,5,11385,2625,3936,0,0,0,,
Shrimp Trawl,---,2022,29,1,1,495,*,*,*,*,*,,
Shrimp Trawl,---,2022,29,2,5,9915,4960,2667,0,0,0,,
Shrimp Trawl,---,2022,29,3,6,58425,12179,22527,0,0,0,,
Shrimp Trawl,---,2022,29,5,1,2400,*,*,*,*,*,,
Shrimp Trawl,---,2022,29,Total,7,71235,22126,25379,22,0,0,,
Shrimp Trawl,---,2023,3,2,1,1620,*,*,*,*,*,,
Shrimp Trawl,---,2023,3,3,1,480,*,*,*,*,*,,
Shrimp Trawl,---,2023,3,4,1,2100,*,*,*,*,*,,
Shrimp Trawl,---,2023,3,7,1,60,*,*,*,*,*,,
Shrimp Trawl,---,2023,3,11,1,120,*,*,*,*,*,,
Shrimp Trawl,---,2023,3,12,2,1800,*,*,*,*,*,,
Shrimp Trawl,---,2023,3,Total,5,6180,1855,4978,0,0,0,,
Shrimp Trawl,---,2023,4,5,7,78210,29269,28291,0,0,0,,
Shrimp Trawl,---,2023,4,9,5,59656,26699,36162,10,0,0,,
Shrimp Trawl,---,2023,4,12,5,8940,7200,4386,0,0,0,,
Shrimp Trawl,---,2023,4,Total,7,146806,63168,68839,10,0,0,,
Shrimp Trawl,---,2023,5,1,5,20640,7430,9531,0,0,0,,
Shrimp Trawl,---,2023,5,2,3,5280,2180,2980,0,0,0,,
Shrimp Trawl,---,2023,5,23,3,3420,1485,1185,0,0,0,,
Shrimp Trawl,---,2023,5,Total,5,29340,11095,13696,0,0,0,,
Shrimp Trawl,---,2023,6,1,2,2790,*,*,*,*,*,,
Shrimp Trawl,---,2023,6,4,1,1170,*,*,*,*,*,,
Shrimp Trawl,---,2023,6,Total,2,3960,*,*,*,*,*,,
Shrimp Trawl,---,2023,9,3,2,105,*,*,*,*,*,,
Shrimp Trawl,---,2023,9,Total,2,105,*,*,*,*,*,,
Shrimp Trawl,---,2023,10,12,2,120,*,*,*,*,*,,
Shrimp Trawl,---,2023,10,Total,2,120,*,*,*,*,*,,
Shrimp Trawl,---,2023,12,23,2,510,*,*,*,*,*,,
Shrimp Trawl,---,2023,12,26,7,19595,28667,15312,996,0,2,,
Shrimp Trawl,---,2023,12,37,1,120,*,*,*,*,*,,
Shrimp Trawl,---,2023,12,39,3,4075,2550,1595,3145,310,0,,
Shrimp Trawl,---,2023,12,Total,8,24300,31717,17177,4282,310,2,,
Shrimp Trawl,---,2023,16,1,2,135,*,*,*,*,*,,
Shrimp Trawl,---,2023,16,2,3,715,266,33,0,0,0,,
Shrimp Trawl,---,2023,16,21,1,120,*,*,*,*,*,,
Shrimp Trawl,---,2023,16,Total,3,970,346,60,0,0,0,,
Shrimp Trawl,---,2023,17,1,1,345,*,*,*,*,*,,
Shrimp Trawl,---,2023,17,2,4,3438,428,135,1061,200,0,,
Shrimp Trawl,---,2023,17,3,2,200,*,*,*,*,*,,
Shrimp Trawl,---,2023,17,4,4,17745,151,0,6103,0,0,,
Shrimp Trawl,---,2023,17,6,6,6575,1274,521,826,214,4,,
Shrimp Trawl,---,2023,17,8,2,2800,*,*,*,*,*,,
Shrimp Trawl,---,2023,17,9,5,3750,618,571,2,0,0,,
Shrimp Trawl,---,2023,17,10,1,420,*,*,*,*,*,,
Shrimp Trawl,---,2023,17,11,1,180,*,*,*,*,*,,
Shrimp Trawl,---,2023,17,12,1,90,*,*,*,*,*,,
Shrimp Trawl,---,2023,17,16,1,30,*,*,*,*,*,,
Shrimp Trawl,---,2023,17,17,1,240,*,*,*,*,*,,
Shrimp Trawl,---,2023,17,18,1,30,*,*,*,*,*,,
Shrimp Trawl,---,2023,17,Total,7,35843,2686,1380,8919,1286,4,,
Shrimp Trawl,---,2023,23,4,4,6174,84184,66,0,0,13,,
Shrimp Trawl,---,2023,23,6,3,600,1375,125,0,0,0,,
Shrimp Trawl,---,2023,23,7,5,15713,93347,2387,3,0,21,,
Shrimp Trawl,---,2023,23,Total,5,22487,178906,2578,3,0,34,,
Shrimp Trawl,---,2023,28,1,4,4890,1676,998,0,0,0,,
Shrimp Trawl,---,2023,28,2,1,90,*,*,*,*,*,,
Shrimp Trawl,---,2023,28,7,1,2160,*,*,*,*,*,,
Shrimp Trawl,---,2023,28,Total,5,7140,4696,1723,0,0,0,,
Shrimp Trawl,---,2023,29,1,1,900,*,*,*,*,*,,
Shrimp Trawl,---,2023,29,2,4,8580,3156,2465,0,0,0,,
Shrimp Trawl,---,2023,29,3,4,16530,7758,5383,0,0,0,,
Shrimp Trawl,---,2023,29,4,1,60,*,*,*,*,*,,
Shrimp Trawl,---,2023,29,5,2,360,*,*,*,*,*,,
Shrimp Trawl,---,2023,29,10,1,90,*,*,*,*,*,,
Shrimp Trawl,---,2023,29,Total,6,26520,11344,8261,5,30,0,,
Shrimp Trawl,---,2023,123,1,2,65,*,*,*,*,*,,
Shrimp Trawl,---,2023,123,2,1,30,*,*,*,*,*,,
Shrimp Trawl,---,2023,123,3,2,255,*,*,*,*,*,,
Shrimp Trawl,---,2023,123,5,1,60,*,*,*,*,*,,
Shrimp Trawl,---,2023,123,8,1,30,*,*,*,*,*,,
Shrimp Trawl,---,2023,123,Total,3,440,411,12,0,0,0,,
Shrimp Trawl,---,2024,3,2,1,240,*,*,*,*,*,,
Shrimp Trawl,---,2024,3,4,2,1650,*,*,*,*,*,,
Shrimp Trawl,---,2024,3,6,1,7740,*,*,*,*,*,,
Shrimp Trawl,---,2024,3,9,2,2520,*,*,*,*,*,,
Shrimp Trawl,---,2024,3,10,2,13380,*,*,*,*,*,,
Shrimp Trawl,---,2024,3,12,3,29580,11530,14802,0,0,0,,
Shrimp Trawl,---,2024,3,14,1,150,*,*,*,*,*,,
Shrimp Trawl,---,2024,3,Total,4,55260,19563,23612,0,0,0,,
Shrimp Trawl,---,2024,4,2,1,180,*,*,*,*,*,,
Shrimp Trawl,---,2024,4,5,2,3090,*,*,*,*,*,,
Shrimp Trawl,---,2024,4,9,6,24920,10243,12522,0,0,0,,
Shrimp Trawl,---,2024,4,12,5,2430,510,836,0,0,0,,
Shrimp Trawl,---,2024,4,Total,6,30620,12136,16075,0,0,0,,
Shrimp Trawl,---,2024,5,1,6,40170,14167,12165,0,0,0,,
Shrimp Trawl,---,2024,5,2,2,4890,*,*,*,*,*,,
Shrimp Trawl,---,2024,5,23,4,3690,**,**,**,**,**,,
Shrimp Trawl,---,2024,5,Total,6,48750,17107,15953,0,0,0,,
Shrimp Trawl,---,2024,6,1,3,11820,4912,2783,982,0,0,,
Shrimp Trawl,---,2024,6,4,3,6900,3310,2621,0,0,0,,
Shrimp Trawl,---,2024,6,Total,3,18720,8222,5404,982,0,0,,
Shrimp Trawl,---,2024,9,1,1,120,*,*,*,*,*,,
Shrimp Trawl,---,2024,9,12,1,120,*,*,*,*,*,,
Shrimp Trawl,---,2024,9,Total,1,240,*,*,*,*,*,,
Shrimp Trawl,---,2024,12,6,2,90,*,*,*,*,*,,
Shrimp Trawl,---,2024,12,7,1,300,*,*,*,*,*,,
Shrimp Trawl,---,2024,12,22,1,60,*,*,*,*,*,,
Shrimp Trawl,---,2024,12,23,1,180,*,*,*,*,*,,
Shrimp Trawl,---,2024,12,26,6,14340,2585,8427,795,6,0,,
Shrimp Trawl,---,2024,12,27,1,30,*,*,*,*,*,,
Shrimp Trawl,---,2024,12,39,4,3010,25,136,4165,50,0,,
Shrimp Trawl,---,2024,12,Total,7,18010,2650,8798,4965,56,0,,
Shrimp Trawl,---,2024,16,1,1,60,*,*,*,*,*,,
Shrimp Trawl,---,2024,16,2,4,2080,624,242,0,0,0,,
Shrimp Trawl,---,2024,16,21,2,660,*,*,*,*,*,,
Shrimp Trawl,---,2024,16,Total,4,2800,860,423,0,0,0,,
Shrimp Trawl,---,2024,17,1,2,335,*,*,*,*,*,,
Shrimp Trawl,---,2024,17,2,3,3300,134,30,1398,391,0,,
Shrimp Trawl,---,2024,17,3,1,360,*,*,*,*,*,,
Shrimp Trawl,---,2024,17,4,3,5100,45,0,1930,0,0,,
Shrimp Trawl,---,2024,17,5,1,120,*,*,*,*,*,,
Shrimp Trawl,---,2024,17,6,5,2900,187,40,1212,430,0,,
Shrimp Trawl,---,2024,17,8,2,6090,*,*,*,*,*,,
Shrimp Trawl,---,2024,17,9,3,1140,150,186,0,0,0,,
Shrimp Trawl,---,2024,17,Total,7,19345,727,307,10879,3887,0,,
Shrimp Trawl,---,2024,23,4,2,45,*,*,*,*,*,,
Shrimp Trawl,---,2024,23,7,2,2485,*,*,*,*,*,,
Shrimp Trawl,---,2024,23,Total,2,2530,*,*,*,*,*,,
Shrimp Trawl,---,2024,28,1,4,12600,4738,3190,0,0,11,,
Shrimp Trawl,---,2024,28,Total,4,12600,4738,3190,0,0,11,,
Shrimp Trawl,---,2024,29,1,2,1590,*,*,*,*,*,,
Shrimp Trawl,---,2024,29,2,7,10552,4835,3460,0,0,61,,
Shrimp Trawl,---,2024,29,3,4,41370,14089,11279,0,0,0,,
Shrimp Trawl,---,2024,29,5,1,135,*,*,*,*,*,,
Shrimp Trawl,---,2024,29,Total,8,53647,19325,15154,0,0,64,,
Shrimp Trawl,---,2024,123,3,1,85,*,*,*,*,*,,
Shrimp Trawl,---,2024,123,4,1,15,*,*,*,*,*,,
Shrimp Trawl,---,2024,123,5,1,1591,*,*,*,*,*,,
Shrimp Trawl,---,2024,123,Total,1,1691,*,*,*,*,*,,
Shrimp Trawl,---,2025,3,2,2,300,*,*,*,*,*,,
Shrimp Trawl,---,2025,3,3,1,840,*,*,*,*,*,,
Shrimp Trawl,---,2025,3,4,1,1440,*,*,*,*,*,,
Shrimp Trawl,---,2025,3,6,1,2280,*,*,*,*,*,,
Shrimp Trawl,---,2025,3,10,1,4140,*,*,*,*,*,,
Shrimp Trawl,---,2025,3,12,3,4380,991,1220,0,0,0,,
Shrimp Trawl,---,2025,3,Total,4,13380,2596,8235,0,0,0,,
Shrimp Trawl,---,2025,4,5,5,46710,17927,10285,0,0,0,,
Shrimp Trawl,---,2025,4,9,6,7920,2443,2817,0,0,0,,
Shrimp Trawl,---,2025,4,12,3,840,160,320,0,0,0,,
Shrimp Trawl,---,2025,4,Total,6,55470,20530,13422,0,0,0,,
Shrimp Trawl,---,2025,5,1,4,10443,2715,4005,0,0,0,,
Shrimp Trawl,---,2025,5,2,2,5970,*,*,*,*,*,,
Shrimp Trawl,---,2025,5,23,3,2400,**,**,**,**,**,,
Shrimp Trawl,---,2025,5,Total,4,18813,4260,10655,0,0,0,,
Shrimp Trawl,---,2025,6,1,3,7890,2971,2263,173,0,80,,
Shrimp Trawl,---,2025,6,4,3,5430,**,**,**,**,**,,
Shrimp Trawl,---,2025,6,5,1,30,*,*,*,*,*,,
Shrimp Trawl,---,2025,6,Total,3,13350,5493,4874,173,0,80,,
Shrimp Trawl,---,2025,9,1,1,120,*,*,*,*,*,,
Shrimp Trawl,---,2025,9,Total,1,120,*,*,*,*,*,,
Shrimp Trawl,---,2025,12,6,1,58,*,*,*,*,*,,
Shrimp Trawl,---,2025,12,26,4,2785,919,1879,144,0,59,,
Shrimp Trawl,---,2025,12,37,1,120,*,*,*,*,*,,
Shrimp Trawl,---,2025,12,39,4,2918,150,0,6225,600,0,,
Shrimp Trawl,---,2025,12,41,1,75,*,*,*,*,*,,
Shrimp Trawl,---,2025,12,Total,5,5956,1117,1892,6514,600,64,,
Shrimp Trawl,---,2025,13,1,1,300,*,*,*,*,*,,
Shrimp Trawl,---,2025,13,10,1,120,*,*,*,*,*,,
Shrimp Trawl,---,2025,13,13,1,120,*,*,*,*,*,,
Shrimp Trawl,---,2025,13,14,3,3630,215,1662,0,0,3,,
Shrimp Trawl,---,2025,13,24,1,120,*,*,*,*,*,,
Shrimp Trawl,---,2025,13,Total,3,4290,216,1807,142,0,5,,
Shrimp Trawl,---,2025,14,13,1,60,*,*,*,*,*,,
Shrimp Trawl,---,2025,14,Total,1,60,*,*,*,*,*,,
Shrimp Trawl,---,2025,15,1,1,60,*,*,*,*,*,,
Shrimp Trawl,---,2025,15,2,3,1125,57,305,0,0,11,,
Shrimp Trawl,---,2025,15,3,1,60,*,*,*,*,*,,
Shrimp Trawl,---,2025,15,Total,3,1245,72,336,0,0,11,,
Shrimp Trawl,---,2025,16,2,1,360,*,*,*,*,*,,
Shrimp Trawl,---,2025,16,21,1,120,*,*,*,*,*,,
Shrimp Trawl,---,2025,16,Total,2,480,*,*,*,*,*,,
Shrimp Trawl,---,2025,17,1,1,195,*,*,*,*,*,,
Shrimp Trawl,---,2025,17,2,3,1610,82,24,783,993,20,,
Shrimp Trawl,---,2025,17,3,1,62,*,*,*,*,*,,
Shrimp Trawl,---,2025,17,4,3,2625,456,0,1123,78,3,,
Shrimp Trawl,---,2025,17,5,2,105,*,*,*,*,*,,
Shrimp Trawl,---,2025,17,6,5,2925,197,5,1234,470,6,,
Shrimp Trawl,---,2025,17,8,2,6933,*,*,*,*,*,,
Shrimp Trawl,---,2025,17,9,2,165,*,*,*,*,*,,
Shrimp Trawl,---,2025,17,12,1,180,*,*,*,*,*,,
Shrimp Trawl,---,2025,17,Total,7,14800,867,119,7383,9534,45,,
Shrimp Trawl,---,2025,18,2,1,45,*,*,*,*,*,,
Shrimp Trawl,---,2025,18,Total,1,45,*,*,*,*,*,,
Shrimp Trawl,---,2025,23,7,1,120,*,*,*,*,*,,
Shrimp Trawl,---,2025,23,Total,1,120,*,*,*,*,*,,
Shrimp Trawl,---,2025,28,1,4,6990,1956,1432,0,0,0,,
Shrimp Trawl,---,2025,28,Total,4,6990,1956,1432,0,0,0,,
Shrimp Trawl,---,2025,29,1,2,2640,*,*,*,*,*,,
Shrimp Trawl,---,2025,29,2,8,26000,**,**,**,**,**,,
Shrimp Trawl,---,2025,29,3,5,42000,9700,11640,0,0,0,,
Shrimp Trawl,---,2025,29,Total,8,70640,17381,18166,0,0,12,,
