"Annual commercial landings and effort for the Crab by Trap fishery in the Pacific Region, by Pacific Fishery Management Area (PFMA) and Subarea.",,,,,,,,,,
"All data available through 2025, by calendar year",,,,,,,,,,
2025 data are preliminary,,,,,,,,,,
Selected Pacific Fishery Management Areas: 17,,,,,,,,,,
"Date compiled: July 7, 2026",,,,,,,,,,
"Information source: Fisheries and Oceans Canada, Pacific Region Science Branch, Stock Assessment and Research Division, Shellfish Data Unit",,,,,,,,,,
,commercial fishery harvest log data holdings,,,,,,,,,
Information presented in this worksheet has been summarized to respect individuals' rights to privacy,,,,,,,,,,
,as described in the Privacy Act and Access to Information Act,,,,,,,,,
,* information does not meet the requirement for release - fewer than 3 vessels reporting,,,,,,,,,
,** information withheld from public release so as to allow public release of information at the PFM Area level,,,,,,,,,
PFM areas and subareas for which zero landings and effort have been reported have been omitted from the table.,,,,,,,,,,
Effort is defined as the reported number of traps hauled,,,,,,,,,,
"This table Includes only regular commercial harvest records. It excludes any special harvesting, for example under scientific licence, test fishery, etc.",,,,,,,,,,
All information presented in this table arises from fishery dependent logbook programs.  Fishery dependent catch reporting relies on individual harvesters or groups of harvesters to monitor and report their own catch.,,,,,,,,,,
Dependability of data arising from fishery dependent catch reporting programs is higher for those fisheries which also participate in independent verification such as 3rd party monitoring programs.  ,,,,,,,,,,
Crab trap fisheries are not managed with comprehensive independent verification programs and as such the dependability of the data is unknown.,,,,,,,,,,
,,,,,,,,,,
Please consult the relevant Integrated Fisheries Management Plan for more information about this data. (Available at https://science-libraries.canada.ca/eng/fisheries-oceans/),,,,,,,,,,
,,,,,,,,,,
Fishery,Species¹,Year,PFMA,PFM Subarea†,Vessel Count,Number of Traps Hauled,Number Landed²,Weight Landed (lbs)²,,
Crab,VIA,1990,3,0,2,3898,*,*,,¹Harvesters are required to report catch for a single species for each set
Crab,VIA,1990,3,Total,2,3898,*,*,,"VIA = Lithodio (King) Crabs, various species (Family Lithodidae)"
Crab,VIA,1990,5,16,1,30,*,*,,XKG = Dungeness Crabs (Metacarcinus magister)
Crab,VIA,1990,5,Total,1,30,*,*,,XLA = Red Rock Crabs (Cancer productus)
Crab,VIA,1991,3,0,1,20,*,*,,ZAD = Tanner Crabs (Genus Chionoecetes) None reported after 2014
Crab,VIA,1991,3,7,2,204,*,*,,
Crab,VIA,1991,3,8,1,210,*,*,,²Number landed or Weight may include derived values when only one of either was reported.
Crab,VIA,1991,3,9,1,290,*,*,,Dungeness calculated by PFMA based on an analysis conducted in 1994. Other crab species based on all data available at time of compilation.
Crab,VIA,1991,3,10,1,394,*,*,,
Crab,VIA,1991,3,11,3,2266,1629,6772,,"†NOTE: Values are duplicated in this table, to allow the release of data for areas where few vessels operate."
Crab,VIA,1991,3,12,1,150,*,*,,"Landings are presented separately for each Subarea and again as a sum ""Total"" for each PFMA."
Crab,VIA,1991,3,13,2,3820,*,*,,
Crab,VIA,1991,3,14,3,1177,457,2632,,This data is provided under the Open Government Licence - Canada (https://open.canada.ca/en/open-government-licence-canada)
Crab,VIA,1991,3,15,2,120,*,*,,The Shellfish Data Unit may be contacted by email at: PACSDU@dfo-mpo.gc.ca
Crab,VIA,1991,3,17,3,2641,2142,10223,,
Crab,VIA,1991,3,Total,4,11292,8186,38585,,
Crab,VIA,1991,5,2,1,40,*,*,,
Crab,VIA,1991,5,23,1,55,*,*,,
Crab,VIA,1991,5,Total,2,95,*,*,,
Crab,VIA,1992,3,3,1,12,*,*,,
Crab,VIA,1992,3,6,1,3,*,*,,
Crab,VIA,1992,3,7,1,92,*,*,,
Crab,VIA,1992,3,8,1,45,*,*,,
Crab,VIA,1992,3,9,1,42,*,*,,
Crab,VIA,1992,3,11,4,2743,3337,15702,,
Crab,VIA,1992,3,14,2,1243,*,*,,
Crab,VIA,1992,3,15,1,1230,*,*,,
Crab,VIA,1992,3,17,4,572,942,4755,,
Crab,VIA,1992,3,Total,4,5982,6870,33992,,
Crab,VIA,1992,5,23,3,1967,3614,13911,,
Crab,VIA,1992,5,Total,3,1967,3614,13911,,
Crab,VIA,1993,3,1,1,10,*,*,,
Crab,VIA,1993,3,7,1,10,*,*,,
Crab,VIA,1993,3,8,1,40,*,*,,
Crab,VIA,1993,3,9,1,10,*,*,,
Crab,VIA,1993,3,11,2,1713,*,*,,
Crab,VIA,1993,3,14,2,930,*,*,,
Crab,VIA,1993,3,17,1,103,*,*,,
Crab,VIA,1993,3,18,1,10,*,*,,
Crab,VIA,1993,3,Total,2,2826,*,*,,
Crab,VIA,1993,4,12,1,360,*,*,,
Crab,VIA,1993,4,Total,1,360,*,*,,
Crab,VIA,1993,5,2,1,65,*,*,,
Crab,VIA,1993,5,4,1,70,*,*,,
Crab,VIA,1993,5,5,1,10,*,*,,
Crab,VIA,1993,5,8,1,10,*,*,,
Crab,VIA,1993,5,15,2,233,*,*,,
Crab,VIA,1993,5,16,2,1209,*,*,,
Crab,VIA,1993,5,17,1,23,*,*,,
Crab,VIA,1993,5,19,1,47,*,*,,
Crab,VIA,1993,5,23,1,1200,*,*,,
Crab,VIA,1993,5,24,1,15,*,*,,
Crab,VIA,1993,5,Total,3,2882,4277,16373,,
Crab,VIA,1993,6,5,1,1014,*,*,,
Crab,VIA,1993,6,6,1,10,*,*,,
Crab,VIA,1993,6,8,1,80,*,*,,
Crab,VIA,1993,6,20,1,9,*,*,,
Crab,VIA,1993,6,24,1,18,*,*,,
Crab,VIA,1993,6,27,1,25,*,*,,
Crab,VIA,1993,6,Total,1,1156,*,*,,
Crab,VIA,1994,3,11,1,211,*,*,,
Crab,VIA,1994,3,12,1,46,*,*,,
Crab,VIA,1994,3,17,1,415,*,*,,
Crab,VIA,1994,3,Total,1,672,*,*,,
Crab,VIA,1994,5,23,1,1380,*,*,,
Crab,VIA,1994,5,Total,1,1380,*,*,,
Crab,VIA,1995,3,11,2,225,*,*,,
Crab,VIA,1995,3,13,1,85,*,*,,
Crab,VIA,1995,3,Total,2,310,*,*,,
Crab,VIA,1995,5,0,1,490,*,*,,
Crab,VIA,1995,5,15,1,115,*,*,,
Crab,VIA,1995,5,16,1,665,*,*,,
Crab,VIA,1995,5,17,1,805,*,*,,
Crab,VIA,1995,5,23,1,860,*,*,,
Crab,VIA,1995,5,24,1,50,*,*,,
Crab,VIA,1995,5,Total,2,2985,*,*,,
Crab,VIA,1995,6,5,1,65,*,*,,
Crab,VIA,1995,6,Total,1,65,*,*,,
Crab,VIA,1996,3,6,1,36,*,*,,
Crab,VIA,1996,3,7,1,241,*,*,,
Crab,VIA,1996,3,10,1,76,*,*,,
Crab,VIA,1996,3,11,3,1570,3145,10396,,
Crab,VIA,1996,3,13,2,789,*,*,,
Crab,VIA,1996,3,14,3,938,1508,5864,,
Crab,VIA,1996,3,Total,5,3650,6079,22119,,
Crab,VIA,1996,5,6,1,130,*,*,,
Crab,VIA,1996,5,11,1,400,*,*,,
Crab,VIA,1996,5,17,1,590,*,*,,
Crab,VIA,1996,5,23,1,630,*,*,,
Crab,VIA,1996,5,Total,3,1750,694,2070,,
Crab,VIA,1996,6,5,2,186,*,*,,
Crab,VIA,1996,6,8,1,6,*,*,,
Crab,VIA,1996,6,22,1,45,*,*,,
Crab,VIA,1996,6,23,1,1560,*,*,,
Crab,VIA,1996,6,24,1,328,*,*,,
Crab,VIA,1996,6,Total,3,2125,7491,12018,,
Crab,VIA,1996,7,29,1,34,*,*,,
Crab,VIA,1996,7,Total,1,34,*,*,,
Crab,VIA,1996,102,3,1,40,*,*,,
Crab,VIA,1996,102,Total,1,40,*,*,,
Crab,VIA,1996,142,2,3,1504,1492,8351,,
Crab,VIA,1996,142,Total,3,1504,1492,8351,,
Crab,VIA,1997,2,1,1,50,*,*,,
Crab,VIA,1997,2,6,1,40,*,*,,
Crab,VIA,1997,2,8,1,40,*,*,,
Crab,VIA,1997,2,10,1,45,*,*,,
Crab,VIA,1997,2,11,1,45,*,*,,
Crab,VIA,1997,2,12,1,70,*,*,,
Crab,VIA,1997,2,Total,1,290,*,*,,
Crab,VIA,1997,3,7,1,265,*,*,,
Crab,VIA,1997,3,8,1,102,*,*,,
Crab,VIA,1997,3,9,1,48,*,*,,
Crab,VIA,1997,3,10,1,192,*,*,,
Crab,VIA,1997,3,11,4,1679,742,3651,,
Crab,VIA,1997,3,12,2,142,*,*,,
Crab,VIA,1997,3,13,3,1387,1001,4535,,
Crab,VIA,1997,3,14,3,1229,1127,4648,,
Crab,VIA,1997,3,17,2,302,*,*,,
Crab,VIA,1997,3,Total,5,5346,3195,14681,,
Crab,VIA,1997,5,14,1,22,*,*,,
Crab,VIA,1997,5,15,1,6,*,*,,
Crab,VIA,1997,5,16,1,26,*,*,,
Crab,VIA,1997,5,17,1,15,*,*,,
Crab,VIA,1997,5,23,1,44,*,*,,
Crab,VIA,1997,5,Total,1,113,*,*,,
Crab,VIA,1997,6,5,1,13,*,*,,
Crab,VIA,1997,6,6,1,41,*,*,,
Crab,VIA,1997,6,8,1,7,*,*,,
Crab,VIA,1997,6,9,1,14,*,*,,
Crab,VIA,1997,6,24,1,40,*,*,,
Crab,VIA,1997,6,28,1,20,*,*,,
Crab,VIA,1997,6,Total,2,135,*,*,,
Crab,VIA,1997,101,3,1,40,*,*,,
Crab,VIA,1997,101,6,1,80,*,*,,
Crab,VIA,1997,101,Total,1,120,*,*,,
Crab,VIA,1997,127,2,1,557,*,*,,
Crab,VIA,1997,127,Total,1,557,*,*,,
Crab,VIA,1998,3,11,2,343,*,*,,
Crab,VIA,1998,3,12,1,24,*,*,,
Crab,VIA,1998,3,13,2,565,*,*,,
Crab,VIA,1998,3,14,1,708,*,*,,
Crab,VIA,1998,3,15,1,10,*,*,,
Crab,VIA,1998,3,17,2,378,*,*,,
Crab,VIA,1998,3,Total,2,2028,*,*,,
Crab,VIA,1998,4,2,1,16,*,*,,
Crab,VIA,1998,4,Total,1,16,*,*,,
Crab,VIA,1998,5,23,1,12,*,*,,
Crab,VIA,1998,5,Total,1,12,*,*,,
Crab,VIA,1998,6,19,1,60,*,*,,
Crab,VIA,1998,6,Total,1,60,*,*,,
Crab,VIA,1999,3,9,1,6,*,*,,
Crab,VIA,1999,3,11,2,129,*,*,,
Crab,VIA,1999,3,13,1,416,*,*,,
Crab,VIA,1999,3,14,1,656,*,*,,
Crab,VIA,1999,3,Total,2,1207,*,*,,
Crab,VIA,2000,3,11,1,57,*,*,,
Crab,VIA,2000,3,13,1,208,*,*,,
Crab,VIA,2000,3,14,1,164,*,*,,
Crab,VIA,2000,3,Total,1,429,*,*,,
Crab,VIA,2001,3,8,1,9,*,*,,
Crab,VIA,2001,3,9,1,15,*,*,,
Crab,VIA,2001,3,11,1,55,*,*,,
Crab,VIA,2001,3,13,2,44,*,*,,
Crab,VIA,2001,3,14,1,209,*,*,,
Crab,VIA,2001,3,17,1,6,*,*,,
Crab,VIA,2001,3,Total,2,338,*,*,,
Crab,VIA,2001,5,14,1,10,*,*,,
Crab,VIA,2001,5,15,1,3,*,*,,
Crab,VIA,2001,5,23,1,191,*,*,,
Crab,VIA,2001,5,24,1,159,*,*,,
Crab,VIA,2001,5,Total,1,363,*,*,,
Crab,VIA,2001,6,5,1,25,*,*,,
Crab,VIA,2001,6,6,1,26,*,*,,
Crab,VIA,2001,6,21,1,2,*,*,,
Crab,VIA,2001,6,22,1,4,*,*,,
Crab,VIA,2001,6,Total,1,57,*,*,,
Crab,VIA,2002,3,6,1,57,*,*,,
Crab,VIA,2002,3,7,1,38,*,*,,
Crab,VIA,2002,3,8,1,44,*,*,,
Crab,VIA,2002,3,9,1,52,*,*,,
Crab,VIA,2002,3,11,2,149,*,*,,
Crab,VIA,2002,3,12,1,12,*,*,,
Crab,VIA,2002,3,13,1,34,*,*,,
Crab,VIA,2002,3,14,1,553,*,*,,
Crab,VIA,2002,3,Total,3,939,1043,4306,,
Crab,VIA,2003,3,7,1,115,*,*,,
Crab,VIA,2003,3,11,1,103,*,*,,
Crab,VIA,2003,3,13,1,18,*,*,,
Crab,VIA,2003,3,14,2,88,*,*,,
Crab,VIA,2003,3,Total,3,324,122,650,,
Crab,VIA,2003,5,23,1,51,*,*,,
Crab,VIA,2003,5,24,1,11,*,*,,
Crab,VIA,2003,5,Total,1,62,*,*,,
Crab,VIA,2003,6,23,1,18,*,*,,
Crab,VIA,2003,6,Total,1,18,*,*,,
Crab,VIA,2004,3,1,1,6,*,*,,
Crab,VIA,2004,3,6,1,16,*,*,,
Crab,VIA,2004,3,9,1,34,*,*,,
Crab,VIA,2004,3,11,1,260,*,*,,
Crab,VIA,2004,3,13,1,51,*,*,,
Crab,VIA,2004,3,14,1,409,*,*,,
Crab,VIA,2004,3,Total,2,776,*,*,,
Crab,VIA,2004,4,1,1,13,*,*,,
Crab,VIA,2004,4,12,1,25,*,*,,
Crab,VIA,2004,4,Total,2,38,*,*,,
Crab,VIA,2004,5,5,1,50,*,*,,
Crab,VIA,2004,5,7,1,25,*,*,,
Crab,VIA,2004,5,23,1,192,*,*,,
Crab,VIA,2004,5,Total,1,267,*,*,,
Crab,VIA,2005,3,6,1,8,*,*,,
Crab,VIA,2005,3,8,1,4,*,*,,
Crab,VIA,2005,3,9,1,8,*,*,,
Crab,VIA,2005,3,11,1,121,*,*,,
Crab,VIA,2005,3,12,1,3,*,*,,
Crab,VIA,2005,3,13,1,46,*,*,,
Crab,VIA,2005,3,14,1,456,*,*,,
Crab,VIA,2005,3,Total,2,646,*,*,,
Crab,VIA,2005,4,1,1,8,*,*,,
Crab,VIA,2005,4,12,1,40,*,*,,
Crab,VIA,2005,4,Total,2,48,*,*,,
Crab,VIA,2005,5,23,2,29,*,*,,
Crab,VIA,2005,5,24,1,5,*,*,,
Crab,VIA,2005,5,Total,2,34,*,*,,
Crab,VIA,2007,3,1,1,2,*,*,,
Crab,VIA,2007,3,7,1,3,*,*,,
Crab,VIA,2007,3,8,1,2,*,*,,
Crab,VIA,2007,3,11,2,47,*,*,,
Crab,VIA,2007,3,14,1,58,*,*,,
Crab,VIA,2007,3,Total,2,112,*,*,,
Crab,VIA,2007,4,12,1,2,*,*,,
Crab,VIA,2007,4,Total,1,2,*,*,,
Crab,VIA,2007,5,14,1,4,*,*,,
Crab,VIA,2007,5,15,1,13,*,*,,
Crab,VIA,2007,5,23,1,63,*,*,,
Crab,VIA,2007,5,Total,1,80,*,*,,
Crab,VIA,2007,6,3,1,5,*,*,,
Crab,VIA,2007,6,10,1,23,*,*,,
Crab,VIA,2007,6,25,1,3,*,*,,
Crab,VIA,2007,6,Total,2,31,*,*,,
Crab,VIA,2008,5,1,1,3,*,*,,
Crab,VIA,2008,5,15,1,28,*,*,,
Crab,VIA,2008,5,16,1,11,*,*,,
Crab,VIA,2008,5,23,1,49,*,*,,
Crab,VIA,2008,5,Total,1,91,*,*,,
Crab,VIA,2012,5,23,1,300,*,*,,
Crab,VIA,2012,5,Total,1,300,*,*,,
Crab,VIA,2014,5,23,3,569,**,**,,
Crab,VIA,2014,5,24,1,79,*,*,,
Crab,VIA,2014,5,Total,3,648,2281,9100,,
Crab,VIA,2014,6,5,1,6,*,*,,
Crab,VIA,2014,6,Total,1,6,*,*,,
Crab,VIA,2015,5,6,1,100,*,*,,
Crab,VIA,2015,5,18,1,60,*,*,,
Crab,VIA,2015,5,19,1,40,*,*,,
Crab,VIA,2015,5,Total,1,200,*,*,,
Crab,VIA,2016,3,8,1,28,*,*,,
Crab,VIA,2016,3,9,1,28,*,*,,
Crab,VIA,2016,3,11,1,34,*,*,,
Crab,VIA,2016,3,14,1,124,*,*,,
Crab,VIA,2016,3,Total,1,214,*,*,,
Crab,VIA,2016,5,1,1,60,*,*,,
Crab,VIA,2016,5,2,1,7,*,*,,
Crab,VIA,2016,5,23,2,378,*,*,,
Crab,VIA,2016,5,24,1,26,*,*,,
Crab,VIA,2016,5,Total,3,471,654,2878,,
Crab,VIA,2016,6,3,1,19,*,*,,
Crab,VIA,2016,6,5,1,45,*,*,,
Crab,VIA,2016,6,10,1,20,*,*,,
Crab,VIA,2016,6,25,1,412,*,*,,
Crab,VIA,2016,6,Total,2,496,*,*,,
Crab,VIA,2017,5,15,1,40,*,*,,
Crab,VIA,2017,5,16,1,11,*,*,,
Crab,VIA,2017,5,23,2,64,*,*,,
Crab,VIA,2017,5,Total,4,115,112,413,,
Crab,VIA,2017,6,10,1,25,*,*,,
Crab,VIA,2017,6,Total,1,25,*,*,,
Crab,VIA,2018,3,11,1,67,*,*,,
Crab,VIA,2018,3,Total,1,67,*,*,,
Crab,VIA,2018,4,12,1,85,*,*,,
Crab,VIA,2018,4,Total,1,85,*,*,,
Crab,VIA,2018,5,14,1,10,*,*,,
Crab,VIA,2018,5,15,1,20,*,*,,
Crab,VIA,2018,5,23,2,230,*,*,,
Crab,VIA,2018,5,Total,3,260,877,3220,,
Crab,VIA,2019,5,17,1,13,*,*,,
Crab,VIA,2019,5,23,1,6,*,*,,
Crab,VIA,2019,5,24,1,92,*,*,,
Crab,VIA,2019,5,Total,2,111,*,*,,
Crab,VIA,2020,5,16,1,62,*,*,,
Crab,VIA,2020,5,23,1,10,*,*,,
Crab,VIA,2020,5,24,1,27,*,*,,
Crab,VIA,2020,5,Total,2,99,*,*,,
Crab,VIA,2022,5,16,1,51,*,*,,
Crab,VIA,2022,5,Total,1,51,*,*,,
Crab,VIA,2023,5,16,1,33,*,*,,
Crab,VIA,2023,5,Total,1,33,*,*,,
Crab,XKG,1989,17,18,1,350,*,*,,
Crab,XKG,1989,17,Total,1,350,*,*,,
Crab,XKG,1989,24,6,1,600,*,*,,
Crab,XKG,1989,24,Total,1,600,*,*,,
Crab,XKG,1990,0,0,1,40,*,*,,
Crab,XKG,1990,0,Total,1,40,*,*,,
Crab,XKG,1990,1,0,1,15632,*,*,,
Crab,XKG,1990,1,4,5,13511,28183,54290,,
Crab,XKG,1990,1,5,8,60219,250161,479960,,
Crab,XKG,1990,1,6,1,4172,*,*,,
Crab,XKG,1990,1,7,1,2260,*,*,,
Crab,XKG,1990,1,Total,14,95794,383377,704664,,
Crab,XKG,1990,2,1,3,44743,143944,280203,,
Crab,XKG,1990,2,Total,3,44743,143944,280203,,
Crab,XKG,1990,3,0,2,815,*,*,,
Crab,XKG,1990,3,3,1,67,*,*,,
Crab,XKG,1990,3,6,2,807,*,*,,
Crab,XKG,1990,3,7,1,3211,*,*,,
Crab,XKG,1990,3,8,2,3958,*,*,,
Crab,XKG,1990,3,9,4,903,3486,5910,,
Crab,XKG,1990,3,10,4,10124,13290,30312,,
Crab,XKG,1990,3,12,3,16060,6977,14384,,
Crab,XKG,1990,3,18,1,2400,*,*,,
Crab,XKG,1990,3,Total,11,38345,38039,82497,,
Crab,XKG,1990,4,0,3,3960,10827,19378,,
Crab,XKG,1990,4,1,1,20,*,*,,
Crab,XKG,1990,4,6,1,245,*,*,,
Crab,XKG,1990,4,8,4,8939,15902,28590,,
Crab,XKG,1990,4,9,2,2205,*,*,,
Crab,XKG,1990,4,12,16,74441,82046,147491,,
Crab,XKG,1990,4,13,1,115,*,*,,
Crab,XKG,1990,4,15,2,23720,*,*,,
Crab,XKG,1990,4,Total,21,113645,143832,258054,,
Crab,XKG,1990,5,0,1,887,*,*,,
Crab,XKG,1990,5,4,1,2213,*,*,,
Crab,XKG,1990,5,5,1,1521,*,*,,
Crab,XKG,1990,5,8,2,2945,*,*,,
Crab,XKG,1990,5,9,1,120,*,*,,
Crab,XKG,1990,5,23,2,1187,*,*,,
Crab,XKG,1990,5,24,1,680,*,*,,
Crab,XKG,1990,5,Total,6,9553,23703,44069,,
Crab,XKG,1990,6,2,4,600,3342,6172,,
Crab,XKG,1990,6,4,1,550,*,*,,
Crab,XKG,1990,6,5,2,574,*,*,,
Crab,XKG,1990,6,22,1,325,*,*,,
Crab,XKG,1990,6,23,2,860,*,*,,
Crab,XKG,1990,6,Total,8,2909,8094,14928,,
Crab,XKG,1990,7,1,1,1050,*,*,,
Crab,XKG,1990,7,Total,1,1050,*,*,,
Crab,XKG,1990,8,4,1,71,*,*,,
Crab,XKG,1990,8,Total,1,71,*,*,,
Crab,XKG,1990,10,7,1,40,*,*,,
Crab,XKG,1990,10,9,1,650,*,*,,
Crab,XKG,1990,10,10,1,1201,*,*,,
Crab,XKG,1990,10,11,1,420,*,*,,
Crab,XKG,1990,10,Total,4,2311,5523,9125,,
Crab,XKG,1990,11,0,1,70,*,*,,
Crab,XKG,1990,11,2,2,62,*,*,,
Crab,XKG,1990,11,3,1,20,*,*,,
Crab,XKG,1990,11,4,1,19,*,*,,
Crab,XKG,1990,11,5,1,8,*,*,,
Crab,XKG,1990,11,10,2,255,*,*,,
Crab,XKG,1990,11,Total,3,434,1164,1976,,
Crab,XKG,1990,12,0,4,9833,22497,38083,,
Crab,XKG,1990,12,3,1,2400,*,*,,
Crab,XKG,1990,12,4,1,4400,*,*,,
Crab,XKG,1990,12,6,2,2400,*,*,,
Crab,XKG,1990,12,13,3,2274,4597,7613,,
Crab,XKG,1990,12,15,1,112,*,*,,
Crab,XKG,1990,12,16,3,2730,2895,4585,,
Crab,XKG,1990,12,20,1,2339,*,*,,
Crab,XKG,1990,12,21,1,40,*,*,,
Crab,XKG,1990,12,22,2,149,*,*,,
Crab,XKG,1990,12,23,1,1522,*,*,,
Crab,XKG,1990,12,24,1,25,*,*,,
Crab,XKG,1990,12,26,12,33602,81713,124511,,
Crab,XKG,1990,12,27,3,3936,11320,17592,,
Crab,XKG,1990,12,29,2,686,*,*,,
Crab,XKG,1990,12,35,2,264,*,*,,
Crab,XKG,1990,12,36,2,1728,*,*,,
Crab,XKG,1990,12,37,1,20,*,*,,
Crab,XKG,1990,12,38,1,166,*,*,,
Crab,XKG,1990,12,39,2,2024,*,*,,
Crab,XKG,1990,12,48,1,50,*,*,,
Crab,XKG,1990,12,Total,25,70700,155251,243430,,
Crab,XKG,1990,13,0,1,480,*,*,,
Crab,XKG,1990,13,6,1,10,*,*,,
Crab,XKG,1990,13,10,2,655,*,*,,
Crab,XKG,1990,13,12,1,865,*,*,,
Crab,XKG,1990,13,19,1,15,*,*,,
Crab,XKG,1990,13,20,2,888,*,*,,
Crab,XKG,1990,13,21,2,130,*,*,,
Crab,XKG,1990,13,23,3,633,889,1417,,
Crab,XKG,1990,13,24,5,4002,6737,10137,,
Crab,XKG,1990,13,26,1,25,*,*,,
Crab,XKG,1990,13,28,1,120,*,*,,
Crab,XKG,1990,13,36,1,115,*,*,,
Crab,XKG,1990,13,37,1,570,*,*,,
Crab,XKG,1990,13,41,1,22,*,*,,
Crab,XKG,1990,13,42,2,380,*,*,,
Crab,XKG,1990,13,43,1,105,*,*,,
Crab,XKG,1990,13,Total,10,9015,14985,24334,,
Crab,XKG,1990,14,0,1,240,*,*,,
Crab,XKG,1990,14,Total,1,240,*,*,,
Crab,XKG,1990,16,0,1,1942,*,*,,
Crab,XKG,1990,16,1,2,841,*,*,,
Crab,XKG,1990,16,5,3,5243,3730,5514,,
Crab,XKG,1990,16,7,1,2646,*,*,,
Crab,XKG,1990,16,Total,4,10672,6696,9975,,
Crab,XKG,1990,17,0,2,3563,*,*,,
Crab,XKG,1990,17,1,1,1071,*,*,,
Crab,XKG,1990,17,2,3,1280,1346,2122,,
Crab,XKG,1990,17,5,4,592,630,996,,
Crab,XKG,1990,17,6,1,6185,*,*,,
Crab,XKG,1990,17,7,4,1462,2573,3785,,
Crab,XKG,1990,17,9,2,533,*,*,,
Crab,XKG,1990,17,10,1,264,*,*,,
Crab,XKG,1990,17,12,2,11810,*,*,,
Crab,XKG,1990,17,13,2,420,*,*,,
Crab,XKG,1990,17,14,2,4284,*,*,,
Crab,XKG,1990,17,15,1,0,*,*,,
Crab,XKG,1990,17,17,1,698,*,*,,
Crab,XKG,1990,17,18,1,756,*,*,,
Crab,XKG,1990,17,Total,19,32918,25968,41573,,
Crab,XKG,1990,18,0,5,7481,6167,10446,,
Crab,XKG,1990,18,1,3,3779,3931,6024,,
Crab,XKG,1990,18,2,1,153,*,*,,
Crab,XKG,1990,18,3,4,4427,2891,4825,,
Crab,XKG,1990,18,4,1,339,*,*,,
Crab,XKG,1990,18,5,5,5090,3528,5865,,
Crab,XKG,1990,18,6,2,154,*,*,,
Crab,XKG,1990,18,7,3,4725,4014,6604,,
Crab,XKG,1990,18,9,1,76,*,*,,
Crab,XKG,1990,18,10,1,47,*,*,,
Crab,XKG,1990,18,Total,15,26271,21057,34640,,
Crab,XKG,1990,19,0,9,18399,18018,28940,,
Crab,XKG,1990,19,1,1,8393,*,*,,
Crab,XKG,1990,19,2,4,3052,5569,8645,,
Crab,XKG,1990,19,3,6,16441,19252,30068,,
Crab,XKG,1990,19,4,5,2532,3062,4796,,
Crab,XKG,1990,19,5,9,79883,67406,103434,,
Crab,XKG,1990,19,6,5,14738,18917,28277,,
Crab,XKG,1990,19,7,2,318,*,*,,
Crab,XKG,1990,19,8,1,16726,*,*,,
Crab,XKG,1990,19,Total,24,160482,155743,239151,,
Crab,XKG,1990,20,0,2,11656,*,*,,
Crab,XKG,1990,20,2,7,9273,15570,24963,,
Crab,XKG,1990,20,3,1,60,*,*,,
Crab,XKG,1990,20,4,3,4367,4133,6338,,
Crab,XKG,1990,20,5,8,10234,13335,21006,,
Crab,XKG,1990,20,6,9,18749,26083,38138,,
Crab,XKG,1990,20,7,7,20773,33879,51714,,
Crab,XKG,1990,20,Total,20,75112,101569,155841,,
Crab,XKG,1990,21,0,6,3708,29940,48879,,
Crab,XKG,1990,21,Total,6,3708,29940,48879,,
Crab,XKG,1990,22,0,1,69,*,*,,
Crab,XKG,1990,22,Total,1,69,*,*,,
Crab,XKG,1990,23,0,3,440,1062,1839,,
Crab,XKG,1990,23,3,1,167,*,*,,
Crab,XKG,1990,23,11,1,600,*,*,,
Crab,XKG,1990,23,Total,4,1207,2527,4407,,
Crab,XKG,1990,24,0,13,83457,86997,141113,,
Crab,XKG,1990,24,1,3,3676,14080,24531,,
Crab,XKG,1990,24,3,3,9273,22208,34420,,
Crab,XKG,1990,24,4,1,1301,*,*,,
Crab,XKG,1990,24,6,10,28782,42520,69381,,
Crab,XKG,1990,24,7,1,246,*,*,,
Crab,XKG,1990,24,8,7,7827,12651,21325,,
Crab,XKG,1990,24,9,13,32057,39803,65641,,
Crab,XKG,1990,24,11,6,4880,6419,10685,,
Crab,XKG,1990,24,Total,32,171499,227131,371187,,
Crab,XKG,1990,25,3,1,40,*,*,,
Crab,XKG,1990,25,4,2,755,*,*,,
Crab,XKG,1990,25,5,1,145,*,*,,
Crab,XKG,1990,25,6,1,20,*,*,,
Crab,XKG,1990,25,13,1,1723,*,*,,
Crab,XKG,1990,25,14,2,4688,*,*,,
Crab,XKG,1990,25,Total,4,7371,22011,37981,,
Crab,XKG,1990,26,3,1,140,*,*,,
Crab,XKG,1990,26,4,1,1120,*,*,,
Crab,XKG,1990,26,Total,1,1260,*,*,,
Crab,XKG,1990,27,0,2,1612,*,*,,
Crab,XKG,1990,27,1,1,192,*,*,,
Crab,XKG,1990,27,3,2,1384,*,*,,
Crab,XKG,1990,27,5,1,207,*,*,,
Crab,XKG,1990,27,6,1,125,*,*,,
Crab,XKG,1990,27,9,1,23,*,*,,
Crab,XKG,1990,27,10,1,60,*,*,,
Crab,XKG,1990,27,11,2,5994,*,*,,
Crab,XKG,1990,27,Total,5,9597,22738,35138,,
Crab,XKG,1990,28,0,14,72613,70083,117673,,
Crab,XKG,1990,28,7,2,11990,*,*,,
Crab,XKG,1990,28,11,2,21460,*,*,,
Crab,XKG,1990,28,12,1,1350,*,*,,
Crab,XKG,1990,28,Total,18,107413,115802,187955,,
Crab,XKG,1990,29,0,26,246915,214675,337601,,
Crab,XKG,1990,29,6,2,4196,*,*,,
Crab,XKG,1990,29,7,3,29183,45586,71802,,
Crab,XKG,1990,29,8,9,41172,35034,54182,,
Crab,XKG,1990,29,9,5,27370,43535,68354,,
Crab,XKG,1990,29,10,9,43506,64485,100865,,
Crab,XKG,1990,29,14,1,9415,*,*,,
Crab,XKG,1990,29,Total,48,401757,436832,683686,,
Crab,XKG,1990,102,1,2,8404,*,*,,
Crab,XKG,1990,102,Total,2,8404,*,*,,
Crab,XKG,1990,121,1,1,1566,*,*,,
Crab,XKG,1990,121,Total,1,1566,*,*,,
Crab,XKG,1990,124,3,1,295,*,*,,
Crab,XKG,1990,124,Total,1,295,*,*,,
Crab,XKG,1991,1,0,1,1650,*,*,,
Crab,XKG,1991,1,2,1,11068,*,*,,
Crab,XKG,1991,1,4,4,27159,59532,114187,,
Crab,XKG,1991,1,5,9,74029,365594,635868,,
Crab,XKG,1991,1,6,3,11668,36849,61675,,
Crab,XKG,1991,1,Total,10,125574,531089,930548,,
Crab,XKG,1991,2,0,1,5850,*,*,,
Crab,XKG,1991,2,Total,1,5850,*,*,,
Crab,XKG,1991,3,3,1,260,*,*,,
Crab,XKG,1991,3,6,2,1420,*,*,,
Crab,XKG,1991,3,7,4,2089,2215,5050,,
Crab,XKG,1991,3,8,4,2121,3703,7045,,
Crab,XKG,1991,3,9,2,3675,*,*,,
Crab,XKG,1991,3,10,5,14724,10076,20810,,
Crab,XKG,1991,3,11,1,277,*,*,,
Crab,XKG,1991,3,12,4,16145,13843,31563,,
Crab,XKG,1991,3,14,1,160,*,*,,
Crab,XKG,1991,3,17,1,83,*,*,,
Crab,XKG,1991,3,18,1,3960,*,*,,
Crab,XKG,1991,3,Total,9,44914,40567,89146,,
Crab,XKG,1991,4,0,2,245,*,*,,
Crab,XKG,1991,4,2,3,205,3519,6926,,
Crab,XKG,1991,4,4,1,7000,*,*,,
Crab,XKG,1991,4,5,2,2001,*,*,,
Crab,XKG,1991,4,6,1,420,*,*,,
Crab,XKG,1991,4,8,4,5474,15677,26902,,
Crab,XKG,1991,4,9,2,1631,*,*,,
Crab,XKG,1991,4,12,21,215848,249216,448089,,
Crab,XKG,1991,4,14,1,6696,*,*,,
Crab,XKG,1991,4,15,3,8983,9999,17348,,
Crab,XKG,1991,4,Total,27,248503,317458,569301,,
Crab,XKG,1991,5,0,1,2300,*,*,,
Crab,XKG,1991,5,2,1,32,*,*,,
Crab,XKG,1991,5,3,2,142,*,*,,
Crab,XKG,1991,5,4,3,3034,10582,20439,,
Crab,XKG,1991,5,5,3,3835,3862,7537,,
Crab,XKG,1991,5,6,2,860,*,*,,
Crab,XKG,1991,5,7,1,888,*,*,,
Crab,XKG,1991,5,8,4,7265,23872,46423,,
Crab,XKG,1991,5,9,1,250,*,*,,
Crab,XKG,1991,5,10,1,487,*,*,,
Crab,XKG,1991,5,12,1,1,*,*,,
Crab,XKG,1991,5,14,3,272,737,1315,,
Crab,XKG,1991,5,15,2,493,*,*,,
Crab,XKG,1991,5,16,1,128,*,*,,
Crab,XKG,1991,5,23,5,12041,35416,63395,,
Crab,XKG,1991,5,24,1,30,*,*,,
Crab,XKG,1991,5,Total,14,32058,99112,187013,,
Crab,XKG,1991,6,2,6,5805,34648,60493,,
Crab,XKG,1991,6,3,2,225,*,*,,
Crab,XKG,1991,6,4,1,1750,*,*,,
Crab,XKG,1991,6,5,2,1388,*,*,,
Crab,XKG,1991,6,6,1,260,*,*,,
Crab,XKG,1991,6,13,2,364,*,*,,
Crab,XKG,1991,6,19,1,360,*,*,,
Crab,XKG,1991,6,21,3,2660,1934,3467,,
Crab,XKG,1991,6,22,3,3092,2034,3639,,
Crab,XKG,1991,6,23,4,3250,3563,6384,,
Crab,XKG,1991,6,24,1,330,*,*,,
Crab,XKG,1991,6,26,1,180,*,*,,
Crab,XKG,1991,6,27,1,176,*,*,,
Crab,XKG,1991,6,28,1,88,*,*,,
Crab,XKG,1991,6,Total,12,19928,54870,96023,,
Crab,XKG,1991,7,7,1,107,*,*,,
Crab,XKG,1991,7,10,1,92,*,*,,
Crab,XKG,1991,7,Total,1,199,*,*,,
Crab,XKG,1991,10,10,1,897,*,*,,
Crab,XKG,1991,10,Total,1,897,*,*,,
Crab,XKG,1991,11,2,1,36,*,*,,
Crab,XKG,1991,11,3,1,308,*,*,,
Crab,XKG,1991,11,Total,1,344,*,*,,
Crab,XKG,1991,12,6,2,8659,*,*,,
Crab,XKG,1991,12,13,1,1676,*,*,,
Crab,XKG,1991,12,16,1,192,*,*,,
Crab,XKG,1991,12,20,1,302,*,*,,
Crab,XKG,1991,12,22,2,1388,*,*,,
Crab,XKG,1991,12,24,1,198,*,*,,
Crab,XKG,1991,12,26,6,32584,82892,128634,,
Crab,XKG,1991,12,27,2,6662,*,*,,
Crab,XKG,1991,12,29,3,2335,10013,15862,,
Crab,XKG,1991,12,31,1,94,*,*,,
Crab,XKG,1991,12,36,3,2808,7683,12037,,
Crab,XKG,1991,12,37,2,295,*,*,,
Crab,XKG,1991,12,38,1,112,*,*,,
Crab,XKG,1991,12,39,4,11273,28509,47186,,
Crab,XKG,1991,12,Total,9,68578,181713,289555,,
Crab,XKG,1991,13,42,1,1302,*,*,,
Crab,XKG,1991,13,43,1,220,*,*,,
Crab,XKG,1991,13,Total,1,1522,*,*,,
Crab,XKG,1991,16,5,1,2055,*,*,,
Crab,XKG,1991,16,Total,1,2055,*,*,,
Crab,XKG,1991,17,0,3,9226,6402,10382,,
Crab,XKG,1991,17,1,2,2635,*,*,,
Crab,XKG,1991,17,2,6,1489,1077,1771,,
Crab,XKG,1991,17,3,1,3400,*,*,,
Crab,XKG,1991,17,4,3,650,32,50,,
Crab,XKG,1991,17,5,3,5611,1566,2541,,
Crab,XKG,1991,17,6,1,1015,*,*,,
Crab,XKG,1991,17,7,4,5599,3203,5017,,
Crab,XKG,1991,17,8,2,479,*,*,,
Crab,XKG,1991,17,9,1,120,*,*,,
Crab,XKG,1991,17,13,1,845,*,*,,
Crab,XKG,1991,17,14,2,11575,*,*,,
Crab,XKG,1991,17,Total,12,42644,39487,61505,,
Crab,XKG,1991,18,0,2,451,*,*,,
Crab,XKG,1991,18,1,5,5205,6677,10014,,
Crab,XKG,1991,18,2,2,918,*,*,,
Crab,XKG,1991,18,3,5,9131,12887,21703,,
Crab,XKG,1991,18,4,2,819,*,*,,
Crab,XKG,1991,18,5,2,555,*,*,,
Crab,XKG,1991,18,6,2,1503,*,*,,
Crab,XKG,1991,18,7,2,5825,*,*,,
Crab,XKG,1991,18,9,2,3087,*,*,,
Crab,XKG,1991,18,11,1,25,*,*,,
Crab,XKG,1991,18,Total,13,27519,48224,79635,,
Crab,XKG,1991,19,1,1,9342,*,*,,
Crab,XKG,1991,19,2,5,8097,9998,15522,,
Crab,XKG,1991,19,3,8,17565,19544,30553,,
Crab,XKG,1991,19,4,2,2281,*,*,,
Crab,XKG,1991,19,5,8,108613,87175,138903,,
Crab,XKG,1991,19,8,3,27424,20061,29880,,
Crab,XKG,1991,19,10,1,1000,*,*,,
Crab,XKG,1991,19,Total,20,174322,150916,238096,,
Crab,XKG,1991,20,1,2,479,*,*,,
Crab,XKG,1991,20,2,4,15499,16274,25383,,
Crab,XKG,1991,20,3,1,1436,*,*,,
Crab,XKG,1991,20,4,3,7435,13232,21155,,
Crab,XKG,1991,20,5,3,4513,7489,11639,,
Crab,XKG,1991,20,6,9,17663,27749,44418,,
Crab,XKG,1991,20,7,8,24365,29873,46385,,
Crab,XKG,1991,20,Total,16,71390,96798,152453,,
Crab,XKG,1991,21,0,4,917,5445,9043,,
Crab,XKG,1991,21,Total,4,917,5445,9043,,
Crab,XKG,1991,22,0,1,1840,*,*,,
Crab,XKG,1991,22,Total,1,1840,*,*,,
Crab,XKG,1991,24,0,7,14085,33207,50179,,
Crab,XKG,1991,24,1,2,4123,*,*,,
Crab,XKG,1991,24,3,2,64,*,*,,
Crab,XKG,1991,24,4,3,2286,3262,5687,,
Crab,XKG,1991,24,6,12,19646,31436,52888,,
Crab,XKG,1991,24,7,1,280,*,*,,
Crab,XKG,1991,24,8,12,15700,26139,44794,,
Crab,XKG,1991,24,9,20,76048,90483,150955,,
Crab,XKG,1991,24,10,3,959,766,1275,,
Crab,XKG,1991,24,11,10,15955,23060,37652,,
Crab,XKG,1991,24,12,3,2940,3977,6628,,
Crab,XKG,1991,24,14,1,106,*,*,,
Crab,XKG,1991,24,Total,31,152192,229032,378753,,
Crab,XKG,1991,25,4,1,545,*,*,,
Crab,XKG,1991,25,5,1,1007,*,*,,
Crab,XKG,1991,25,6,1,1395,*,*,,
Crab,XKG,1991,25,8,1,172,*,*,,
Crab,XKG,1991,25,13,1,100,*,*,,
Crab,XKG,1991,25,14,2,7237,*,*,,
Crab,XKG,1991,25,15,2,830,*,*,,
Crab,XKG,1991,25,Total,3,11286,14155,23909,,
Crab,XKG,1991,26,6,1,257,*,*,,
Crab,XKG,1991,26,8,1,174,*,*,,
Crab,XKG,1991,26,9,1,338,*,*,,
Crab,XKG,1991,26,Total,1,769,*,*,,
Crab,XKG,1991,27,0,1,65,*,*,,
Crab,XKG,1991,27,1,1,850,*,*,,
Crab,XKG,1991,27,3,2,1465,*,*,,
Crab,XKG,1991,27,5,1,221,*,*,,
Crab,XKG,1991,27,6,1,57,*,*,,
Crab,XKG,1991,27,7,2,785,*,*,,
Crab,XKG,1991,27,8,1,55,*,*,,
Crab,XKG,1991,27,10,3,3002,9662,16372,,
Crab,XKG,1991,27,11,4,12188,28155,46338,,
Crab,XKG,1991,27,Total,6,18688,47822,78484,,
Crab,XKG,1991,28,7,3,18037,38149,64088,,
Crab,XKG,1991,28,10,5,14505,37287,62639,,
Crab,XKG,1991,28,11,1,4471,*,*,,
Crab,XKG,1991,28,12,1,5145,*,*,,
Crab,XKG,1991,28,13,2,1137,*,*,,
Crab,XKG,1991,28,14,1,900,*,*,,
Crab,XKG,1991,28,Total,7,44195,90222,151570,,
Crab,XKG,1991,29,0,5,13775,33165,52072,,
Crab,XKG,1991,29,1,1,180,*,*,,
Crab,XKG,1991,29,3,5,18152,49240,76197,,
Crab,XKG,1991,29,4,1,818,*,*,,
Crab,XKG,1991,29,5,2,11134,*,*,,
Crab,XKG,1991,29,6,1,6793,*,*,,
Crab,XKG,1991,29,7,4,20157,21138,33223,,
Crab,XKG,1991,29,8,19,218930,119074,181342,,
Crab,XKG,1991,29,9,6,18171,38783,60886,,
Crab,XKG,1991,29,10,6,20622,21916,33320,,
Crab,XKG,1991,29,14,1,11880,*,*,,
Crab,XKG,1991,29,Total,37,340612,309679,478438,,
Crab,XKG,1991,101,0,1,21910,*,*,,
Crab,XKG,1991,101,Total,1,21910,*,*,,
Crab,XKG,1991,102,0,1,430,*,*,,
Crab,XKG,1991,102,1,5,31110,**,**,,
Crab,XKG,1991,102,Total,5,31540,140019,254046,,
Crab,XKG,1991,121,1,1,3000,*,*,,
Crab,XKG,1991,121,Total,1,3000,*,*,,
Crab,XKG,1991,124,3,9,18690,32442,54921,,
Crab,XKG,1991,124,Total,9,18690,32442,54921,,
Crab,XKG,1991,126,3,1,39,*,*,,
Crab,XKG,1991,126,4,1,72,*,*,,
Crab,XKG,1991,126,Total,1,111,*,*,,
Crab,XKG,1991,127,3,1,148,*,*,,
Crab,XKG,1991,127,Total,1,148,*,*,,
Crab,XKG,1992,1,0,1,1600,*,*,,
Crab,XKG,1992,1,4,3,27089,92765,188047,,
Crab,XKG,1992,1,5,10,41326,281373,512564,,
Crab,XKG,1992,1,6,2,3745,*,*,,
Crab,XKG,1992,1,Total,11,73760,404044,750666,,
Crab,XKG,1992,3,6,2,10180,*,*,,
Crab,XKG,1992,3,7,1,10810,*,*,,
Crab,XKG,1992,3,8,1,2680,*,*,,
Crab,XKG,1992,3,9,1,2360,*,*,,
Crab,XKG,1992,3,10,3,11700,7501,17092,,
Crab,XKG,1992,3,11,1,160,*,*,,
Crab,XKG,1992,3,12,4,12866,12772,29130,,
Crab,XKG,1992,3,15,1,280,*,*,,
Crab,XKG,1992,3,17,1,100,*,*,,
Crab,XKG,1992,3,18,3,12450,16533,37686,,
Crab,XKG,1992,3,Total,9,63586,57164,130353,,
Crab,XKG,1992,4,5,1,11437,*,*,,
Crab,XKG,1992,4,6,1,460,*,*,,
Crab,XKG,1992,4,8,1,3309,*,*,,
Crab,XKG,1992,4,9,3,1474,2786,4967,,
Crab,XKG,1992,4,12,20,119524,162589,283528,,
Crab,XKG,1992,4,15,3,9010,15679,26956,,
Crab,XKG,1992,4,Total,23,145214,211347,369544,,
Crab,XKG,1992,5,1,3,2421,3300,6063,,
Crab,XKG,1992,5,2,1,16,*,*,,
Crab,XKG,1992,5,4,3,14152,17823,32273,,
Crab,XKG,1992,5,5,4,12619,17791,34304,,
Crab,XKG,1992,5,8,2,2241,*,*,,
Crab,XKG,1992,5,9,1,264,*,*,,
Crab,XKG,1992,5,14,1,3300,*,*,,
Crab,XKG,1992,5,15,2,266,*,*,,
Crab,XKG,1992,5,16,2,694,*,*,,
Crab,XKG,1992,5,23,4,11629,19269,36024,,
Crab,XKG,1992,5,24,1,70,*,*,,
Crab,XKG,1992,5,Total,14,47672,71428,133456,,
Crab,XKG,1992,6,3,1,400,*,*,,
Crab,XKG,1992,6,4,4,10690,37776,67913,,
Crab,XKG,1992,6,5,3,1193,2640,4820,,
Crab,XKG,1992,6,21,1,500,*,*,,
Crab,XKG,1992,6,22,1,300,*,*,,
Crab,XKG,1992,6,23,2,940,*,*,,
Crab,XKG,1992,6,26,1,132,*,*,,
Crab,XKG,1992,6,Total,7,14155,47896,85861,,
Crab,XKG,1992,7,3,1,150,*,*,,
Crab,XKG,1992,7,6,1,300,*,*,,
Crab,XKG,1992,7,Total,1,450,*,*,,
Crab,XKG,1992,10,10,1,2512,*,*,,
Crab,XKG,1992,10,Total,1,2512,*,*,,
Crab,XKG,1992,11,1,1,75,*,*,,
Crab,XKG,1992,11,3,1,138,*,*,,
Crab,XKG,1992,11,10,1,108,*,*,,
Crab,XKG,1992,11,Total,1,321,*,*,,
Crab,XKG,1992,12,1,2,888,*,*,,
Crab,XKG,1992,12,2,3,660,1370,2171,,
Crab,XKG,1992,12,6,2,4545,*,*,,
Crab,XKG,1992,12,7,1,350,*,*,,
Crab,XKG,1992,12,11,1,19,*,*,,
Crab,XKG,1992,12,13,2,1354,*,*,,
Crab,XKG,1992,12,16,1,2376,*,*,,
Crab,XKG,1992,12,22,2,776,*,*,,
Crab,XKG,1992,12,24,1,300,*,*,,
Crab,XKG,1992,12,25,1,600,*,*,,
Crab,XKG,1992,12,26,6,18135,47855,78872,,
Crab,XKG,1992,12,27,3,1693,4909,7365,,
Crab,XKG,1992,12,29,2,967,*,*,,
Crab,XKG,1992,12,36,3,1006,3365,5052,,
Crab,XKG,1992,12,37,1,100,*,*,,
Crab,XKG,1992,12,38,1,230,*,*,,
Crab,XKG,1992,12,39,4,8636,35279,60687,,
Crab,XKG,1992,12,40,1,180,*,*,,
Crab,XKG,1992,12,41,1,230,*,*,,
Crab,XKG,1992,12,Total,12,43045,126197,209489,,
Crab,XKG,1992,13,24,2,6513,*,*,,
Crab,XKG,1992,13,37,2,983,*,*,,
Crab,XKG,1992,13,42,3,4492,6958,10727,,
Crab,XKG,1992,13,43,2,2235,*,*,,
Crab,XKG,1992,13,Total,3,14223,24136,37268,,
Crab,XKG,1992,15,6,1,564,*,*,,
Crab,XKG,1992,15,Total,1,564,*,*,,
Crab,XKG,1992,16,5,1,2505,*,*,,
Crab,XKG,1992,16,7,1,375,*,*,,
Crab,XKG,1992,16,8,1,225,*,*,,
Crab,XKG,1992,16,Total,1,3105,*,*,,
Crab,XKG,1992,17,0,2,581,*,*,,
Crab,XKG,1992,17,1,3,4095,6655,10592,,
Crab,XKG,1992,17,2,3,813,1334,2102,,
Crab,XKG,1992,17,3,2,5808,*,*,,
Crab,XKG,1992,17,4,1,100,*,*,,
Crab,XKG,1992,17,5,1,140,*,*,,
Crab,XKG,1992,17,6,1,1815,*,*,,
Crab,XKG,1992,17,7,1,257,*,*,,
Crab,XKG,1992,17,8,2,225,*,*,,
Crab,XKG,1992,17,14,2,22323,*,*,,
Crab,XKG,1992,17,Total,8,36157,47455,74751,,
Crab,XKG,1992,18,1,4,5580,8871,14223,,
Crab,XKG,1992,18,2,1,52,*,*,,
Crab,XKG,1992,18,3,4,12311,17208,29282,,
Crab,XKG,1992,18,4,3,3623,2874,4816,,
Crab,XKG,1992,18,5,1,234,*,*,,
Crab,XKG,1992,18,6,2,5961,*,*,,
Crab,XKG,1992,18,7,1,2377,*,*,,
Crab,XKG,1992,18,8,1,4915,*,*,,
Crab,XKG,1992,18,9,2,7314,*,*,,
Crab,XKG,1992,18,10,1,107,*,*,,
Crab,XKG,1992,18,11,1,194,*,*,,
Crab,XKG,1992,18,Total,11,42668,73113,121998,,
Crab,XKG,1992,19,0,2,3098,*,*,,
Crab,XKG,1992,19,1,1,3317,*,*,,
Crab,XKG,1992,19,2,1,950,*,*,,
Crab,XKG,1992,19,3,5,23530,28718,44239,,
Crab,XKG,1992,19,4,2,1318,*,*,,
Crab,XKG,1992,19,5,6,59818,60055,92144,,
Crab,XKG,1992,19,6,3,10498,11409,19415,,
Crab,XKG,1992,19,7,1,565,*,*,,
Crab,XKG,1992,19,8,3,19665,23942,36150,,
Crab,XKG,1992,19,Total,16,122759,134083,207999,,
Crab,XKG,1992,20,0,4,10540,**,**,,
Crab,XKG,1992,20,2,3,18005,25458,43992,,
Crab,XKG,1992,20,3,2,1359,*,*,,
Crab,XKG,1992,20,4,3,14986,20071,31792,,
Crab,XKG,1992,20,5,5,10148,13699,22393,,
Crab,XKG,1992,20,6,8,17685,23584,38883,,
Crab,XKG,1992,20,7,4,10936,12388,20544,,
Crab,XKG,1992,20,Total,18,83659,107477,179046,,
Crab,XKG,1992,21,0,5,4939,17811,29570,,
Crab,XKG,1992,21,Total,5,4939,17811,29570,,
Crab,XKG,1992,23,10,1,900,*,*,,
Crab,XKG,1992,23,Total,1,900,*,*,,
Crab,XKG,1992,24,0,8,40303,33245,55481,,
Crab,XKG,1992,24,1,3,4625,16747,28020,,
Crab,XKG,1992,24,2,2,1771,*,*,,
Crab,XKG,1992,24,3,2,1025,*,*,,
Crab,XKG,1992,24,4,3,829,1385,2310,,
Crab,XKG,1992,24,6,19,48126,71002,118845,,
Crab,XKG,1992,24,7,1,280,*,*,,
Crab,XKG,1992,24,8,23,55810,56924,97121,,
Crab,XKG,1992,24,9,19,34041,48670,79523,,
Crab,XKG,1992,24,10,5,5073,9303,15403,,
Crab,XKG,1992,24,11,11,14393,24632,37867,,
Crab,XKG,1992,24,12,4,980,922,1404,,
Crab,XKG,1992,24,Total,35,207256,274555,455590,,
Crab,XKG,1992,25,14,1,9700,*,*,,
Crab,XKG,1992,25,Total,1,9700,*,*,,
Crab,XKG,1992,26,3,1,12,*,*,,
Crab,XKG,1992,26,6,1,234,*,*,,
Crab,XKG,1992,26,8,1,20,*,*,,
Crab,XKG,1992,26,9,1,94,*,*,,
Crab,XKG,1992,26,10,1,124,*,*,,
Crab,XKG,1992,26,Total,1,484,*,*,,
Crab,XKG,1992,27,0,1,0,*,*,,
Crab,XKG,1992,27,1,2,2489,*,*,,
Crab,XKG,1992,27,3,3,1549,3744,6025,,
Crab,XKG,1992,27,5,2,260,*,*,,
Crab,XKG,1992,27,6,2,223,*,*,,
Crab,XKG,1992,27,7,1,319,*,*,,
Crab,XKG,1992,27,10,2,3118,*,*,,
Crab,XKG,1992,27,11,4,7033,19578,32852,,
Crab,XKG,1992,27,Total,5,14991,44921,74156,,
Crab,XKG,1992,28,0,1,1800,*,*,,
Crab,XKG,1992,28,7,2,30760,*,*,,
Crab,XKG,1992,28,9,2,1737,*,*,,
Crab,XKG,1992,28,10,1,1920,*,*,,
Crab,XKG,1992,28,11,4,29918,52372,88112,,
Crab,XKG,1992,28,12,1,4253,*,*,,
Crab,XKG,1992,28,Total,6,70388,101462,170118,,
Crab,XKG,1992,29,0,4,15690,34265,53572,,
Crab,XKG,1992,29,3,4,19495,28078,43581,,
Crab,XKG,1992,29,4,2,3867,*,*,,
Crab,XKG,1992,29,6,3,4393,9791,15351,,
Crab,XKG,1992,29,7,2,2675,*,*,,
Crab,XKG,1992,29,8,10,130495,197322,308951,,
Crab,XKG,1992,29,9,7,31290,53094,83213,,
Crab,XKG,1992,29,10,8,30253,43660,68338,,
Crab,XKG,1992,29,Total,25,238158,384779,602161,,
Crab,XKG,1992,101,7,2,1200,*,*,,
Crab,XKG,1992,101,10,1,15650,*,*,,
Crab,XKG,1992,101,Total,3,16850,60235,103224,,
Crab,XKG,1992,102,1,6,94599,**,**,,
Crab,XKG,1992,102,2,1,146,*,*,,
Crab,XKG,1992,102,Total,6,94745,1024144,1964639,,
Crab,XKG,1992,104,4,1,2731,*,*,,
Crab,XKG,1992,104,5,2,18017,*,*,,
Crab,XKG,1992,104,Total,2,20748,*,*,,
Crab,XKG,1992,121,1,1,1000,*,*,,
Crab,XKG,1992,121,Total,1,1000,*,*,,
Crab,XKG,1992,123,1,2,460,*,*,,
Crab,XKG,1992,123,Total,2,460,*,*,,
Crab,XKG,1992,124,3,12,32661,53019,88310,,
Crab,XKG,1992,124,Total,12,32661,53019,88310,,
Crab,XKG,1992,126,4,1,295,*,*,,
Crab,XKG,1992,126,Total,1,295,*,*,,
Crab,XKG,1993,0,0,13,0,0,0,,
Crab,XKG,1993,0,Total,13,0,0,0,,
Crab,XKG,1993,1,0,1,6525,*,*,,
Crab,XKG,1993,1,4,8,33882,125338,251991,,
Crab,XKG,1993,1,5,12,57172,388060,735569,,
Crab,XKG,1993,1,6,1,690,*,*,,
Crab,XKG,1993,1,Total,17,98269,580182,1121529,,
Crab,XKG,1993,3,6,1,1850,*,*,,
Crab,XKG,1993,3,7,1,2870,*,*,,
Crab,XKG,1993,3,8,1,3640,*,*,,
Crab,XKG,1993,3,9,2,2465,*,*,,
Crab,XKG,1993,3,10,1,14548,*,*,,
Crab,XKG,1993,3,11,1,7960,*,*,,
Crab,XKG,1993,3,12,7,63160,36709,82410,,
Crab,XKG,1993,3,14,1,830,*,*,,
Crab,XKG,1993,3,15,1,0,*,*,,
Crab,XKG,1993,3,17,3,6460,5940,13539,,
Crab,XKG,1993,3,18,3,2740,5670,12052,,
Crab,XKG,1993,3,Total,10,106523,73625,165678,,
Crab,XKG,1993,4,0,1,12300,*,*,,
Crab,XKG,1993,4,2,1,200,*,*,,
Crab,XKG,1993,4,5,3,20466,18975,31838,,
Crab,XKG,1993,4,8,4,4535,6456,11331,,
Crab,XKG,1993,4,9,1,18664,*,*,,
Crab,XKG,1993,4,12,18,105283,106390,187761,,
Crab,XKG,1993,4,15,2,5090,*,*,,
Crab,XKG,1993,4,Total,24,166538,173055,308410,,
Crab,XKG,1993,5,1,1,618,*,*,,
Crab,XKG,1993,5,4,2,5298,*,*,,
Crab,XKG,1993,5,8,2,2360,*,*,,
Crab,XKG,1993,5,9,3,5059,12201,22337,,
Crab,XKG,1993,5,13,1,100,*,*,,
Crab,XKG,1993,5,14,1,1820,*,*,,
Crab,XKG,1993,5,16,1,100,*,*,,
Crab,XKG,1993,5,19,1,100,*,*,,
Crab,XKG,1993,5,23,3,11895,26920,47300,,
Crab,XKG,1993,5,Total,10,27350,52919,95884,,
Crab,XKG,1993,6,3,3,2530,12361,22675,,
Crab,XKG,1993,6,4,7,17050,15429,27464,,
Crab,XKG,1993,6,5,2,1380,*,*,,
Crab,XKG,1993,6,22,3,10370,5649,10090,,
Crab,XKG,1993,6,24,2,10080,*,*,,
Crab,XKG,1993,6,Total,10,41410,40271,72444,,
Crab,XKG,1993,11,2,1,31,*,*,,
Crab,XKG,1993,11,3,1,307,*,*,,
Crab,XKG,1993,11,Total,1,338,*,*,,
Crab,XKG,1993,12,0,2,640,*,*,,
Crab,XKG,1993,12,1,2,918,*,*,,
Crab,XKG,1993,12,2,2,610,*,*,,
Crab,XKG,1993,12,3,1,300,*,*,,
Crab,XKG,1993,12,6,4,6079,9534,16063,,
Crab,XKG,1993,12,13,2,3355,*,*,,
Crab,XKG,1993,12,15,1,446,*,*,,
Crab,XKG,1993,12,16,2,1291,*,*,,
Crab,XKG,1993,12,17,1,145,*,*,,
Crab,XKG,1993,12,20,3,2733,3060,5081,,
Crab,XKG,1993,12,21,1,128,*,*,,
Crab,XKG,1993,12,22,2,2620,*,*,,
Crab,XKG,1993,12,24,2,460,*,*,,
Crab,XKG,1993,12,25,3,5559,8851,13385,,
Crab,XKG,1993,12,26,10,41160,64782,105166,,
Crab,XKG,1993,12,27,3,9687,18912,28314,,
Crab,XKG,1993,12,29,3,4705,7810,11712,,
Crab,XKG,1993,12,36,4,6282,9723,14897,,
Crab,XKG,1993,12,37,2,1308,*,*,,
Crab,XKG,1993,12,38,1,1170,*,*,,
Crab,XKG,1993,12,39,4,11830,25637,43687,,
Crab,XKG,1993,12,40,1,1230,*,*,,
Crab,XKG,1993,12,41,1,1740,*,*,,
Crab,XKG,1993,12,42,1,320,*,*,,
Crab,XKG,1993,12,48,1,90,*,*,,
Crab,XKG,1993,12,Total,17,104806,176710,284025,,
Crab,XKG,1993,13,9,2,101,*,*,,
Crab,XKG,1993,13,10,1,221,*,*,,
Crab,XKG,1993,13,11,1,12,*,*,,
Crab,XKG,1993,13,12,1,25,*,*,,
Crab,XKG,1993,13,19,1,19,*,*,,
Crab,XKG,1993,13,21,1,111,*,*,,
Crab,XKG,1993,13,23,1,15,*,*,,
Crab,XKG,1993,13,24,5,3544,9220,14595,,
Crab,XKG,1993,13,27,2,1139,*,*,,
Crab,XKG,1993,13,37,2,120,*,*,,
Crab,XKG,1993,13,41,1,90,*,*,,
Crab,XKG,1993,13,42,5,3885,6732,10989,,
Crab,XKG,1993,13,43,1,728,*,*,,
Crab,XKG,1993,13,Total,7,10010,22832,36855,,
Crab,XKG,1993,16,5,1,1361,*,*,,
Crab,XKG,1993,16,6,1,783,*,*,,
Crab,XKG,1993,16,7,1,565,*,*,,
Crab,XKG,1993,16,Total,1,2709,*,*,,
Crab,XKG,1993,17,0,1,255,*,*,,
Crab,XKG,1993,17,1,2,3387,*,*,,
Crab,XKG,1993,17,2,3,311,405,631,,
Crab,XKG,1993,17,3,1,1112,*,*,,
Crab,XKG,1993,17,4,2,1868,*,*,,
Crab,XKG,1993,17,5,1,1075,*,*,,
Crab,XKG,1993,17,7,1,320,*,*,,
Crab,XKG,1993,17,8,1,3950,*,*,,
Crab,XKG,1993,17,14,2,12255,*,*,,
Crab,XKG,1993,17,Total,8,24533,39600,62201,,
Crab,XKG,1993,18,1,3,4043,9522,15639,,
Crab,XKG,1993,18,3,3,16492,43189,74661,,
Crab,XKG,1993,18,4,1,386,*,*,,
Crab,XKG,1993,18,7,2,44572,*,*,,
Crab,XKG,1993,18,8,1,2448,*,*,,
Crab,XKG,1993,18,9,3,6023,18312,30570,,
Crab,XKG,1993,18,11,1,1120,*,*,,
Crab,XKG,1993,18,Total,9,75084,116745,196760,,
Crab,XKG,1993,19,0,2,124,*,*,,
Crab,XKG,1993,19,1,1,60,*,*,,
Crab,XKG,1993,19,2,3,3740,4011,6760,,
Crab,XKG,1993,19,3,4,17863,21525,33407,,
Crab,XKG,1993,19,4,3,4937,6672,11296,,
Crab,XKG,1993,19,5,7,91320,137092,211928,,
Crab,XKG,1993,19,6,1,12130,*,*,,
Crab,XKG,1993,19,7,1,1784,*,*,,
Crab,XKG,1993,19,8,2,35126,*,*,,
Crab,XKG,1993,19,Total,15,167084,224030,349069,,
Crab,XKG,1993,20,1,1,842,*,*,,
Crab,XKG,1993,20,2,4,23512,24167,38266,,
Crab,XKG,1993,20,3,1,1428,*,*,,
Crab,XKG,1993,20,4,4,13215,12413,22308,,
Crab,XKG,1993,20,5,2,9630,*,*,,
Crab,XKG,1993,20,6,6,17425,18599,29406,,
Crab,XKG,1993,20,7,2,8040,*,*,,
Crab,XKG,1993,20,Total,14,74092,71758,116306,,
Crab,XKG,1993,21,0,4,1506,3179,5275,,
Crab,XKG,1993,21,Total,4,1506,3179,5275,,
Crab,XKG,1993,22,0,1,3682,*,*,,
Crab,XKG,1993,22,Total,1,3682,*,*,,
Crab,XKG,1993,23,10,1,1400,*,*,,
Crab,XKG,1993,23,Total,1,1400,*,*,,
Crab,XKG,1993,24,0,1,12621,*,*,,
Crab,XKG,1993,24,1,4,6715,12974,22115,,
Crab,XKG,1993,24,3,4,593,1256,2011,,
Crab,XKG,1993,24,6,18,47380,48700,79987,,
Crab,XKG,1993,24,7,2,379,*,*,,
Crab,XKG,1993,24,8,18,48000,50331,86419,,
Crab,XKG,1993,24,9,16,38474,39340,64008,,
Crab,XKG,1993,24,10,3,3451,3370,5312,,
Crab,XKG,1993,24,11,10,7916,9510,15353,,
Crab,XKG,1993,24,12,3,3705,2347,3671,,
Crab,XKG,1993,24,Total,29,169234,176463,292513,,
Crab,XKG,1993,25,4,1,100,*,*,,
Crab,XKG,1993,25,5,1,194,*,*,,
Crab,XKG,1993,25,8,1,883,*,*,,
Crab,XKG,1993,25,13,1,1170,*,*,,
Crab,XKG,1993,25,14,4,11790,21139,36634,,
Crab,XKG,1993,25,Total,5,14137,25158,43264,,
Crab,XKG,1993,26,6,1,81,*,*,,
Crab,XKG,1993,26,8,1,47,*,*,,
Crab,XKG,1993,26,9,1,110,*,*,,
Crab,XKG,1993,26,10,1,572,*,*,,
Crab,XKG,1993,26,Total,3,810,1325,2474,,
Crab,XKG,1993,27,1,2,1110,*,*,,
Crab,XKG,1993,27,3,2,1426,*,*,,
Crab,XKG,1993,27,4,1,150,*,*,,
Crab,XKG,1993,27,5,1,28,*,*,,
Crab,XKG,1993,27,7,2,296,*,*,,
Crab,XKG,1993,27,8,3,236,695,1105,,
Crab,XKG,1993,27,10,2,1265,*,*,,
Crab,XKG,1993,27,11,3,9773,24328,40470,,
Crab,XKG,1993,27,Total,5,14284,37090,60916,,
Crab,XKG,1993,28,0,1,1700,*,*,,
Crab,XKG,1993,28,2,1,2460,*,*,,
Crab,XKG,1993,28,7,3,54390,62178,104283,,
Crab,XKG,1993,28,11,4,36139,60516,101659,,
Crab,XKG,1993,28,12,1,4830,*,*,,
Crab,XKG,1993,28,13,1,790,*,*,,
Crab,XKG,1993,28,Total,8,100309,135243,227592,,
Crab,XKG,1993,29,0,1,0,*,*,,
Crab,XKG,1993,29,3,4,18422,35580,56568,,
Crab,XKG,1993,29,4,2,5693,*,*,,
Crab,XKG,1993,29,5,2,1709,*,*,,
Crab,XKG,1993,29,6,4,4461,6053,10409,,
Crab,XKG,1993,29,7,4,9372,23284,36460,,
Crab,XKG,1993,29,8,21,293476,306384,480832,,
Crab,XKG,1993,29,9,9,28791,52553,83519,,
Crab,XKG,1993,29,10,10,54327,92273,148640,,
Crab,XKG,1993,29,14,1,9210,*,*,,
Crab,XKG,1993,29,Total,38,425461,563646,890756,,
Crab,XKG,1993,101,3,1,371,*,*,,
Crab,XKG,1993,101,4,1,140,*,*,,
Crab,XKG,1993,101,5,1,1850,*,*,,
Crab,XKG,1993,101,10,2,2662,*,*,,
Crab,XKG,1993,101,Total,2,5023,*,*,,
Crab,XKG,1993,102,1,13,246097,3768882,7352822,,
Crab,XKG,1993,102,Total,13,246097,3768882,7352822,,
Crab,XKG,1993,104,0,1,44,*,*,,
Crab,XKG,1993,104,2,3,15754,173299,342812,,
Crab,XKG,1993,104,3,3,5304,84150,166229,,
Crab,XKG,1993,104,4,2,15338,*,*,,
Crab,XKG,1993,104,5,4,22173,211660,421017,,
Crab,XKG,1993,104,Total,4,58613,629510,1248608,,
Crab,XKG,1993,105,1,1,6809,*,*,,
Crab,XKG,1993,105,Total,1,6809,*,*,,
Crab,XKG,1993,121,0,1,1212,*,*,,
Crab,XKG,1993,121,1,1,630,*,*,,
Crab,XKG,1993,121,Total,2,1842,*,*,,
Crab,XKG,1993,124,0,1,1420,*,*,,
Crab,XKG,1993,124,3,11,34967,**,**,,
Crab,XKG,1993,124,Total,11,36387,52572,87626,,
Crab,XKG,1993,125,3,1,150,*,*,,
Crab,XKG,1993,125,Total,1,150,*,*,,
Crab,XKG,1993,126,4,1,48,*,*,,
Crab,XKG,1993,126,Total,1,48,*,*,,
Crab,XKG,1994,0,0,7,379,347,590,,
Crab,XKG,1994,0,Total,7,379,347,590,,
Crab,XKG,1994,1,1,1,0,*,*,,
Crab,XKG,1994,1,4,5,24425,53859,108469,,
Crab,XKG,1994,1,5,13,87431,495162,973403,,
Crab,XKG,1994,1,6,1,6650,*,*,,
Crab,XKG,1994,1,Total,15,118506,557839,1099508,,
Crab,XKG,1994,2,10,1,3518,*,*,,
Crab,XKG,1994,2,Total,1,3518,*,*,,
Crab,XKG,1994,3,6,2,9360,*,*,,
Crab,XKG,1994,3,7,3,15889,8153,18570,,
Crab,XKG,1994,3,8,3,13991,7546,17190,,
Crab,XKG,1994,3,9,3,7945,3659,8135,,
Crab,XKG,1994,3,10,4,15159,9633,20930,,
Crab,XKG,1994,3,11,2,12480,*,*,,
Crab,XKG,1994,3,12,9,28640,26431,49511,,
Crab,XKG,1994,3,14,2,920,*,*,,
Crab,XKG,1994,3,17,4,6625,6298,12495,,
Crab,XKG,1994,3,18,5,5870,4455,9488,,
Crab,XKG,1994,3,Total,15,116879,84511,174159,,
Crab,XKG,1994,4,2,1,680,*,*,,
Crab,XKG,1994,4,5,4,25995,18697,33440,,
Crab,XKG,1994,4,8,2,320,*,*,,
Crab,XKG,1994,4,9,3,28122,28494,46716,,
Crab,XKG,1994,4,12,17,137406,107082,193458,,
Crab,XKG,1994,4,15,2,3020,*,*,,
Crab,XKG,1994,4,Total,24,195543,162752,289679,,
Crab,XKG,1994,5,1,2,2139,*,*,,
Crab,XKG,1994,5,4,1,370,*,*,,
Crab,XKG,1994,5,5,1,2000,*,*,,
Crab,XKG,1994,5,6,1,3700,*,*,,
Crab,XKG,1994,5,8,3,7766,12296,23378,,
Crab,XKG,1994,5,9,2,4618,*,*,,
Crab,XKG,1994,5,23,1,7960,*,*,,
Crab,XKG,1994,5,24,3,897,634,1215,,
Crab,XKG,1994,5,Total,10,29450,52197,95183,,
Crab,XKG,1994,6,2,1,1050,*,*,,
Crab,XKG,1994,6,3,3,5280,6146,11000,,
Crab,XKG,1994,6,4,10,24863,31220,58316,,
Crab,XKG,1994,6,5,1,2470,*,*,,
Crab,XKG,1994,6,6,2,2778,*,*,,
Crab,XKG,1994,6,8,1,700,*,*,,
Crab,XKG,1994,6,21,2,1075,*,*,,
Crab,XKG,1994,6,22,4,3258,6849,11103,,
Crab,XKG,1994,6,23,1,774,*,*,,
Crab,XKG,1994,6,24,1,1355,*,*,,
Crab,XKG,1994,6,Total,12,43603,61390,111105,,
Crab,XKG,1994,7,6,1,321,*,*,,
Crab,XKG,1994,7,7,1,522,*,*,,
Crab,XKG,1994,7,9,1,388,*,*,,
Crab,XKG,1994,7,10,1,210,*,*,,
Crab,XKG,1994,7,14,1,444,*,*,,
Crab,XKG,1994,7,16,1,393,*,*,,
Crab,XKG,1994,7,29,1,1131,*,*,,
Crab,XKG,1994,7,Total,1,3409,*,*,,
Crab,XKG,1994,11,1,1,37,*,*,,
Crab,XKG,1994,11,2,2,563,*,*,,
Crab,XKG,1994,11,3,1,136,*,*,,
Crab,XKG,1994,11,4,1,21,*,*,,
Crab,XKG,1994,11,5,1,30,*,*,,
Crab,XKG,1994,11,10,1,106,*,*,,
Crab,XKG,1994,11,Total,3,893,1319,2299,,
Crab,XKG,1994,12,1,3,790,1346,2041,,
Crab,XKG,1994,12,2,3,154,303,459,,
Crab,XKG,1994,12,6,4,7445,7587,12880,,
Crab,XKG,1994,12,11,1,45,*,*,,
Crab,XKG,1994,12,12,1,20,*,*,,
Crab,XKG,1994,12,13,3,3274,4543,7934,,
Crab,XKG,1994,12,15,2,273,*,*,,
Crab,XKG,1994,12,16,2,1315,*,*,,
Crab,XKG,1994,12,20,4,5549,11507,20572,,
Crab,XKG,1994,12,22,3,1917,2815,4226,,
Crab,XKG,1994,12,24,2,904,*,*,,
Crab,XKG,1994,12,25,3,2905,5062,8142,,
Crab,XKG,1994,12,26,9,35324,52226,83445,,
Crab,XKG,1994,12,27,3,7673,13719,20553,,
Crab,XKG,1994,12,29,3,3710,6740,9970,,
Crab,XKG,1994,12,35,1,394,*,*,,
Crab,XKG,1994,12,36,4,7934,9148,14221,,
Crab,XKG,1994,12,37,4,1234,2038,3112,,
Crab,XKG,1994,12,38,3,2172,3634,5445,,
Crab,XKG,1994,12,39,5,8329,16619,27621,,
Crab,XKG,1994,12,40,1,537,*,*,,
Crab,XKG,1994,12,41,2,1103,*,*,,
Crab,XKG,1994,12,48,2,1040,*,*,,
Crab,XKG,1994,12,Total,18,94041,146043,234709,,
Crab,XKG,1994,13,0,1,24,*,*,,
Crab,XKG,1994,13,10,1,186,*,*,,
Crab,XKG,1994,13,17,1,12,*,*,,
Crab,XKG,1994,13,21,1,42,*,*,,
Crab,XKG,1994,13,23,1,12,*,*,,
Crab,XKG,1994,13,24,3,2029,4240,6560,,
Crab,XKG,1994,13,25,1,10,*,*,,
Crab,XKG,1994,13,27,1,46,*,*,,
Crab,XKG,1994,13,28,1,8,*,*,,
Crab,XKG,1994,13,37,1,1128,*,*,,
Crab,XKG,1994,13,42,3,4175,7262,11504,,
Crab,XKG,1994,13,43,2,1165,*,*,,
Crab,XKG,1994,13,Total,4,8837,16330,25656,,
Crab,XKG,1994,16,1,1,24,*,*,,
Crab,XKG,1994,16,5,1,1978,*,*,,
Crab,XKG,1994,16,6,1,125,*,*,,
Crab,XKG,1994,16,7,1,304,*,*,,
Crab,XKG,1994,16,Total,2,2431,*,*,,
Crab,XKG,1994,17,0,2,1820,*,*,,
Crab,XKG,1994,17,1,4,3787,13321,21603,,
Crab,XKG,1994,17,2,3,1734,3144,4990,,
Crab,XKG,1994,17,3,3,328,554,844,,
Crab,XKG,1994,17,4,1,2661,*,*,,
Crab,XKG,1994,17,5,2,1004,*,*,,
Crab,XKG,1994,17,7,2,1210,*,*,,
Crab,XKG,1994,17,8,1,5405,*,*,,
Crab,XKG,1994,17,12,1,50,*,*,,
Crab,XKG,1994,17,13,2,8675,*,*,,
Crab,XKG,1994,17,14,4,22530,36588,55972,,
Crab,XKG,1994,17,17,1,70,*,*,,
Crab,XKG,1994,17,19,1,132,*,*,,
Crab,XKG,1994,17,Total,10,49406,91353,142630,,
Crab,XKG,1994,18,0,1,1920,*,*,,
Crab,XKG,1994,18,1,3,11017,22147,38064,,
Crab,XKG,1994,18,2,2,317,*,*,,
Crab,XKG,1994,18,3,6,21100,52658,90445,,
Crab,XKG,1994,18,4,1,1143,*,*,,
Crab,XKG,1994,18,6,2,2476,*,*,,
Crab,XKG,1994,18,7,3,4085,50403,82211,,
Crab,XKG,1994,18,8,2,1516,*,*,,
Crab,XKG,1994,18,9,4,10646,28789,47823,,
Crab,XKG,1994,18,Total,15,54220,165888,280035,,
Crab,XKG,1994,19,2,3,3710,5519,8622,,
Crab,XKG,1994,19,3,4,17785,22300,34677,,
Crab,XKG,1994,19,4,3,11898,15748,27219,,
Crab,XKG,1994,19,5,9,163099,215493,342924,,
Crab,XKG,1994,19,6,2,4935,*,*,,
Crab,XKG,1994,19,7,1,176,*,*,,
Crab,XKG,1994,19,8,3,7378,4613,7335,,
Crab,XKG,1994,19,Total,15,208981,268261,429653,,
Crab,XKG,1994,20,2,6,25806,42764,70607,,
Crab,XKG,1994,20,3,1,2295,*,*,,
Crab,XKG,1994,20,4,4,15380,17249,29018,,
Crab,XKG,1994,20,5,4,17050,14684,22947,,
Crab,XKG,1994,20,6,6,33251,44614,73588,,
Crab,XKG,1994,20,7,1,85,*,*,,
Crab,XKG,1994,20,Total,14,93867,121327,199447,,
Crab,XKG,1994,21,0,1,1545,*,*,,
Crab,XKG,1994,21,Total,1,1545,*,*,,
Crab,XKG,1994,22,0,1,2957,*,*,,
Crab,XKG,1994,22,Total,1,2957,*,*,,
Crab,XKG,1994,23,4,1,400,*,*,,
Crab,XKG,1994,23,Total,1,400,*,*,,
Crab,XKG,1994,24,1,3,4760,5917,9885,,
Crab,XKG,1994,24,3,1,60,*,*,,
Crab,XKG,1994,24,4,1,150,*,*,,
Crab,XKG,1994,24,6,15,42434,34730,58356,,
Crab,XKG,1994,24,7,1,626,*,*,,
Crab,XKG,1994,24,8,16,58573,62526,106826,,
Crab,XKG,1994,24,9,8,17270,19680,32400,,
Crab,XKG,1994,24,10,2,10305,*,*,,
Crab,XKG,1994,24,11,12,28118,32071,50731,,
Crab,XKG,1994,24,12,1,60,*,*,,
Crab,XKG,1994,24,14,1,3256,*,*,,
Crab,XKG,1994,24,Total,26,165612,171349,286692,,
Crab,XKG,1994,25,4,1,26,*,*,,
Crab,XKG,1994,25,5,1,563,*,*,,
Crab,XKG,1994,25,6,1,907,*,*,,
Crab,XKG,1994,25,8,1,609,*,*,,
Crab,XKG,1994,25,13,1,960,*,*,,
Crab,XKG,1994,25,14,3,13761,14797,26027,,
Crab,XKG,1994,25,Total,4,16826,18203,32059,,
Crab,XKG,1994,26,10,1,110,*,*,,
Crab,XKG,1994,26,Total,1,110,*,*,,
Crab,XKG,1994,27,1,1,1637,*,*,,
Crab,XKG,1994,27,2,1,25,*,*,,
Crab,XKG,1994,27,3,1,394,*,*,,
Crab,XKG,1994,27,7,2,1248,*,*,,
Crab,XKG,1994,27,8,1,804,*,*,,
Crab,XKG,1994,27,9,1,612,*,*,,
Crab,XKG,1994,27,10,2,1498,*,*,,
Crab,XKG,1994,27,11,3,16954,44809,73128,,
Crab,XKG,1994,27,Total,5,23172,64081,103475,,
Crab,XKG,1994,28,6,1,7140,*,*,,
Crab,XKG,1994,28,7,4,29900,23026,38368,,
Crab,XKG,1994,28,8,1,450,*,*,,
Crab,XKG,1994,28,9,2,13901,*,*,,
Crab,XKG,1994,28,10,4,41370,52758,85961,,
Crab,XKG,1994,28,11,1,400,*,*,,
Crab,XKG,1994,28,Total,10,93161,88020,148545,,
Crab,XKG,1994,29,0,2,16360,*,*,,
Crab,XKG,1994,29,3,6,77286,93075,144648,,
Crab,XKG,1994,29,4,2,4587,*,*,,
Crab,XKG,1994,29,5,1,2661,*,*,,
Crab,XKG,1994,29,6,4,6649,9528,14711,,
Crab,XKG,1994,29,7,3,21912,25472,41683,,
Crab,XKG,1994,29,8,20,287146,182648,294622,,
Crab,XKG,1994,29,9,7,27743,28838,46162,,
Crab,XKG,1994,29,10,6,30795,43359,66936,,
Crab,XKG,1994,29,14,2,27495,*,*,,
Crab,XKG,1994,29,Total,38,502634,458722,724724,,
Crab,XKG,1994,101,5,1,6335,*,*,,
Crab,XKG,1994,101,7,1,87,*,*,,
Crab,XKG,1994,101,10,2,93751,*,*,,
Crab,XKG,1994,101,Total,4,100173,458611,911246,,
Crab,XKG,1994,102,0,2,20302,*,*,,
Crab,XKG,1994,102,1,16,212083,1572872,3231838,,
Crab,XKG,1994,102,2,1,1162,*,*,,
Crab,XKG,1994,102,Total,17,233547,1733846,3555368,,
Crab,XKG,1994,104,0,1,17759,*,*,,
Crab,XKG,1994,104,1,1,3320,*,*,,
Crab,XKG,1994,104,2,8,33394,221542,454732,,
Crab,XKG,1994,104,3,4,11164,101065,212531,,
Crab,XKG,1994,104,4,1,700,*,*,,
Crab,XKG,1994,104,5,2,3050,*,*,,
Crab,XKG,1994,104,Total,10,69387,509018,1041509,,
Crab,XKG,1994,105,1,3,28810,228909,483034,,
Crab,XKG,1994,105,Total,3,28810,228909,483034,,
Crab,XKG,1994,121,1,1,7984,*,*,,
Crab,XKG,1994,121,Total,1,7984,*,*,,
Crab,XKG,1994,124,3,12,39523,52564,87925,,
Crab,XKG,1994,124,Total,12,39523,52564,87925,,
Crab,XKG,1994,127,1,1,601,*,*,,
Crab,XKG,1994,127,Total,1,601,*,*,,
Crab,XKG,1995,0,0,1,527,*,*,,
Crab,XKG,1995,0,Total,1,527,*,*,,
Crab,XKG,1995,1,1,1,840,*,*,,
Crab,XKG,1995,1,3,2,4968,*,*,,
Crab,XKG,1995,1,4,3,3968,15256,28903,,
Crab,XKG,1995,1,5,10,48453,219760,413784,,
Crab,XKG,1995,1,6,2,2482,*,*,,
Crab,XKG,1995,1,Total,14,60711,266972,502611,,
Crab,XKG,1995,3,6,3,2630,3785,8548,,
Crab,XKG,1995,3,7,4,1560,1918,3345,,
Crab,XKG,1995,3,8,6,10338,14426,26872,,
Crab,XKG,1995,3,9,1,450,*,*,,
Crab,XKG,1995,3,10,8,10881,15069,29072,,
Crab,XKG,1995,3,11,12,108282,124729,249113,,
Crab,XKG,1995,3,12,8,49193,42771,85467,,
Crab,XKG,1995,3,13,2,6516,*,*,,
Crab,XKG,1995,3,14,1,500,*,*,,
Crab,XKG,1995,3,15,2,6894,*,*,,
Crab,XKG,1995,3,17,3,16090,18916,37813,,
Crab,XKG,1995,3,18,5,15499,12960,26889,,
Crab,XKG,1995,3,Total,18,228833,248851,496929,,
Crab,XKG,1995,4,0,2,404,*,*,,
Crab,XKG,1995,4,1,3,2264,4909,8394,,
Crab,XKG,1995,4,2,5,27261,64511,117171,,
Crab,XKG,1995,4,3,1,2750,*,*,,
Crab,XKG,1995,4,4,1,265,*,*,,
Crab,XKG,1995,4,5,2,8335,*,*,,
Crab,XKG,1995,4,8,1,480,*,*,,
Crab,XKG,1995,4,9,4,21703,18452,28855,,
Crab,XKG,1995,4,10,2,2874,*,*,,
Crab,XKG,1995,4,11,1,0,*,*,,
Crab,XKG,1995,4,12,17,98402,76707,127745,,
Crab,XKG,1995,4,15,2,400,*,*,,
Crab,XKG,1995,4,Total,27,165138,194460,334883,,
Crab,XKG,1995,5,0,1,2780,*,*,,
Crab,XKG,1995,5,1,2,526,*,*,,
Crab,XKG,1995,5,2,2,758,*,*,,
Crab,XKG,1995,5,4,3,9729,5921,11544,,
Crab,XKG,1995,5,5,1,6890,*,*,,
Crab,XKG,1995,5,8,4,19835,14631,27233,,
Crab,XKG,1995,5,11,1,300,*,*,,
Crab,XKG,1995,5,14,1,226,*,*,,
Crab,XKG,1995,5,15,1,100,*,*,,
Crab,XKG,1995,5,16,1,800,*,*,,
Crab,XKG,1995,5,17,1,100,*,*,,
Crab,XKG,1995,5,23,5,11674,19743,34891,,
Crab,XKG,1995,5,24,3,1565,1297,2381,,
Crab,XKG,1995,5,Total,13,55283,51666,95653,,
Crab,XKG,1995,6,3,4,6365,7915,14240,,
Crab,XKG,1995,6,4,10,32004,31494,50706,,
Crab,XKG,1995,6,5,6,3568,7450,13309,,
Crab,XKG,1995,6,6,2,8786,*,*,,
Crab,XKG,1995,6,8,1,195,*,*,,
Crab,XKG,1995,6,21,1,150,*,*,,
Crab,XKG,1995,6,22,1,280,*,*,,
Crab,XKG,1995,6,23,1,240,*,*,,
Crab,XKG,1995,6,24,1,19,*,*,,
Crab,XKG,1995,6,27,2,814,*,*,,
Crab,XKG,1995,6,Total,14,52421,52741,87262,,
Crab,XKG,1995,7,7,1,23,*,*,,
Crab,XKG,1995,7,14,1,103,*,*,,
Crab,XKG,1995,7,24,1,18,*,*,,
Crab,XKG,1995,7,25,1,50,*,*,,
Crab,XKG,1995,7,27,1,480,*,*,,
Crab,XKG,1995,7,28,3,363,1250,2225,,
Crab,XKG,1995,7,29,1,20,*,*,,
Crab,XKG,1995,7,Total,3,1057,3428,6018,,
Crab,XKG,1995,8,4,2,757,*,*,,
Crab,XKG,1995,8,5,1,16,*,*,,
Crab,XKG,1995,8,14,1,259,*,*,,
Crab,XKG,1995,8,16,1,42,*,*,,
Crab,XKG,1995,8,Total,2,1074,*,*,,
Crab,XKG,1995,9,2,1,21,*,*,,
Crab,XKG,1995,9,3,1,96,*,*,,
Crab,XKG,1995,9,8,1,677,*,*,,
Crab,XKG,1995,9,10,1,1193,*,*,,
Crab,XKG,1995,9,Total,1,1987,*,*,,
Crab,XKG,1995,10,0,1,20,*,*,,
Crab,XKG,1995,10,3,1,23,*,*,,
Crab,XKG,1995,10,4,1,31,*,*,,
Crab,XKG,1995,10,5,1,243,*,*,,
Crab,XKG,1995,10,10,1,28,*,*,,
Crab,XKG,1995,10,12,1,36,*,*,,
Crab,XKG,1995,10,Total,1,381,*,*,,
Crab,XKG,1995,11,1,1,334,*,*,,
Crab,XKG,1995,11,2,2,356,*,*,,
Crab,XKG,1995,11,3,1,212,*,*,,
Crab,XKG,1995,11,5,1,32,*,*,,
Crab,XKG,1995,11,10,1,153,*,*,,
Crab,XKG,1995,11,Total,2,1087,*,*,,
Crab,XKG,1995,12,0,2,3470,*,*,,
Crab,XKG,1995,12,1,1,218,*,*,,
Crab,XKG,1995,12,2,3,598,1759,2680,,
Crab,XKG,1995,12,3,1,13,*,*,,
Crab,XKG,1995,12,6,2,3568,*,*,,
Crab,XKG,1995,12,7,1,228,*,*,,
Crab,XKG,1995,12,13,2,2990,*,*,,
Crab,XKG,1995,12,16,1,3563,*,*,,
Crab,XKG,1995,12,20,2,10571,*,*,,
Crab,XKG,1995,12,22,3,1406,2478,4058,,
Crab,XKG,1995,12,23,1,1430,*,*,,
Crab,XKG,1995,12,24,1,108,*,*,,
Crab,XKG,1995,12,25,4,4943,7565,11655,,
Crab,XKG,1995,12,26,9,31268,56626,88728,,
Crab,XKG,1995,12,27,1,6348,*,*,,
Crab,XKG,1995,12,29,3,2912,6386,9569,,
Crab,XKG,1995,12,35,4,595,1688,2683,,
Crab,XKG,1995,12,36,7,5663,8702,13145,,
Crab,XKG,1995,12,37,3,1066,2185,3481,,
Crab,XKG,1995,12,38,1,640,*,*,,
Crab,XKG,1995,12,39,5,14155,33375,54079,,
Crab,XKG,1995,12,40,1,202,*,*,,
Crab,XKG,1995,12,41,3,1608,3727,5618,,
Crab,XKG,1995,12,43,1,58,*,*,,
Crab,XKG,1995,12,45,1,242,*,*,,
Crab,XKG,1995,12,48,2,284,*,*,,
Crab,XKG,1995,12,Total,16,98147,191802,303162,,
Crab,XKG,1995,13,10,2,292,*,*,,
Crab,XKG,1995,13,11,1,60,*,*,,
Crab,XKG,1995,13,12,1,216,*,*,,
Crab,XKG,1995,13,19,1,13,*,*,,
Crab,XKG,1995,13,21,1,12,*,*,,
Crab,XKG,1995,13,22,1,44,*,*,,
Crab,XKG,1995,13,23,2,214,*,*,,
Crab,XKG,1995,13,24,3,1326,2442,3959,,
Crab,XKG,1995,13,25,2,430,*,*,,
Crab,XKG,1995,13,26,1,164,*,*,,
Crab,XKG,1995,13,42,1,1611,*,*,,
Crab,XKG,1995,13,43,1,697,*,*,,
Crab,XKG,1995,13,Total,4,5079,7575,12131,,
Crab,XKG,1995,14,1,1,128,*,*,,
Crab,XKG,1995,14,4,1,12,*,*,,
Crab,XKG,1995,14,8,1,108,*,*,,
Crab,XKG,1995,14,13,1,12,*,*,,
Crab,XKG,1995,14,Total,2,260,*,*,,
Crab,XKG,1995,15,3,2,72,*,*,,
Crab,XKG,1995,15,5,2,37,*,*,,
Crab,XKG,1995,15,6,2,232,*,*,,
Crab,XKG,1995,15,Total,2,341,*,*,,
Crab,XKG,1995,16,5,1,2115,*,*,,
Crab,XKG,1995,16,7,1,352,*,*,,
Crab,XKG,1995,16,13,2,196,*,*,,
Crab,XKG,1995,16,14,1,30,*,*,,
Crab,XKG,1995,16,15,1,168,*,*,,
Crab,XKG,1995,16,Total,3,2861,3733,5964,,
Crab,XKG,1995,17,0,2,459,*,*,,
Crab,XKG,1995,17,1,4,2837,4109,6579,,
Crab,XKG,1995,17,2,6,7896,13040,20718,,
Crab,XKG,1995,17,3,1,111,*,*,,
Crab,XKG,1995,17,4,2,2883,*,*,,
Crab,XKG,1995,17,5,3,1628,2548,4641,,
Crab,XKG,1995,17,6,1,150,*,*,,
Crab,XKG,1995,17,7,2,1915,*,*,,
Crab,XKG,1995,17,8,2,3203,*,*,,
Crab,XKG,1995,17,12,1,20,*,*,,
Crab,XKG,1995,17,13,2,2339,*,*,,
Crab,XKG,1995,17,14,2,17490,*,*,,
Crab,XKG,1995,17,17,2,320,*,*,,
Crab,XKG,1995,17,19,1,353,*,*,,
Crab,XKG,1995,17,Total,13,41604,63159,99901,,
Crab,XKG,1995,18,0,2,5939,*,*,,
Crab,XKG,1995,18,1,4,2460,3600,6050,,
Crab,XKG,1995,18,2,2,830,*,*,,
Crab,XKG,1995,18,3,6,16461,26619,41975,,
Crab,XKG,1995,18,4,3,3036,2861,4807,,
Crab,XKG,1995,18,5,3,2292,2386,3877,,
Crab,XKG,1995,18,6,3,9303,14242,24482,,
Crab,XKG,1995,18,7,4,57502,56773,93044,,
Crab,XKG,1995,18,8,3,27308,19735,34748,,
Crab,XKG,1995,18,9,4,12536,21082,34470,,
Crab,XKG,1995,18,10,2,266,*,*,,
Crab,XKG,1995,18,11,1,293,*,*,,
Crab,XKG,1995,18,Total,17,138226,157855,260503,,
Crab,XKG,1995,19,0,1,1074,*,*,,
Crab,XKG,1995,19,1,1,1350,*,*,,
Crab,XKG,1995,19,2,2,967,*,*,,
Crab,XKG,1995,19,3,5,15651,17443,27691,,
Crab,XKG,1995,19,4,4,16217,15123,25546,,
Crab,XKG,1995,19,5,11,112389,124198,196191,,
Crab,XKG,1995,19,7,3,5716,9389,14762,,
Crab,XKG,1995,19,8,4,49748,32814,52125,,
Crab,XKG,1995,19,Total,21,203112,203462,324577,,
Crab,XKG,1995,20,0,3,6095,5041,8215,,
Crab,XKG,1995,20,1,1,263,*,*,,
Crab,XKG,1995,20,2,4,15694,20747,37183,,
Crab,XKG,1995,20,3,1,1708,*,*,,
Crab,XKG,1995,20,4,2,5105,*,*,,
Crab,XKG,1995,20,5,4,9775,7216,12948,,
Crab,XKG,1995,20,6,6,13445,11127,17761,,
Crab,XKG,1995,20,7,2,6534,*,*,,
Crab,XKG,1995,20,Total,13,58619,53462,91175,,
Crab,XKG,1995,21,0,3,7888,27101,44428,,
Crab,XKG,1995,21,Total,3,7888,27101,44428,,
Crab,XKG,1995,22,0,1,2786,*,*,,
Crab,XKG,1995,22,Total,1,2786,*,*,,
Crab,XKG,1995,24,0,3,2680,3057,4480,,
Crab,XKG,1995,24,1,3,5368,12008,18680,,
Crab,XKG,1995,24,3,1,181,*,*,,
Crab,XKG,1995,24,4,3,830,983,1365,,
Crab,XKG,1995,24,6,12,35876,37589,60142,,
Crab,XKG,1995,24,7,2,181,*,*,,
Crab,XKG,1995,24,8,17,59703,78790,127480,,
Crab,XKG,1995,24,9,9,32226,34238,52176,,
Crab,XKG,1995,24,10,1,20,*,*,,
Crab,XKG,1995,24,11,7,12807,16104,25754,,
Crab,XKG,1995,24,14,2,246,*,*,,
Crab,XKG,1995,24,Total,23,150118,184472,293077,,
Crab,XKG,1995,25,0,1,10,*,*,,
Crab,XKG,1995,25,3,1,10,*,*,,
Crab,XKG,1995,25,4,1,48,*,*,,
Crab,XKG,1995,25,5,1,163,*,*,,
Crab,XKG,1995,25,6,1,798,*,*,,
Crab,XKG,1995,25,8,1,915,*,*,,
Crab,XKG,1995,25,13,1,194,*,*,,
Crab,XKG,1995,25,14,2,13429,*,*,,
Crab,XKG,1995,25,Total,3,15567,24062,45269,,
Crab,XKG,1995,27,0,1,25,*,*,,
Crab,XKG,1995,27,1,1,271,*,*,,
Crab,XKG,1995,27,2,1,25,*,*,,
Crab,XKG,1995,27,3,1,705,*,*,,
Crab,XKG,1995,27,5,1,133,*,*,,
Crab,XKG,1995,27,7,2,272,*,*,,
Crab,XKG,1995,27,8,2,905,*,*,,
Crab,XKG,1995,27,10,2,764,*,*,,
Crab,XKG,1995,27,11,3,7549,16021,27645,,
Crab,XKG,1995,27,Total,4,10649,22899,38596,,
Crab,XKG,1995,28,0,1,21400,*,*,,
Crab,XKG,1995,28,7,8,68340,71139,122254,,
Crab,XKG,1995,28,8,1,200,*,*,,
Crab,XKG,1995,28,9,2,6730,*,*,,
Crab,XKG,1995,28,10,1,12387,*,*,,
Crab,XKG,1995,28,11,1,27300,*,*,,
Crab,XKG,1995,28,Total,11,136357,124462,211217,,
Crab,XKG,1995,29,3,3,23081,75639,118569,,
Crab,XKG,1995,29,4,1,50,*,*,,
Crab,XKG,1995,29,5,2,3060,*,*,,
Crab,XKG,1995,29,6,3,1399,4305,6722,,
Crab,XKG,1995,29,7,3,32593,78523,123275,,
Crab,XKG,1995,29,8,21,296195,296160,460638,,
Crab,XKG,1995,29,9,10,59974,142425,224268,,
Crab,XKG,1995,29,10,12,89451,162628,256176,,
Crab,XKG,1995,29,11,1,5118,*,*,,
Crab,XKG,1995,29,Total,38,510921,773435,1210562,,
Crab,XKG,1995,101,0,1,3900,*,*,,
Crab,XKG,1995,101,5,1,180,*,*,,
Crab,XKG,1995,101,7,4,2141,10218,20908,,
Crab,XKG,1995,101,10,4,1201,3340,6475,,
Crab,XKG,1995,101,Total,9,7422,45399,90612,,
Crab,XKG,1995,102,1,27,367579,1763869,3429602,,
Crab,XKG,1995,102,2,4,3746,43253,86693,,
Crab,XKG,1995,102,Total,27,371325,1807122,3516295,,
Crab,XKG,1995,103,0,3,466,1972,3846,,
Crab,XKG,1995,103,Total,3,466,1972,3846,,
Crab,XKG,1995,104,0,2,18565,*,*,,
Crab,XKG,1995,104,1,2,3358,*,*,,
Crab,XKG,1995,104,2,15,45602,257444,480569,,
Crab,XKG,1995,104,3,19,49049,269098,532656,,
Crab,XKG,1995,104,4,3,561,5077,10170,,
Crab,XKG,1995,104,5,10,20962,118483,229108,,
Crab,XKG,1995,104,Total,25,138097,793982,1535249,,
Crab,XKG,1995,105,0,2,33578,*,*,,
Crab,XKG,1995,105,1,10,44921,296996,593306,,
Crab,XKG,1995,105,2,1,135,*,*,,
Crab,XKG,1995,105,Total,11,78634,454257,925018,,
Crab,XKG,1995,124,0,1,35,*,*,,
Crab,XKG,1995,124,1,2,863,*,*,,
Crab,XKG,1995,124,3,8,33952,40077,63433,,
Crab,XKG,1995,124,Total,9,34850,44307,69398,,
Crab,XKG,1995,127,0,1,240,*,*,,
Crab,XKG,1995,127,1,1,330,*,*,,
Crab,XKG,1995,127,Total,1,570,*,*,,
Crab,XKG,1996,0,0,2,182,*,*,,
Crab,XKG,1996,0,Total,2,182,*,*,,
Crab,XKG,1996,1,1,1,392,*,*,,
Crab,XKG,1996,1,3,5,8953,29659,50585,,
Crab,XKG,1996,1,4,7,20769,74619,136088,,
Crab,XKG,1996,1,5,14,72633,319157,579380,,
Crab,XKG,1996,1,6,3,4623,**,**,,
Crab,XKG,1996,1,Total,18,107370,433485,786071,,
Crab,XKG,1996,3,1,1,492,*,*,,
Crab,XKG,1996,3,3,1,206,*,*,,
Crab,XKG,1996,3,4,1,9300,*,*,,
Crab,XKG,1996,3,6,2,7060,*,*,,
Crab,XKG,1996,3,7,3,5178,2295,4220,,
Crab,XKG,1996,3,8,4,20588,12662,25320,,
Crab,XKG,1996,3,9,2,2695,*,*,,
Crab,XKG,1996,3,10,2,6092,*,*,,
Crab,XKG,1996,3,11,9,60194,37177,80220,,
Crab,XKG,1996,3,12,9,53728,51010,106282,,
Crab,XKG,1996,3,13,2,6346,*,*,,
Crab,XKG,1996,3,14,3,4125,10700,18063,,
Crab,XKG,1996,3,15,1,516,*,*,,
Crab,XKG,1996,3,17,1,840,*,*,,
Crab,XKG,1996,3,18,5,31427,36321,72645,,
Crab,XKG,1996,3,Total,11,208787,179903,363169,,
Crab,XKG,1996,4,2,3,2479,9793,17518,,
Crab,XKG,1996,4,4,1,17200,*,*,,
Crab,XKG,1996,4,5,1,26320,*,*,,
Crab,XKG,1996,4,9,4,25538,15565,27174,,
Crab,XKG,1996,4,12,13,135112,104267,176197,,
Crab,XKG,1996,4,Total,19,206649,159718,275329,,
Crab,XKG,1996,5,1,1,690,*,*,,
Crab,XKG,1996,5,5,1,5400,*,*,,
Crab,XKG,1996,5,6,1,1290,*,*,,
Crab,XKG,1996,5,8,2,18629,*,*,,
Crab,XKG,1996,5,10,1,1400,*,*,,
Crab,XKG,1996,5,13,1,180,*,*,,
Crab,XKG,1996,5,14,1,180,*,*,,
Crab,XKG,1996,5,15,1,180,*,*,,
Crab,XKG,1996,5,21,1,80,*,*,,
Crab,XKG,1996,5,23,4,7270,12059,21056,,
Crab,XKG,1996,5,24,1,1530,*,*,,
Crab,XKG,1996,5,Total,9,36829,41358,69029,,
Crab,XKG,1996,6,4,8,21627,31189,53149,,
Crab,XKG,1996,6,5,3,5160,7970,14092,,
Crab,XKG,1996,6,6,1,100,*,*,,
Crab,XKG,1996,6,8,1,2600,*,*,,
Crab,XKG,1996,6,13,1,92,*,*,,
Crab,XKG,1996,6,22,1,1017,*,*,,
Crab,XKG,1996,6,23,2,1200,*,*,,
Crab,XKG,1996,6,24,2,1133,*,*,,
Crab,XKG,1996,6,28,1,60,*,*,,
Crab,XKG,1996,6,Total,10,32989,52747,89971,,
Crab,XKG,1996,11,2,1,147,*,*,,
Crab,XKG,1996,11,3,1,141,*,*,,
Crab,XKG,1996,11,Total,1,288,*,*,,
Crab,XKG,1996,12,0,1,34,*,*,,
Crab,XKG,1996,12,1,2,708,*,*,,
Crab,XKG,1996,12,2,4,848,1178,1849,,
Crab,XKG,1996,12,6,2,3496,*,*,,
Crab,XKG,1996,12,8,1,1,*,*,,
Crab,XKG,1996,12,13,3,3416,5684,9977,,
Crab,XKG,1996,12,14,1,111,*,*,,
Crab,XKG,1996,12,15,1,536,*,*,,
Crab,XKG,1996,12,16,1,1023,*,*,,
Crab,XKG,1996,12,17,1,25,*,*,,
Crab,XKG,1996,12,18,1,893,*,*,,
Crab,XKG,1996,12,20,3,16065,25483,37208,,
Crab,XKG,1996,12,22,1,539,*,*,,
Crab,XKG,1996,12,25,3,3164,4555,7345,,
Crab,XKG,1996,12,26,7,35221,47494,76479,,
Crab,XKG,1996,12,27,3,8276,20757,31336,,
Crab,XKG,1996,12,28,1,256,*,*,,
Crab,XKG,1996,12,29,3,3641,9928,14974,,
Crab,XKG,1996,12,36,6,6554,10195,16138,,
Crab,XKG,1996,12,37,4,1337,1993,3087,,
Crab,XKG,1996,12,38,4,6507,8948,12676,,
Crab,XKG,1996,12,39,5,12507,23730,38730,,
Crab,XKG,1996,12,41,3,1655,3309,5154,,
Crab,XKG,1996,12,42,1,43,*,*,,
Crab,XKG,1996,12,43,1,53,*,*,,
Crab,XKG,1996,12,45,1,50,*,*,,
Crab,XKG,1996,12,46,2,1222,*,*,,
Crab,XKG,1996,12,47,2,610,*,*,,
Crab,XKG,1996,12,48,2,995,*,*,,
Crab,XKG,1996,12,Total,16,109786,179263,281129,,
Crab,XKG,1996,13,10,2,227,*,*,,
Crab,XKG,1996,13,11,1,24,*,*,,
Crab,XKG,1996,13,12,1,124,*,*,,
Crab,XKG,1996,13,23,1,162,*,*,,
Crab,XKG,1996,13,24,3,1081,3623,6086,,
Crab,XKG,1996,13,26,2,116,*,*,,
Crab,XKG,1996,13,34,1,420,*,*,,
Crab,XKG,1996,13,37,2,2618,*,*,,
Crab,XKG,1996,13,42,2,2189,*,*,,
Crab,XKG,1996,13,43,1,2400,*,*,,
Crab,XKG,1996,13,Total,5,9361,17604,28487,,
Crab,XKG,1996,16,1,1,590,*,*,,
Crab,XKG,1996,16,2,1,160,*,*,,
Crab,XKG,1996,16,3,1,72,*,*,,
Crab,XKG,1996,16,5,1,3078,*,*,,
Crab,XKG,1996,16,7,1,384,*,*,,
Crab,XKG,1996,16,Total,2,4284,*,*,,
Crab,XKG,1996,17,0,1,1265,*,*,,
Crab,XKG,1996,17,1,2,6993,*,*,,
Crab,XKG,1996,17,2,6,3134,5315,9435,,
Crab,XKG,1996,17,4,1,50,*,*,,
Crab,XKG,1996,17,5,2,1429,*,*,,
Crab,XKG,1996,17,6,1,305,*,*,,
Crab,XKG,1996,17,7,1,2286,*,*,,
Crab,XKG,1996,17,8,2,11330,*,*,,
Crab,XKG,1996,17,13,2,1205,*,*,,
Crab,XKG,1996,17,14,2,13616,*,*,,
Crab,XKG,1996,17,17,2,4482,*,*,,
Crab,XKG,1996,17,Total,13,46095,67024,106866,,
Crab,XKG,1996,18,0,2,4795,*,*,,
Crab,XKG,1996,18,1,3,2189,3075,5101,,
Crab,XKG,1996,18,2,1,398,*,*,,
Crab,XKG,1996,18,3,5,19446,40792,66741,,
Crab,XKG,1996,18,4,3,4748,7116,11364,,
Crab,XKG,1996,18,5,3,16198,22312,35691,,
Crab,XKG,1996,18,6,4,8476,12704,21518,,
Crab,XKG,1996,18,7,6,53398,80708,134068,,
Crab,XKG,1996,18,8,3,31409,20957,37910,,
Crab,XKG,1996,18,9,3,10142,21615,34631,,
Crab,XKG,1996,18,10,2,4300,*,*,,
Crab,XKG,1996,18,11,1,71,*,*,,
Crab,XKG,1996,18,Total,17,155570,224229,370625,,
Crab,XKG,1996,19,2,1,1550,*,*,,
Crab,XKG,1996,19,3,7,31256,62515,105071,,
Crab,XKG,1996,19,4,3,11514,16397,27625,,
Crab,XKG,1996,19,5,7,131872,156235,244134,,
Crab,XKG,1996,19,7,5,7478,8404,14232,,
Crab,XKG,1996,19,8,5,50473,42143,67065,,
Crab,XKG,1996,19,10,1,18,*,*,,
Crab,XKG,1996,19,11,1,221,*,*,,
Crab,XKG,1996,19,12,1,40,*,*,,
Crab,XKG,1996,19,Total,18,234422,289482,463816,,
Crab,XKG,1996,20,1,1,40,*,*,,
Crab,XKG,1996,20,2,3,18532,13262,22024,,
Crab,XKG,1996,20,3,1,2936,*,*,,
Crab,XKG,1996,20,4,3,9089,17923,30417,,
Crab,XKG,1996,20,5,5,20400,48114,80602,,
Crab,XKG,1996,20,6,7,13363,21154,34988,,
Crab,XKG,1996,20,7,3,10560,19477,31629,,
Crab,XKG,1996,20,Total,11,74920,122558,204002,,
Crab,XKG,1996,21,0,2,2770,*,*,,
Crab,XKG,1996,21,Total,2,2770,*,*,,
Crab,XKG,1996,22,0,1,1197,*,*,,
Crab,XKG,1996,22,Total,1,1197,*,*,,
Crab,XKG,1996,23,10,1,1800,*,*,,
Crab,XKG,1996,23,Total,1,1800,*,*,,
Crab,XKG,1996,24,0,1,1620,*,*,,
Crab,XKG,1996,24,1,4,13984,16912,27663,,
Crab,XKG,1996,24,3,1,1260,*,*,,
Crab,XKG,1996,24,4,1,2024,*,*,,
Crab,XKG,1996,24,6,10,13249,9974,16543,,
Crab,XKG,1996,24,7,1,233,*,*,,
Crab,XKG,1996,24,8,15,56756,54215,87358,,
Crab,XKG,1996,24,9,15,59823,50908,81274,,
Crab,XKG,1996,24,11,12,18573,16874,26850,,
Crab,XKG,1996,24,12,1,53,*,*,,
Crab,XKG,1996,24,Total,21,167575,156034,251115,,
Crab,XKG,1996,25,13,1,40,*,*,,
Crab,XKG,1996,25,14,2,5722,*,*,,
Crab,XKG,1996,25,Total,2,5762,*,*,,
Crab,XKG,1996,26,6,1,40,*,*,,
Crab,XKG,1996,26,8,1,662,*,*,,
Crab,XKG,1996,26,9,1,130,*,*,,
Crab,XKG,1996,26,10,1,465,*,*,,
Crab,XKG,1996,26,Total,2,1297,*,*,,
Crab,XKG,1996,27,1,1,105,*,*,,
Crab,XKG,1996,27,3,1,1941,*,*,,
Crab,XKG,1996,27,6,1,80,*,*,,
Crab,XKG,1996,27,7,3,1435,5011,8072,,
Crab,XKG,1996,27,8,1,922,*,*,,
Crab,XKG,1996,27,9,1,95,*,*,,
Crab,XKG,1996,27,10,2,835,*,*,,
Crab,XKG,1996,27,11,2,6981,*,*,,
Crab,XKG,1996,27,Total,5,12394,36254,59272,,
Crab,XKG,1996,28,4,1,554,*,*,,
Crab,XKG,1996,28,5,1,4890,*,*,,
Crab,XKG,1996,28,6,1,2960,*,*,,
Crab,XKG,1996,28,7,6,68920,51070,83716,,
Crab,XKG,1996,28,8,2,11529,*,*,,
Crab,XKG,1996,28,11,4,41200,35994,60418,,
Crab,XKG,1996,28,12,2,360,*,*,,
Crab,XKG,1996,28,13,2,126,*,*,,
Crab,XKG,1996,28,14,2,826,*,*,,
Crab,XKG,1996,28,Total,13,131365,115120,185508,,
Crab,XKG,1996,29,3,3,11860,13496,21175,,
Crab,XKG,1996,29,5,2,14650,*,*,,
Crab,XKG,1996,29,6,2,6711,*,*,,
Crab,XKG,1996,29,7,9,69230,82245,128914,,
Crab,XKG,1996,29,8,24,256436,164052,256615,,
Crab,XKG,1996,29,9,8,35545,42651,66623,,
Crab,XKG,1996,29,10,19,112727,147339,233343,,
Crab,XKG,1996,29,Total,44,507159,473183,742855,,
Crab,XKG,1996,101,0,1,334,*,*,,
Crab,XKG,1996,101,5,2,3167,*,*,,
Crab,XKG,1996,101,7,3,3979,23222,43420,,
Crab,XKG,1996,101,8,1,62,*,*,,
Crab,XKG,1996,101,9,1,84,*,*,,
Crab,XKG,1996,101,10,7,8300,40682,81063,,
Crab,XKG,1996,101,Total,10,15926,76550,147368,,
Crab,XKG,1996,102,0,1,300,*,*,,
Crab,XKG,1996,102,1,29,250766,1298782,2494871,,
Crab,XKG,1996,102,2,10,6024,17973,34572,,
Crab,XKG,1996,102,3,1,250,*,*,,
Crab,XKG,1996,102,Total,33,257340,1318805,2533138,,
Crab,XKG,1996,103,0,1,440,*,*,,
Crab,XKG,1996,103,Total,1,440,*,*,,
Crab,XKG,1996,104,0,2,3064,*,*,,
Crab,XKG,1996,104,1,4,539,**,**,,
Crab,XKG,1996,104,2,28,116379,596771,1117162,,
Crab,XKG,1996,104,3,26,102571,482494,939413,,
Crab,XKG,1996,104,4,12,10577,47023,89830,,
Crab,XKG,1996,104,5,20,38953,196526,367959,,
Crab,XKG,1996,104,Total,37,272083,1350319,2564439,,
Crab,XKG,1996,105,0,1,37600,*,*,,
Crab,XKG,1996,105,1,24,90178,508703,1016631,,
Crab,XKG,1996,105,2,1,6261,*,*,,
Crab,XKG,1996,105,Total,25,134039,717307,1460572,,
Crab,XKG,1996,124,1,1,300,*,*,,
Crab,XKG,1996,124,3,9,26635,**,**,,
Crab,XKG,1996,124,Total,10,26935,27322,45029,,
Crab,XKG,1997,0,0,1,82,*,*,,
Crab,XKG,1997,0,Total,1,82,*,*,,
Crab,XKG,1997,1,3,7,8660,30810,55501,,
Crab,XKG,1997,1,4,8,33273,68116,127875,,
Crab,XKG,1997,1,5,22,109026,394105,740838,,
Crab,XKG,1997,1,Total,22,150959,493031,924214,,
Crab,XKG,1997,2,52,1,178,*,*,,
Crab,XKG,1997,2,Total,1,178,*,*,,
Crab,XKG,1997,3,1,1,600,*,*,,
Crab,XKG,1997,3,4,1,8400,*,*,,
Crab,XKG,1997,3,6,2,5367,*,*,,
Crab,XKG,1997,3,7,1,50,*,*,,
Crab,XKG,1997,3,8,4,19475,8694,18860,,
Crab,XKG,1997,3,9,2,365,*,*,,
Crab,XKG,1997,3,10,6,24140,12059,25920,,
Crab,XKG,1997,3,11,7,23654,11228,24280,,
Crab,XKG,1997,3,12,9,21090,20435,42035,,
Crab,XKG,1997,3,13,3,365,811,1345,,
Crab,XKG,1997,3,14,3,16320,13765,25039,,
Crab,XKG,1997,3,15,1,105,*,*,,
Crab,XKG,1997,3,17,1,360,*,*,,
Crab,XKG,1997,3,18,6,17231,13854,29037,,
Crab,XKG,1997,3,Total,15,137522,90677,183731,,
Crab,XKG,1997,4,2,2,988,*,*,,
Crab,XKG,1997,4,4,1,41,*,*,,
Crab,XKG,1997,4,5,1,5820,*,*,,
Crab,XKG,1997,4,8,2,8170,*,*,,
Crab,XKG,1997,4,9,4,23404,12875,22351,,
Crab,XKG,1997,4,10,1,1400,*,*,,
Crab,XKG,1997,4,12,16,164305,108835,189319,,
Crab,XKG,1997,4,15,1,19,*,*,,
Crab,XKG,1997,4,Total,19,204147,132654,231138,,
Crab,XKG,1997,5,1,2,502,*,*,,
Crab,XKG,1997,5,2,2,532,*,*,,
Crab,XKG,1997,5,4,2,1027,*,*,,
Crab,XKG,1997,5,5,1,5250,*,*,,
Crab,XKG,1997,5,6,1,26,*,*,,
Crab,XKG,1997,5,7,2,230,*,*,,
Crab,XKG,1997,5,8,1,8130,*,*,,
Crab,XKG,1997,5,9,1,180,*,*,,
Crab,XKG,1997,5,11,1,175,*,*,,
Crab,XKG,1997,5,13,2,877,*,*,,
Crab,XKG,1997,5,14,2,529,*,*,,
Crab,XKG,1997,5,15,1,197,*,*,,
Crab,XKG,1997,5,16,1,88,*,*,,
Crab,XKG,1997,5,17,1,10,*,*,,
Crab,XKG,1997,5,20,1,240,*,*,,
Crab,XKG,1997,5,21,1,38,*,*,,
Crab,XKG,1997,5,23,3,4780,8314,16003,,
Crab,XKG,1997,5,24,2,1108,*,*,,
Crab,XKG,1997,5,Total,6,23919,33819,59660,,
Crab,XKG,1997,6,3,2,3169,*,*,,
Crab,XKG,1997,6,4,2,4820,*,*,,
Crab,XKG,1997,6,5,2,1031,*,*,,
Crab,XKG,1997,6,6,1,10,*,*,,
Crab,XKG,1997,6,8,1,312,*,*,,
Crab,XKG,1997,6,9,1,14,*,*,,
Crab,XKG,1997,6,10,1,20,*,*,,
Crab,XKG,1997,6,13,1,56,*,*,,
Crab,XKG,1997,6,15,1,57,*,*,,
Crab,XKG,1997,6,16,1,40,*,*,,
Crab,XKG,1997,6,18,1,20,*,*,,
Crab,XKG,1997,6,19,1,25,*,*,,
Crab,XKG,1997,6,21,2,465,*,*,,
Crab,XKG,1997,6,22,3,328,572,1196,,
Crab,XKG,1997,6,23,1,347,*,*,,
Crab,XKG,1997,6,24,2,88,*,*,,
Crab,XKG,1997,6,28,1,126,*,*,,
Crab,XKG,1997,6,Total,6,10928,15084,26591,,
Crab,XKG,1997,7,7,1,200,*,*,,
Crab,XKG,1997,7,10,1,70,*,*,,
Crab,XKG,1997,7,29,1,300,*,*,,
Crab,XKG,1997,7,Total,1,570,*,*,,
Crab,XKG,1997,9,7,1,144,*,*,,
Crab,XKG,1997,9,11,1,186,*,*,,
Crab,XKG,1997,9,Total,1,330,*,*,,
Crab,XKG,1997,11,2,1,28,*,*,,
Crab,XKG,1997,11,3,1,191,*,*,,
Crab,XKG,1997,11,10,1,164,*,*,,
Crab,XKG,1997,11,Total,1,383,*,*,,
Crab,XKG,1997,12,1,1,168,*,*,,
Crab,XKG,1997,12,2,1,417,*,*,,
Crab,XKG,1997,12,4,1,50,*,*,,
Crab,XKG,1997,12,6,1,117,*,*,,
Crab,XKG,1997,12,11,1,42,*,*,,
Crab,XKG,1997,12,13,1,2302,*,*,,
Crab,XKG,1997,12,14,1,159,*,*,,
Crab,XKG,1997,12,15,2,1588,*,*,,
Crab,XKG,1997,12,16,1,6058,*,*,,
Crab,XKG,1997,12,18,1,846,*,*,,
Crab,XKG,1997,12,20,1,722,*,*,,
Crab,XKG,1997,12,22,2,995,*,*,,
Crab,XKG,1997,12,25,2,3246,*,*,,
Crab,XKG,1997,12,26,7,35289,62036,97482,,
Crab,XKG,1997,12,27,3,12513,13593,20632,,
Crab,XKG,1997,12,28,1,947,*,*,,
Crab,XKG,1997,12,29,2,5537,*,*,,
Crab,XKG,1997,12,34,1,32,*,*,,
Crab,XKG,1997,12,36,4,3670,5659,8749,,
Crab,XKG,1997,12,37,3,1393,2753,4211,,
Crab,XKG,1997,12,38,1,2964,*,*,,
Crab,XKG,1997,12,39,2,8488,*,*,,
Crab,XKG,1997,12,40,1,100,*,*,,
Crab,XKG,1997,12,41,4,4084,9086,14557,,
Crab,XKG,1997,12,43,1,2030,*,*,,
Crab,XKG,1997,12,46,1,740,*,*,,
Crab,XKG,1997,12,48,2,719,*,*,,
Crab,XKG,1997,12,Total,13,95216,169197,268867,,
Crab,XKG,1997,13,23,1,100,*,*,,
Crab,XKG,1997,13,24,3,1696,3737,6143,,
Crab,XKG,1997,13,34,1,1790,*,*,,
Crab,XKG,1997,13,37,1,1480,*,*,,
Crab,XKG,1997,13,42,1,1482,*,*,,
Crab,XKG,1997,13,43,1,1731,*,*,,
Crab,XKG,1997,13,Total,3,8279,19668,31611,,
Crab,XKG,1997,15,2,1,125,*,*,,
Crab,XKG,1997,15,Total,1,125,*,*,,
Crab,XKG,1997,16,5,1,3434,*,*,,
Crab,XKG,1997,16,7,1,384,*,*,,
Crab,XKG,1997,16,17,1,200,*,*,,
Crab,XKG,1997,16,Total,2,4018,*,*,,
Crab,XKG,1997,17,1,1,5122,*,*,,
Crab,XKG,1997,17,2,3,4496,8353,14236,,
Crab,XKG,1997,17,4,1,100,*,*,,
Crab,XKG,1997,17,5,2,1368,*,*,,
Crab,XKG,1997,17,6,1,700,*,*,,
Crab,XKG,1997,17,7,1,2180,*,*,,
Crab,XKG,1997,17,8,2,8905,*,*,,
Crab,XKG,1997,17,14,2,15412,*,*,,
Crab,XKG,1997,17,17,2,4850,*,*,,
Crab,XKG,1997,17,Total,8,43133,60904,96908,,
Crab,XKG,1997,18,0,2,416,*,*,,
Crab,XKG,1997,18,1,1,201,*,*,,
Crab,XKG,1997,18,2,1,58,*,*,,
Crab,XKG,1997,18,3,5,27957,41055,68737,,
Crab,XKG,1997,18,4,3,2948,3582,6063,,
Crab,XKG,1997,18,5,4,32912,34489,59092,,
Crab,XKG,1997,18,6,4,10507,17566,32072,,
Crab,XKG,1997,18,7,3,43298,35810,66615,,
Crab,XKG,1997,18,8,3,46797,41226,69943,,
Crab,XKG,1997,18,9,3,13795,26277,42863,,
Crab,XKG,1997,18,10,1,4600,*,*,,
Crab,XKG,1997,18,11,1,129,*,*,,
Crab,XKG,1997,18,Total,14,183618,206623,355405,,
Crab,XKG,1997,19,1,1,3245,*,*,,
Crab,XKG,1997,19,2,2,1172,*,*,,
Crab,XKG,1997,19,3,7,66767,92113,151097,,
Crab,XKG,1997,19,4,3,10254,10402,18583,,
Crab,XKG,1997,19,5,13,190776,179872,280655,,
Crab,XKG,1997,19,6,2,14879,*,*,,
Crab,XKG,1997,19,7,2,2858,*,*,,
Crab,XKG,1997,19,8,4,43522,37447,56700,,
Crab,XKG,1997,19,Total,23,333473,334306,530786,,
Crab,XKG,1997,20,2,5,29521,47720,80936,,
Crab,XKG,1997,20,3,1,150,*,*,,
Crab,XKG,1997,20,4,6,54975,105182,169176,,
Crab,XKG,1997,20,5,5,30215,56031,89143,,
Crab,XKG,1997,20,6,10,45187,52258,84777,,
Crab,XKG,1997,20,7,8,29131,**,**,,
Crab,XKG,1997,20,Total,11,189179,311452,504042,,
Crab,XKG,1997,21,0,2,4056,*,*,,
Crab,XKG,1997,21,Total,2,4056,*,*,,
Crab,XKG,1997,22,0,1,2213,*,*,,
Crab,XKG,1997,22,Total,1,2213,*,*,,
Crab,XKG,1997,23,8,1,75,*,*,,
Crab,XKG,1997,23,10,1,600,*,*,,
Crab,XKG,1997,23,Total,2,675,*,*,,
Crab,XKG,1997,24,0,2,2235,*,*,,
Crab,XKG,1997,24,1,7,12655,24605,40405,,
Crab,XKG,1997,24,3,1,696,*,*,,
Crab,XKG,1997,24,4,1,971,*,*,,
Crab,XKG,1997,24,5,1,103,*,*,,
Crab,XKG,1997,24,6,10,15892,18310,29901,,
Crab,XKG,1997,24,7,1,33,*,*,,
Crab,XKG,1997,24,8,19,65883,77711,125881,,
Crab,XKG,1997,24,9,17,52512,45150,73849,,
Crab,XKG,1997,24,10,4,6567,7607,12298,,
Crab,XKG,1997,24,11,12,34535,31722,51819,,
Crab,XKG,1997,24,12,3,2723,2958,4930,,
Crab,XKG,1997,24,13,1,127,*,*,,
Crab,XKG,1997,24,14,1,170,*,*,,
Crab,XKG,1997,24,Total,25,195102,213963,348632,,
Crab,XKG,1997,25,13,1,178,*,*,,
Crab,XKG,1997,25,14,1,650,*,*,,
Crab,XKG,1997,25,Total,1,828,*,*,,
Crab,XKG,1997,26,4,1,260,*,*,,
Crab,XKG,1997,26,8,1,440,*,*,,
Crab,XKG,1997,26,9,1,285,*,*,,
Crab,XKG,1997,26,10,1,145,*,*,,
Crab,XKG,1997,26,Total,1,1130,*,*,,
Crab,XKG,1997,27,1,2,598,*,*,,
Crab,XKG,1997,27,3,2,1544,*,*,,
Crab,XKG,1997,27,5,1,15,*,*,,
Crab,XKG,1997,27,6,1,80,*,*,,
Crab,XKG,1997,27,7,1,920,*,*,,
Crab,XKG,1997,27,8,2,1001,*,*,,
Crab,XKG,1997,27,9,1,4,*,*,,
Crab,XKG,1997,27,10,3,976,2539,4185,,
Crab,XKG,1997,27,11,3,3901,11332,18897,,
Crab,XKG,1997,27,Total,6,9039,25413,42177,,
Crab,XKG,1997,28,5,1,1530,*,*,,
Crab,XKG,1997,28,7,5,50805,66917,108095,,
Crab,XKG,1997,28,8,1,12225,*,*,,
Crab,XKG,1997,28,11,3,50271,58054,97520,,
Crab,XKG,1997,28,12,2,4395,*,*,,
Crab,XKG,1997,28,13,1,175,*,*,,
Crab,XKG,1997,28,Total,10,119401,144550,238501,,
Crab,XKG,1997,29,3,2,10772,*,*,,
Crab,XKG,1997,29,5,2,5352,*,*,,
Crab,XKG,1997,29,6,1,2720,*,*,,
Crab,XKG,1997,29,7,9,90776,104273,163526,,
Crab,XKG,1997,29,8,17,255078,228708,354528,,
Crab,XKG,1997,29,9,5,25495,24739,38841,,
Crab,XKG,1997,29,10,10,126276,146110,241521,,
Crab,XKG,1997,29,12,2,7640,*,*,,
Crab,XKG,1997,29,Total,38,524109,558890,883666,,
Crab,XKG,1997,101,2,1,472,*,*,,
Crab,XKG,1997,101,5,1,2039,*,*,,
Crab,XKG,1997,101,6,1,280,*,*,,
Crab,XKG,1997,101,7,7,3638,19628,35116,,
Crab,XKG,1997,101,10,13,14381,43856,83614,,
Crab,XKG,1997,101,Total,15,20810,82652,155478,,
Crab,XKG,1997,102,0,1,600,*,*,,
Crab,XKG,1997,102,1,36,195412,621277,1208948,,
Crab,XKG,1997,102,2,6,4548,**,**,,
Crab,XKG,1997,102,Total,38,200560,635062,1236521,,
Crab,XKG,1997,103,0,1,90,*,*,,
Crab,XKG,1997,103,Total,1,90,*,*,,
Crab,XKG,1997,104,0,2,1480,*,*,,
Crab,XKG,1997,104,1,2,431,*,*,,
Crab,XKG,1997,104,2,36,173287,419686,820692,,
Crab,XKG,1997,104,3,37,108535,264654,507650,,
Crab,XKG,1997,104,4,16,14404,31959,63097,,
Crab,XKG,1997,104,5,28,64186,191932,373300,,
Crab,XKG,1997,104,Total,46,362323,913103,1774789,,
Crab,XKG,1997,105,1,26,68294,211598,425890,,
Crab,XKG,1997,105,2,3,1062,4053,7172,,
Crab,XKG,1997,105,Total,27,69356,215651,433062,,
Crab,XKG,1997,121,1,1,66,*,*,,
Crab,XKG,1997,121,Total,1,66,*,*,,
Crab,XKG,1997,123,3,1,160,*,*,,
Crab,XKG,1997,123,4,1,125,*,*,,
Crab,XKG,1997,123,Total,2,285,*,*,,
Crab,XKG,1997,124,1,1,275,*,*,,
Crab,XKG,1997,124,3,12,28654,**,**,,
Crab,XKG,1997,124,Total,13,28929,43667,72726,,
Crab,XKG,1998,0,0,1,60,*,*,,
Crab,XKG,1998,0,Total,1,60,*,*,,
Crab,XKG,1998,1,1,1,178,*,*,,
Crab,XKG,1998,1,3,3,919,1790,3504,,
Crab,XKG,1998,1,4,11,29002,43820,80846,,
Crab,XKG,1998,1,5,28,100556,241850,457561,,
Crab,XKG,1998,1,6,2,488,*,*,,
Crab,XKG,1998,1,Total,28,131143,288273,543410,,
Crab,XKG,1998,2,52,1,320,*,*,,
Crab,XKG,1998,2,Total,1,320,*,*,,
Crab,XKG,1998,3,1,2,1356,*,*,,
Crab,XKG,1998,3,6,2,5658,*,*,,
Crab,XKG,1998,3,8,2,4319,*,*,,
Crab,XKG,1998,3,10,3,8511,5645,12630,,
Crab,XKG,1998,3,11,6,17284,11207,22770,,
Crab,XKG,1998,3,12,10,27884,25223,52902,,
Crab,XKG,1998,3,13,1,23,*,*,,
Crab,XKG,1998,3,14,2,11892,*,*,,
Crab,XKG,1998,3,15,1,404,*,*,,
Crab,XKG,1998,3,18,6,15429,8364,15684,,
Crab,XKG,1998,3,Total,12,92760,66198,132855,,
Crab,XKG,1998,4,1,1,87,*,*,,
Crab,XKG,1998,4,2,2,1490,*,*,,
Crab,XKG,1998,4,3,2,514,*,*,,
Crab,XKG,1998,4,5,1,5350,*,*,,
Crab,XKG,1998,4,8,2,1342,*,*,,
Crab,XKG,1998,4,9,3,28222,18647,32102,,
Crab,XKG,1998,4,12,14,136996,68686,120414,,
Crab,XKG,1998,4,15,1,700,*,*,,
Crab,XKG,1998,4,Total,19,174701,94861,165469,,
Crab,XKG,1998,5,1,2,705,*,*,,
Crab,XKG,1998,5,2,2,493,*,*,,
Crab,XKG,1998,5,4,3,1513,2437,4862,,
Crab,XKG,1998,5,5,3,26008,6576,12751,,
Crab,XKG,1998,5,6,1,10,*,*,,
Crab,XKG,1998,5,7,1,36,*,*,,
Crab,XKG,1998,5,8,2,8430,*,*,,
Crab,XKG,1998,5,12,1,232,*,*,,
Crab,XKG,1998,5,13,2,590,*,*,,
Crab,XKG,1998,5,14,4,647,1010,1645,,
Crab,XKG,1998,5,15,1,22,*,*,,
Crab,XKG,1998,5,16,3,310,426,861,,
Crab,XKG,1998,5,23,3,825,2066,3769,,
Crab,XKG,1998,5,24,3,540,988,1769,,
Crab,XKG,1998,5,Total,9,40361,28028,48221,,
Crab,XKG,1998,6,2,1,24,*,*,,
Crab,XKG,1998,6,3,1,90,*,*,,
Crab,XKG,1998,6,4,3,2816,6212,9711,,
Crab,XKG,1998,6,5,4,450,1061,1974,,
Crab,XKG,1998,6,6,3,763,1629,3091,,
Crab,XKG,1998,6,8,2,320,*,*,,
Crab,XKG,1998,6,12,1,40,*,*,,
Crab,XKG,1998,6,19,1,240,*,*,,
Crab,XKG,1998,6,21,2,100,*,*,,
Crab,XKG,1998,6,22,3,360,1033,1741,,
Crab,XKG,1998,6,23,2,504,*,*,,
Crab,XKG,1998,6,24,2,377,*,*,,
Crab,XKG,1998,6,28,1,0,*,*,,
Crab,XKG,1998,6,Total,6,6084,14890,24864,,
Crab,XKG,1998,7,7,2,280,*,*,,
Crab,XKG,1998,7,9,1,300,*,*,,
Crab,XKG,1998,7,12,1,48,*,*,,
Crab,XKG,1998,7,29,1,343,*,*,,
Crab,XKG,1998,7,Total,2,971,*,*,,
Crab,XKG,1998,11,2,1,165,*,*,,
Crab,XKG,1998,11,3,1,40,*,*,,
Crab,XKG,1998,11,10,1,633,*,*,,
Crab,XKG,1998,11,Total,1,838,*,*,,
Crab,XKG,1998,12,1,1,655,*,*,,
Crab,XKG,1998,12,2,2,801,*,*,,
Crab,XKG,1998,12,6,2,394,*,*,,
Crab,XKG,1998,12,8,1,125,*,*,,
Crab,XKG,1998,12,13,4,3713,9114,14720,,
Crab,XKG,1998,12,15,1,795,*,*,,
Crab,XKG,1998,12,16,1,4500,*,*,,
Crab,XKG,1998,12,18,1,2453,*,*,,
Crab,XKG,1998,12,20,1,677,*,*,,
Crab,XKG,1998,12,22,2,210,*,*,,
Crab,XKG,1998,12,25,2,4689,*,*,,
Crab,XKG,1998,12,26,8,36241,57140,89146,,
Crab,XKG,1998,12,27,2,5101,*,*,,
Crab,XKG,1998,12,28,1,1429,*,*,,
Crab,XKG,1998,12,29,2,4115,*,*,,
Crab,XKG,1998,12,30,1,260,*,*,,
Crab,XKG,1998,12,36,2,1319,*,*,,
Crab,XKG,1998,12,37,3,893,2778,4220,,
Crab,XKG,1998,12,38,1,4153,*,*,,
Crab,XKG,1998,12,39,1,4370,*,*,,
Crab,XKG,1998,12,41,2,2581,*,*,,
Crab,XKG,1998,12,43,1,650,*,*,,
Crab,XKG,1998,12,48,1,142,*,*,,
Crab,XKG,1998,12,Total,14,80266,145255,229909,,
Crab,XKG,1998,13,23,1,300,*,*,,
Crab,XKG,1998,13,24,2,1906,*,*,,
Crab,XKG,1998,13,25,1,16,*,*,,
Crab,XKG,1998,13,33,1,200,*,*,,
Crab,XKG,1998,13,34,1,3087,*,*,,
Crab,XKG,1998,13,35,1,180,*,*,,
Crab,XKG,1998,13,37,2,2445,*,*,,
Crab,XKG,1998,13,42,1,2294,*,*,,
Crab,XKG,1998,13,43,1,2029,*,*,,
Crab,XKG,1998,13,Total,4,12457,20890,33841,,
Crab,XKG,1998,15,1,1,50,*,*,,
Crab,XKG,1998,15,2,1,3360,*,*,,
Crab,XKG,1998,15,3,1,450,*,*,,
Crab,XKG,1998,15,6,1,1150,*,*,,
Crab,XKG,1998,15,Total,1,5010,*,*,,
Crab,XKG,1998,16,5,1,4120,*,*,,
Crab,XKG,1998,16,Total,1,4120,*,*,,
Crab,XKG,1998,17,1,3,7759,11894,18819,,
Crab,XKG,1998,17,2,4,4472,10187,18269,,
Crab,XKG,1998,17,3,2,446,*,*,,
Crab,XKG,1998,17,4,1,148,*,*,,
Crab,XKG,1998,17,5,2,5550,*,*,,
Crab,XKG,1998,17,6,1,643,*,*,,
Crab,XKG,1998,17,7,3,4800,13299,23143,,
Crab,XKG,1998,17,8,3,19994,33840,52962,,
Crab,XKG,1998,17,14,2,16290,*,*,,
Crab,XKG,1998,17,17,2,11616,*,*,,
Crab,XKG,1998,17,Total,10,71718,116827,187322,,
Crab,XKG,1998,18,3,6,30756,42214,71314,,
Crab,XKG,1998,18,4,3,1563,1628,2772,,
Crab,XKG,1998,18,5,5,43669,42005,69768,,
Crab,XKG,1998,18,6,3,10076,20590,36894,,
Crab,XKG,1998,18,7,5,92583,80807,143557,,
Crab,XKG,1998,18,8,1,3475,*,*,,
Crab,XKG,1998,18,9,3,8851,9435,14970,,
Crab,XKG,1998,18,10,1,4800,*,*,,
Crab,XKG,1998,18,11,1,422,*,*,,
Crab,XKG,1998,18,Total,14,196195,203379,349725,,
Crab,XKG,1998,19,1,1,100,*,*,,
Crab,XKG,1998,19,2,1,180,*,*,,
Crab,XKG,1998,19,3,9,75538,54808,86688,,
Crab,XKG,1998,19,4,4,17283,16738,28426,,
Crab,XKG,1998,19,5,14,323617,222986,355478,,
Crab,XKG,1998,19,6,2,1141,*,*,,
Crab,XKG,1998,19,7,3,11614,9829,18595,,
Crab,XKG,1998,19,8,3,26960,29620,44601,,
Crab,XKG,1998,19,Total,23,456433,334879,535278,,
Crab,XKG,1998,20,1,1,1984,*,*,,
Crab,XKG,1998,20,2,3,20449,40057,68959,,
Crab,XKG,1998,20,3,1,130,*,*,,
Crab,XKG,1998,20,4,5,51683,73531,119008,,
Crab,XKG,1998,20,5,7,41807,69524,111470,,
Crab,XKG,1998,20,6,9,45583,52844,85064,,
Crab,XKG,1998,20,7,9,34794,40645,64569,,
Crab,XKG,1998,20,Total,11,196430,279018,452930,,
Crab,XKG,1998,21,0,2,4673,*,*,,
Crab,XKG,1998,21,Total,2,4673,*,*,,
Crab,XKG,1998,22,0,1,4269,*,*,,
Crab,XKG,1998,22,Total,1,4269,*,*,,
Crab,XKG,1998,23,9,1,3205,*,*,,
Crab,XKG,1998,23,10,1,450,*,*,,
Crab,XKG,1998,23,11,1,5467,*,*,,
Crab,XKG,1998,23,Total,2,9122,*,*,,
Crab,XKG,1998,24,0,2,50,*,*,,
Crab,XKG,1998,24,1,11,25804,31374,52357,,
Crab,XKG,1998,24,3,5,11519,8594,14171,,
Crab,XKG,1998,24,4,4,5236,5062,8369,,
Crab,XKG,1998,24,6,13,24797,17632,28662,,
Crab,XKG,1998,24,7,2,5415,*,*,,
Crab,XKG,1998,24,8,19,121943,95105,152606,,
Crab,XKG,1998,24,9,17,65619,42657,69863,,
Crab,XKG,1998,24,10,6,12562,12807,21470,,
Crab,XKG,1998,24,11,11,33283,24885,40896,,
Crab,XKG,1998,24,12,3,5895,3214,5360,,
Crab,XKG,1998,24,14,1,200,*,*,,
Crab,XKG,1998,24,Total,26,312323,244959,398959,,
Crab,XKG,1998,26,4,1,210,*,*,,
Crab,XKG,1998,26,Total,1,210,*,*,,
Crab,XKG,1998,27,7,2,1581,*,*,,
Crab,XKG,1998,27,8,2,3176,*,*,,
Crab,XKG,1998,27,10,2,1046,*,*,,
Crab,XKG,1998,27,11,2,7302,*,*,,
Crab,XKG,1998,27,Total,2,13105,*,*,,
Crab,XKG,1998,28,5,2,2250,*,*,,
Crab,XKG,1998,28,7,6,59226,72164,130340,,
Crab,XKG,1998,28,8,1,272,*,*,,
Crab,XKG,1998,28,9,1,15660,*,*,,
Crab,XKG,1998,28,11,2,46483,*,*,,
Crab,XKG,1998,28,12,1,5495,*,*,,
Crab,XKG,1998,28,Total,12,129386,156289,271658,,
Crab,XKG,1998,29,3,2,10347,*,*,,
Crab,XKG,1998,29,5,5,31381,33686,52654,,
Crab,XKG,1998,29,6,2,14100,*,*,,
Crab,XKG,1998,29,7,6,89129,131804,206624,,
Crab,XKG,1998,29,8,18,289215,208881,328348,,
Crab,XKG,1998,29,9,7,53744,79821,128708,,
Crab,XKG,1998,29,10,10,75108,124394,194703,,
Crab,XKG,1998,29,11,1,450,*,*,,
Crab,XKG,1998,29,14,1,6830,*,*,,
Crab,XKG,1998,29,Total,42,570304,644152,1012256,,
Crab,XKG,1998,101,1,1,6487,*,*,,
Crab,XKG,1998,101,3,1,2220,*,*,,
Crab,XKG,1998,101,7,11,7212,28661,55472,,
Crab,XKG,1998,101,10,13,8246,25944,48518,,
Crab,XKG,1998,101,Total,21,24165,84553,157398,,
Crab,XKG,1998,102,1,39,261967,547056,1017805,,
Crab,XKG,1998,102,2,10,4859,**,**,,
Crab,XKG,1998,102,3,1,550,*,*,,
Crab,XKG,1998,102,Total,40,267376,557514,1037590,,
Crab,XKG,1998,103,0,1,1025,*,*,,
Crab,XKG,1998,103,Total,1,1025,*,*,,
Crab,XKG,1998,104,1,1,40,*,*,,
Crab,XKG,1998,104,2,26,59853,89489,166013,,
Crab,XKG,1998,104,3,29,77253,132805,250411,,
Crab,XKG,1998,104,4,12,8491,**,**,,
Crab,XKG,1998,104,5,29,66586,134849,247006,,
Crab,XKG,1998,104,Total,42,212223,370974,688792,,
Crab,XKG,1998,105,1,12,18318,33416,66988,,
Crab,XKG,1998,105,Total,12,18318,33416,66988,,
Crab,XKG,1998,107,1,1,90,*,*,,
Crab,XKG,1998,107,Total,1,90,*,*,,
Crab,XKG,1998,121,1,1,1189,*,*,,
Crab,XKG,1998,121,Total,1,1189,*,*,,
Crab,XKG,1998,123,3,1,497,*,*,,
Crab,XKG,1998,123,5,1,1259,*,*,,
Crab,XKG,1998,123,Total,1,1756,*,*,,
Crab,XKG,1998,124,0,1,60,*,*,,
Crab,XKG,1998,124,1,2,2123,*,*,,
Crab,XKG,1998,124,3,7,15961,16902,28035,,
Crab,XKG,1998,124,Total,8,18144,18317,30380,,
Crab,XKG,1999,1,3,5,7653,**,**,,
Crab,XKG,1999,1,4,14,30400,39172,69800,,
Crab,XKG,1999,1,5,30,103109,237518,430136,,
Crab,XKG,1999,1,6,1,481,*,*,,
Crab,XKG,1999,1,Total,32,141643,303139,549126,,
Crab,XKG,1999,2,1,2,13973,*,*,,
Crab,XKG,1999,2,8,1,60,*,*,,
Crab,XKG,1999,2,18,1,20,*,*,,
Crab,XKG,1999,2,34,1,285,*,*,,
Crab,XKG,1999,2,52,2,1353,*,*,,
Crab,XKG,1999,2,Total,5,15691,50982,88654,,
Crab,XKG,1999,3,1,1,2703,*,*,,
Crab,XKG,1999,3,6,1,3013,*,*,,
Crab,XKG,1999,3,8,1,10496,*,*,,
Crab,XKG,1999,3,9,1,113,*,*,,
Crab,XKG,1999,3,10,3,20884,10091,22713,,
Crab,XKG,1999,3,11,3,3994,2080,4147,,
Crab,XKG,1999,3,12,6,16187,18953,40282,,
Crab,XKG,1999,3,13,1,818,*,*,,
Crab,XKG,1999,3,14,1,3451,*,*,,
Crab,XKG,1999,3,18,6,15656,17123,33777,,
Crab,XKG,1999,3,Total,9,77315,60566,123919,,
Crab,XKG,1999,4,1,1,16,*,*,,
Crab,XKG,1999,4,2,1,800,*,*,,
Crab,XKG,1999,4,5,1,2604,*,*,,
Crab,XKG,1999,4,8,2,8441,*,*,,
Crab,XKG,1999,4,9,7,38036,27394,46913,,
Crab,XKG,1999,4,12,12,118440,69833,120779,,
Crab,XKG,1999,4,Total,14,168337,109458,188478,,
Crab,XKG,1999,5,1,1,993,*,*,,
Crab,XKG,1999,5,2,1,507,*,*,,
Crab,XKG,1999,5,4,1,2092,*,*,,
Crab,XKG,1999,5,5,1,4200,*,*,,
Crab,XKG,1999,5,8,2,8695,*,*,,
Crab,XKG,1999,5,13,1,136,*,*,,
Crab,XKG,1999,5,14,1,598,*,*,,
Crab,XKG,1999,5,15,1,15,*,*,,
Crab,XKG,1999,5,20,1,68,*,*,,
Crab,XKG,1999,5,23,1,497,*,*,,
Crab,XKG,1999,5,24,1,272,*,*,,
Crab,XKG,1999,5,Total,5,18073,18588,34238,,
Crab,XKG,1999,6,3,2,541,*,*,,
Crab,XKG,1999,6,4,2,1336,*,*,,
Crab,XKG,1999,6,5,2,668,*,*,,
Crab,XKG,1999,6,6,1,226,*,*,,
Crab,XKG,1999,6,21,2,172,*,*,,
Crab,XKG,1999,6,22,2,134,*,*,,
Crab,XKG,1999,6,23,2,212,*,*,,
Crab,XKG,1999,6,24,2,198,*,*,,
Crab,XKG,1999,6,Total,5,3487,6832,11843,,
Crab,XKG,1999,7,29,1,70,*,*,,
Crab,XKG,1999,7,Total,1,70,*,*,,
Crab,XKG,1999,11,1,1,20,*,*,,
Crab,XKG,1999,11,2,1,30,*,*,,
Crab,XKG,1999,11,3,2,138,*,*,,
Crab,XKG,1999,11,4,1,7,*,*,,
Crab,XKG,1999,11,5,1,52,*,*,,
Crab,XKG,1999,11,10,1,1098,*,*,,
Crab,XKG,1999,11,Total,2,1345,*,*,,
Crab,XKG,1999,12,0,1,2,*,*,,
Crab,XKG,1999,12,1,3,694,423,666,,
Crab,XKG,1999,12,2,2,366,*,*,,
Crab,XKG,1999,12,4,1,2,*,*,,
Crab,XKG,1999,12,5,1,10,*,*,,
Crab,XKG,1999,12,6,1,1063,*,*,,
Crab,XKG,1999,12,8,1,10,*,*,,
Crab,XKG,1999,12,12,2,20,*,*,,
Crab,XKG,1999,12,13,4,3247,6752,10856,,
Crab,XKG,1999,12,14,1,566,*,*,,
Crab,XKG,1999,12,15,2,563,*,*,,
Crab,XKG,1999,12,16,2,5336,*,*,,
Crab,XKG,1999,12,17,1,592,*,*,,
Crab,XKG,1999,12,18,2,2792,*,*,,
Crab,XKG,1999,12,20,1,630,*,*,,
Crab,XKG,1999,12,22,2,84,*,*,,
Crab,XKG,1999,12,25,1,1500,*,*,,
Crab,XKG,1999,12,26,9,39428,57743,88250,,
Crab,XKG,1999,12,27,3,8401,14505,22760,,
Crab,XKG,1999,12,28,1,1584,*,*,,
Crab,XKG,1999,12,29,2,2464,*,*,,
Crab,XKG,1999,12,30,1,1847,*,*,,
Crab,XKG,1999,12,34,1,88,*,*,,
Crab,XKG,1999,12,35,1,56,*,*,,
Crab,XKG,1999,12,36,2,956,*,*,,
Crab,XKG,1999,12,37,2,390,*,*,,
Crab,XKG,1999,12,38,1,7323,*,*,,
Crab,XKG,1999,12,39,2,4403,*,*,,
Crab,XKG,1999,12,40,1,4,*,*,,
Crab,XKG,1999,12,41,3,4801,12711,20622,,
Crab,XKG,1999,12,42,1,184,*,*,,
Crab,XKG,1999,12,43,2,1645,*,*,,
Crab,XKG,1999,12,46,1,48,*,*,,
Crab,XKG,1999,12,48,2,565,*,*,,
Crab,XKG,1999,12,Total,13,91664,144009,225328,,
Crab,XKG,1999,13,24,1,320,*,*,,
Crab,XKG,1999,13,25,1,16,*,*,,
Crab,XKG,1999,13,28,1,3,*,*,,
Crab,XKG,1999,13,34,1,2006,*,*,,
Crab,XKG,1999,13,35,1,3,*,*,,
Crab,XKG,1999,13,37,1,1948,*,*,,
Crab,XKG,1999,13,42,1,3065,*,*,,
Crab,XKG,1999,13,43,1,2496,*,*,,
Crab,XKG,1999,13,Total,3,9857,16936,26924,,
Crab,XKG,1999,14,1,1,1810,*,*,,
Crab,XKG,1999,14,Total,1,1810,*,*,,
Crab,XKG,1999,15,2,1,5286,*,*,,
Crab,XKG,1999,15,3,1,1762,*,*,,
Crab,XKG,1999,15,6,1,773,*,*,,
Crab,XKG,1999,15,Total,1,7821,*,*,,
Crab,XKG,1999,16,5,2,3793,*,*,,
Crab,XKG,1999,16,7,1,706,*,*,,
Crab,XKG,1999,16,13,1,650,*,*,,
Crab,XKG,1999,16,Total,2,5149,*,*,,
Crab,XKG,1999,17,0,1,150,*,*,,
Crab,XKG,1999,17,1,1,1365,*,*,,
Crab,XKG,1999,17,2,3,11988,21439,35179,,
Crab,XKG,1999,17,5,2,9689,*,*,,
Crab,XKG,1999,17,6,2,5010,*,*,,
Crab,XKG,1999,17,7,5,12948,20115,32736,,
Crab,XKG,1999,17,8,3,7882,7730,12397,,
Crab,XKG,1999,17,14,2,11740,*,*,,
Crab,XKG,1999,17,17,1,4800,*,*,,
Crab,XKG,1999,17,Total,10,65572,89707,144851,,
Crab,XKG,1999,18,0,1,42,*,*,,
Crab,XKG,1999,18,3,5,35695,41588,67744,,
Crab,XKG,1999,18,4,2,3561,*,*,,
Crab,XKG,1999,18,5,6,53859,56301,91301,,
Crab,XKG,1999,18,6,7,18711,21103,35875,,
Crab,XKG,1999,18,7,5,94383,75768,133319,,
Crab,XKG,1999,18,9,2,6336,*,*,,
Crab,XKG,1999,18,10,1,4700,*,*,,
Crab,XKG,1999,18,11,1,116,*,*,,
Crab,XKG,1999,18,Total,16,217403,205466,344676,,
Crab,XKG,1999,19,3,6,63192,46317,75294,,
Crab,XKG,1999,19,4,3,14794,11150,19344,,
Crab,XKG,1999,19,5,16,372340,189138,290576,,
Crab,XKG,1999,19,6,1,12706,*,*,,
Crab,XKG,1999,19,7,2,8549,*,*,,
Crab,XKG,1999,19,8,2,12333,*,*,,
Crab,XKG,1999,19,Total,23,483914,265304,416053,,
Crab,XKG,1999,20,0,1,24,*,*,,
Crab,XKG,1999,20,1,1,4987,*,*,,
Crab,XKG,1999,20,2,3,13600,14041,23510,,
Crab,XKG,1999,20,3,1,214,*,*,,
Crab,XKG,1999,20,4,6,31769,23620,37886,,
Crab,XKG,1999,20,5,7,36688,28525,45435,,
Crab,XKG,1999,20,6,11,42481,23984,38916,,
Crab,XKG,1999,20,7,9,21730,12258,19601,,
Crab,XKG,1999,20,Total,12,151493,107173,172936,,
Crab,XKG,1999,21,0,3,9050,23268,38630,,
Crab,XKG,1999,21,Total,3,9050,23268,38630,,
Crab,XKG,1999,23,3,1,200,*,*,,
Crab,XKG,1999,23,4,1,433,*,*,,
Crab,XKG,1999,23,6,1,302,*,*,,
Crab,XKG,1999,23,9,1,1910,*,*,,
Crab,XKG,1999,23,10,3,1184,1508,2345,,
Crab,XKG,1999,23,11,2,1837,*,*,,
Crab,XKG,1999,23,Total,4,5866,6892,12038,,
Crab,XKG,1999,24,1,7,8480,8108,12851,,
Crab,XKG,1999,24,3,1,120,*,*,,
Crab,XKG,1999,24,4,3,4793,3865,6319,,
Crab,XKG,1999,24,6,11,32542,23895,39367,,
Crab,XKG,1999,24,7,4,11315,4542,7536,,
Crab,XKG,1999,24,8,20,96210,65622,108589,,
Crab,XKG,1999,24,9,16,44496,28581,47979,,
Crab,XKG,1999,24,10,3,2353,1139,1902,,
Crab,XKG,1999,24,11,10,17974,10591,17271,,
Crab,XKG,1999,24,12,1,240,*,*,,
Crab,XKG,1999,24,Total,25,218523,146478,242040,,
Crab,XKG,1999,25,14,2,715,*,*,,
Crab,XKG,1999,25,Total,2,715,*,*,,
Crab,XKG,1999,27,7,1,391,*,*,,
Crab,XKG,1999,27,8,2,2355,*,*,,
Crab,XKG,1999,27,10,2,2390,*,*,,
Crab,XKG,1999,27,11,2,5116,*,*,,
Crab,XKG,1999,27,Total,2,10252,*,*,,
Crab,XKG,1999,28,5,1,1780,*,*,,
Crab,XKG,1999,28,7,5,79810,102316,177233,,
Crab,XKG,1999,28,9,1,9070,*,*,,
Crab,XKG,1999,28,10,1,2400,*,*,,
Crab,XKG,1999,28,11,2,42865,*,*,,
Crab,XKG,1999,28,12,1,5070,*,*,,
Crab,XKG,1999,28,Total,9,140995,159506,271759,,
Crab,XKG,1999,29,3,3,26594,35743,56119,,
Crab,XKG,1999,29,5,3,13220,14057,21791,,
Crab,XKG,1999,29,6,2,7890,*,*,,
Crab,XKG,1999,29,7,7,87006,131300,206303,,
Crab,XKG,1999,29,8,20,326432,178459,277260,,
Crab,XKG,1999,29,9,8,62441,66683,104590,,
Crab,XKG,1999,29,10,6,38969,65094,112154,,
Crab,XKG,1999,29,14,1,9425,*,*,,
Crab,XKG,1999,29,17,1,1228,*,*,,
Crab,XKG,1999,29,Total,40,573205,531050,840565,,
Crab,XKG,1999,101,5,1,2374,*,*,,
Crab,XKG,1999,101,7,9,9261,26632,47840,,
Crab,XKG,1999,101,9,1,320,*,*,,
Crab,XKG,1999,101,10,13,15712,50556,89727,,
Crab,XKG,1999,101,Total,16,27667,79939,142921,,
Crab,XKG,1999,102,1,28,169553,615346,1139306,,
Crab,XKG,1999,102,2,3,2151,**,**,,
Crab,XKG,1999,102,3,1,1541,*,*,,
Crab,XKG,1999,102,Total,28,173245,632997,1174256,,
Crab,XKG,1999,103,0,1,315,*,*,,
Crab,XKG,1999,103,Total,1,315,*,*,,
Crab,XKG,1999,104,0,1,800,*,*,,
Crab,XKG,1999,104,1,1,48,*,*,,
Crab,XKG,1999,104,2,27,54586,175053,328386,,
Crab,XKG,1999,104,3,25,78198,268805,510668,,
Crab,XKG,1999,104,4,6,6708,23380,43352,,
Crab,XKG,1999,104,5,29,66812,201870,374278,,
Crab,XKG,1999,104,Total,39,207152,671738,1262123,,
Crab,XKG,1999,105,0,1,5270,*,*,,
Crab,XKG,1999,105,1,11,12944,48510,93005,,
Crab,XKG,1999,105,2,1,850,*,*,,
Crab,XKG,1999,105,Total,12,19064,68090,134663,,
Crab,XKG,1999,108,0,1,600,*,*,,
Crab,XKG,1999,108,Total,1,600,*,*,,
Crab,XKG,1999,121,1,1,2777,*,*,,
Crab,XKG,1999,121,Total,1,2777,*,*,,
Crab,XKG,1999,123,1,1,32,*,*,,
Crab,XKG,1999,123,5,1,1670,*,*,,
Crab,XKG,1999,123,Total,2,1702,*,*,,
Crab,XKG,1999,124,1,3,1312,693,1135,,
Crab,XKG,1999,124,3,10,23243,22378,37734,,
Crab,XKG,1999,124,Total,10,24555,23071,38869,,
Crab,XKG,2000,1,3,6,2448,**,**,,
Crab,XKG,2000,1,4,14,30595,36798,64778,,
Crab,XKG,2000,1,5,32,44098,115863,203729,,
Crab,XKG,2000,1,6,2,180,*,*,,
Crab,XKG,2000,1,Total,35,77321,160656,280743,,
Crab,XKG,2000,2,2,1,150,*,*,,
Crab,XKG,2000,2,18,1,100,*,*,,
Crab,XKG,2000,2,32,1,60,*,*,,
Crab,XKG,2000,2,34,1,420,*,*,,
Crab,XKG,2000,2,37,1,285,*,*,,
Crab,XKG,2000,2,43,1,120,*,*,,
Crab,XKG,2000,2,47,1,0,*,*,,
Crab,XKG,2000,2,50,1,24,*,*,,
Crab,XKG,2000,2,52,2,1495,*,*,,
Crab,XKG,2000,2,56,1,35,*,*,,
Crab,XKG,2000,2,68,1,50,*,*,,
Crab,XKG,2000,2,91,1,204,*,*,,
Crab,XKG,2000,2,Total,4,2943,7582,13075,,
Crab,XKG,2000,3,6,2,4392,*,*,,
Crab,XKG,2000,3,7,4,6130,2155,4900,,
Crab,XKG,2000,3,8,6,16362,6026,13637,,
Crab,XKG,2000,3,9,4,13125,4858,11050,,
Crab,XKG,2000,3,10,4,22293,8135,18521,,
Crab,XKG,2000,3,11,6,25977,11075,25210,,
Crab,XKG,2000,3,12,5,11429,9803,20415,,
Crab,XKG,2000,3,14,1,1577,*,*,,
Crab,XKG,2000,3,17,4,12008,4620,10520,,
Crab,XKG,2000,3,18,9,23374,22881,42695,,
Crab,XKG,2000,3,Total,11,136667,78352,162105,,
Crab,XKG,2000,4,2,2,1058,*,*,,
Crab,XKG,2000,4,5,6,33299,29321,50002,,
Crab,XKG,2000,4,8,1,220,*,*,,
Crab,XKG,2000,4,9,8,32707,27179,46052,,
Crab,XKG,2000,4,11,1,2800,*,*,,
Crab,XKG,2000,4,12,12,102390,64428,107187,,
Crab,XKG,2000,4,Total,16,172474,125484,211116,,
Crab,XKG,2000,5,1,2,1024,*,*,,
Crab,XKG,2000,5,2,1,322,*,*,,
Crab,XKG,2000,5,4,4,11516,10104,17521,,
Crab,XKG,2000,5,5,1,1800,*,*,,
Crab,XKG,2000,5,6,3,9358,8995,14534,,
Crab,XKG,2000,5,7,3,2133,1249,2158,,
Crab,XKG,2000,5,8,5,16072,9334,15792,,
Crab,XKG,2000,5,9,4,2444,1640,2919,,
Crab,XKG,2000,5,13,1,160,*,*,,
Crab,XKG,2000,5,14,1,64,*,*,,
Crab,XKG,2000,5,16,1,64,*,*,,
Crab,XKG,2000,5,20,1,490,*,*,,
Crab,XKG,2000,5,23,4,4439,6280,11674,,
Crab,XKG,2000,5,24,3,1464,1438,2595,,
Crab,XKG,2000,5,Total,9,51350,44608,76798,,
Crab,XKG,2000,6,4,3,6155,5175,7969,,
Crab,XKG,2000,6,5,1,320,*,*,,
Crab,XKG,2000,6,6,1,64,*,*,,
Crab,XKG,2000,6,8,2,134,*,*,,
Crab,XKG,2000,6,21,2,942,*,*,,
Crab,XKG,2000,6,22,1,192,*,*,,
Crab,XKG,2000,6,23,1,375,*,*,,
Crab,XKG,2000,6,24,1,375,*,*,,
Crab,XKG,2000,6,28,1,64,*,*,,
Crab,XKG,2000,6,Total,5,8621,7709,12444,,
Crab,XKG,2000,7,6,1,1500,*,*,,
Crab,XKG,2000,7,Total,1,1500,*,*,,
Crab,XKG,2000,11,2,1,116,*,*,,
Crab,XKG,2000,11,3,1,116,*,*,,
Crab,XKG,2000,11,10,1,361,*,*,,
Crab,XKG,2000,11,Total,1,593,*,*,,
Crab,XKG,2000,12,1,3,809,582,958,,
Crab,XKG,2000,12,2,6,1842,3189,4906,,
Crab,XKG,2000,12,3,1,699,*,*,,
Crab,XKG,2000,12,6,3,1325,2494,4218,,
Crab,XKG,2000,12,7,1,325,*,*,,
Crab,XKG,2000,12,8,1,198,*,*,,
Crab,XKG,2000,12,13,1,2188,*,*,,
Crab,XKG,2000,12,15,1,116,*,*,,
Crab,XKG,2000,12,16,1,5421,*,*,,
Crab,XKG,2000,12,18,1,2427,*,*,,
Crab,XKG,2000,12,20,1,97,*,*,,
Crab,XKG,2000,12,22,3,966,855,1416,,
Crab,XKG,2000,12,25,3,4950,5505,9130,,
Crab,XKG,2000,12,26,7,50775,66294,103031,,
Crab,XKG,2000,12,27,7,14619,21489,34078,,
Crab,XKG,2000,12,28,4,1073,1645,2588,,
Crab,XKG,2000,12,29,4,2325,4231,6771,,
Crab,XKG,2000,12,30,1,718,*,*,,
Crab,XKG,2000,12,35,2,628,*,*,,
Crab,XKG,2000,12,36,4,2880,4007,6573,,
Crab,XKG,2000,12,37,2,1045,*,*,,
Crab,XKG,2000,12,38,2,2977,*,*,,
Crab,XKG,2000,12,39,4,10037,20481,33258,,
Crab,XKG,2000,12,40,1,503,*,*,,
Crab,XKG,2000,12,41,3,2777,8184,13632,,
Crab,XKG,2000,12,42,1,1212,*,*,,
Crab,XKG,2000,12,43,1,20,*,*,,
Crab,XKG,2000,12,46,3,468,565,950,,
Crab,XKG,2000,12,48,3,2001,2543,4076,,
Crab,XKG,2000,12,Total,13,115490,176990,283185,,
Crab,XKG,2000,13,23,1,40,*,*,,
Crab,XKG,2000,13,24,1,1715,*,*,,
Crab,XKG,2000,13,26,1,10,*,*,,
Crab,XKG,2000,13,34,1,485,*,*,,
Crab,XKG,2000,13,36,1,88,*,*,,
Crab,XKG,2000,13,37,2,2024,*,*,,
Crab,XKG,2000,13,38,1,88,*,*,,
Crab,XKG,2000,13,42,1,3609,*,*,,
Crab,XKG,2000,13,43,1,3929,*,*,,
Crab,XKG,2000,13,Total,4,11988,22165,35608,,
Crab,XKG,2000,14,1,1,175,*,*,,
Crab,XKG,2000,14,2,1,25,*,*,,
Crab,XKG,2000,14,Total,1,200,*,*,,
Crab,XKG,2000,15,2,2,12210,*,*,,
Crab,XKG,2000,15,3,1,4145,*,*,,
Crab,XKG,2000,15,6,1,1055,*,*,,
Crab,XKG,2000,15,Total,2,17410,*,*,,
Crab,XKG,2000,16,1,1,3030,*,*,,
Crab,XKG,2000,16,2,1,100,*,*,,
Crab,XKG,2000,16,5,2,3177,*,*,,
Crab,XKG,2000,16,7,1,25,*,*,,
Crab,XKG,2000,16,8,1,100,*,*,,
Crab,XKG,2000,16,19,1,25,*,*,,
Crab,XKG,2000,16,21,1,300,*,*,,
Crab,XKG,2000,16,Total,2,6757,*,*,,
Crab,XKG,2000,17,1,3,2859,3716,5870,,
Crab,XKG,2000,17,2,9,20412,34480,56225,,
Crab,XKG,2000,17,4,1,6675,*,*,,
Crab,XKG,2000,17,5,4,16749,28679,50107,,
Crab,XKG,2000,17,6,5,15783,28052,47407,,
Crab,XKG,2000,17,7,5,15103,26166,44710,,
Crab,XKG,2000,17,8,6,15944,23105,37549,,
Crab,XKG,2000,17,10,1,2575,*,*,,
Crab,XKG,2000,17,11,1,225,*,*,,
Crab,XKG,2000,17,12,2,410,*,*,,
Crab,XKG,2000,17,13,4,8559,13990,20847,,
Crab,XKG,2000,17,14,3,15219,22667,34280,,
Crab,XKG,2000,17,15,1,320,*,*,,
Crab,XKG,2000,17,16,1,3450,*,*,,
Crab,XKG,2000,17,17,2,11650,*,*,,
Crab,XKG,2000,17,18,1,500,*,*,,
Crab,XKG,2000,17,19,1,222,*,*,,
Crab,XKG,2000,17,Total,16,136655,227274,370458,,
Crab,XKG,2000,18,1,2,2773,*,*,,
Crab,XKG,2000,18,2,1,3300,*,*,,
Crab,XKG,2000,18,3,9,49067,48277,78021,,
Crab,XKG,2000,18,4,6,12962,13525,21583,,
Crab,XKG,2000,18,5,8,49592,60269,98737,,
Crab,XKG,2000,18,6,6,24606,28423,49251,,
Crab,XKG,2000,18,7,4,69486,57085,97532,,
Crab,XKG,2000,18,9,2,3813,*,*,,
Crab,XKG,2000,18,10,4,4499,5909,10076,,
Crab,XKG,2000,18,11,1,100,*,*,,
Crab,XKG,2000,18,Total,19,220198,224223,372279,,
Crab,XKG,2000,19,3,9,53222,56468,89626,,
Crab,XKG,2000,19,4,5,17249,20851,36570,,
Crab,XKG,2000,19,5,21,525433,270789,424648,,
Crab,XKG,2000,19,6,5,14588,9939,15312,,
Crab,XKG,2000,19,7,2,4983,*,*,,
Crab,XKG,2000,19,8,2,1950,*,*,,
Crab,XKG,2000,19,Total,29,617425,366755,580372,,
Crab,XKG,2000,20,1,3,4123,**,**,,
Crab,XKG,2000,20,2,6,21055,15394,26561,,
Crab,XKG,2000,20,3,1,102,*,*,,
Crab,XKG,2000,20,4,12,54684,55513,90134,,
Crab,XKG,2000,20,5,12,38399,35751,57299,,
Crab,XKG,2000,20,6,13,54200,48457,77752,,
Crab,XKG,2000,20,7,12,30821,24551,39204,,
Crab,XKG,2000,20,Total,17,203384,183702,298033,,
Crab,XKG,2000,21,0,5,10207,28753,52225,,
Crab,XKG,2000,21,Total,5,10207,28753,52225,,
Crab,XKG,2000,22,0,1,1852,*,*,,
Crab,XKG,2000,22,Total,1,1852,*,*,,
Crab,XKG,2000,23,2,3,250,143,215,,
Crab,XKG,2000,23,3,2,463,*,*,,
Crab,XKG,2000,23,4,1,1735,*,*,,
Crab,XKG,2000,23,6,2,408,*,*,,
Crab,XKG,2000,23,7,1,1573,*,*,,
Crab,XKG,2000,23,9,1,220,*,*,,
Crab,XKG,2000,23,10,2,2125,*,*,,
Crab,XKG,2000,23,11,3,1426,840,1394,,
Crab,XKG,2000,23,Total,6,8200,6076,9999,,
Crab,XKG,2000,24,1,5,2915,5332,8885,,
Crab,XKG,2000,24,3,2,139,*,*,,
Crab,XKG,2000,24,4,6,5811,6126,10178,,
Crab,XKG,2000,24,6,14,76322,95079,165918,,
Crab,XKG,2000,24,7,3,784,797,1445,,
Crab,XKG,2000,24,8,14,73839,92506,150485,,
Crab,XKG,2000,24,9,13,26853,28715,48040,,
Crab,XKG,2000,24,10,7,9621,21214,35443,,
Crab,XKG,2000,24,11,10,41648,58481,93862,,
Crab,XKG,2000,24,12,5,5222,6530,10262,,
Crab,XKG,2000,24,13,1,5016,*,*,,
Crab,XKG,2000,24,Total,19,248170,317677,529342,,
Crab,XKG,2000,25,0,1,0,*,*,,
Crab,XKG,2000,25,Total,1,0,*,*,,
Crab,XKG,2000,27,7,1,168,*,*,,
Crab,XKG,2000,27,8,2,1886,*,*,,
Crab,XKG,2000,27,9,1,3,*,*,,
Crab,XKG,2000,27,10,2,1907,*,*,,
Crab,XKG,2000,27,11,2,5597,*,*,,
Crab,XKG,2000,27,Total,2,9561,*,*,,
Crab,XKG,2000,28,3,1,120,*,*,,
Crab,XKG,2000,28,5,1,1440,*,*,,
Crab,XKG,2000,28,7,8,78382,98085,161357,,
Crab,XKG,2000,28,9,3,18590,31129,52263,,
Crab,XKG,2000,28,10,1,4200,*,*,,
Crab,XKG,2000,28,11,3,74915,63586,106817,,
Crab,XKG,2000,28,12,1,4270,*,*,,
Crab,XKG,2000,28,Total,12,181917,206548,343489,,
Crab,XKG,2000,29,2,2,1885,*,*,,
Crab,XKG,2000,29,3,10,83077,116665,181035,,
Crab,XKG,2000,29,4,4,6394,7214,10323,,
Crab,XKG,2000,29,5,1,1700,*,*,,
Crab,XKG,2000,29,6,7,63852,76619,118547,,
Crab,XKG,2000,29,7,11,72151,68685,110948,,
Crab,XKG,2000,29,8,19,298097,221729,343927,,
Crab,XKG,2000,29,9,5,50318,57170,89245,,
Crab,XKG,2000,29,10,7,52443,62130,101915,,
Crab,XKG,2000,29,Total,50,629917,614672,962877,,
Crab,XKG,2000,101,5,2,1203,*,*,,
Crab,XKG,2000,101,7,11,2487,6914,12527,,
Crab,XKG,2000,101,8,1,550,*,*,,
Crab,XKG,2000,101,9,1,90,*,*,,
Crab,XKG,2000,101,10,26,29785,65634,121500,,
Crab,XKG,2000,101,Total,30,34115,75708,140131,,
Crab,XKG,2000,102,1,42,117890,**,**,,
Crab,XKG,2000,102,2,2,1301,*,*,,
Crab,XKG,2000,102,Total,42,119191,420741,731331,,
Crab,XKG,2000,104,0,1,3812,*,*,,
Crab,XKG,2000,104,2,32,31346,88746,159459,,
Crab,XKG,2000,104,3,24,37569,89629,167365,,
Crab,XKG,2000,104,4,9,3222,**,**,,
Crab,XKG,2000,104,5,37,70763,243891,421758,,
Crab,XKG,2000,104,Total,43,146712,451614,801005,,
Crab,XKG,2000,105,1,12,17489,62920,113887,,
Crab,XKG,2000,105,Total,12,17489,62920,113887,,
Crab,XKG,2000,121,1,1,808,*,*,,
Crab,XKG,2000,121,2,1,723,*,*,,
Crab,XKG,2000,121,Total,2,1531,*,*,,
Crab,XKG,2000,123,1,1,328,*,*,,
Crab,XKG,2000,123,5,1,2775,*,*,,
Crab,XKG,2000,123,Total,2,3103,*,*,,
Crab,XKG,2000,124,1,6,5826,**,**,,
Crab,XKG,2000,124,2,1,168,*,*,,
Crab,XKG,2000,124,3,13,29220,35091,59219,,
Crab,XKG,2000,124,Total,13,35214,41173,69231,,
Crab,XKG,2001,1,3,8,1319,**,**,,
Crab,XKG,2001,1,4,12,31850,59286,101529,,
Crab,XKG,2001,1,5,25,28197,129153,235311,,
Crab,XKG,2001,1,6,1,62,*,*,,
Crab,XKG,2001,1,Total,26,61428,193274,345491,,
Crab,XKG,2001,2,3,1,45,*,*,,
Crab,XKG,2001,2,18,1,63,*,*,,
Crab,XKG,2001,2,19,1,49,*,*,,
Crab,XKG,2001,2,34,1,50,*,*,,
Crab,XKG,2001,2,36,1,100,*,*,,
Crab,XKG,2001,2,37,1,64,*,*,,
Crab,XKG,2001,2,52,1,284,*,*,,
Crab,XKG,2001,2,91,1,552,*,*,,
Crab,XKG,2001,2,Total,3,1207,2481,4592,,
Crab,XKG,2001,3,6,4,5130,3117,6475,,
Crab,XKG,2001,3,7,1,771,*,*,,
Crab,XKG,2001,3,8,2,3883,*,*,,
Crab,XKG,2001,3,9,2,10229,*,*,,
Crab,XKG,2001,3,10,3,17140,9467,18964,,
Crab,XKG,2001,3,11,3,9856,6771,12145,,
Crab,XKG,2001,3,12,7,22620,18820,35885,,
Crab,XKG,2001,3,14,7,56245,45504,78382,,
Crab,XKG,2001,3,17,3,12015,7768,15570,,
Crab,XKG,2001,3,18,11,22309,22619,37313,,
Crab,XKG,2001,3,Total,13,160198,122372,220314,,
Crab,XKG,2001,4,0,1,23180,*,*,,
Crab,XKG,2001,4,2,1,384,*,*,,
Crab,XKG,2001,4,3,2,3575,*,*,,
Crab,XKG,2001,4,5,3,9727,6393,11259,,
Crab,XKG,2001,4,8,1,427,*,*,,
Crab,XKG,2001,4,9,3,2246,2293,3700,,
Crab,XKG,2001,4,12,13,106436,57106,93709,,
Crab,XKG,2001,4,13,1,195,*,*,,
Crab,XKG,2001,4,Total,16,146170,84036,141255,,
Crab,XKG,2001,5,1,3,1755,1269,1908,,
Crab,XKG,2001,5,2,1,32,*,*,,
Crab,XKG,2001,5,4,6,11268,6691,10698,,
Crab,XKG,2001,5,5,1,500,*,*,,
Crab,XKG,2001,5,6,2,1753,*,*,,
Crab,XKG,2001,5,7,3,2025,2111,3129,,
Crab,XKG,2001,5,8,4,19820,14318,21917,,
Crab,XKG,2001,5,9,1,1800,*,*,,
Crab,XKG,2001,5,14,2,148,*,*,,
Crab,XKG,2001,5,20,1,1216,*,*,,
Crab,XKG,2001,5,23,3,2226,3852,6660,,
Crab,XKG,2001,5,24,3,2329,3908,6848,,
Crab,XKG,2001,5,Total,9,44872,37359,60105,,
Crab,XKG,2001,6,4,1,4775,*,*,,
Crab,XKG,2001,6,5,2,970,*,*,,
Crab,XKG,2001,6,6,2,924,*,*,,
Crab,XKG,2001,6,12,1,106,*,*,,
Crab,XKG,2001,6,21,3,608,592,919,,
Crab,XKG,2001,6,22,3,786,1308,2090,,
Crab,XKG,2001,6,Total,4,8169,11910,18744,,
Crab,XKG,2001,8,14,1,360,*,*,,
Crab,XKG,2001,8,Total,1,360,*,*,,
Crab,XKG,2001,9,10,1,360,*,*,,
Crab,XKG,2001,9,Total,1,360,*,*,,
Crab,XKG,2001,12,1,1,144,*,*,,
Crab,XKG,2001,12,3,2,3180,*,*,,
Crab,XKG,2001,12,6,6,11583,19082,32980,,
Crab,XKG,2001,12,7,1,249,*,*,,
Crab,XKG,2001,12,8,1,420,*,*,,
Crab,XKG,2001,12,13,1,1030,*,*,,
Crab,XKG,2001,12,16,1,4215,*,*,,
Crab,XKG,2001,12,18,2,3054,*,*,,
Crab,XKG,2001,12,21,1,1438,*,*,,
Crab,XKG,2001,12,22,2,827,*,*,,
Crab,XKG,2001,12,25,2,8538,*,*,,
Crab,XKG,2001,12,26,8,38717,69841,115921,,
Crab,XKG,2001,12,27,3,12552,14243,22281,,
Crab,XKG,2001,12,28,2,4309,*,*,,
Crab,XKG,2001,12,29,1,3197,*,*,,
Crab,XKG,2001,12,35,1,484,*,*,,
Crab,XKG,2001,12,36,2,2862,*,*,,
Crab,XKG,2001,12,37,1,560,*,*,,
Crab,XKG,2001,12,38,1,34,*,*,,
Crab,XKG,2001,12,39,6,15628,36354,60727,,
Crab,XKG,2001,12,40,1,1769,*,*,,
Crab,XKG,2001,12,41,2,8658,*,*,,
Crab,XKG,2001,12,42,2,3999,*,*,,
Crab,XKG,2001,12,46,2,238,*,*,,
Crab,XKG,2001,12,48,2,1111,*,*,,
Crab,XKG,2001,12,Total,10,128796,221245,362403,,
Crab,XKG,2001,13,9,1,6,*,*,,
Crab,XKG,2001,13,24,1,1615,*,*,,
Crab,XKG,2001,13,26,1,24,*,*,,
Crab,XKG,2001,13,37,1,1636,*,*,,
Crab,XKG,2001,13,42,1,2609,*,*,,
Crab,XKG,2001,13,43,1,3252,*,*,,
Crab,XKG,2001,13,Total,3,9142,29552,48803,,
Crab,XKG,2001,14,1,1,514,*,*,,
Crab,XKG,2001,14,2,1,25,*,*,,
Crab,XKG,2001,14,4,1,178,*,*,,
Crab,XKG,2001,14,5,1,38,*,*,,
Crab,XKG,2001,14,7,1,88,*,*,,
Crab,XKG,2001,14,8,1,188,*,*,,
Crab,XKG,2001,14,9,1,150,*,*,,
Crab,XKG,2001,14,10,1,50,*,*,,
Crab,XKG,2001,14,Total,2,1231,*,*,,
Crab,XKG,2001,15,2,1,31600,*,*,,
Crab,XKG,2001,15,Total,1,31600,*,*,,
Crab,XKG,2001,16,1,1,3761,*,*,,
Crab,XKG,2001,16,2,1,250,*,*,,
Crab,XKG,2001,16,5,1,3654,*,*,,
Crab,XKG,2001,16,21,1,190,*,*,,
Crab,XKG,2001,16,Total,1,7855,*,*,,
Crab,XKG,2001,17,1,3,2874,3772,6563,,
Crab,XKG,2001,17,2,7,20574,32249,55116,,
Crab,XKG,2001,17,3,1,2012,*,*,,
Crab,XKG,2001,17,4,2,2060,*,*,,
Crab,XKG,2001,17,5,7,17540,13106,23042,,
Crab,XKG,2001,17,6,7,21809,27792,45434,,
Crab,XKG,2001,17,7,5,12555,13901,23971,,
Crab,XKG,2001,17,8,7,25733,21989,36690,,
Crab,XKG,2001,17,9,2,800,*,*,,
Crab,XKG,2001,17,11,2,295,*,*,,
Crab,XKG,2001,17,12,1,120,*,*,,
Crab,XKG,2001,17,13,4,9246,8995,12846,,
Crab,XKG,2001,17,14,3,9716,10055,14941,,
Crab,XKG,2001,17,16,2,3380,*,*,,
Crab,XKG,2001,17,17,1,1014,*,*,,
Crab,XKG,2001,17,18,1,1170,*,*,,
Crab,XKG,2001,17,19,1,286,*,*,,
Crab,XKG,2001,17,Total,15,131184,145396,241556,,
Crab,XKG,2001,18,1,1,4410,*,*,,
Crab,XKG,2001,18,2,1,4900,*,*,,
Crab,XKG,2001,18,3,6,29218,46174,77852,,
Crab,XKG,2001,18,4,7,32889,31627,52554,,
Crab,XKG,2001,18,5,7,60158,75115,125038,,
Crab,XKG,2001,18,6,5,40397,38862,69712,,
Crab,XKG,2001,18,7,5,81055,54784,90786,,
Crab,XKG,2001,18,8,1,31,*,*,,
Crab,XKG,2001,18,9,1,4150,*,*,,
Crab,XKG,2001,18,10,1,2665,*,*,,
Crab,XKG,2001,18,11,1,513,*,*,,
Crab,XKG,2001,18,Total,19,260386,263112,443725,,
Crab,XKG,2001,19,3,5,49269,60354,98936,,
Crab,XKG,2001,19,4,3,14440,19576,32760,,
Crab,XKG,2001,19,5,23,668704,318880,522372,,
Crab,XKG,2001,19,6,2,6690,*,*,,
Crab,XKG,2001,19,7,1,1170,*,*,,
Crab,XKG,2001,19,8,1,4235,*,*,,
Crab,XKG,2001,19,Total,29,744508,410294,672236,,
Crab,XKG,2001,20,1,2,674,*,*,,
Crab,XKG,2001,20,2,5,27040,49196,82508,,
Crab,XKG,2001,20,4,10,66376,95251,157828,,
Crab,XKG,2001,20,5,9,45388,43003,76878,,
Crab,XKG,2001,20,6,10,27180,13476,23500,,
Crab,XKG,2001,20,7,9,19288,**,**,,
Crab,XKG,2001,20,Total,13,185946,214254,363661,,
Crab,XKG,2001,21,0,2,14491,*,*,,
Crab,XKG,2001,21,Total,2,14491,*,*,,
Crab,XKG,2001,22,0,1,3843,*,*,,
Crab,XKG,2001,22,Total,1,3843,*,*,,
Crab,XKG,2001,23,2,1,200,*,*,,
Crab,XKG,2001,23,3,1,1202,*,*,,
Crab,XKG,2001,23,4,1,6413,*,*,,
Crab,XKG,2001,23,5,1,38,*,*,,
Crab,XKG,2001,23,6,1,1527,*,*,,
Crab,XKG,2001,23,7,1,3437,*,*,,
Crab,XKG,2001,23,8,1,42,*,*,,
Crab,XKG,2001,23,9,1,3385,*,*,,
Crab,XKG,2001,23,11,1,1620,*,*,,
Crab,XKG,2001,23,Total,2,17864,*,*,,
Crab,XKG,2001,24,1,4,630,509,850,,
Crab,XKG,2001,24,4,2,2883,*,*,,
Crab,XKG,2001,24,6,15,100240,162316,282146,,
Crab,XKG,2001,24,7,3,1248,2590,4508,,
Crab,XKG,2001,24,8,17,81932,141866,236718,,
Crab,XKG,2001,24,9,13,53310,80237,131718,,
Crab,XKG,2001,24,10,5,5505,12818,21573,,
Crab,XKG,2001,24,11,8,24247,42829,68811,,
Crab,XKG,2001,24,12,2,2705,*,*,,
Crab,XKG,2001,24,Total,22,272700,450170,757742,,
Crab,XKG,2001,27,3,1,103,*,*,,
Crab,XKG,2001,27,8,2,2677,*,*,,
Crab,XKG,2001,27,10,2,1765,*,*,,
Crab,XKG,2001,27,11,2,7530,*,*,,
Crab,XKG,2001,27,Total,2,12075,*,*,,
Crab,XKG,2001,28,1,1,600,*,*,,
Crab,XKG,2001,28,2,1,880,*,*,,
Crab,XKG,2001,28,3,1,450,*,*,,
Crab,XKG,2001,28,4,1,190,*,*,,
Crab,XKG,2001,28,5,2,9207,*,*,,
Crab,XKG,2001,28,6,1,0,*,*,,
Crab,XKG,2001,28,7,8,59340,104440,172097,,
Crab,XKG,2001,28,8,1,5000,*,*,,
Crab,XKG,2001,28,9,1,28870,*,*,,
Crab,XKG,2001,28,11,2,39210,*,*,,
Crab,XKG,2001,28,12,1,5119,*,*,,
Crab,XKG,2001,28,Total,12,148866,259018,430145,,
Crab,XKG,2001,29,3,14,57443,128855,200092,,
Crab,XKG,2001,29,4,3,5608,**,**,,
Crab,XKG,2001,29,5,1,200,*,*,,
Crab,XKG,2001,29,6,9,77696,136167,216080,,
Crab,XKG,2001,29,7,8,45522,60238,96820,,
Crab,XKG,2001,29,8,19,320678,233442,363654,,
Crab,XKG,2001,29,9,5,41487,48893,76737,,
Crab,XKG,2001,29,10,8,31287,81248,135736,,
Crab,XKG,2001,29,Total,51,579921,692944,1095887,,
Crab,XKG,2001,101,7,12,2831,10484,19854,,
Crab,XKG,2001,101,10,23,11370,72338,133550,,
Crab,XKG,2001,101,Total,23,14201,82822,153404,,
Crab,XKG,2001,102,1,34,157623,1508543,2758350,,
Crab,XKG,2001,102,2,5,1140,**,**,,
Crab,XKG,2001,102,3,1,130,*,*,,
Crab,XKG,2001,102,Total,34,158893,1514164,2766775,,
Crab,XKG,2001,104,2,30,65777,520053,942495,,
Crab,XKG,2001,104,3,29,69319,464863,852327,,
Crab,XKG,2001,104,4,18,14643,129020,235569,,
Crab,XKG,2001,104,5,38,75909,729451,1336246,,
Crab,XKG,2001,104,Total,43,225648,1843387,3366637,,
Crab,XKG,2001,105,1,10,7275,74683,139046,,
Crab,XKG,2001,105,Total,10,7275,74683,139046,,
Crab,XKG,2001,121,1,1,200,*,*,,
Crab,XKG,2001,121,Total,1,200,*,*,,
Crab,XKG,2001,123,5,1,480,*,*,,
Crab,XKG,2001,123,6,1,330,*,*,,
Crab,XKG,2001,123,Total,2,810,*,*,,
Crab,XKG,2001,124,0,1,1015,*,*,,
Crab,XKG,2001,124,1,3,3654,**,**,,
Crab,XKG,2001,124,3,9,24961,55561,97097,,
Crab,XKG,2001,124,Total,9,29630,64290,111862,,
Crab,XKG,2002,1,3,4,984,2784,4882,,
Crab,XKG,2002,1,4,11,29149,34643,59904,,
Crab,XKG,2002,1,5,33,42033,161866,296556,,
Crab,XKG,2002,1,6,3,886,2071,3685,,
Crab,XKG,2002,1,Total,34,73052,201364,365027,,
Crab,XKG,2002,2,2,1,149,*,*,,
Crab,XKG,2002,2,52,1,326,*,*,,
Crab,XKG,2002,2,91,1,98,*,*,,
Crab,XKG,2002,2,Total,2,573,*,*,,
Crab,XKG,2002,3,6,1,517,*,*,,
Crab,XKG,2002,3,7,1,516,*,*,,
Crab,XKG,2002,3,8,4,2256,1781,3061,,
Crab,XKG,2002,3,10,3,4904,4600,7898,,
Crab,XKG,2002,3,11,4,1825,1375,2705,,
Crab,XKG,2002,3,12,8,44487,52205,98114,,
Crab,XKG,2002,3,14,4,16396,14284,27484,,
Crab,XKG,2002,3,17,1,1790,*,*,,
Crab,XKG,2002,3,18,6,19752,46353,83545,,
Crab,XKG,2002,3,Total,9,92443,123271,227827,,
Crab,XKG,2002,4,2,1,192,*,*,,
Crab,XKG,2002,4,3,1,5600,*,*,,
Crab,XKG,2002,4,5,2,10740,*,*,,
Crab,XKG,2002,4,7,1,965,*,*,,
Crab,XKG,2002,4,8,2,2153,*,*,,
Crab,XKG,2002,4,9,2,42736,*,*,,
Crab,XKG,2002,4,10,1,735,*,*,,
Crab,XKG,2002,4,12,12,167952,100285,158738,,
Crab,XKG,2002,4,Total,14,231073,145493,233589,,
Crab,XKG,2002,5,1,1,1100,*,*,,
Crab,XKG,2002,5,4,3,2840,1770,2595,,
Crab,XKG,2002,5,5,1,190,*,*,,
Crab,XKG,2002,5,6,3,3432,1666,2476,,
Crab,XKG,2002,5,7,1,4928,*,*,,
Crab,XKG,2002,5,8,3,7500,4709,7133,,
Crab,XKG,2002,5,9,1,950,*,*,,
Crab,XKG,2002,5,13,1,176,*,*,,
Crab,XKG,2002,5,14,1,352,*,*,,
Crab,XKG,2002,5,20,1,496,*,*,,
Crab,XKG,2002,5,23,2,2771,*,*,,
Crab,XKG,2002,5,24,3,16116,12331,19083,,
Crab,XKG,2002,5,Total,7,40851,34471,54358,,
Crab,XKG,2002,6,4,2,7300,*,*,,
Crab,XKG,2002,6,5,2,834,*,*,,
Crab,XKG,2002,6,8,1,600,*,*,,
Crab,XKG,2002,6,12,2,428,*,*,,
Crab,XKG,2002,6,21,1,128,*,*,,
Crab,XKG,2002,6,22,2,1692,*,*,,
Crab,XKG,2002,6,23,1,96,*,*,,
Crab,XKG,2002,6,28,1,32,*,*,,
Crab,XKG,2002,6,Total,4,11110,19642,29455,,
Crab,XKG,2002,7,6,1,1050,*,*,,
Crab,XKG,2002,7,7,1,150,*,*,,
Crab,XKG,2002,7,9,1,2050,*,*,,
Crab,XKG,2002,7,Total,1,3250,*,*,,
Crab,XKG,2002,8,2,1,180,*,*,,
Crab,XKG,2002,8,11,1,155,*,*,,
Crab,XKG,2002,8,14,1,155,*,*,,
Crab,XKG,2002,8,Total,1,490,*,*,,
Crab,XKG,2002,9,10,1,180,*,*,,
Crab,XKG,2002,9,Total,1,180,*,*,,
Crab,XKG,2002,10,11,1,180,*,*,,
Crab,XKG,2002,10,Total,1,180,*,*,,
Crab,XKG,2002,12,2,2,1460,*,*,,
Crab,XKG,2002,12,3,1,5342,*,*,,
Crab,XKG,2002,12,6,6,14369,20528,35919,,
Crab,XKG,2002,12,8,1,100,*,*,,
Crab,XKG,2002,12,13,1,580,*,*,,
Crab,XKG,2002,12,16,1,3628,*,*,,
Crab,XKG,2002,12,18,1,1384,*,*,,
Crab,XKG,2002,12,20,2,6311,*,*,,
Crab,XKG,2002,12,22,2,1084,*,*,,
Crab,XKG,2002,12,25,2,7132,*,*,,
Crab,XKG,2002,12,26,6,28075,41896,68578,,
Crab,XKG,2002,12,27,3,7786,10321,16502,,
Crab,XKG,2002,12,28,2,4331,*,*,,
Crab,XKG,2002,12,29,1,2862,*,*,,
Crab,XKG,2002,12,35,1,562,*,*,,
Crab,XKG,2002,12,36,2,3732,*,*,,
Crab,XKG,2002,12,38,1,61,*,*,,
Crab,XKG,2002,12,39,6,14733,27938,44577,,
Crab,XKG,2002,12,40,1,1258,*,*,,
Crab,XKG,2002,12,41,2,9740,*,*,,
Crab,XKG,2002,12,42,1,4847,*,*,,
Crab,XKG,2002,12,43,1,17,*,*,,
Crab,XKG,2002,12,47,1,231,*,*,,
Crab,XKG,2002,12,48,1,933,*,*,,
Crab,XKG,2002,12,Total,10,120558,180413,296347,,
Crab,XKG,2002,13,23,1,20,*,*,,
Crab,XKG,2002,13,24,2,4340,*,*,,
Crab,XKG,2002,13,26,1,63,*,*,,
Crab,XKG,2002,13,28,1,26,*,*,,
Crab,XKG,2002,13,37,1,2011,*,*,,
Crab,XKG,2002,13,42,2,2687,*,*,,
Crab,XKG,2002,13,43,1,2726,*,*,,
Crab,XKG,2002,13,Total,4,11873,34399,56801,,
Crab,XKG,2002,14,1,2,573,*,*,,
Crab,XKG,2002,14,2,1,29,*,*,,
Crab,XKG,2002,14,4,2,3739,*,*,,
Crab,XKG,2002,14,5,1,340,*,*,,
Crab,XKG,2002,14,8,1,1624,*,*,,
Crab,XKG,2002,14,11,2,2839,*,*,,
Crab,XKG,2002,14,13,1,4250,*,*,,
Crab,XKG,2002,14,14,1,40,*,*,,
Crab,XKG,2002,14,Total,3,13434,25514,46240,,
Crab,XKG,2002,15,2,1,15500,*,*,,
Crab,XKG,2002,15,4,1,6200,*,*,,
Crab,XKG,2002,15,Total,1,21700,*,*,,
Crab,XKG,2002,16,1,1,5879,*,*,,
Crab,XKG,2002,16,2,1,390,*,*,,
Crab,XKG,2002,16,3,1,20,*,*,,
Crab,XKG,2002,16,5,1,833,*,*,,
Crab,XKG,2002,16,7,1,451,*,*,,
Crab,XKG,2002,16,9,1,20,*,*,,
Crab,XKG,2002,16,13,1,112,*,*,,
Crab,XKG,2002,16,14,1,152,*,*,,
Crab,XKG,2002,16,21,1,113,*,*,,
Crab,XKG,2002,16,Total,1,7970,*,*,,
Crab,XKG,2002,17,0,1,165,*,*,,
Crab,XKG,2002,17,1,5,5777,5252,9641,,
Crab,XKG,2002,17,2,9,43794,47539,82432,,
Crab,XKG,2002,17,3,3,633,472,879,,
Crab,XKG,2002,17,4,3,2764,1680,3452,,
Crab,XKG,2002,17,5,6,12984,10184,16865,,
Crab,XKG,2002,17,6,6,16854,15833,25510,,
Crab,XKG,2002,17,7,3,6128,6447,11499,,
Crab,XKG,2002,17,8,6,22160,15838,25144,,
Crab,XKG,2002,17,9,2,680,*,*,,
Crab,XKG,2002,17,11,1,383,*,*,,
Crab,XKG,2002,17,13,4,5426,5155,7922,,
Crab,XKG,2002,17,14,3,8475,8896,13674,,
Crab,XKG,2002,17,16,2,2790,*,*,,
Crab,XKG,2002,17,17,1,9140,*,*,,
Crab,XKG,2002,17,18,1,1300,*,*,,
Crab,XKG,2002,17,19,2,1275,*,*,,
Crab,XKG,2002,17,Total,17,140728,132721,225923,,
Crab,XKG,2002,18,2,2,4243,*,*,,
Crab,XKG,2002,18,3,7,39803,55599,94120,,
Crab,XKG,2002,18,4,9,24192,22284,35868,,
Crab,XKG,2002,18,5,6,55313,66356,108579,,
Crab,XKG,2002,18,6,3,25333,29938,55521,,
Crab,XKG,2002,18,7,6,112028,95513,155611,,
Crab,XKG,2002,18,8,1,10,*,*,,
Crab,XKG,2002,18,10,1,2322,*,*,,
Crab,XKG,2002,18,11,2,1730,*,*,,
Crab,XKG,2002,18,Total,20,264974,279012,465676,,
Crab,XKG,2002,19,1,1,487,*,*,,
Crab,XKG,2002,19,3,5,44886,63272,104278,,
Crab,XKG,2002,19,4,3,22379,27480,46410,,
Crab,XKG,2002,19,5,22,702837,373153,605017,,
Crab,XKG,2002,19,6,2,11390,*,*,,
Crab,XKG,2002,19,7,1,2427,*,*,,
Crab,XKG,2002,19,8,4,11190,9930,14150,,
Crab,XKG,2002,19,12,1,180,*,*,,
Crab,XKG,2002,19,Total,28,795776,479933,780191,,
Crab,XKG,2002,20,1,2,1765,*,*,,
Crab,XKG,2002,20,2,6,15375,15635,29524,,
Crab,XKG,2002,20,4,11,49151,34328,58959,,
Crab,XKG,2002,20,5,11,33039,25622,44947,,
Crab,XKG,2002,20,6,9,30098,22365,38642,,
Crab,XKG,2002,20,7,8,13928,**,**,,
Crab,XKG,2002,20,Total,13,143356,108598,189612,,
Crab,XKG,2002,21,0,3,4861,15389,30376,,
Crab,XKG,2002,21,Total,3,4861,15389,30376,,
Crab,XKG,2002,22,0,1,4620,*,*,,
Crab,XKG,2002,22,Total,1,4620,*,*,,
Crab,XKG,2002,23,3,2,656,*,*,,
Crab,XKG,2002,23,4,2,6001,*,*,,
Crab,XKG,2002,23,5,1,206,*,*,,
Crab,XKG,2002,23,6,2,2392,*,*,,
Crab,XKG,2002,23,7,1,545,*,*,,
Crab,XKG,2002,23,8,2,153,*,*,,
Crab,XKG,2002,23,9,3,3415,2997,5378,,
Crab,XKG,2002,23,10,2,602,*,*,,
Crab,XKG,2002,23,11,1,230,*,*,,
Crab,XKG,2002,23,Total,3,14200,10327,18242,,
Crab,XKG,2002,24,1,1,60,*,*,,
Crab,XKG,2002,24,2,1,1565,*,*,,
Crab,XKG,2002,24,4,1,55,*,*,,
Crab,XKG,2002,24,5,1,35,*,*,,
Crab,XKG,2002,24,6,16,82602,113961,192440,,
Crab,XKG,2002,24,7,5,1123,1903,3628,,
Crab,XKG,2002,24,8,18,92424,123675,204360,,
Crab,XKG,2002,24,9,15,79958,106797,184904,,
Crab,XKG,2002,24,10,6,738,1161,2018,,
Crab,XKG,2002,24,11,8,12491,16558,27365,,
Crab,XKG,2002,24,12,3,6605,12490,20625,,
Crab,XKG,2002,24,13,1,60,*,*,,
Crab,XKG,2002,24,14,1,60,*,*,,
Crab,XKG,2002,24,Total,25,277776,380428,641901,,
Crab,XKG,2002,25,4,1,201,*,*,,
Crab,XKG,2002,25,5,1,189,*,*,,
Crab,XKG,2002,25,Total,1,390,*,*,,
Crab,XKG,2002,27,1,1,112,*,*,,
Crab,XKG,2002,27,3,2,688,*,*,,
Crab,XKG,2002,27,7,1,248,*,*,,
Crab,XKG,2002,27,8,2,1346,*,*,,
Crab,XKG,2002,27,10,2,2692,*,*,,
Crab,XKG,2002,27,11,4,11589,39938,66392,,
Crab,XKG,2002,27,Total,4,16675,61635,102387,,
Crab,XKG,2002,28,2,1,600,*,*,,
Crab,XKG,2002,28,3,1,90,*,*,,
Crab,XKG,2002,28,4,1,2320,*,*,,
Crab,XKG,2002,28,5,1,7505,*,*,,
Crab,XKG,2002,28,6,2,700,*,*,,
Crab,XKG,2002,28,7,10,39265,75902,124981,,
Crab,XKG,2002,28,8,1,40,*,*,,
Crab,XKG,2002,28,9,1,21650,*,*,,
Crab,XKG,2002,28,11,2,33808,*,*,,
Crab,XKG,2002,28,12,1,4325,*,*,,
Crab,XKG,2002,28,Total,12,110303,156911,257103,,
Crab,XKG,2002,29,3,11,44440,125992,207153,,
Crab,XKG,2002,29,4,2,12751,*,*,,
Crab,XKG,2002,29,6,8,67984,130497,198601,,
Crab,XKG,2002,29,7,4,11771,**,**,,
Crab,XKG,2002,29,8,19,294997,299787,467644,,
Crab,XKG,2002,29,9,9,41719,78961,127621,,
Crab,XKG,2002,29,10,7,23142,60540,101260,,
Crab,XKG,2002,29,Total,47,496804,736635,1171487,,
Crab,XKG,2002,101,7,8,1858,6790,11644,,
Crab,XKG,2002,101,10,37,36425,140385,260469,,
Crab,XKG,2002,101,Total,37,38283,147175,272113,,
Crab,XKG,2002,102,1,43,170933,827680,1508591,,
Crab,XKG,2002,102,2,4,1511,7570,14725,,
Crab,XKG,2002,102,Total,43,172444,835250,1523316,,
Crab,XKG,2002,104,2,37,109160,451867,849972,,
Crab,XKG,2002,104,3,34,94070,349236,656151,,
Crab,XKG,2002,104,4,22,24935,111550,202689,,
Crab,XKG,2002,104,5,42,68437,271143,499179,,
Crab,XKG,2002,104,Total,43,296602,1183796,2207991,,
Crab,XKG,2002,105,1,16,11190,47636,88739,,
Crab,XKG,2002,105,Total,16,11190,47636,88739,,
Crab,XKG,2002,121,1,1,1120,*,*,,
Crab,XKG,2002,121,Total,1,1120,*,*,,
Crab,XKG,2002,123,6,1,4810,*,*,,
Crab,XKG,2002,123,Total,1,4810,*,*,,
Crab,XKG,2002,124,1,2,4146,*,*,,
Crab,XKG,2002,124,3,9,36414,58514,97896,,
Crab,XKG,2002,124,4,1,123,*,*,,
Crab,XKG,2002,124,Total,9,40683,68247,115021,,
Crab,XKG,2003,1,1,1,141,*,*,,
Crab,XKG,2003,1,3,3,409,3215,6166,,
Crab,XKG,2003,1,4,6,10186,12429,21935,,
Crab,XKG,2003,1,5,30,38747,213394,394638,,
Crab,XKG,2003,1,6,1,175,*,*,,
Crab,XKG,2003,1,Total,31,49658,229766,424165,,
Crab,XKG,2003,2,2,1,172,*,*,,
Crab,XKG,2003,2,Total,1,172,*,*,,
Crab,XKG,2003,3,1,1,460,*,*,,
Crab,XKG,2003,3,6,2,1185,*,*,,
Crab,XKG,2003,3,7,2,496,*,*,,
Crab,XKG,2003,3,8,4,5015,5910,9947,,
Crab,XKG,2003,3,9,2,3720,*,*,,
Crab,XKG,2003,3,10,2,420,*,*,,
Crab,XKG,2003,3,11,5,1935,2655,4828,,
Crab,XKG,2003,3,12,7,33668,51942,91055,,
Crab,XKG,2003,3,14,3,4346,4777,9238,,
Crab,XKG,2003,3,17,2,3200,*,*,,
Crab,XKG,2003,3,18,5,9284,15292,26652,,
Crab,XKG,2003,3,Total,10,63729,92742,166453,,
Crab,XKG,2003,4,1,1,1084,*,*,,
Crab,XKG,2003,4,2,1,320,*,*,,
Crab,XKG,2003,4,5,3,11068,14544,26672,,
Crab,XKG,2003,4,7,2,647,*,*,,
Crab,XKG,2003,4,8,3,4841,6060,11560,,
Crab,XKG,2003,4,9,5,16960,14555,22693,,
Crab,XKG,2003,4,10,1,400,*,*,,
Crab,XKG,2003,4,12,12,162310,132193,216650,,
Crab,XKG,2003,4,15,1,360,*,*,,
Crab,XKG,2003,4,Total,15,197990,170781,283422,,
Crab,XKG,2003,5,1,3,3290,2326,3876,,
Crab,XKG,2003,5,2,1,220,*,*,,
Crab,XKG,2003,5,4,2,13620,*,*,,
Crab,XKG,2003,5,5,2,1420,*,*,,
Crab,XKG,2003,5,6,1,960,*,*,,
Crab,XKG,2003,5,7,2,1400,*,*,,
Crab,XKG,2003,5,8,3,7430,12028,17840,,
Crab,XKG,2003,5,9,1,3440,*,*,,
Crab,XKG,2003,5,13,1,32,*,*,,
Crab,XKG,2003,5,14,1,224,*,*,,
Crab,XKG,2003,5,23,2,3506,*,*,,
Crab,XKG,2003,5,24,2,1433,*,*,,
Crab,XKG,2003,5,Total,6,36975,65056,102360,,
Crab,XKG,2003,6,4,1,3117,*,*,,
Crab,XKG,2003,6,5,1,416,*,*,,
Crab,XKG,2003,6,6,2,2026,*,*,,
Crab,XKG,2003,6,8,1,150,*,*,,
Crab,XKG,2003,6,21,2,1139,*,*,,
Crab,XKG,2003,6,22,1,1950,*,*,,
Crab,XKG,2003,6,23,1,3063,*,*,,
Crab,XKG,2003,6,28,1,32,*,*,,
Crab,XKG,2003,6,Total,2,11893,*,*,,
Crab,XKG,2003,7,13,1,600,*,*,,
Crab,XKG,2003,7,29,1,525,*,*,,
Crab,XKG,2003,7,Total,2,1125,*,*,,
Crab,XKG,2003,11,2,1,340,*,*,,
Crab,XKG,2003,11,Total,1,340,*,*,,
Crab,XKG,2003,12,1,1,2930,*,*,,
Crab,XKG,2003,12,2,2,1632,*,*,,
Crab,XKG,2003,12,3,1,70,*,*,,
Crab,XKG,2003,12,6,4,8208,10140,16764,,
Crab,XKG,2003,12,7,1,200,*,*,,
Crab,XKG,2003,12,8,1,120,*,*,,
Crab,XKG,2003,12,11,1,200,*,*,,
Crab,XKG,2003,12,12,1,20,*,*,,
Crab,XKG,2003,12,13,3,1754,5989,9451,,
Crab,XKG,2003,12,16,1,2784,*,*,,
Crab,XKG,2003,12,17,1,20,*,*,,
Crab,XKG,2003,12,18,2,968,*,*,,
Crab,XKG,2003,12,20,1,1170,*,*,,
Crab,XKG,2003,12,22,2,1976,*,*,,
Crab,XKG,2003,12,23,1,113,*,*,,
Crab,XKG,2003,12,25,3,9782,12015,20235,,
Crab,XKG,2003,12,26,7,33572,51502,85158,,
Crab,XKG,2003,12,27,2,2785,*,*,,
Crab,XKG,2003,12,28,1,370,*,*,,
Crab,XKG,2003,12,29,1,1690,*,*,,
Crab,XKG,2003,12,35,1,110,*,*,,
Crab,XKG,2003,12,36,2,1417,*,*,,
Crab,XKG,2003,12,37,1,158,*,*,,
Crab,XKG,2003,12,38,1,37,*,*,,
Crab,XKG,2003,12,39,6,16732,33492,53062,,
Crab,XKG,2003,12,40,2,346,*,*,,
Crab,XKG,2003,12,41,3,6636,11560,19488,,
Crab,XKG,2003,12,42,1,3782,*,*,,
Crab,XKG,2003,12,45,1,87,*,*,,
Crab,XKG,2003,12,46,2,1034,*,*,,
Crab,XKG,2003,12,48,1,1201,*,*,,
Crab,XKG,2003,12,Total,11,101904,165461,271318,,
Crab,XKG,2003,13,16,1,68,*,*,,
Crab,XKG,2003,13,23,1,38,*,*,,
Crab,XKG,2003,13,24,4,7388,17812,29777,,
Crab,XKG,2003,13,25,1,18,*,*,,
Crab,XKG,2003,13,26,2,343,*,*,,
Crab,XKG,2003,13,27,1,95,*,*,,
Crab,XKG,2003,13,31,1,450,*,*,,
Crab,XKG,2003,13,35,1,150,*,*,,
Crab,XKG,2003,13,37,2,5339,*,*,,
Crab,XKG,2003,13,42,3,3016,6927,11176,,
Crab,XKG,2003,13,43,2,2756,*,*,,
Crab,XKG,2003,13,Total,5,19661,41625,68776,,
Crab,XKG,2003,14,1,1,1797,*,*,,
Crab,XKG,2003,14,4,4,7530,10614,20758,,
Crab,XKG,2003,14,5,1,746,*,*,,
Crab,XKG,2003,14,6,1,44,*,*,,
Crab,XKG,2003,14,8,2,838,*,*,,
Crab,XKG,2003,14,10,1,162,*,*,,
Crab,XKG,2003,14,11,3,4805,6219,12293,,
Crab,XKG,2003,14,12,1,590,*,*,,
Crab,XKG,2003,14,13,2,7033,*,*,,
Crab,XKG,2003,14,14,1,941,*,*,,
Crab,XKG,2003,14,15,1,1779,*,*,,
Crab,XKG,2003,14,Total,5,26265,37958,69292,,
Crab,XKG,2003,15,2,1,5875,*,*,,
Crab,XKG,2003,15,3,1,2625,*,*,,
Crab,XKG,2003,15,4,1,4625,*,*,,
Crab,XKG,2003,15,Total,1,13125,*,*,,
Crab,XKG,2003,16,1,1,7202,*,*,,
Crab,XKG,2003,16,2,1,675,*,*,,
Crab,XKG,2003,16,5,1,2700,*,*,,
Crab,XKG,2003,16,7,1,1420,*,*,,
Crab,XKG,2003,16,19,1,348,*,*,,
Crab,XKG,2003,16,21,1,200,*,*,,
Crab,XKG,2003,16,Total,2,12545,*,*,,
Crab,XKG,2003,17,1,3,1668,3010,5431,,
Crab,XKG,2003,17,2,9,33428,41882,71165,,
Crab,XKG,2003,17,3,2,5181,*,*,,
Crab,XKG,2003,17,4,1,224,*,*,,
Crab,XKG,2003,17,5,5,8920,10457,18853,,
Crab,XKG,2003,17,6,3,7675,9894,15428,,
Crab,XKG,2003,17,7,3,5806,11011,17548,,
Crab,XKG,2003,17,8,2,4908,*,*,,
Crab,XKG,2003,17,9,1,329,*,*,,
Crab,XKG,2003,17,10,1,485,*,*,,
Crab,XKG,2003,17,11,1,340,*,*,,
Crab,XKG,2003,17,12,1,120,*,*,,
Crab,XKG,2003,17,13,4,3918,2846,4305,,
Crab,XKG,2003,17,14,3,5538,3789,5828,,
Crab,XKG,2003,17,16,3,1420,637,1004,,
Crab,XKG,2003,17,17,2,9052,*,*,,
Crab,XKG,2003,17,18,2,748,*,*,,
Crab,XKG,2003,17,19,3,9878,9837,20632,,
Crab,XKG,2003,17,Total,18,99638,112176,193068,,
Crab,XKG,2003,18,2,3,1650,790,1437,,
Crab,XKG,2003,18,3,9,58818,59976,102334,,
Crab,XKG,2003,18,4,10,20398,18917,30671,,
Crab,XKG,2003,18,5,8,58357,66772,109557,,
Crab,XKG,2003,18,6,9,20249,21599,36311,,
Crab,XKG,2003,18,7,10,116312,76483,128898,,
Crab,XKG,2003,18,8,2,446,*,*,,
Crab,XKG,2003,18,9,1,22,*,*,,
Crab,XKG,2003,18,10,3,180,231,393,,
Crab,XKG,2003,18,11,1,1308,*,*,,
Crab,XKG,2003,18,Total,27,277740,245807,411350,,
Crab,XKG,2003,19,3,6,52620,49291,82277,,
Crab,XKG,2003,19,4,2,10988,*,*,,
Crab,XKG,2003,19,5,23,602826,348829,559973,,
Crab,XKG,2003,19,6,3,3495,2746,4170,,
Crab,XKG,2003,19,7,3,1844,1433,2260,,
Crab,XKG,2003,19,8,2,8600,*,*,,
Crab,XKG,2003,19,11,1,10,*,*,,
Crab,XKG,2003,19,12,2,542,*,*,,
Crab,XKG,2003,19,Total,31,680925,423908,685068,,
Crab,XKG,2003,20,1,2,4855,*,*,,
Crab,XKG,2003,20,2,6,24474,43548,72994,,
Crab,XKG,2003,20,3,1,232,*,*,,
Crab,XKG,2003,20,4,9,30735,31748,53330,,
Crab,XKG,2003,20,5,7,41060,45691,80445,,
Crab,XKG,2003,20,6,7,23887,23341,39673,,
Crab,XKG,2003,20,7,7,12739,13302,21270,,
Crab,XKG,2003,20,Total,11,137982,163479,279242,,
Crab,XKG,2003,21,0,3,7953,28971,56801,,
Crab,XKG,2003,21,Total,3,7953,28971,56801,,
Crab,XKG,2003,22,0,1,4677,*,*,,
Crab,XKG,2003,22,Total,1,4677,*,*,,
Crab,XKG,2003,23,9,1,1355,*,*,,
Crab,XKG,2003,23,10,2,4737,*,*,,
Crab,XKG,2003,23,11,1,25,*,*,,
Crab,XKG,2003,23,Total,2,6117,*,*,,
Crab,XKG,2003,24,1,1,142,*,*,,
Crab,XKG,2003,24,2,2,773,*,*,,
Crab,XKG,2003,24,3,1,280,*,*,,
Crab,XKG,2003,24,4,2,175,*,*,,
Crab,XKG,2003,24,5,2,340,*,*,,
Crab,XKG,2003,24,6,17,81846,126347,211641,,
Crab,XKG,2003,24,7,4,1169,1709,2911,,
Crab,XKG,2003,24,8,19,99799,158032,261693,,
Crab,XKG,2003,24,9,18,101090,147127,246713,,
Crab,XKG,2003,24,10,9,13007,27688,48764,,
Crab,XKG,2003,24,11,9,19794,31593,51933,,
Crab,XKG,2003,24,12,4,5595,12986,21430,,
Crab,XKG,2003,24,13,1,19,*,*,,
Crab,XKG,2003,24,14,2,655,*,*,,
Crab,XKG,2003,24,Total,26,324684,510861,853790,,
Crab,XKG,2003,26,8,1,125,*,*,,
Crab,XKG,2003,26,Total,1,125,*,*,,
Crab,XKG,2003,27,1,1,120,*,*,,
Crab,XKG,2003,27,3,2,220,*,*,,
Crab,XKG,2003,27,7,3,623,2880,4818,,
Crab,XKG,2003,27,8,1,1070,*,*,,
Crab,XKG,2003,27,10,2,4067,*,*,,
Crab,XKG,2003,27,11,5,12955,35311,60450,,
Crab,XKG,2003,27,Total,5,19055,59944,101880,,
Crab,XKG,2003,28,2,1,182,*,*,,
Crab,XKG,2003,28,4,2,676,*,*,,
Crab,XKG,2003,28,5,3,4794,8578,13660,,
Crab,XKG,2003,28,7,8,42573,71406,119626,,
Crab,XKG,2003,28,9,1,25070,*,*,,
Crab,XKG,2003,28,11,2,34817,*,*,,
Crab,XKG,2003,28,12,2,2684,*,*,,
Crab,XKG,2003,28,Total,11,110796,175346,292620,,
Crab,XKG,2003,29,3,12,83017,126159,209118,,
Crab,XKG,2003,29,4,3,1105,**,**,,
Crab,XKG,2003,29,5,2,639,*,*,,
Crab,XKG,2003,29,6,9,62433,100599,153664,,
Crab,XKG,2003,29,7,5,23683,43125,67157,,
Crab,XKG,2003,29,8,19,276481,330574,523615,,
Crab,XKG,2003,29,9,6,30714,51445,83588,,
Crab,XKG,2003,29,10,7,19146,33955,54047,,
Crab,XKG,2003,29,Total,50,497218,689966,1097366,,
Crab,XKG,2003,101,7,14,3977,17278,32580,,
Crab,XKG,2003,101,10,28,25436,184377,340474,,
Crab,XKG,2003,101,Total,29,29413,201655,373054,,
Crab,XKG,2003,102,1,32,278883,2435800,4524579,,
Crab,XKG,2003,102,2,4,8818,184630,364012,,
Crab,XKG,2003,102,Total,32,287701,2620430,4888591,,
Crab,XKG,2003,103,0,1,181,*,*,,
Crab,XKG,2003,103,Total,1,181,*,*,,
Crab,XKG,2003,104,1,1,130,*,*,,
Crab,XKG,2003,104,2,30,72409,599944,1112879,,
Crab,XKG,2003,104,3,28,126119,872276,1665025,,
Crab,XKG,2003,104,4,18,12598,**,**,,
Crab,XKG,2003,104,5,33,62225,591036,1101065,,
Crab,XKG,2003,104,Total,40,273481,2185829,4098466,,
Crab,XKG,2003,105,1,20,44753,416657,805821,,
Crab,XKG,2003,105,Total,20,44753,416657,805821,,
Crab,XKG,2003,123,6,1,6235,*,*,,
Crab,XKG,2003,123,Total,1,6235,*,*,,
Crab,XKG,2003,124,1,3,8653,21381,37485,,
Crab,XKG,2003,124,2,2,173,*,*,,
Crab,XKG,2003,124,3,17,56665,128875,215657,,
Crab,XKG,2003,124,4,1,1500,*,*,,
Crab,XKG,2003,124,Total,17,66991,154265,259942,,
Crab,XKG,2004,1,3,2,500,*,*,,
Crab,XKG,2004,1,4,6,26789,**,**,,
Crab,XKG,2004,1,5,15,21406,144169,276857,,
Crab,XKG,2004,1,Total,17,48695,222172,418425,,
Crab,XKG,2004,2,52,1,295,*,*,,
Crab,XKG,2004,2,Total,1,295,*,*,,
Crab,XKG,2004,3,1,1,1292,*,*,,
Crab,XKG,2004,3,6,1,4562,*,*,,
Crab,XKG,2004,3,7,1,750,*,*,,
Crab,XKG,2004,3,8,6,12744,5541,10065,,
Crab,XKG,2004,3,9,4,3575,1587,2915,,
Crab,XKG,2004,3,10,4,28335,17350,28191,,
Crab,XKG,2004,3,11,4,11950,10360,15647,,
Crab,XKG,2004,3,12,9,20096,19281,39232,,
Crab,XKG,2004,3,14,1,4317,*,*,,
Crab,XKG,2004,3,17,1,200,*,*,,
Crab,XKG,2004,3,18,10,17418,18468,32004,,
Crab,XKG,2004,3,Total,12,105239,87506,152237,,
Crab,XKG,2004,4,1,1,1693,*,*,,
Crab,XKG,2004,4,2,1,224,*,*,,
Crab,XKG,2004,4,5,4,23624,16296,24922,,
Crab,XKG,2004,4,7,1,451,*,*,,
Crab,XKG,2004,4,8,3,5908,6748,9735,,
Crab,XKG,2004,4,9,5,10199,4460,7026,,
Crab,XKG,2004,4,10,1,200,*,*,,
Crab,XKG,2004,4,12,10,126100,74349,124287,,
Crab,XKG,2004,4,Total,13,168399,106106,172649,,
Crab,XKG,2004,5,1,1,1848,*,*,,
Crab,XKG,2004,5,2,1,24,*,*,,
Crab,XKG,2004,5,4,2,8255,*,*,,
Crab,XKG,2004,5,5,1,1530,*,*,,
Crab,XKG,2004,5,6,1,1305,*,*,,
Crab,XKG,2004,5,7,1,225,*,*,,
Crab,XKG,2004,5,8,5,17935,16712,26129,,
Crab,XKG,2004,5,9,2,760,*,*,,
Crab,XKG,2004,5,13,2,308,*,*,,
Crab,XKG,2004,5,14,1,288,*,*,,
Crab,XKG,2004,5,20,1,96,*,*,,
Crab,XKG,2004,5,23,2,5073,*,*,,
Crab,XKG,2004,5,24,2,3235,*,*,,
Crab,XKG,2004,5,Total,6,40882,54881,87377,,
Crab,XKG,2004,6,4,1,5853,*,*,,
Crab,XKG,2004,6,5,2,454,*,*,,
Crab,XKG,2004,6,6,2,1188,*,*,,
Crab,XKG,2004,6,8,1,125,*,*,,
Crab,XKG,2004,6,21,1,515,*,*,,
Crab,XKG,2004,6,22,1,1409,*,*,,
Crab,XKG,2004,6,23,1,194,*,*,,
Crab,XKG,2004,6,28,1,59,*,*,,
Crab,XKG,2004,6,Total,2,9797,*,*,,
Crab,XKG,2004,7,9,1,144,*,*,,
Crab,XKG,2004,7,29,1,1008,*,*,,
Crab,XKG,2004,7,Total,1,1152,*,*,,
Crab,XKG,2004,11,2,1,180,*,*,,
Crab,XKG,2004,11,Total,1,180,*,*,,
Crab,XKG,2004,12,1,2,4210,*,*,,
Crab,XKG,2004,12,2,2,1823,*,*,,
Crab,XKG,2004,12,3,2,44,*,*,,
Crab,XKG,2004,12,6,5,10630,13308,21732,,
Crab,XKG,2004,12,8,1,104,*,*,,
Crab,XKG,2004,12,13,2,1897,*,*,,
Crab,XKG,2004,12,16,2,3278,*,*,,
Crab,XKG,2004,12,18,1,793,*,*,,
Crab,XKG,2004,12,19,1,10,*,*,,
Crab,XKG,2004,12,21,1,46,*,*,,
Crab,XKG,2004,12,22,5,1253,2237,3701,,
Crab,XKG,2004,12,23,1,113,*,*,,
Crab,XKG,2004,12,25,3,6712,9422,15630,,
Crab,XKG,2004,12,26,5,23123,34238,56421,,
Crab,XKG,2004,12,27,1,3102,*,*,,
Crab,XKG,2004,12,28,1,284,*,*,,
Crab,XKG,2004,12,29,1,2294,*,*,,
Crab,XKG,2004,12,35,1,112,*,*,,
Crab,XKG,2004,12,36,2,1450,*,*,,
Crab,XKG,2004,12,39,5,12208,23708,38255,,
Crab,XKG,2004,12,41,2,3949,*,*,,
Crab,XKG,2004,12,42,2,518,*,*,,
Crab,XKG,2004,12,46,2,329,*,*,,
Crab,XKG,2004,12,48,2,372,*,*,,
Crab,XKG,2004,12,Total,10,78654,134366,218715,,
Crab,XKG,2004,13,1,1,75,*,*,,
Crab,XKG,2004,13,2,1,25,*,*,,
Crab,XKG,2004,13,13,1,100,*,*,,
Crab,XKG,2004,13,14,1,100,*,*,,
Crab,XKG,2004,13,15,1,600,*,*,,
Crab,XKG,2004,13,21,1,120,*,*,,
Crab,XKG,2004,13,24,3,6713,15468,25684,,
Crab,XKG,2004,13,37,3,4134,11474,18681,,
Crab,XKG,2004,13,38,1,440,*,*,,
Crab,XKG,2004,13,42,2,4251,*,*,,
Crab,XKG,2004,13,43,2,3039,*,*,,
Crab,XKG,2004,13,Total,5,19597,35565,58410,,
Crab,XKG,2004,14,1,1,2777,*,*,,
Crab,XKG,2004,14,4,1,4792,*,*,,
Crab,XKG,2004,14,5,2,2900,*,*,,
Crab,XKG,2004,14,7,2,765,*,*,,
Crab,XKG,2004,14,8,2,2980,*,*,,
Crab,XKG,2004,14,10,1,350,*,*,,
Crab,XKG,2004,14,11,2,2200,*,*,,
Crab,XKG,2004,14,12,1,920,*,*,,
Crab,XKG,2004,14,13,3,2245,2843,4650,,
Crab,XKG,2004,14,14,2,1537,*,*,,
Crab,XKG,2004,14,15,2,520,*,*,,
Crab,XKG,2004,14,Total,4,21986,25165,41712,,
Crab,XKG,2004,15,1,1,350,*,*,,
Crab,XKG,2004,15,2,1,4153,*,*,,
Crab,XKG,2004,15,3,1,921,*,*,,
Crab,XKG,2004,15,4,1,225,*,*,,
Crab,XKG,2004,15,6,1,150,*,*,,
Crab,XKG,2004,15,Total,1,5799,*,*,,
Crab,XKG,2004,16,1,2,3106,*,*,,
Crab,XKG,2004,16,2,2,142,*,*,,
Crab,XKG,2004,16,3,1,60,*,*,,
Crab,XKG,2004,16,5,2,3228,*,*,,
Crab,XKG,2004,16,7,2,1463,*,*,,
Crab,XKG,2004,16,8,2,822,*,*,,
Crab,XKG,2004,16,13,1,140,*,*,,
Crab,XKG,2004,16,Total,3,8961,11257,18267,,
Crab,XKG,2004,17,1,6,6114,4104,6578,,
Crab,XKG,2004,17,2,12,38581,51652,83228,,
Crab,XKG,2004,17,3,1,450,*,*,,
Crab,XKG,2004,17,4,2,475,*,*,,
Crab,XKG,2004,17,5,5,15681,31386,52611,,
Crab,XKG,2004,17,6,7,8719,12486,17018,,
Crab,XKG,2004,17,7,3,586,1830,2930,,
Crab,XKG,2004,17,8,4,7694,7406,14245,,
Crab,XKG,2004,17,9,3,517,703,1020,,
Crab,XKG,2004,17,10,1,27,*,*,,
Crab,XKG,2004,17,11,5,736,482,865,,
Crab,XKG,2004,17,13,3,6190,4331,6525,,
Crab,XKG,2004,17,14,3,6695,4588,6950,,
Crab,XKG,2004,17,16,3,3716,2976,4762,,
Crab,XKG,2004,17,17,4,4012,3194,5440,,
Crab,XKG,2004,17,18,1,80,*,*,,
Crab,XKG,2004,17,19,3,6091,8425,13656,,
Crab,XKG,2004,17,20,1,102,*,*,,
Crab,XKG,2004,17,Total,20,106466,134727,217959,,
Crab,XKG,2004,18,1,2,1694,*,*,,
Crab,XKG,2004,18,2,3,1608,1517,2411,,
Crab,XKG,2004,18,3,9,34195,34007,56092,,
Crab,XKG,2004,18,4,9,19003,16968,25978,,
Crab,XKG,2004,18,5,10,81146,74340,125067,,
Crab,XKG,2004,18,6,7,32940,30534,51511,,
Crab,XKG,2004,18,7,9,68812,54400,90129,,
Crab,XKG,2004,18,8,2,13982,*,*,,
Crab,XKG,2004,18,11,2,640,*,*,,
Crab,XKG,2004,18,Total,26,254020,224795,374259,,
Crab,XKG,2004,19,2,1,285,*,*,,
Crab,XKG,2004,19,3,8,50468,43492,70008,,
Crab,XKG,2004,19,4,2,8675,*,*,,
Crab,XKG,2004,19,5,23,480285,225490,356187,,
Crab,XKG,2004,19,6,2,1233,*,*,,
Crab,XKG,2004,19,7,2,1373,*,*,,
Crab,XKG,2004,19,8,2,6040,*,*,,
Crab,XKG,2004,19,9,1,76,*,*,,
Crab,XKG,2004,19,11,1,130,*,*,,
Crab,XKG,2004,19,12,1,150,*,*,,
Crab,XKG,2004,19,Total,33,548715,285553,451554,,
Crab,XKG,2004,20,1,1,300,*,*,,
Crab,XKG,2004,20,2,4,12575,32279,59957,,
Crab,XKG,2004,20,3,1,636,*,*,,
Crab,XKG,2004,20,4,9,28408,33753,58927,,
Crab,XKG,2004,20,5,9,27001,34053,58371,,
Crab,XKG,2004,20,6,8,27599,31197,54404,,
Crab,XKG,2004,20,7,10,29651,45704,73838,,
Crab,XKG,2004,20,Total,10,126170,177914,307080,,
Crab,XKG,2004,21,0,5,11312,37043,68676,,
Crab,XKG,2004,21,Total,5,11312,37043,68676,,
Crab,XKG,2004,22,0,1,3510,*,*,,
Crab,XKG,2004,22,Total,1,3510,*,*,,
Crab,XKG,2004,23,3,1,101,*,*,,
Crab,XKG,2004,23,4,1,100,*,*,,
Crab,XKG,2004,23,6,1,30,*,*,,
Crab,XKG,2004,23,7,1,63,*,*,,
Crab,XKG,2004,23,9,2,2585,*,*,,
Crab,XKG,2004,23,10,3,7193,9092,15918,,
Crab,XKG,2004,23,11,1,60,*,*,,
Crab,XKG,2004,23,Total,4,10132,13774,24808,,
Crab,XKG,2004,24,2,2,286,*,*,,
Crab,XKG,2004,24,3,1,4715,*,*,,
Crab,XKG,2004,24,4,4,6172,9438,15938,,
Crab,XKG,2004,24,5,3,725,1367,2328,,
Crab,XKG,2004,24,6,15,84720,116631,197066,,
Crab,XKG,2004,24,7,3,535,824,1319,,
Crab,XKG,2004,24,8,16,79065,92351,155540,,
Crab,XKG,2004,24,9,17,86092,102849,173900,,
Crab,XKG,2004,24,10,9,5437,7421,12362,,
Crab,XKG,2004,24,11,6,10297,14579,25305,,
Crab,XKG,2004,24,12,4,4602,6973,11787,,
Crab,XKG,2004,24,13,1,90,*,*,,
Crab,XKG,2004,24,14,3,926,1490,2264,,
Crab,XKG,2004,24,Total,27,283662,363167,614334,,
Crab,XKG,2004,27,3,1,33,*,*,,
Crab,XKG,2004,27,7,2,840,*,*,,
Crab,XKG,2004,27,8,3,4491,16407,28074,,
Crab,XKG,2004,27,10,3,5605,15940,28140,,
Crab,XKG,2004,27,11,3,10551,25705,45112,,
Crab,XKG,2004,27,Total,3,21520,61835,107636,,
Crab,XKG,2004,28,1,1,100,*,*,,
Crab,XKG,2004,28,2,1,187,*,*,,
Crab,XKG,2004,28,4,3,865,2555,3465,,
Crab,XKG,2004,28,5,1,4034,*,*,,
Crab,XKG,2004,28,6,3,7910,18491,30786,,
Crab,XKG,2004,28,7,8,53497,91931,146906,,
Crab,XKG,2004,28,8,1,200,*,*,,
Crab,XKG,2004,28,11,2,32280,*,*,,
Crab,XKG,2004,28,12,1,1715,*,*,,
Crab,XKG,2004,28,Total,10,100788,174133,281210,,
Crab,XKG,2004,29,2,1,500,*,*,,
Crab,XKG,2004,29,3,12,68205,145361,238185,,
Crab,XKG,2004,29,4,4,3985,8792,17512,,
Crab,XKG,2004,29,5,1,646,*,*,,
Crab,XKG,2004,29,6,14,109019,274966,444355,,
Crab,XKG,2004,29,7,3,7194,23578,34616,,
Crab,XKG,2004,29,8,18,265868,352238,547128,,
Crab,XKG,2004,29,9,4,10439,27644,43554,,
Crab,XKG,2004,29,10,7,35141,62580,109599,,
Crab,XKG,2004,29,12,1,1000,*,*,,
Crab,XKG,2004,29,Total,51,501997,897211,1438908,,
Crab,XKG,2004,101,5,1,50,*,*,,
Crab,XKG,2004,101,6,1,31,*,*,,
Crab,XKG,2004,101,7,11,3871,24086,46627,,
Crab,XKG,2004,101,10,13,15179,148008,283369,,
Crab,XKG,2004,101,Total,14,19131,172387,330549,,
Crab,XKG,2004,102,1,36,369735,3636898,7100659,,
Crab,XKG,2004,102,2,4,2198,12331,24441,,
Crab,XKG,2004,102,Total,36,371933,3649229,7125100,,
Crab,XKG,2004,104,1,1,360,*,*,,
Crab,XKG,2004,104,2,29,92767,791754,1503482,,
Crab,XKG,2004,104,3,33,141225,1071160,2097960,,
Crab,XKG,2004,104,4,17,8127,**,**,,
Crab,XKG,2004,104,5,31,62056,601346,1128083,,
Crab,XKG,2004,104,Total,40,304535,2552475,4894463,,
Crab,XKG,2004,105,1,24,171837,1689679,3338566,,
Crab,XKG,2004,105,Total,24,171837,1689679,3338566,,
Crab,XKG,2004,121,1,1,590,*,*,,
Crab,XKG,2004,121,Total,1,590,*,*,,
Crab,XKG,2004,123,1,2,393,*,*,,
Crab,XKG,2004,123,Total,2,393,*,*,,
Crab,XKG,2004,124,1,3,7816,**,**,,
Crab,XKG,2004,124,3,8,25563,36155,60930,,
Crab,XKG,2004,124,4,1,1064,*,*,,
Crab,XKG,2004,124,Total,10,34443,52113,88696,,
Crab,XKG,2004,125,2,1,250,*,*,,
Crab,XKG,2004,125,3,1,125,*,*,,
Crab,XKG,2004,125,Total,1,375,*,*,,
Crab,XKG,2005,1,3,7,2968,17987,34123,,
Crab,XKG,2005,1,4,10,16414,40709,77923,,
Crab,XKG,2005,1,5,17,37235,199595,383268,,
Crab,XKG,2005,1,Total,21,56617,258291,495314,,
Crab,XKG,2005,3,1,1,1186,*,*,,
Crab,XKG,2005,3,6,1,6460,*,*,,
Crab,XKG,2005,3,7,3,4260,3340,4591,,
Crab,XKG,2005,3,8,2,1717,*,*,,
Crab,XKG,2005,3,9,3,9603,8969,19982,,
Crab,XKG,2005,3,10,3,3783,5027,7999,,
Crab,XKG,2005,3,11,2,19530,*,*,,
Crab,XKG,2005,3,12,6,20051,13147,27138,,
Crab,XKG,2005,3,14,1,2617,*,*,,
Crab,XKG,2005,3,17,2,4322,*,*,,
Crab,XKG,2005,3,18,4,8282,9168,13869,,
Crab,XKG,2005,3,Total,8,81811,70565,131077,,
Crab,XKG,2005,4,1,1,2970,*,*,,
Crab,XKG,2005,4,2,1,256,*,*,,
Crab,XKG,2005,4,5,6,17684,11289,16912,,
Crab,XKG,2005,4,8,2,4992,*,*,,
Crab,XKG,2005,4,9,4,7407,6645,10375,,
Crab,XKG,2005,4,10,1,460,*,*,,
Crab,XKG,2005,4,12,10,114052,85755,136122,,
Crab,XKG,2005,4,Total,14,147821,115212,180853,,
Crab,XKG,2005,5,1,3,15765,12005,20618,,
Crab,XKG,2005,5,2,2,2188,*,*,,
Crab,XKG,2005,5,4,3,10010,7335,12053,,
Crab,XKG,2005,5,5,2,840,*,*,,
Crab,XKG,2005,5,6,1,7382,*,*,,
Crab,XKG,2005,5,7,1,200,*,*,,
Crab,XKG,2005,5,8,4,13975,8792,14570,,
Crab,XKG,2005,5,9,1,1540,*,*,,
Crab,XKG,2005,5,11,1,210,*,*,,
Crab,XKG,2005,5,13,1,96,*,*,,
Crab,XKG,2005,5,14,2,544,*,*,,
Crab,XKG,2005,5,20,1,320,*,*,,
Crab,XKG,2005,5,23,4,5305,18430,32410,,
Crab,XKG,2005,5,24,3,1643,2794,4743,,
Crab,XKG,2005,5,Total,11,60018,62524,105764,,
Crab,XKG,2005,6,3,1,272,*,*,,
Crab,XKG,2005,6,4,1,3197,*,*,,
Crab,XKG,2005,6,5,2,684,*,*,,
Crab,XKG,2005,6,6,1,571,*,*,,
Crab,XKG,2005,6,8,1,150,*,*,,
Crab,XKG,2005,6,22,1,280,*,*,,
Crab,XKG,2005,6,23,1,125,*,*,,
Crab,XKG,2005,6,Total,2,5279,*,*,,
Crab,XKG,2005,7,7,1,140,*,*,,
Crab,XKG,2005,7,29,1,405,*,*,,
Crab,XKG,2005,7,Total,1,545,*,*,,
Crab,XKG,2005,12,1,2,5030,*,*,,
Crab,XKG,2005,12,2,2,2360,*,*,,
Crab,XKG,2005,12,3,1,50,*,*,,
Crab,XKG,2005,12,6,5,12216,16674,27838,,
Crab,XKG,2005,12,13,3,1753,8043,12532,,
Crab,XKG,2005,12,16,1,1675,*,*,,
Crab,XKG,2005,12,18,1,862,*,*,,
Crab,XKG,2005,12,20,1,81,*,*,,
Crab,XKG,2005,12,21,1,120,*,*,,
Crab,XKG,2005,12,22,3,2184,2824,4537,,
Crab,XKG,2005,12,23,1,80,*,*,,
Crab,XKG,2005,12,25,3,5675,4944,8116,,
Crab,XKG,2005,12,26,5,20549,36759,60336,,
Crab,XKG,2005,12,27,2,528,*,*,,
Crab,XKG,2005,12,28,2,1988,*,*,,
Crab,XKG,2005,12,29,2,342,*,*,,
Crab,XKG,2005,12,35,1,22,*,*,,
Crab,XKG,2005,12,36,1,1817,*,*,,
Crab,XKG,2005,12,37,1,107,*,*,,
Crab,XKG,2005,12,39,3,13231,38987,61213,,
Crab,XKG,2005,12,41,3,5208,18155,28566,,
Crab,XKG,2005,12,42,2,3281,*,*,,
Crab,XKG,2005,12,46,1,148,*,*,,
Crab,XKG,2005,12,48,1,284,*,*,,
Crab,XKG,2005,12,Total,10,79591,164326,264944,,
Crab,XKG,2005,13,23,1,564,*,*,,
Crab,XKG,2005,13,24,3,4678,10622,17425,,
Crab,XKG,2005,13,25,1,28,*,*,,
Crab,XKG,2005,13,32,1,48,*,*,,
Crab,XKG,2005,13,35,1,70,*,*,,
Crab,XKG,2005,13,36,1,30,*,*,,
Crab,XKG,2005,13,37,4,3910,12843,20832,,
Crab,XKG,2005,13,38,1,390,*,*,,
Crab,XKG,2005,13,42,1,2228,*,*,,
Crab,XKG,2005,13,43,1,2018,*,*,,
Crab,XKG,2005,13,Total,5,13964,30957,50344,,
Crab,XKG,2005,14,1,1,3423,*,*,,
Crab,XKG,2005,14,2,1,260,*,*,,
Crab,XKG,2005,14,3,1,181,*,*,,
Crab,XKG,2005,14,4,1,5260,*,*,,
Crab,XKG,2005,14,5,3,3112,1315,2181,,
Crab,XKG,2005,14,7,3,3482,2315,3785,,
Crab,XKG,2005,14,8,2,2934,*,*,,
Crab,XKG,2005,14,9,1,117,*,*,,
Crab,XKG,2005,14,11,3,9170,5264,8424,,
Crab,XKG,2005,14,13,1,1019,*,*,,
Crab,XKG,2005,14,14,2,2475,*,*,,
Crab,XKG,2005,14,15,2,637,*,*,,
Crab,XKG,2005,14,Total,4,32070,24624,39959,,
Crab,XKG,2005,15,2,1,5060,*,*,,
Crab,XKG,2005,15,3,1,550,*,*,,
Crab,XKG,2005,15,Total,1,5610,*,*,,
Crab,XKG,2005,16,1,2,4261,*,*,,
Crab,XKG,2005,16,2,1,48,*,*,,
Crab,XKG,2005,16,3,1,72,*,*,,
Crab,XKG,2005,16,5,2,8766,*,*,,
Crab,XKG,2005,16,7,2,1609,*,*,,
Crab,XKG,2005,16,8,2,1010,*,*,,
Crab,XKG,2005,16,13,1,12,*,*,,
Crab,XKG,2005,16,19,1,15,*,*,,
Crab,XKG,2005,16,21,1,162,*,*,,
Crab,XKG,2005,16,Total,4,15955,28011,42527,,
Crab,XKG,2005,17,1,1,199,*,*,,
Crab,XKG,2005,17,2,8,30501,38455,63051,,
Crab,XKG,2005,17,3,1,40,*,*,,
Crab,XKG,2005,17,4,1,82,*,*,,
Crab,XKG,2005,17,5,5,9960,9906,16856,,
Crab,XKG,2005,17,6,3,11704,11549,14741,,
Crab,XKG,2005,17,7,1,320,*,*,,
Crab,XKG,2005,17,8,3,8910,7810,14867,,
Crab,XKG,2005,17,9,1,290,*,*,,
Crab,XKG,2005,17,10,1,30,*,*,,
Crab,XKG,2005,17,11,1,505,*,*,,
Crab,XKG,2005,17,13,3,5125,4760,7497,,
Crab,XKG,2005,17,14,3,4585,4400,6892,,
Crab,XKG,2005,17,16,3,4069,5082,8500,,
Crab,XKG,2005,17,17,3,1384,2451,4440,,
Crab,XKG,2005,17,18,2,180,*,*,,
Crab,XKG,2005,17,19,3,5325,8584,14275,,
Crab,XKG,2005,17,20,1,1061,*,*,,
Crab,XKG,2005,17,21,1,114,*,*,,
Crab,XKG,2005,17,Total,14,84384,95695,155834,,
Crab,XKG,2005,18,1,1,73,*,*,,
Crab,XKG,2005,18,2,3,1134,1442,2234,,
Crab,XKG,2005,18,3,6,38540,44416,71765,,
Crab,XKG,2005,18,4,6,23651,18585,28850,,
Crab,XKG,2005,18,5,13,104731,102796,179065,,
Crab,XKG,2005,18,6,9,36062,38248,68160,,
Crab,XKG,2005,18,7,9,68260,49547,83989,,
Crab,XKG,2005,18,8,2,9295,*,*,,
Crab,XKG,2005,18,11,1,88,*,*,,
Crab,XKG,2005,18,Total,29,281834,263886,450022,,
Crab,XKG,2005,19,3,5,55077,54115,89914,,
Crab,XKG,2005,19,4,3,9633,10977,18445,,
Crab,XKG,2005,19,5,18,372310,186730,307404,,
Crab,XKG,2005,19,7,1,59,*,*,,
Crab,XKG,2005,19,8,2,4560,*,*,,
Crab,XKG,2005,19,Total,25,441639,256777,422703,,
Crab,XKG,2005,20,2,3,13748,25110,43605,,
Crab,XKG,2005,20,4,10,36516,40617,70705,,
Crab,XKG,2005,20,5,7,16761,15305,25893,,
Crab,XKG,2005,20,6,8,28268,23185,39580,,
Crab,XKG,2005,20,7,6,10478,9799,15470,,
Crab,XKG,2005,20,Total,11,105771,114016,195253,,
Crab,XKG,2005,21,0,5,7390,15319,27008,,
Crab,XKG,2005,21,Total,5,7390,15319,27008,,
Crab,XKG,2005,22,0,1,3500,*,*,,
Crab,XKG,2005,22,Total,1,3500,*,*,,
Crab,XKG,2005,23,9,1,647,*,*,,
Crab,XKG,2005,23,10,1,4661,*,*,,
Crab,XKG,2005,23,11,1,218,*,*,,
Crab,XKG,2005,23,Total,2,5526,*,*,,
Crab,XKG,2005,24,3,1,170,*,*,,
Crab,XKG,2005,24,5,1,205,*,*,,
Crab,XKG,2005,24,6,13,68408,71302,121003,,
Crab,XKG,2005,24,8,15,56548,50072,83974,,
Crab,XKG,2005,24,9,12,57788,54559,92688,,
Crab,XKG,2005,24,10,4,1158,1046,1729,,
Crab,XKG,2005,24,11,3,9180,11089,18855,,
Crab,XKG,2005,24,13,1,115,*,*,,
Crab,XKG,2005,24,14,1,300,*,*,,
Crab,XKG,2005,24,Total,24,193872,189966,321309,,
Crab,XKG,2005,27,3,1,525,*,*,,
Crab,XKG,2005,27,7,3,719,2728,4652,,
Crab,XKG,2005,27,8,2,5043,*,*,,
Crab,XKG,2005,27,10,3,6848,17070,30670,,
Crab,XKG,2005,27,11,3,12030,35061,61462,,
Crab,XKG,2005,27,Total,3,25165,77261,135066,,
Crab,XKG,2005,28,2,1,200,*,*,,
Crab,XKG,2005,28,4,2,1043,*,*,,
Crab,XKG,2005,28,5,2,2830,*,*,,
Crab,XKG,2005,28,6,2,10315,*,*,,
Crab,XKG,2005,28,7,7,54726,104306,163722,,
Crab,XKG,2005,28,8,2,240,*,*,,
Crab,XKG,2005,28,11,2,31863,*,*,,
Crab,XKG,2005,28,12,1,4401,*,*,,
Crab,XKG,2005,28,Total,9,105618,190175,307189,,
Crab,XKG,2005,29,3,14,76841,133941,231570,,
Crab,XKG,2005,29,4,1,2000,*,*,,
Crab,XKG,2005,29,5,2,2414,*,*,,
Crab,XKG,2005,29,6,14,109835,213547,344766,,
Crab,XKG,2005,29,7,5,8251,21332,33639,,
Crab,XKG,2005,29,8,18,232758,337276,525276,,
Crab,XKG,2005,29,9,6,34819,67052,107257,,
Crab,XKG,2005,29,10,7,31462,54498,90928,,
Crab,XKG,2005,29,Total,51,498380,836460,1347483,,
Crab,XKG,2005,101,7,12,7150,37949,72862,,
Crab,XKG,2005,101,10,22,25789,155582,296474,,
Crab,XKG,2005,101,Total,22,32939,193531,369336,,
Crab,XKG,2005,102,1,30,205761,**,**,,
Crab,XKG,2005,102,2,2,492,*,*,,
Crab,XKG,2005,102,Total,30,206253,1240642,2523707,,
Crab,XKG,2005,104,1,1,85,*,*,,
Crab,XKG,2005,104,2,27,93017,523301,1004690,,
Crab,XKG,2005,104,3,33,89825,500639,996734,,
Crab,XKG,2005,104,4,12,11593,**,**,,
Crab,XKG,2005,104,5,24,43987,261658,524152,,
Crab,XKG,2005,104,Total,38,238507,1347122,2645818,,
Crab,XKG,2005,105,1,30,179098,1131143,2333607,,
Crab,XKG,2005,105,Total,30,179098,1131143,2333607,,
Crab,XKG,2005,108,1,2,6285,*,*,,
Crab,XKG,2005,108,Total,2,6285,*,*,,
Crab,XKG,2005,121,1,3,1203,2229,3830,,
Crab,XKG,2005,121,Total,3,1203,2229,3830,,
Crab,XKG,2005,123,6,1,1626,*,*,,
Crab,XKG,2005,123,Total,1,1626,*,*,,
Crab,XKG,2005,124,1,2,4360,*,*,,
Crab,XKG,2005,124,3,6,8336,9696,15950,,
Crab,XKG,2005,124,4,1,1205,*,*,,
Crab,XKG,2005,124,Total,8,13901,18401,30084,,
Crab,XKG,2006,1,1,1,124,*,*,,
Crab,XKG,2006,1,3,4,703,**,**,,
Crab,XKG,2006,1,4,9,11660,19119,35894,,
Crab,XKG,2006,1,5,31,47031,167182,317664,,
Crab,XKG,2006,1,Total,32,59518,190876,362271,,
Crab,XKG,2006,2,6,1,22,*,*,,
Crab,XKG,2006,2,15,1,51,*,*,,
Crab,XKG,2006,2,18,2,630,*,*,,
Crab,XKG,2006,2,34,2,351,*,*,,
Crab,XKG,2006,2,37,2,751,*,*,,
Crab,XKG,2006,2,40,1,45,*,*,,
Crab,XKG,2006,2,52,2,125,*,*,,
Crab,XKG,2006,2,62,1,120,*,*,,
Crab,XKG,2006,2,91,1,152,*,*,,
Crab,XKG,2006,2,Total,4,2247,5024,10291,,
Crab,XKG,2006,3,3,1,41,*,*,,
Crab,XKG,2006,3,6,1,1620,*,*,,
Crab,XKG,2006,3,7,2,628,*,*,,
Crab,XKG,2006,3,8,5,3487,5014,10701,,
Crab,XKG,2006,3,9,1,390,*,*,,
Crab,XKG,2006,3,10,2,1469,*,*,,
Crab,XKG,2006,3,11,3,13188,15253,31103,,
Crab,XKG,2006,3,12,3,1336,1857,3102,,
Crab,XKG,2006,3,14,4,48419,91955,152231,,
Crab,XKG,2006,3,17,1,245,*,*,,
Crab,XKG,2006,3,18,6,9292,19844,34839,,
Crab,XKG,2006,3,Total,7,80115,142589,245809,,
Crab,XKG,2006,4,1,2,2950,*,*,,
Crab,XKG,2006,4,2,1,277,*,*,,
Crab,XKG,2006,4,4,1,12,*,*,,
Crab,XKG,2006,4,5,3,9088,14435,21566,,
Crab,XKG,2006,4,8,4,3045,3522,5371,,
Crab,XKG,2006,4,9,7,16550,16796,27579,,
Crab,XKG,2006,4,10,1,22,*,*,,
Crab,XKG,2006,4,12,8,104195,98270,168359,,
Crab,XKG,2006,4,15,1,10,*,*,,
Crab,XKG,2006,4,Total,10,136149,141269,238306,,
Crab,XKG,2006,5,1,5,16104,21360,39402,,
Crab,XKG,2006,5,2,2,632,*,*,,
Crab,XKG,2006,5,3,1,202,*,*,,
Crab,XKG,2006,5,4,1,6984,*,*,,
Crab,XKG,2006,5,8,1,9520,*,*,,
Crab,XKG,2006,5,9,1,510,*,*,,
Crab,XKG,2006,5,14,2,2047,*,*,,
Crab,XKG,2006,5,15,1,418,*,*,,
Crab,XKG,2006,5,16,1,70,*,*,,
Crab,XKG,2006,5,17,1,26,*,*,,
Crab,XKG,2006,5,18,1,281,*,*,,
Crab,XKG,2006,5,19,1,38,*,*,,
Crab,XKG,2006,5,23,2,3398,*,*,,
Crab,XKG,2006,5,24,3,2057,5673,10282,,
Crab,XKG,2006,5,Total,5,42287,71124,120633,,
Crab,XKG,2006,6,3,1,31,*,*,,
Crab,XKG,2006,6,4,1,4455,*,*,,
Crab,XKG,2006,6,5,2,1288,*,*,,
Crab,XKG,2006,6,6,1,38,*,*,,
Crab,XKG,2006,6,8,1,192,*,*,,
Crab,XKG,2006,6,19,1,340,*,*,,
Crab,XKG,2006,6,27,1,15,*,*,,
Crab,XKG,2006,6,28,1,32,*,*,,
Crab,XKG,2006,6,Total,4,6391,16206,26133,,
Crab,XKG,2006,7,7,1,312,*,*,,
Crab,XKG,2006,7,29,1,622,*,*,,
Crab,XKG,2006,7,Total,1,934,*,*,,
Crab,XKG,2006,8,1,1,42,*,*,,
Crab,XKG,2006,8,2,1,905,*,*,,
Crab,XKG,2006,8,4,1,95,*,*,,
Crab,XKG,2006,8,8,1,1876,*,*,,
Crab,XKG,2006,8,9,1,532,*,*,,
Crab,XKG,2006,8,10,1,22,*,*,,
Crab,XKG,2006,8,12,1,132,*,*,,
Crab,XKG,2006,8,13,1,28,*,*,,
Crab,XKG,2006,8,14,1,1503,*,*,,
Crab,XKG,2006,8,16,1,259,*,*,,
Crab,XKG,2006,8,Total,1,5394,*,*,,
Crab,XKG,2006,9,11,1,130,*,*,,
Crab,XKG,2006,9,12,1,162,*,*,,
Crab,XKG,2006,9,Total,1,292,*,*,,
Crab,XKG,2006,10,4,1,23,*,*,,
Crab,XKG,2006,10,5,1,80,*,*,,
Crab,XKG,2006,10,6,1,85,*,*,,
Crab,XKG,2006,10,7,1,503,*,*,,
Crab,XKG,2006,10,10,1,377,*,*,,
Crab,XKG,2006,10,12,1,20,*,*,,
Crab,XKG,2006,10,Total,1,1088,*,*,,
Crab,XKG,2006,11,2,2,473,*,*,,
Crab,XKG,2006,11,3,1,68,*,*,,
Crab,XKG,2006,11,10,1,32,*,*,,
Crab,XKG,2006,11,Total,2,573,*,*,,
Crab,XKG,2006,12,2,2,885,*,*,,
Crab,XKG,2006,12,3,1,1054,*,*,,
Crab,XKG,2006,12,6,4,6824,13740,23032,,
Crab,XKG,2006,12,8,1,216,*,*,,
Crab,XKG,2006,12,11,1,48,*,*,,
Crab,XKG,2006,12,12,1,7,*,*,,
Crab,XKG,2006,12,13,3,3394,12697,22161,,
Crab,XKG,2006,12,16,2,847,*,*,,
Crab,XKG,2006,12,18,1,1291,*,*,,
Crab,XKG,2006,12,22,3,2677,4400,7191,,
Crab,XKG,2006,12,23,1,66,*,*,,
Crab,XKG,2006,12,25,4,14984,17419,29169,,
Crab,XKG,2006,12,26,6,27309,46855,75958,,
Crab,XKG,2006,12,27,2,1380,*,*,,
Crab,XKG,2006,12,28,1,2565,*,*,,
Crab,XKG,2006,12,35,1,300,*,*,,
Crab,XKG,2006,12,36,1,582,*,*,,
Crab,XKG,2006,12,37,1,609,*,*,,
Crab,XKG,2006,12,39,5,15244,39204,63976,,
Crab,XKG,2006,12,40,2,408,*,*,,
Crab,XKG,2006,12,41,3,4440,16428,28277,,
Crab,XKG,2006,12,42,2,3216,*,*,,
Crab,XKG,2006,12,43,1,643,*,*,,
Crab,XKG,2006,12,48,2,812,*,*,,
Crab,XKG,2006,12,Total,10,89801,198271,326416,,
Crab,XKG,2006,13,23,1,840,*,*,,
Crab,XKG,2006,13,24,2,6315,*,*,,
Crab,XKG,2006,13,25,1,200,*,*,,
Crab,XKG,2006,13,26,1,120,*,*,,
Crab,XKG,2006,13,35,1,700,*,*,,
Crab,XKG,2006,13,36,1,31,*,*,,
Crab,XKG,2006,13,37,3,3424,8711,14114,,
Crab,XKG,2006,13,38,1,405,*,*,,
Crab,XKG,2006,13,40,1,86,*,*,,
Crab,XKG,2006,13,42,1,2554,*,*,,
Crab,XKG,2006,13,43,1,1934,*,*,,
Crab,XKG,2006,13,Total,4,16609,48634,78592,,
Crab,XKG,2006,14,1,1,778,*,*,,
Crab,XKG,2006,14,2,1,941,*,*,,
Crab,XKG,2006,14,4,1,410,*,*,,
Crab,XKG,2006,14,Total,1,2129,*,*,,
Crab,XKG,2006,15,2,3,6858,**,**,,
Crab,XKG,2006,15,3,2,1797,*,*,,
Crab,XKG,2006,15,Total,3,8655,13068,21844,,
Crab,XKG,2006,16,1,1,2237,*,*,,
Crab,XKG,2006,16,5,1,5589,*,*,,
Crab,XKG,2006,16,7,1,641,*,*,,
Crab,XKG,2006,16,19,1,40,*,*,,
Crab,XKG,2006,16,Total,1,8507,*,*,,
Crab,XKG,2006,17,1,2,320,*,*,,
Crab,XKG,2006,17,2,7,18025,22121,36729,,
Crab,XKG,2006,17,3,2,1171,*,*,,
Crab,XKG,2006,17,4,1,1051,*,*,,
Crab,XKG,2006,17,5,4,5389,4772,7890,,
Crab,XKG,2006,17,6,4,11732,11263,14354,,
Crab,XKG,2006,17,7,3,9854,8080,11360,,
Crab,XKG,2006,17,8,2,4602,*,*,,
Crab,XKG,2006,17,13,3,5680,5683,8831,,
Crab,XKG,2006,17,14,3,4910,4783,7347,,
Crab,XKG,2006,17,16,4,4299,9372,15695,,
Crab,XKG,2006,17,17,3,1434,1595,3120,,
Crab,XKG,2006,17,18,2,2001,*,*,,
Crab,XKG,2006,17,19,3,1971,4193,7393,,
Crab,XKG,2006,17,20,1,301,*,*,,
Crab,XKG,2006,17,Total,12,72740,82274,131444,,
Crab,XKG,2006,18,1,1,99,*,*,,
Crab,XKG,2006,18,2,4,1273,1481,2616,,
Crab,XKG,2006,18,3,6,29948,32846,50970,,
Crab,XKG,2006,18,4,9,24703,19151,30957,,
Crab,XKG,2006,18,5,8,57075,56872,96337,,
Crab,XKG,2006,18,6,4,24406,29097,50894,,
Crab,XKG,2006,18,7,5,65026,52174,95235,,
Crab,XKG,2006,18,8,1,260,*,*,,
Crab,XKG,2006,18,9,1,10250,*,*,,
Crab,XKG,2006,18,10,2,2900,*,*,,
Crab,XKG,2006,18,11,1,88,*,*,,
Crab,XKG,2006,18,Total,21,216028,200236,339604,,
Crab,XKG,2006,19,3,4,59415,64447,103673,,
Crab,XKG,2006,19,4,4,9793,10456,16316,,
Crab,XKG,2006,19,5,17,350114,203073,335151,,
Crab,XKG,2006,19,7,1,70,*,*,,
Crab,XKG,2006,19,8,3,1010,**,**,,
Crab,XKG,2006,19,Total,24,420402,280023,458775,,
Crab,XKG,2006,20,2,2,5929,*,*,,
Crab,XKG,2006,20,4,8,26674,25361,44992,,
Crab,XKG,2006,20,5,5,12379,12369,21793,,
Crab,XKG,2006,20,6,8,25004,21882,38704,,
Crab,XKG,2006,20,7,8,10579,**,**,,
Crab,XKG,2006,20,Total,9,80565,76307,135558,,
Crab,XKG,2006,21,0,1,1459,*,*,,
Crab,XKG,2006,21,Total,1,1459,*,*,,
Crab,XKG,2006,22,0,1,2375,*,*,,
Crab,XKG,2006,22,Total,1,2375,*,*,,
Crab,XKG,2006,23,10,1,3304,*,*,,
Crab,XKG,2006,23,11,1,467,*,*,,
Crab,XKG,2006,23,Total,1,3771,*,*,,
Crab,XKG,2006,24,4,1,160,*,*,,
Crab,XKG,2006,24,6,12,36273,30498,52134,,
Crab,XKG,2006,24,7,1,318,*,*,,
Crab,XKG,2006,24,8,11,34209,30465,51767,,
Crab,XKG,2006,24,9,13,79168,68029,115539,,
Crab,XKG,2006,24,10,4,16179,12419,20717,,
Crab,XKG,2006,24,11,4,5125,4761,8517,,
Crab,XKG,2006,24,12,2,1922,*,*,,
Crab,XKG,2006,24,Total,19,173354,148193,252078,,
Crab,XKG,2006,25,5,1,1030,*,*,,
Crab,XKG,2006,25,6,1,1205,*,*,,
Crab,XKG,2006,25,12,1,318,*,*,,
Crab,XKG,2006,25,16,1,256,*,*,,
Crab,XKG,2006,25,Total,1,2809,*,*,,
Crab,XKG,2006,27,7,1,167,*,*,,
Crab,XKG,2006,27,8,2,3108,*,*,,
Crab,XKG,2006,27,10,2,2667,*,*,,
Crab,XKG,2006,27,11,2,11451,*,*,,
Crab,XKG,2006,27,Total,2,17393,*,*,,
Crab,XKG,2006,28,2,1,15,*,*,,
Crab,XKG,2006,28,4,1,465,*,*,,
Crab,XKG,2006,28,5,2,2511,*,*,,
Crab,XKG,2006,28,6,2,8032,*,*,,
Crab,XKG,2006,28,7,7,68177,142221,229841,,
Crab,XKG,2006,28,9,1,335,*,*,,
Crab,XKG,2006,28,11,2,27479,*,*,,
Crab,XKG,2006,28,12,1,2923,*,*,,
Crab,XKG,2006,28,Total,9,109937,223838,365490,,
Crab,XKG,2006,29,2,1,30,*,*,,
Crab,XKG,2006,29,3,13,106333,309290,547131,,
Crab,XKG,2006,29,4,4,15801,43705,67779,,
Crab,XKG,2006,29,5,1,524,*,*,,
Crab,XKG,2006,29,6,16,187349,561975,928704,,
Crab,XKG,2006,29,7,5,22041,51461,82666,,
Crab,XKG,2006,29,8,21,236606,457150,720275,,
Crab,XKG,2006,29,9,8,75139,171310,279579,,
Crab,XKG,2006,29,10,5,22577,68348,116458,,
Crab,XKG,2006,29,12,1,7935,*,*,,
Crab,XKG,2006,29,Total,56,674335,1682539,2777576,,
Crab,XKG,2006,101,1,1,150,*,*,,
Crab,XKG,2006,101,7,14,5456,**,**,,
Crab,XKG,2006,101,10,25,23663,68200,129830,,
Crab,XKG,2006,101,Total,30,29269,83994,160668,,
Crab,XKG,2006,102,1,47,275937,961331,1925093,,
Crab,XKG,2006,102,2,3,4960,22685,52561,,
Crab,XKG,2006,102,Total,47,280897,984016,1977654,,
Crab,XKG,2006,104,2,35,67216,193037,377814,,
Crab,XKG,2006,104,3,37,51946,154098,305186,,
Crab,XKG,2006,104,4,13,8889,21134,41046,,
Crab,XKG,2006,104,5,31,35177,100250,187766,,
Crab,XKG,2006,104,Total,48,163228,468519,911812,,
Crab,XKG,2006,105,1,29,64981,**,**,,
Crab,XKG,2006,105,2,1,131,*,*,,
Crab,XKG,2006,105,Total,29,65112,194175,392919,,
Crab,XKG,2006,108,1,1,1294,*,*,,
Crab,XKG,2006,108,Total,1,1294,*,*,,
Crab,XKG,2006,121,1,1,600,*,*,,
Crab,XKG,2006,121,Total,1,600,*,*,,
Crab,XKG,2006,124,3,11,20215,24671,41756,,
Crab,XKG,2006,124,Total,11,20215,24671,41756,,
Crab,XKG,2007,1,3,7,2249,18358,30804,,
Crab,XKG,2007,1,4,6,25381,38145,62216,,
Crab,XKG,2007,1,5,34,51752,248091,446682,,
Crab,XKG,2007,1,Total,35,79382,304594,539702,,
Crab,XKG,2007,2,18,2,92,*,*,,
Crab,XKG,2007,2,34,2,292,*,*,,
Crab,XKG,2007,2,36,1,212,*,*,,
Crab,XKG,2007,2,37,1,68,*,*,,
Crab,XKG,2007,2,39,1,13,*,*,,
Crab,XKG,2007,2,52,1,149,*,*,,
Crab,XKG,2007,2,Total,2,826,*,*,,
Crab,XKG,2007,3,1,1,569,*,*,,
Crab,XKG,2007,3,2,1,14,*,*,,
Crab,XKG,2007,3,6,2,132,*,*,,
Crab,XKG,2007,3,7,2,891,*,*,,
Crab,XKG,2007,3,8,4,6267,5419,10079,,
Crab,XKG,2007,3,9,1,160,*,*,,
Crab,XKG,2007,3,10,4,2245,2833,5306,,
Crab,XKG,2007,3,11,4,3233,3592,6192,,
Crab,XKG,2007,3,12,2,2014,*,*,,
Crab,XKG,2007,3,14,4,38260,31847,56710,,
Crab,XKG,2007,3,17,3,19700,14546,32788,,
Crab,XKG,2007,3,18,4,13009,28033,49691,,
Crab,XKG,2007,3,Total,7,86494,93691,172820,,
Crab,XKG,2007,4,1,1,1194,*,*,,
Crab,XKG,2007,4,2,1,1314,*,*,,
Crab,XKG,2007,4,3,2,337,*,*,,
Crab,XKG,2007,4,4,1,25,*,*,,
Crab,XKG,2007,4,5,4,5084,7756,11958,,
Crab,XKG,2007,4,7,1,34,*,*,,
Crab,XKG,2007,4,8,4,3629,2789,4356,,
Crab,XKG,2007,4,9,7,6381,8726,14113,,
Crab,XKG,2007,4,12,11,122169,139241,228510,,
Crab,XKG,2007,4,Total,11,140167,166269,273763,,
Crab,XKG,2007,5,1,5,6785,10078,16512,,
Crab,XKG,2007,5,2,2,265,*,*,,
Crab,XKG,2007,5,4,3,4656,8328,12530,,
Crab,XKG,2007,5,5,1,14,*,*,,
Crab,XKG,2007,5,6,4,3866,5999,9045,,
Crab,XKG,2007,5,7,1,1454,*,*,,
Crab,XKG,2007,5,8,5,12869,18401,27873,,
Crab,XKG,2007,5,9,2,1006,*,*,,
Crab,XKG,2007,5,11,1,115,*,*,,
Crab,XKG,2007,5,12,1,21,*,*,,
Crab,XKG,2007,5,13,2,102,*,*,,
Crab,XKG,2007,5,14,1,418,*,*,,
Crab,XKG,2007,5,15,1,761,*,*,,
Crab,XKG,2007,5,16,2,107,*,*,,
Crab,XKG,2007,5,17,1,49,*,*,,
Crab,XKG,2007,5,18,1,107,*,*,,
Crab,XKG,2007,5,19,1,143,*,*,,
Crab,XKG,2007,5,20,1,497,*,*,,
Crab,XKG,2007,5,21,2,911,*,*,,
Crab,XKG,2007,5,23,2,1933,*,*,,
Crab,XKG,2007,5,24,3,2186,4294,7337,,
Crab,XKG,2007,5,Total,8,38265,63459,103601,,
Crab,XKG,2007,6,3,1,269,*,*,,
Crab,XKG,2007,6,4,2,1602,*,*,,
Crab,XKG,2007,6,5,2,1480,*,*,,
Crab,XKG,2007,6,6,2,951,*,*,,
Crab,XKG,2007,6,8,2,232,*,*,,
Crab,XKG,2007,6,9,1,84,*,*,,
Crab,XKG,2007,6,10,1,468,*,*,,
Crab,XKG,2007,6,12,1,710,*,*,,
Crab,XKG,2007,6,14,1,192,*,*,,
Crab,XKG,2007,6,15,1,158,*,*,,
Crab,XKG,2007,6,16,1,66,*,*,,
Crab,XKG,2007,6,19,1,130,*,*,,
Crab,XKG,2007,6,20,1,36,*,*,,
Crab,XKG,2007,6,21,1,58,*,*,,
Crab,XKG,2007,6,22,2,415,*,*,,
Crab,XKG,2007,6,23,1,255,*,*,,
Crab,XKG,2007,6,24,1,62,*,*,,
Crab,XKG,2007,6,25,1,45,*,*,,
Crab,XKG,2007,6,26,1,21,*,*,,
Crab,XKG,2007,6,27,1,21,*,*,,
Crab,XKG,2007,6,28,1,189,*,*,,
Crab,XKG,2007,6,Total,4,7444,22072,38433,,
Crab,XKG,2007,7,3,1,69,*,*,,
Crab,XKG,2007,7,9,1,249,*,*,,
Crab,XKG,2007,7,29,1,256,*,*,,
Crab,XKG,2007,7,Total,2,574,*,*,,
Crab,XKG,2007,11,2,2,4589,*,*,,
Crab,XKG,2007,11,3,2,176,*,*,,
Crab,XKG,2007,11,4,1,10,*,*,,
Crab,XKG,2007,11,5,1,58,*,*,,
Crab,XKG,2007,11,8,1,30,*,*,,
Crab,XKG,2007,11,9,1,50,*,*,,
Crab,XKG,2007,11,10,2,94,*,*,,
Crab,XKG,2007,11,Total,2,5007,*,*,,
Crab,XKG,2007,12,1,1,302,*,*,,
Crab,XKG,2007,12,2,1,402,*,*,,
Crab,XKG,2007,12,3,2,3671,*,*,,
Crab,XKG,2007,12,5,1,373,*,*,,
Crab,XKG,2007,12,6,5,8641,14602,24746,,
Crab,XKG,2007,12,7,1,242,*,*,,
Crab,XKG,2007,12,8,2,1869,*,*,,
Crab,XKG,2007,12,9,1,237,*,*,,
Crab,XKG,2007,12,11,1,30,*,*,,
Crab,XKG,2007,12,12,1,34,*,*,,
Crab,XKG,2007,12,13,2,7483,*,*,,
Crab,XKG,2007,12,15,2,253,*,*,,
Crab,XKG,2007,12,16,2,3965,*,*,,
Crab,XKG,2007,12,17,1,1676,*,*,,
Crab,XKG,2007,12,18,2,4908,*,*,,
Crab,XKG,2007,12,19,1,325,*,*,,
Crab,XKG,2007,12,20,2,844,*,*,,
Crab,XKG,2007,12,22,3,1346,1688,2902,,
Crab,XKG,2007,12,25,4,16816,20940,35109,,
Crab,XKG,2007,12,26,6,34032,61810,100125,,
Crab,XKG,2007,12,27,2,2638,*,*,,
Crab,XKG,2007,12,28,1,1523,*,*,,
Crab,XKG,2007,12,29,1,175,*,*,,
Crab,XKG,2007,12,35,2,2159,*,*,,
Crab,XKG,2007,12,36,3,1876,2670,4426,,
Crab,XKG,2007,12,37,3,1953,3111,4981,,
Crab,XKG,2007,12,38,1,85,*,*,,
Crab,XKG,2007,12,39,5,13912,41336,65460,,
Crab,XKG,2007,12,40,2,676,*,*,,
Crab,XKG,2007,12,41,2,7618,*,*,,
Crab,XKG,2007,12,42,2,2139,*,*,,
Crab,XKG,2007,12,46,1,60,*,*,,
Crab,XKG,2007,12,48,1,60,*,*,,
Crab,XKG,2007,12,Total,10,122323,249644,408528,,
Crab,XKG,2007,13,24,2,6849,*,*,,
Crab,XKG,2007,13,25,1,62,*,*,,
Crab,XKG,2007,13,26,1,10,*,*,,
Crab,XKG,2007,13,35,1,156,*,*,,
Crab,XKG,2007,13,36,1,257,*,*,,
Crab,XKG,2007,13,37,2,3030,*,*,,
Crab,XKG,2007,13,38,1,99,*,*,,
Crab,XKG,2007,13,42,1,2389,*,*,,
Crab,XKG,2007,13,43,1,234,*,*,,
Crab,XKG,2007,13,Total,3,13086,47240,78858,,
Crab,XKG,2007,14,1,1,1261,*,*,,
Crab,XKG,2007,14,2,1,2703,*,*,,
Crab,XKG,2007,14,4,1,1745,*,*,,
Crab,XKG,2007,14,Total,1,5709,*,*,,
Crab,XKG,2007,15,2,2,10777,*,*,,
Crab,XKG,2007,15,3,2,7530,*,*,,
Crab,XKG,2007,15,4,2,490,*,*,,
Crab,XKG,2007,15,5,1,50,*,*,,
Crab,XKG,2007,15,Total,2,18847,*,*,,
Crab,XKG,2007,16,1,1,3992,*,*,,
Crab,XKG,2007,16,2,1,12,*,*,,
Crab,XKG,2007,16,5,1,566,*,*,,
Crab,XKG,2007,16,7,1,120,*,*,,
Crab,XKG,2007,16,Total,1,4690,*,*,,
Crab,XKG,2007,17,1,2,3640,*,*,,
Crab,XKG,2007,17,2,7,33395,49732,80802,,
Crab,XKG,2007,17,3,1,949,*,*,,
Crab,XKG,2007,17,4,1,4471,*,*,,
Crab,XKG,2007,17,5,3,4787,4545,8315,,
Crab,XKG,2007,17,6,3,8950,17255,29910,,
Crab,XKG,2007,17,7,5,6014,8222,13869,,
Crab,XKG,2007,17,8,4,5570,11650,22280,,
Crab,XKG,2007,17,10,1,14,*,*,,
Crab,XKG,2007,17,12,1,32,*,*,,
Crab,XKG,2007,17,13,2,4832,*,*,,
Crab,XKG,2007,17,14,2,4830,*,*,,
Crab,XKG,2007,17,16,2,4105,*,*,,
Crab,XKG,2007,17,17,2,4991,*,*,,
Crab,XKG,2007,17,18,1,960,*,*,,
Crab,XKG,2007,17,19,2,4134,*,*,,
Crab,XKG,2007,17,20,1,330,*,*,,
Crab,XKG,2007,17,Total,12,92004,133478,228699,,
Crab,XKG,2007,18,0,1,200,*,*,,
Crab,XKG,2007,18,1,1,3320,*,*,,
Crab,XKG,2007,18,2,4,5538,7283,12187,,
Crab,XKG,2007,18,3,6,27853,43601,69342,,
Crab,XKG,2007,18,4,7,19210,19578,27204,,
Crab,XKG,2007,18,5,11,51572,39131,67816,,
Crab,XKG,2007,18,6,10,33418,36950,62527,,
Crab,XKG,2007,18,7,5,62106,49265,90515,,
Crab,XKG,2007,18,9,1,12925,*,*,,
Crab,XKG,2007,18,Total,25,216142,206935,346626,,
Crab,XKG,2007,19,0,1,4369,*,*,,
Crab,XKG,2007,19,1,1,96,*,*,,
Crab,XKG,2007,19,3,7,86460,68765,100535,,
Crab,XKG,2007,19,4,3,17321,22928,36562,,
Crab,XKG,2007,19,5,17,347310,189501,316736,,
Crab,XKG,2007,19,7,3,557,750,1300,,
Crab,XKG,2007,19,8,4,3007,5354,10175,,
Crab,XKG,2007,19,Total,23,459120,290632,470496,,
Crab,XKG,2007,20,1,2,555,*,*,,
Crab,XKG,2007,20,2,4,4759,8186,15982,,
Crab,XKG,2007,20,4,6,24290,23926,41573,,
Crab,XKG,2007,20,5,5,9752,9717,16779,,
Crab,XKG,2007,20,6,7,22886,17738,29585,,
Crab,XKG,2007,20,7,7,8844,**,**,,
Crab,XKG,2007,20,Total,8,71086,68167,119076,,
Crab,XKG,2007,21,0,2,2273,*,*,,
Crab,XKG,2007,21,Total,2,2273,*,*,,
Crab,XKG,2007,22,0,1,1830,*,*,,
Crab,XKG,2007,22,Total,1,1830,*,*,,
Crab,XKG,2007,23,10,1,5585,*,*,,
Crab,XKG,2007,23,11,1,303,*,*,,
Crab,XKG,2007,23,Total,1,5888,*,*,,
Crab,XKG,2007,24,4,2,230,*,*,,
Crab,XKG,2007,24,5,1,110,*,*,,
Crab,XKG,2007,24,6,12,37599,32986,56733,,
Crab,XKG,2007,24,7,4,2986,2273,3842,,
Crab,XKG,2007,24,8,11,47605,40001,70854,,
Crab,XKG,2007,24,9,14,60085,42795,70963,,
Crab,XKG,2007,24,10,5,19220,13396,22411,,
Crab,XKG,2007,24,11,4,6611,6698,12145,,
Crab,XKG,2007,24,12,2,1391,*,*,,
Crab,XKG,2007,24,14,1,166,*,*,,
Crab,XKG,2007,24,Total,20,176003,140006,240065,,
Crab,XKG,2007,25,6,1,970,*,*,,
Crab,XKG,2007,25,Total,1,970,*,*,,
Crab,XKG,2007,27,7,1,626,*,*,,
Crab,XKG,2007,27,8,2,2502,*,*,,
Crab,XKG,2007,27,10,2,3244,*,*,,
Crab,XKG,2007,27,11,2,10086,*,*,,
Crab,XKG,2007,27,Total,2,16458,*,*,,
Crab,XKG,2007,28,0,1,7590,*,*,,
Crab,XKG,2007,28,2,2,127,*,*,,
Crab,XKG,2007,28,4,1,1375,*,*,,
Crab,XKG,2007,28,5,2,2381,*,*,,
Crab,XKG,2007,28,6,3,6358,22360,37517,,
Crab,XKG,2007,28,7,6,59640,113120,181776,,
Crab,XKG,2007,28,8,2,511,*,*,,
Crab,XKG,2007,28,9,1,412,*,*,,
Crab,XKG,2007,28,11,2,24732,*,*,,
Crab,XKG,2007,28,12,1,2913,*,*,,
Crab,XKG,2007,28,13,1,566,*,*,,
Crab,XKG,2007,28,Total,10,106605,210856,343244,,
Crab,XKG,2007,29,2,1,50,*,*,,
Crab,XKG,2007,29,3,18,116428,263785,455769,,
Crab,XKG,2007,29,4,4,23198,31641,62822,,
Crab,XKG,2007,29,6,18,237227,635843,1048080,,
Crab,XKG,2007,29,7,4,15753,**,**,,
Crab,XKG,2007,29,8,22,215393,318049,502341,,
Crab,XKG,2007,29,9,8,79749,169190,270300,,
Crab,XKG,2007,29,10,9,52334,110317,184351,,
Crab,XKG,2007,29,Total,59,740132,1555602,2569352,,
Crab,XKG,2007,101,7,14,5041,22458,39213,,
Crab,XKG,2007,101,10,25,18781,82517,151496,,
Crab,XKG,2007,101,Total,27,23822,104975,190709,,
Crab,XKG,2007,102,1,46,296661,**,**,,
Crab,XKG,2007,102,2,2,245,*,*,,
Crab,XKG,2007,102,Total,46,296906,2763295,5144933,,
Crab,XKG,2007,104,2,29,74498,408945,777132,,
Crab,XKG,2007,104,3,29,69324,400545,776508,,
Crab,XKG,2007,104,4,7,9845,66215,110219,,
Crab,XKG,2007,104,5,28,56884,393066,709908,,
Crab,XKG,2007,104,Total,44,210551,1268771,2373767,,
Crab,XKG,2007,105,1,33,71087,669781,1251099,,
Crab,XKG,2007,105,Total,33,71087,669781,1251099,,
Crab,XKG,2007,124,3,11,17197,21483,37606,,
Crab,XKG,2007,124,Total,11,17197,21483,37606,,
Crab,XKG,2008,1,3,5,1526,8588,16553,,
Crab,XKG,2008,1,4,8,20923,39299,69504,,
Crab,XKG,2008,1,5,18,32739,178928,343982,,
Crab,XKG,2008,1,Total,18,55188,226815,430039,,
Crab,XKG,2008,3,1,1,260,*,*,,
Crab,XKG,2008,3,6,2,731,*,*,,
Crab,XKG,2008,3,7,2,761,*,*,,
Crab,XKG,2008,3,8,5,7064,6805,13026,,
Crab,XKG,2008,3,9,3,4080,2296,4222,,
Crab,XKG,2008,3,10,4,4689,3530,6290,,
Crab,XKG,2008,3,11,3,3304,2855,5970,,
Crab,XKG,2008,3,12,3,2613,5180,9074,,
Crab,XKG,2008,3,13,1,170,*,*,,
Crab,XKG,2008,3,14,3,41533,50071,92080,,
Crab,XKG,2008,3,17,2,5960,*,*,,
Crab,XKG,2008,3,18,4,10650,22842,43803,,
Crab,XKG,2008,3,Total,6,81815,100136,187373,,
Crab,XKG,2008,4,1,1,1093,*,*,,
Crab,XKG,2008,4,2,2,1016,*,*,,
Crab,XKG,2008,4,3,1,24,*,*,,
Crab,XKG,2008,4,4,1,9,*,*,,
Crab,XKG,2008,4,5,5,3585,3475,6164,,
Crab,XKG,2008,4,8,3,1241,1184,1967,,
Crab,XKG,2008,4,9,9,26038,24133,43487,,
Crab,XKG,2008,4,12,12,114072,96075,161592,,
Crab,XKG,2008,4,15,1,125,*,*,,
Crab,XKG,2008,4,Total,12,147203,128670,220496,,
Crab,XKG,2008,5,1,3,1629,1439,2406,,
Crab,XKG,2008,5,2,2,140,*,*,,
Crab,XKG,2008,5,4,3,2355,3451,5176,,
Crab,XKG,2008,5,6,1,350,*,*,,
Crab,XKG,2008,5,7,1,400,*,*,,
Crab,XKG,2008,5,8,4,6561,8168,12480,,
Crab,XKG,2008,5,9,1,842,*,*,,
Crab,XKG,2008,5,14,1,480,*,*,,
Crab,XKG,2008,5,15,1,827,*,*,,
Crab,XKG,2008,5,16,1,97,*,*,,
Crab,XKG,2008,5,23,3,2396,6782,13096,,
Crab,XKG,2008,5,24,3,1168,1350,2175,,
Crab,XKG,2008,5,Total,8,17245,27302,46718,,
Crab,XKG,2008,6,3,2,250,*,*,,
Crab,XKG,2008,6,4,2,4244,*,*,,
Crab,XKG,2008,6,5,2,551,*,*,,
Crab,XKG,2008,6,23,1,120,*,*,,
Crab,XKG,2008,6,Total,3,5165,17650,25575,,
Crab,XKG,2008,8,11,1,50,*,*,,
Crab,XKG,2008,8,12,1,107,*,*,,
Crab,XKG,2008,8,14,1,180,*,*,,
Crab,XKG,2008,8,Total,1,337,*,*,,
Crab,XKG,2008,11,2,2,1723,*,*,,
Crab,XKG,2008,11,3,1,56,*,*,,
Crab,XKG,2008,11,7,1,22,*,*,,
Crab,XKG,2008,11,10,1,108,*,*,,
Crab,XKG,2008,11,Total,2,1909,*,*,,
Crab,XKG,2008,12,1,1,330,*,*,,
Crab,XKG,2008,12,2,2,496,*,*,,
Crab,XKG,2008,12,3,3,6532,10872,18879,,
Crab,XKG,2008,12,6,5,8003,19349,33589,,
Crab,XKG,2008,12,7,1,25,*,*,,
Crab,XKG,2008,12,8,3,628,1270,2250,,
Crab,XKG,2008,12,11,1,116,*,*,,
Crab,XKG,2008,12,13,2,3784,*,*,,
Crab,XKG,2008,12,16,2,3784,*,*,,
Crab,XKG,2008,12,17,1,429,*,*,,
Crab,XKG,2008,12,18,2,2555,*,*,,
Crab,XKG,2008,12,19,1,50,*,*,,
Crab,XKG,2008,12,20,1,525,*,*,,
Crab,XKG,2008,12,22,4,3583,6157,11853,,
Crab,XKG,2008,12,23,2,100,*,*,,
Crab,XKG,2008,12,25,5,12784,18018,31099,,
Crab,XKG,2008,12,26,8,33004,70568,117041,,
Crab,XKG,2008,12,27,3,3214,13548,20371,,
Crab,XKG,2008,12,28,1,1540,*,*,,
Crab,XKG,2008,12,35,2,249,*,*,,
Crab,XKG,2008,12,36,1,5400,*,*,,
Crab,XKG,2008,12,37,1,486,*,*,,
Crab,XKG,2008,12,38,2,407,*,*,,
Crab,XKG,2008,12,39,9,25266,64588,106944,,
Crab,XKG,2008,12,40,4,2117,5637,9552,,
Crab,XKG,2008,12,41,4,8866,21735,37810,,
Crab,XKG,2008,12,42,3,3542,11000,19530,,
Crab,XKG,2008,12,43,1,175,*,*,,
Crab,XKG,2008,12,48,2,110,*,*,,
Crab,XKG,2008,12,Total,13,128100,288362,488457,,
Crab,XKG,2008,13,24,2,5986,*,*,,
Crab,XKG,2008,13,25,1,100,*,*,,
Crab,XKG,2008,13,34,1,176,*,*,,
Crab,XKG,2008,13,35,1,235,*,*,,
Crab,XKG,2008,13,36,1,1970,*,*,,
Crab,XKG,2008,13,37,1,1492,*,*,,
Crab,XKG,2008,13,42,1,2651,*,*,,
Crab,XKG,2008,13,43,1,1480,*,*,,
Crab,XKG,2008,13,Total,3,14090,59476,101374,,
Crab,XKG,2008,14,1,2,3242,*,*,,
Crab,XKG,2008,14,2,2,476,*,*,,
Crab,XKG,2008,14,3,2,176,*,*,,
Crab,XKG,2008,14,4,2,2504,*,*,,
Crab,XKG,2008,14,5,2,180,*,*,,
Crab,XKG,2008,14,8,1,579,*,*,,
Crab,XKG,2008,14,9,1,7,*,*,,
Crab,XKG,2008,14,10,1,100,*,*,,
Crab,XKG,2008,14,11,2,102,*,*,,
Crab,XKG,2008,14,13,1,185,*,*,,
Crab,XKG,2008,14,14,1,68,*,*,,
Crab,XKG,2008,14,15,1,537,*,*,,
Crab,XKG,2008,14,Total,3,8156,13350,23921,,
Crab,XKG,2008,15,2,3,16151,29769,46964,,
Crab,XKG,2008,15,3,3,913,1864,3010,,
Crab,XKG,2008,15,Total,3,17064,31633,49974,,
Crab,XKG,2008,16,1,1,4726,*,*,,
Crab,XKG,2008,16,2,1,751,*,*,,
Crab,XKG,2008,16,5,1,2141,*,*,,
Crab,XKG,2008,16,7,1,203,*,*,,
Crab,XKG,2008,16,Total,1,7821,*,*,,
Crab,XKG,2008,17,1,1,3705,*,*,,
Crab,XKG,2008,17,2,12,37193,76101,139132,,
Crab,XKG,2008,17,3,2,3693,*,*,,
Crab,XKG,2008,17,4,3,2915,2212,4367,,
Crab,XKG,2008,17,5,3,1696,1176,2187,,
Crab,XKG,2008,17,6,4,3749,7552,14343,,
Crab,XKG,2008,17,7,4,5962,10563,19149,,
Crab,XKG,2008,17,8,4,8065,16445,32144,,
Crab,XKG,2008,17,10,1,680,*,*,,
Crab,XKG,2008,17,12,2,385,*,*,,
Crab,XKG,2008,17,13,4,7281,9883,15534,,
Crab,XKG,2008,17,14,4,10807,24029,38636,,
Crab,XKG,2008,17,15,2,802,*,*,,
Crab,XKG,2008,17,16,3,3681,6673,11341,,
Crab,XKG,2008,17,17,2,5909,*,*,,
Crab,XKG,2008,17,18,2,6849,*,*,,
Crab,XKG,2008,17,19,3,2105,4293,7655,,
Crab,XKG,2008,17,20,2,1273,*,*,,
Crab,XKG,2008,17,Total,16,106750,189048,337926,,
Crab,XKG,2008,18,1,1,675,*,*,,
Crab,XKG,2008,18,2,3,1523,1995,3260,,
Crab,XKG,2008,18,3,11,40169,57919,92191,,
Crab,XKG,2008,18,4,5,13660,14099,24115,,
Crab,XKG,2008,18,5,13,94309,56523,98111,,
Crab,XKG,2008,18,6,11,64086,87215,148050,,
Crab,XKG,2008,18,7,7,59929,55014,103180,,
Crab,XKG,2008,18,9,1,4235,*,*,,
Crab,XKG,2008,18,10,1,322,*,*,,
Crab,XKG,2008,18,Total,26,278908,275649,473557,,
Crab,XKG,2008,19,3,7,90368,76995,121165,,
Crab,XKG,2008,19,4,2,11918,*,*,,
Crab,XKG,2008,19,5,17,306525,199547,335729,,
Crab,XKG,2008,19,6,3,1493,640,1142,,
Crab,XKG,2008,19,7,2,105,*,*,,
Crab,XKG,2008,19,8,3,5472,7986,15525,,
Crab,XKG,2008,19,12,1,416,*,*,,
Crab,XKG,2008,19,Total,24,416297,299786,495309,,
Crab,XKG,2008,20,0,1,98,*,*,,
Crab,XKG,2008,20,2,2,7590,*,*,,
Crab,XKG,2008,20,4,5,25291,32000,57558,,
Crab,XKG,2008,20,5,5,10942,13302,23005,,
Crab,XKG,2008,20,6,7,14293,28308,50833,,
Crab,XKG,2008,20,7,6,11218,16845,27742,,
Crab,XKG,2008,20,Total,8,69432,103260,184830,,
Crab,XKG,2008,21,0,1,5500,*,*,,
Crab,XKG,2008,21,Total,1,5500,*,*,,
Crab,XKG,2008,23,10,1,5188,*,*,,
Crab,XKG,2008,23,11,1,2236,*,*,,
Crab,XKG,2008,23,Total,1,7424,*,*,,
Crab,XKG,2008,24,2,1,50,*,*,,
Crab,XKG,2008,24,4,1,816,*,*,,
Crab,XKG,2008,24,6,13,53221,78549,137759,,
Crab,XKG,2008,24,7,4,18787,25100,42363,,
Crab,XKG,2008,24,8,15,50127,52385,91914,,
Crab,XKG,2008,24,9,18,102631,139631,241195,,
Crab,XKG,2008,24,10,3,28526,36983,62223,,
Crab,XKG,2008,24,11,7,12520,17515,31525,,
Crab,XKG,2008,24,12,2,1640,*,*,,
Crab,XKG,2008,24,14,1,65,*,*,,
Crab,XKG,2008,24,Total,20,268383,353304,611992,,
Crab,XKG,2008,25,6,1,204,*,*,,
Crab,XKG,2008,25,Total,1,204,*,*,,
Crab,XKG,2008,27,7,1,175,*,*,,
Crab,XKG,2008,27,8,1,1138,*,*,,
Crab,XKG,2008,27,10,2,3285,*,*,,
Crab,XKG,2008,27,11,2,11584,*,*,,
Crab,XKG,2008,27,Total,2,16182,*,*,,
Crab,XKG,2008,28,4,2,2684,*,*,,
Crab,XKG,2008,28,5,2,5071,*,*,,
Crab,XKG,2008,28,6,1,11433,*,*,,
Crab,XKG,2008,28,7,7,60796,132388,208366,,
Crab,XKG,2008,28,8,1,761,*,*,,
Crab,XKG,2008,28,11,2,29138,*,*,,
Crab,XKG,2008,28,12,1,2576,*,*,,
Crab,XKG,2008,28,13,1,209,*,*,,
Crab,XKG,2008,28,Total,9,112668,246517,397424,,
Crab,XKG,2008,29,3,20,125751,254175,440713,,
Crab,XKG,2008,29,4,1,1700,*,*,,
Crab,XKG,2008,29,5,2,2548,*,*,,
Crab,XKG,2008,29,6,20,254949,524818,882193,,
Crab,XKG,2008,29,7,1,200,*,*,,
Crab,XKG,2008,29,8,22,241765,370330,593120,,
Crab,XKG,2008,29,9,7,54694,86422,145506,,
Crab,XKG,2008,29,10,7,50342,90963,168719,,
Crab,XKG,2008,29,11,1,3800,*,*,,
Crab,XKG,2008,29,Total,59,735749,1335800,2246152,,
Crab,XKG,2008,101,7,6,1794,10812,19262,,
Crab,XKG,2008,101,10,15,16464,114148,225421,,
Crab,XKG,2008,101,Total,16,18258,124960,244683,,
Crab,XKG,2008,102,1,47,262885,2029800,3919737,,
Crab,XKG,2008,102,2,5,4025,24487,49002,,
Crab,XKG,2008,102,Total,47,266910,2054287,3968739,,
Crab,XKG,2008,104,1,1,47,*,*,,
Crab,XKG,2008,104,2,28,58199,380278,731216,,
Crab,XKG,2008,104,3,28,73088,496516,979747,,
Crab,XKG,2008,104,4,6,5284,**,**,,
Crab,XKG,2008,104,5,25,56760,451942,863905,,
Crab,XKG,2008,104,Total,40,193378,1376804,2653857,,
Crab,XKG,2008,105,1,29,92222,844496,1657377,,
Crab,XKG,2008,105,Total,29,92222,844496,1657377,,
Crab,XKG,2008,123,6,1,1928,*,*,,
Crab,XKG,2008,123,Total,1,1928,*,*,,
Crab,XKG,2008,124,1,4,3251,3755,6385,,
Crab,XKG,2008,124,3,11,12982,16010,26739,,
Crab,XKG,2008,124,Total,13,16233,19765,33124,,
Crab,XKG,2009,1,1,2,351,*,*,,
Crab,XKG,2009,1,3,5,3620,**,**,,
Crab,XKG,2009,1,4,10,30633,52843,90240,,
Crab,XKG,2009,1,5,31,38549,118567,219621,,
Crab,XKG,2009,1,Total,32,73153,196316,354449,,
Crab,XKG,2009,2,32,1,140,*,*,,
Crab,XKG,2009,2,34,1,524,*,*,,
Crab,XKG,2009,2,36,1,140,*,*,,
Crab,XKG,2009,2,37,1,272,*,*,,
Crab,XKG,2009,2,52,2,523,*,*,,
Crab,XKG,2009,2,70,1,101,*,*,,
Crab,XKG,2009,2,Total,2,1700,*,*,,
Crab,XKG,2009,3,1,2,696,*,*,,
Crab,XKG,2009,3,6,5,4863,6096,12246,,
Crab,XKG,2009,3,7,4,1211,1667,3580,,
Crab,XKG,2009,3,8,6,15306,14363,30925,,
Crab,XKG,2009,3,9,4,2779,2089,4515,,
Crab,XKG,2009,3,10,4,5119,2904,6170,,
Crab,XKG,2009,3,11,3,9439,9622,21865,,
Crab,XKG,2009,3,12,5,6256,9961,20655,,
Crab,XKG,2009,3,13,1,0,*,*,,
Crab,XKG,2009,3,14,7,98591,110635,225523,,
Crab,XKG,2009,3,17,4,4096,3727,8615,,
Crab,XKG,2009,3,18,7,10415,17061,36160,,
Crab,XKG,2009,3,Total,9,158771,178806,371524,,
Crab,XKG,2009,4,1,1,570,*,*,,
Crab,XKG,2009,4,2,1,143,*,*,,
Crab,XKG,2009,4,5,7,10273,8816,14258,,
Crab,XKG,2009,4,8,3,7203,9671,15230,,
Crab,XKG,2009,4,9,9,22907,18103,31380,,
Crab,XKG,2009,4,12,12,96923,95010,162893,,
Crab,XKG,2009,4,15,1,23,*,*,,
Crab,XKG,2009,4,Total,12,138042,132567,225491,,
Crab,XKG,2009,5,1,2,1726,*,*,,
Crab,XKG,2009,5,2,1,162,*,*,,
Crab,XKG,2009,5,4,5,9622,14130,27900,,
Crab,XKG,2009,5,6,4,6629,10643,20875,,
Crab,XKG,2009,5,8,5,7164,5236,9340,,
Crab,XKG,2009,5,9,4,3433,3604,5410,,
Crab,XKG,2009,5,18,1,120,*,*,,
Crab,XKG,2009,5,21,1,120,*,*,,
Crab,XKG,2009,5,23,3,3080,4748,8611,,
Crab,XKG,2009,5,24,3,1571,2012,3345,,
Crab,XKG,2009,5,Total,9,33627,44081,81597,,
Crab,XKG,2009,6,3,1,380,*,*,,
Crab,XKG,2009,6,4,2,3990,*,*,,
Crab,XKG,2009,6,5,1,286,*,*,,
Crab,XKG,2009,6,6,1,40,*,*,,
Crab,XKG,2009,6,9,1,80,*,*,,
Crab,XKG,2009,6,13,1,520,*,*,,
Crab,XKG,2009,6,16,1,160,*,*,,
Crab,XKG,2009,6,18,1,160,*,*,,
Crab,XKG,2009,6,19,1,65,*,*,,
Crab,XKG,2009,6,23,1,315,*,*,,
Crab,XKG,2009,6,25,1,60,*,*,,
Crab,XKG,2009,6,Total,5,6056,16089,28659,,
Crab,XKG,2009,7,3,1,312,*,*,,
Crab,XKG,2009,7,9,2,1155,*,*,,
Crab,XKG,2009,7,Total,3,1467,3146,5874,,
Crab,XKG,2009,8,2,2,836,*,*,,
Crab,XKG,2009,8,3,1,30,*,*,,
Crab,XKG,2009,8,4,2,432,*,*,,
Crab,XKG,2009,8,11,1,62,*,*,,
Crab,XKG,2009,8,13,1,79,*,*,,
Crab,XKG,2009,8,14,1,508,*,*,,
Crab,XKG,2009,8,16,2,246,*,*,,
Crab,XKG,2009,8,Total,2,2193,*,*,,
Crab,XKG,2009,9,2,1,84,*,*,,
Crab,XKG,2009,9,3,1,29,*,*,,
Crab,XKG,2009,9,6,1,395,*,*,,
Crab,XKG,2009,9,7,1,230,*,*,,
Crab,XKG,2009,9,8,2,235,*,*,,
Crab,XKG,2009,9,9,1,30,*,*,,
Crab,XKG,2009,9,10,2,346,*,*,,
Crab,XKG,2009,9,11,1,30,*,*,,
Crab,XKG,2009,9,12,2,331,*,*,,
Crab,XKG,2009,9,Total,2,1710,*,*,,
Crab,XKG,2009,10,3,2,594,*,*,,
Crab,XKG,2009,10,4,2,131,*,*,,
Crab,XKG,2009,10,5,2,76,*,*,,
Crab,XKG,2009,10,6,1,20,*,*,,
Crab,XKG,2009,10,7,2,3127,*,*,,
Crab,XKG,2009,10,8,2,89,*,*,,
Crab,XKG,2009,10,10,2,684,*,*,,
Crab,XKG,2009,10,11,1,155,*,*,,
Crab,XKG,2009,10,12,2,2313,*,*,,
Crab,XKG,2009,10,Total,2,7189,*,*,,
Crab,XKG,2009,11,2,2,2491,*,*,,
Crab,XKG,2009,11,3,1,46,*,*,,
Crab,XKG,2009,11,7,1,16,*,*,,
Crab,XKG,2009,11,10,1,125,*,*,,
Crab,XKG,2009,11,Total,2,2678,*,*,,
Crab,XKG,2009,12,1,1,125,*,*,,
Crab,XKG,2009,12,2,2,1842,*,*,,
Crab,XKG,2009,12,3,4,4832,8442,14095,,
Crab,XKG,2009,12,5,1,220,*,*,,
Crab,XKG,2009,12,6,8,13137,23942,41747,,
Crab,XKG,2009,12,7,2,20,*,*,,
Crab,XKG,2009,12,8,1,173,*,*,,
Crab,XKG,2009,12,13,2,2850,*,*,,
Crab,XKG,2009,12,16,2,3862,*,*,,
Crab,XKG,2009,12,17,2,198,*,*,,
Crab,XKG,2009,12,18,3,1001,4410,7125,,
Crab,XKG,2009,12,20,1,583,*,*,,
Crab,XKG,2009,12,21,1,80,*,*,,
Crab,XKG,2009,12,22,5,4098,6705,11525,,
Crab,XKG,2009,12,23,1,16,*,*,,
Crab,XKG,2009,12,25,5,13740,20776,34941,,
Crab,XKG,2009,12,26,11,52470,83159,133129,,
Crab,XKG,2009,12,27,4,4979,14404,22250,,
Crab,XKG,2009,12,28,3,5273,15607,24054,,
Crab,XKG,2009,12,29,3,990,2827,4418,,
Crab,XKG,2009,12,35,3,373,569,914,,
Crab,XKG,2009,12,36,5,3338,6960,11477,,
Crab,XKG,2009,12,37,2,2044,*,*,,
Crab,XKG,2009,12,38,1,452,*,*,,
Crab,XKG,2009,12,39,9,31781,59529,95768,,
Crab,XKG,2009,12,40,2,945,*,*,,
Crab,XKG,2009,12,41,3,6274,18058,31732,,
Crab,XKG,2009,12,42,2,2361,*,*,,
Crab,XKG,2009,12,43,1,36,*,*,,
Crab,XKG,2009,12,48,1,702,*,*,,
Crab,XKG,2009,12,Total,15,158795,311464,515175,,
Crab,XKG,2009,13,12,1,15,*,*,,
Crab,XKG,2009,13,23,2,494,*,*,,
Crab,XKG,2009,13,24,3,8258,32696,56537,,
Crab,XKG,2009,13,26,1,86,*,*,,
Crab,XKG,2009,13,28,1,10,*,*,,
Crab,XKG,2009,13,36,2,117,*,*,,
Crab,XKG,2009,13,37,4,3875,12281,20415,,
Crab,XKG,2009,13,38,1,23,*,*,,
Crab,XKG,2009,13,42,2,1804,*,*,,
Crab,XKG,2009,13,43,2,1596,*,*,,
Crab,XKG,2009,13,Total,5,16278,52219,88683,,
Crab,XKG,2009,14,1,1,2431,*,*,,
Crab,XKG,2009,14,4,1,1460,*,*,,
Crab,XKG,2009,14,Total,1,3891,*,*,,
Crab,XKG,2009,15,2,2,10211,*,*,,
Crab,XKG,2009,15,Total,2,10211,*,*,,
Crab,XKG,2009,16,1,1,13725,*,*,,
Crab,XKG,2009,16,2,1,305,*,*,,
Crab,XKG,2009,16,5,1,1574,*,*,,
Crab,XKG,2009,16,7,1,452,*,*,,
Crab,XKG,2009,16,Total,1,16056,*,*,,
Crab,XKG,2009,17,1,4,5046,8811,13984,,
Crab,XKG,2009,17,2,9,20228,33350,55781,,
Crab,XKG,2009,17,3,3,628,1078,1778,,
Crab,XKG,2009,17,4,1,351,*,*,,
Crab,XKG,2009,17,5,3,3362,10582,20697,,
Crab,XKG,2009,17,6,4,6424,20613,40734,,
Crab,XKG,2009,17,7,1,2670,*,*,,
Crab,XKG,2009,17,8,4,4637,8725,15907,,
Crab,XKG,2009,17,9,4,348,537,956,,
Crab,XKG,2009,17,11,2,432,*,*,,
Crab,XKG,2009,17,13,4,4071,5572,9045,,
Crab,XKG,2009,17,14,4,5307,12482,21075,,
Crab,XKG,2009,17,16,2,1595,*,*,,
Crab,XKG,2009,17,17,2,347,*,*,,
Crab,XKG,2009,17,18,4,2217,3414,6031,,
Crab,XKG,2009,17,19,2,1019,*,*,,
Crab,XKG,2009,17,20,1,800,*,*,,
Crab,XKG,2009,17,Total,17,59482,120087,210536,,
Crab,XKG,2009,18,1,21,48499,106707,197183,,
Crab,XKG,2009,18,2,2,512,*,*,,
Crab,XKG,2009,18,3,11,31631,46907,75137,,
Crab,XKG,2009,18,4,5,987,1461,2574,,
Crab,XKG,2009,18,5,17,100389,70833,127511,,
Crab,XKG,2009,18,6,12,34409,37429,62183,,
Crab,XKG,2009,18,7,7,36677,46455,89810,,
Crab,XKG,2009,18,8,1,95,*,*,,
Crab,XKG,2009,18,9,1,70,*,*,,
Crab,XKG,2009,18,10,3,1272,1893,3154,,
Crab,XKG,2009,18,11,1,798,*,*,,
Crab,XKG,2009,18,Total,31,255339,313487,560985,,
Crab,XKG,2009,19,1,1,1811,*,*,,
Crab,XKG,2009,19,3,11,72803,71780,124200,,
Crab,XKG,2009,19,4,2,8433,*,*,,
Crab,XKG,2009,19,5,21,303736,213037,350520,,
Crab,XKG,2009,19,6,2,2865,*,*,,
Crab,XKG,2009,19,7,5,1352,2374,4668,,
Crab,XKG,2009,19,8,6,2627,7339,14396,,
Crab,XKG,2009,19,12,2,46,*,*,,
Crab,XKG,2009,19,Total,30,393673,318545,530422,,
Crab,XKG,2009,20,1,1,1047,*,*,,
Crab,XKG,2009,20,2,3,4640,**,**,,
Crab,XKG,2009,20,4,7,24458,80831,145788,,
Crab,XKG,2009,20,5,6,14968,41509,71743,,
Crab,XKG,2009,20,6,6,18713,62458,111646,,
Crab,XKG,2009,20,7,5,10395,29369,52265,,
Crab,XKG,2009,20,Total,7,74221,237256,424755,,
Crab,XKG,2009,21,0,2,6930,*,*,,
Crab,XKG,2009,21,Total,2,6930,*,*,,
Crab,XKG,2009,23,10,1,5692,*,*,,
Crab,XKG,2009,23,Total,1,5692,*,*,,
Crab,XKG,2009,24,2,1,88,*,*,,
Crab,XKG,2009,24,4,1,2463,*,*,,
Crab,XKG,2009,24,5,1,138,*,*,,
Crab,XKG,2009,24,6,9,29136,63061,108898,,
Crab,XKG,2009,24,7,5,19040,39470,66198,,
Crab,XKG,2009,24,8,9,26665,39699,67920,,
Crab,XKG,2009,24,9,15,58361,118033,201325,,
Crab,XKG,2009,24,10,6,27643,61972,103563,,
Crab,XKG,2009,24,11,6,6100,12841,22209,,
Crab,XKG,2009,24,12,1,536,*,*,,
Crab,XKG,2009,24,Total,17,170170,347355,591358,,
Crab,XKG,2009,27,7,1,60,*,*,,
Crab,XKG,2009,27,8,2,1453,*,*,,
Crab,XKG,2009,27,10,2,4304,*,*,,
Crab,XKG,2009,27,11,2,10240,*,*,,
Crab,XKG,2009,27,Total,2,16057,*,*,,
Crab,XKG,2009,28,4,1,1129,*,*,,
Crab,XKG,2009,28,5,1,5532,*,*,,
Crab,XKG,2009,28,6,2,10428,*,*,,
Crab,XKG,2009,28,7,6,60356,150542,245728,,
Crab,XKG,2009,28,8,1,42,*,*,,
Crab,XKG,2009,28,9,1,464,*,*,,
Crab,XKG,2009,28,10,2,269,*,*,,
Crab,XKG,2009,28,11,2,31610,*,*,,
Crab,XKG,2009,28,12,1,5434,*,*,,
Crab,XKG,2009,28,13,2,96,*,*,,
Crab,XKG,2009,28,Total,8,115360,280282,463175,,
Crab,XKG,2009,29,2,3,2420,3341,5246,,
Crab,XKG,2009,29,3,23,184466,393955,676388,,
Crab,XKG,2009,29,4,3,12637,15425,27545,,
Crab,XKG,2009,29,5,3,19240,36229,65109,,
Crab,XKG,2009,29,6,20,283189,494656,854218,,
Crab,XKG,2009,29,7,3,6685,21078,35714,,
Crab,XKG,2009,29,8,22,204031,304998,485288,,
Crab,XKG,2009,29,9,7,37439,92157,153223,,
Crab,XKG,2009,29,10,15,70786,150513,283635,,
Crab,XKG,2009,29,Total,62,820893,1512352,2586366,,
Crab,XKG,2009,101,7,11,5128,12862,23719,,
Crab,XKG,2009,101,10,23,21547,78616,151682,,
Crab,XKG,2009,101,Total,27,26675,91478,175401,,
Crab,XKG,2009,102,1,45,237715,1251635,2406200,,
Crab,XKG,2009,102,2,5,7339,41985,84853,,
Crab,XKG,2009,102,Total,45,245054,1293620,2491053,,
Crab,XKG,2009,104,1,1,10,*,*,,
Crab,XKG,2009,104,2,23,41679,167689,325534,,
Crab,XKG,2009,104,3,25,34432,129881,255531,,
Crab,XKG,2009,104,4,7,4161,**,**,,
Crab,XKG,2009,104,5,22,42808,294055,557334,,
Crab,XKG,2009,104,Total,37,123090,622213,1190490,,
Crab,XKG,2009,105,1,35,81453,**,**,,
Crab,XKG,2009,105,2,2,1094,*,*,,
Crab,XKG,2009,105,Total,35,82547,435572,846383,,
Crab,XKG,2009,121,1,2,35,*,*,,
Crab,XKG,2009,121,Total,2,35,*,*,,
Crab,XKG,2009,123,1,1,931,*,*,,
Crab,XKG,2009,123,3,1,10,*,*,,
Crab,XKG,2009,123,6,1,2831,*,*,,
Crab,XKG,2009,123,Total,2,3772,*,*,,
Crab,XKG,2009,124,3,8,10220,40637,64064,,
Crab,XKG,2009,124,Total,8,10220,40637,64064,,
Crab,XKG,2010,1,1,1,615,*,*,,
Crab,XKG,2010,1,3,5,3054,11726,21509,,
Crab,XKG,2010,1,4,4,24169,41876,74193,,
Crab,XKG,2010,1,5,37,35230,99006,185495,,
Crab,XKG,2010,1,6,2,1124,*,*,,
Crab,XKG,2010,1,Total,38,64192,156709,288460,,
Crab,XKG,2010,2,12,1,814,*,*,,
Crab,XKG,2010,2,17,1,124,*,*,,
Crab,XKG,2010,2,18,2,386,*,*,,
Crab,XKG,2010,2,19,1,262,*,*,,
Crab,XKG,2010,2,31,1,241,*,*,,
Crab,XKG,2010,2,32,1,61,*,*,,
Crab,XKG,2010,2,34,2,151,*,*,,
Crab,XKG,2010,2,36,1,65,*,*,,
Crab,XKG,2010,2,37,1,156,*,*,,
Crab,XKG,2010,2,52,2,1482,*,*,,
Crab,XKG,2010,2,61,1,366,*,*,,
Crab,XKG,2010,2,62,1,440,*,*,,
Crab,XKG,2010,2,91,1,205,*,*,,
Crab,XKG,2010,2,Total,3,4753,14268,30708,,
Crab,XKG,2010,3,6,4,10770,8586,17948,,
Crab,XKG,2010,3,7,3,1557,**,**,,
Crab,XKG,2010,3,8,5,14126,5563,12164,,
Crab,XKG,2010,3,9,3,6245,3318,6820,,
Crab,XKG,2010,3,10,6,8918,5415,11587,,
Crab,XKG,2010,3,11,3,6254,5701,12905,,
Crab,XKG,2010,3,12,3,2611,4862,9091,,
Crab,XKG,2010,3,13,1,50,*,*,,
Crab,XKG,2010,3,14,5,23181,26827,49965,,
Crab,XKG,2010,3,17,3,5098,2935,5883,,
Crab,XKG,2010,3,18,5,9364,17712,34650,,
Crab,XKG,2010,3,Total,6,88174,81856,162838,,
Crab,XKG,2010,4,1,2,620,*,*,,
Crab,XKG,2010,4,2,1,195,*,*,,
Crab,XKG,2010,4,5,6,36071,30429,55756,,
Crab,XKG,2010,4,7,2,2680,*,*,,
Crab,XKG,2010,4,8,5,10749,7958,15550,,
Crab,XKG,2010,4,9,10,19425,11362,20225,,
Crab,XKG,2010,4,12,11,109270,93484,160858,,
Crab,XKG,2010,4,Total,11,179010,145419,256659,,
Crab,XKG,2010,5,1,3,2516,2996,5060,,
Crab,XKG,2010,5,2,2,505,*,*,,
Crab,XKG,2010,5,4,2,902,*,*,,
Crab,XKG,2010,5,5,1,995,*,*,,
Crab,XKG,2010,5,6,2,6179,*,*,,
Crab,XKG,2010,5,7,1,4255,*,*,,
Crab,XKG,2010,5,8,6,12807,10223,19350,,
Crab,XKG,2010,5,9,2,3159,*,*,,
Crab,XKG,2010,5,14,2,1455,*,*,,
Crab,XKG,2010,5,15,1,220,*,*,,
Crab,XKG,2010,5,17,1,130,*,*,,
Crab,XKG,2010,5,23,6,7831,13234,24037,,
Crab,XKG,2010,5,24,4,8046,11096,20939,,
Crab,XKG,2010,5,Total,10,49000,52306,97681,,
Crab,XKG,2010,6,3,1,770,*,*,,
Crab,XKG,2010,6,4,4,10504,20564,35515,,
Crab,XKG,2010,6,5,2,2430,*,*,,
Crab,XKG,2010,6,6,1,1113,*,*,,
Crab,XKG,2010,6,8,1,620,*,*,,
Crab,XKG,2010,6,10,1,7,*,*,,
Crab,XKG,2010,6,12,1,537,*,*,,
Crab,XKG,2010,6,14,1,341,*,*,,
Crab,XKG,2010,6,15,1,136,*,*,,
Crab,XKG,2010,6,16,1,421,*,*,,
Crab,XKG,2010,6,18,1,167,*,*,,
Crab,XKG,2010,6,21,2,752,*,*,,
Crab,XKG,2010,6,22,2,1243,*,*,,
Crab,XKG,2010,6,23,1,220,*,*,,
Crab,XKG,2010,6,26,1,25,*,*,,
Crab,XKG,2010,6,27,1,27,*,*,,
Crab,XKG,2010,6,28,2,219,*,*,,
Crab,XKG,2010,6,Total,6,19532,38949,68786,,
Crab,XKG,2010,7,3,1,3031,*,*,,
Crab,XKG,2010,7,6,1,80,*,*,,
Crab,XKG,2010,7,9,1,385,*,*,,
Crab,XKG,2010,7,29,1,490,*,*,,
Crab,XKG,2010,7,Total,2,3986,*,*,,
Crab,XKG,2010,11,2,1,1193,*,*,,
Crab,XKG,2010,11,3,1,95,*,*,,
Crab,XKG,2010,11,4,1,24,*,*,,
Crab,XKG,2010,11,5,1,7,*,*,,
Crab,XKG,2010,11,9,1,22,*,*,,
Crab,XKG,2010,11,Total,1,1341,*,*,,
Crab,XKG,2010,12,1,2,693,*,*,,
Crab,XKG,2010,12,2,2,1103,*,*,,
Crab,XKG,2010,12,3,2,1102,*,*,,
Crab,XKG,2010,12,6,7,6124,13125,22435,,
Crab,XKG,2010,12,7,3,659,870,1370,,
Crab,XKG,2010,12,8,1,101,*,*,,
Crab,XKG,2010,12,13,2,2977,*,*,,
Crab,XKG,2010,12,15,2,195,*,*,,
Crab,XKG,2010,12,16,1,2388,*,*,,
Crab,XKG,2010,12,17,1,17,*,*,,
Crab,XKG,2010,12,18,1,688,*,*,,
Crab,XKG,2010,12,20,1,338,*,*,,
Crab,XKG,2010,12,21,1,515,*,*,,
Crab,XKG,2010,12,22,3,4259,9489,16085,,
Crab,XKG,2010,12,23,3,216,174,289,,
Crab,XKG,2010,12,24,1,65,*,*,,
Crab,XKG,2010,12,25,4,2807,4097,6905,,
Crab,XKG,2010,12,26,10,40674,60319,98024,,
Crab,XKG,2010,12,27,6,9573,16849,27625,,
Crab,XKG,2010,12,28,4,11952,20240,32955,,
Crab,XKG,2010,12,29,2,2013,*,*,,
Crab,XKG,2010,12,35,2,360,*,*,,
Crab,XKG,2010,12,36,4,4114,8490,14344,,
Crab,XKG,2010,12,37,3,2155,4401,7139,,
Crab,XKG,2010,12,38,3,1722,5865,10180,,
Crab,XKG,2010,12,39,7,17421,38086,62002,,
Crab,XKG,2010,12,40,4,2983,7065,12056,,
Crab,XKG,2010,12,41,6,12315,28363,48077,,
Crab,XKG,2010,12,42,2,2817,*,*,,
Crab,XKG,2010,12,43,1,99,*,*,,
Crab,XKG,2010,12,45,1,80,*,*,,
Crab,XKG,2010,12,46,1,797,*,*,,
Crab,XKG,2010,12,48,2,1646,*,*,,
Crab,XKG,2010,12,Total,14,134968,259453,432808,,
Crab,XKG,2010,13,12,1,299,*,*,,
Crab,XKG,2010,13,15,1,710,*,*,,
Crab,XKG,2010,13,23,1,155,*,*,,
Crab,XKG,2010,13,24,2,5189,*,*,,
Crab,XKG,2010,13,26,1,384,*,*,,
Crab,XKG,2010,13,29,1,30,*,*,,
Crab,XKG,2010,13,34,1,1145,*,*,,
Crab,XKG,2010,13,35,1,35,*,*,,
Crab,XKG,2010,13,36,1,31,*,*,,
Crab,XKG,2010,13,37,4,2217,7330,12218,,
Crab,XKG,2010,13,38,1,35,*,*,,
Crab,XKG,2010,13,Total,6,10230,37043,62328,,
Crab,XKG,2010,14,1,1,3232,*,*,,
Crab,XKG,2010,14,4,1,1873,*,*,,
Crab,XKG,2010,14,9,1,40,*,*,,
Crab,XKG,2010,14,Total,2,5145,*,*,,
Crab,XKG,2010,15,1,1,1510,*,*,,
Crab,XKG,2010,15,2,3,17015,49421,81925,,
Crab,XKG,2010,15,3,3,500,704,1000,,
Crab,XKG,2010,15,4,2,365,*,*,,
Crab,XKG,2010,15,5,1,140,*,*,,
Crab,XKG,2010,15,6,3,1040,4023,6590,,
Crab,XKG,2010,15,Total,4,20570,58202,96145,,
Crab,XKG,2010,16,1,2,18267,*,*,,
Crab,XKG,2010,16,2,2,2662,*,*,,
Crab,XKG,2010,16,5,1,1611,*,*,,
Crab,XKG,2010,16,7,1,330,*,*,,
Crab,XKG,2010,16,19,1,320,*,*,,
Crab,XKG,2010,16,Total,3,23190,59710,94987,,
Crab,XKG,2010,17,1,3,4460,9139,14789,,
Crab,XKG,2010,17,2,9,22568,45808,79455,,
Crab,XKG,2010,17,3,2,732,*,*,,
Crab,XKG,2010,17,4,1,345,*,*,,
Crab,XKG,2010,17,5,3,7686,20487,39104,,
Crab,XKG,2010,17,6,2,6944,*,*,,
Crab,XKG,2010,17,7,1,2611,*,*,,
Crab,XKG,2010,17,8,2,788,*,*,,
Crab,XKG,2010,17,10,2,96,*,*,,
Crab,XKG,2010,17,11,1,2814,*,*,,
Crab,XKG,2010,17,12,2,115,*,*,,
Crab,XKG,2010,17,13,2,790,*,*,,
Crab,XKG,2010,17,14,2,2258,*,*,,
Crab,XKG,2010,17,15,1,159,*,*,,
Crab,XKG,2010,17,16,2,2108,*,*,,
Crab,XKG,2010,17,17,3,343,123,236,,
Crab,XKG,2010,17,18,2,797,*,*,,
Crab,XKG,2010,17,19,2,1959,*,*,,
Crab,XKG,2010,17,20,1,616,*,*,,
Crab,XKG,2010,17,Total,18,58189,137976,248555,,
Crab,XKG,2010,18,1,12,71145,102680,182567,,
Crab,XKG,2010,18,2,2,50,*,*,,
Crab,XKG,2010,18,3,9,41838,66099,114655,,
Crab,XKG,2010,18,4,3,7740,6238,9995,,
Crab,XKG,2010,18,5,12,82349,75555,134266,,
Crab,XKG,2010,18,6,7,25673,44578,80929,,
Crab,XKG,2010,18,7,7,41899,64306,122415,,
Crab,XKG,2010,18,8,1,60,*,*,,
Crab,XKG,2010,18,9,1,140,*,*,,
Crab,XKG,2010,18,10,2,2603,*,*,,
Crab,XKG,2010,18,11,1,2108,*,*,,
Crab,XKG,2010,18,Total,25,275605,366900,657539,,
Crab,XKG,2010,19,3,8,45669,52236,93141,,
Crab,XKG,2010,19,4,2,7005,*,*,,
Crab,XKG,2010,19,5,22,378334,308059,514141,,
Crab,XKG,2010,19,6,2,5128,*,*,,
Crab,XKG,2010,19,7,3,5443,10381,19432,,
Crab,XKG,2010,19,8,4,4008,8779,16379,,
Crab,XKG,2010,19,12,2,136,*,*,,
Crab,XKG,2010,19,Total,31,445723,394842,667127,,
Crab,XKG,2010,20,2,3,5140,11674,23000,,
Crab,XKG,2010,20,4,6,34883,69697,128267,,
Crab,XKG,2010,20,5,6,19742,36970,67936,,
Crab,XKG,2010,20,6,6,13369,20528,37869,,
Crab,XKG,2010,20,7,5,10007,15792,28874,,
Crab,XKG,2010,20,Total,6,83141,154661,285946,,
Crab,XKG,2010,21,0,2,12217,*,*,,
Crab,XKG,2010,21,Total,2,12217,*,*,,
Crab,XKG,2010,23,3,1,102,*,*,,
Crab,XKG,2010,23,4,1,1076,*,*,,
Crab,XKG,2010,23,5,1,204,*,*,,
Crab,XKG,2010,23,6,1,146,*,*,,
Crab,XKG,2010,23,7,1,1795,*,*,,
Crab,XKG,2010,23,8,1,836,*,*,,
Crab,XKG,2010,23,9,1,1520,*,*,,
Crab,XKG,2010,23,10,3,8023,27164,47474,,
Crab,XKG,2010,23,11,1,241,*,*,,
Crab,XKG,2010,23,Total,3,13943,61210,107036,,
Crab,XKG,2010,24,4,3,1837,5280,9390,,
Crab,XKG,2010,24,5,1,508,*,*,,
Crab,XKG,2010,24,6,11,23709,62379,107456,,
Crab,XKG,2010,24,7,3,7000,17486,29863,,
Crab,XKG,2010,24,8,10,35253,72755,126800,,
Crab,XKG,2010,24,9,14,43558,120320,200816,,
Crab,XKG,2010,24,10,9,26297,81939,142476,,
Crab,XKG,2010,24,11,8,21866,55978,99502,,
Crab,XKG,2010,24,12,1,6783,*,*,,
Crab,XKG,2010,24,14,1,245,*,*,,
Crab,XKG,2010,24,Total,19,167056,443977,763209,,
Crab,XKG,2010,27,8,2,1712,*,*,,
Crab,XKG,2010,27,10,2,3888,*,*,,
Crab,XKG,2010,27,11,2,10540,*,*,,
Crab,XKG,2010,27,Total,2,16140,*,*,,
Crab,XKG,2010,28,2,1,492,*,*,,
Crab,XKG,2010,28,4,2,805,*,*,,
Crab,XKG,2010,28,5,2,4056,*,*,,
Crab,XKG,2010,28,6,3,7892,11527,21319,,
Crab,XKG,2010,28,7,10,50059,128424,215304,,
Crab,XKG,2010,28,8,2,4927,*,*,,
Crab,XKG,2010,28,9,1,528,*,*,,
Crab,XKG,2010,28,11,2,24692,*,*,,
Crab,XKG,2010,28,12,1,3069,*,*,,
Crab,XKG,2010,28,13,1,643,*,*,,
Crab,XKG,2010,28,14,1,45,*,*,,
Crab,XKG,2010,28,Total,14,97208,228391,384909,,
Crab,XKG,2010,29,0,1,5980,*,*,,
Crab,XKG,2010,29,2,6,25823,36253,65311,,
Crab,XKG,2010,29,3,29,151639,311872,533107,,
Crab,XKG,2010,29,4,4,13629,13880,23638,,
Crab,XKG,2010,29,5,3,1608,**,**,,
Crab,XKG,2010,29,6,28,173467,259475,443889,,
Crab,XKG,2010,29,7,4,5466,8355,15879,,
Crab,XKG,2010,29,8,18,261111,296418,473496,,
Crab,XKG,2010,29,9,14,29585,32266,57254,,
Crab,XKG,2010,29,10,18,54791,96429,175733,,
Crab,XKG,2010,29,Total,65,723099,1073135,1817776,,
Crab,XKG,2010,101,3,1,131,*,*,,
Crab,XKG,2010,101,7,15,6085,**,**,,
Crab,XKG,2010,101,10,37,22850,62589,116782,,
Crab,XKG,2010,101,Total,40,29066,77898,145237,,
Crab,XKG,2010,102,1,50,301769,1349268,2658307,,
Crab,XKG,2010,102,2,11,5777,19119,38960,,
Crab,XKG,2010,102,Total,50,307546,1368387,2697267,,
Crab,XKG,2010,104,1,1,290,*,*,,
Crab,XKG,2010,104,2,25,28193,131884,252699,,
Crab,XKG,2010,104,3,19,14122,50315,100234,,
Crab,XKG,2010,104,4,11,5787,**,**,,
Crab,XKG,2010,104,5,25,40304,228618,437980,,
Crab,XKG,2010,104,Total,35,88696,454901,865778,,
Crab,XKG,2010,105,1,29,61413,357335,711093,,
Crab,XKG,2010,105,Total,29,61413,357335,711093,,
Crab,XKG,2010,108,1,1,4352,*,*,,
Crab,XKG,2010,108,Total,1,4352,*,*,,
Crab,XKG,2010,121,1,1,303,*,*,,
Crab,XKG,2010,121,Total,1,303,*,*,,
Crab,XKG,2010,123,1,1,1466,*,*,,
Crab,XKG,2010,123,3,1,78,*,*,,
Crab,XKG,2010,123,Total,2,1544,*,*,,
Crab,XKG,2010,124,1,4,5346,23589,41990,,
Crab,XKG,2010,124,3,10,10084,29408,51037,,
Crab,XKG,2010,124,Total,10,15430,52997,93027,,
Crab,XKG,2011,1,1,2,593,*,*,,
Crab,XKG,2011,1,2,1,15,*,*,,
Crab,XKG,2011,1,3,4,3666,21390,39600,,
Crab,XKG,2011,1,4,6,18107,28697,53254,,
Crab,XKG,2011,1,5,34,31203,75281,139520,,
Crab,XKG,2011,1,6,2,368,*,*,,
Crab,XKG,2011,1,7,1,15,*,*,,
Crab,XKG,2011,1,Total,37,53967,128672,238788,,
Crab,XKG,2011,2,51,1,107,*,*,,
Crab,XKG,2011,2,62,1,143,*,*,,
Crab,XKG,2011,2,91,1,197,*,*,,
Crab,XKG,2011,2,Total,2,447,*,*,,
Crab,XKG,2011,3,6,3,3762,**,**,,
Crab,XKG,2011,3,7,1,150,*,*,,
Crab,XKG,2011,3,8,5,24358,19096,39885,,
Crab,XKG,2011,3,9,4,6580,6146,13110,,
Crab,XKG,2011,3,10,5,6423,3951,7762,,
Crab,XKG,2011,3,11,4,3637,3200,6487,,
Crab,XKG,2011,3,12,4,7446,11994,22068,,
Crab,XKG,2011,3,14,5,16453,17060,31070,,
Crab,XKG,2011,3,17,3,7414,6659,14944,,
Crab,XKG,2011,3,18,6,20731,39522,77535,,
Crab,XKG,2011,3,Total,6,96954,110075,217887,,
Crab,XKG,2011,4,1,2,910,*,*,,
Crab,XKG,2011,4,2,2,731,*,*,,
Crab,XKG,2011,4,3,1,600,*,*,,
Crab,XKG,2011,4,4,1,110,*,*,,
Crab,XKG,2011,4,5,4,3405,1993,3550,,
Crab,XKG,2011,4,6,1,80,*,*,,
Crab,XKG,2011,4,7,3,2560,1256,2350,,
Crab,XKG,2011,4,8,5,18899,15336,29267,,
Crab,XKG,2011,4,9,8,9805,6259,10331,,
Crab,XKG,2011,4,12,12,133159,93957,161764,,
Crab,XKG,2011,4,15,1,160,*,*,,
Crab,XKG,2011,4,Total,13,170419,120803,210862,,
Crab,XKG,2011,5,1,5,9248,6155,10118,,
Crab,XKG,2011,5,2,6,1330,1760,3167,,
Crab,XKG,2011,5,4,5,2057,1206,2235,,
Crab,XKG,2011,5,5,1,240,*,*,,
Crab,XKG,2011,5,6,4,3573,2966,5770,,
Crab,XKG,2011,5,7,5,2800,1581,3024,,
Crab,XKG,2011,5,8,4,12025,9438,17954,,
Crab,XKG,2011,5,9,4,4502,3765,7450,,
Crab,XKG,2011,5,12,1,2071,*,*,,
Crab,XKG,2011,5,13,1,150,*,*,,
Crab,XKG,2011,5,14,5,1138,2467,4640,,
Crab,XKG,2011,5,19,1,140,*,*,,
Crab,XKG,2011,5,20,1,1907,*,*,,
Crab,XKG,2011,5,21,1,2620,*,*,,
Crab,XKG,2011,5,23,8,8596,11698,21341,,
Crab,XKG,2011,5,24,5,2604,4355,8232,,
Crab,XKG,2011,5,Total,12,55001,53876,98216,,
Crab,XKG,2011,6,3,3,1489,2343,4373,,
Crab,XKG,2011,6,4,4,3250,8151,14550,,
Crab,XKG,2011,6,5,4,1113,1523,3010,,
Crab,XKG,2011,6,6,1,280,*,*,,
Crab,XKG,2011,6,8,2,730,*,*,,
Crab,XKG,2011,6,20,1,120,*,*,,
Crab,XKG,2011,6,21,2,2500,*,*,,
Crab,XKG,2011,6,22,3,880,917,1570,,
Crab,XKG,2011,6,23,1,1410,*,*,,
Crab,XKG,2011,6,25,2,480,*,*,,
Crab,XKG,2011,6,28,2,461,*,*,,
Crab,XKG,2011,6,Total,8,12713,20706,36754,,
Crab,XKG,2011,7,7,1,150,*,*,,
Crab,XKG,2011,7,9,1,850,*,*,,
Crab,XKG,2011,7,29,2,1310,*,*,,
Crab,XKG,2011,7,Total,3,2310,4239,6830,,
Crab,XKG,2011,11,2,1,1753,*,*,,
Crab,XKG,2011,11,3,1,72,*,*,,
Crab,XKG,2011,11,Total,1,1825,*,*,,
Crab,XKG,2011,12,1,4,1069,1002,1656,,
Crab,XKG,2011,12,2,2,1107,*,*,,
Crab,XKG,2011,12,3,1,450,*,*,,
Crab,XKG,2011,12,5,1,55,*,*,,
Crab,XKG,2011,12,6,10,7672,14198,22747,,
Crab,XKG,2011,12,7,1,499,*,*,,
Crab,XKG,2011,12,11,1,18,*,*,,
Crab,XKG,2011,12,13,3,3344,7024,12556,,
Crab,XKG,2011,12,16,2,3393,*,*,,
Crab,XKG,2011,12,18,3,365,742,1219,,
Crab,XKG,2011,12,22,7,2626,4507,7587,,
Crab,XKG,2011,12,24,1,803,*,*,,
Crab,XKG,2011,12,25,5,1912,3005,4944,,
Crab,XKG,2011,12,26,11,22492,33011,54698,,
Crab,XKG,2011,12,27,5,6531,15396,24924,,
Crab,XKG,2011,12,28,4,2321,5595,9333,,
Crab,XKG,2011,12,29,4,615,540,877,,
Crab,XKG,2011,12,30,1,375,*,*,,
Crab,XKG,2011,12,35,1,22,*,*,,
Crab,XKG,2011,12,36,5,3112,6317,10409,,
Crab,XKG,2011,12,37,4,1723,3121,4994,,
Crab,XKG,2011,12,38,2,659,*,*,,
Crab,XKG,2011,12,39,5,27079,52193,82172,,
Crab,XKG,2011,12,40,5,7211,13836,23379,,
Crab,XKG,2011,12,41,6,11736,21611,37133,,
Crab,XKG,2011,12,42,5,21169,32955,53844,,
Crab,XKG,2011,12,43,2,72,*,*,,
Crab,XKG,2011,12,46,1,73,*,*,,
Crab,XKG,2011,12,48,2,84,*,*,,
Crab,XKG,2011,12,Total,15,128587,235045,389455,,
Crab,XKG,2011,13,12,1,80,*,*,,
Crab,XKG,2011,13,19,1,60,*,*,,
Crab,XKG,2011,13,21,1,40,*,*,,
Crab,XKG,2011,13,23,1,985,*,*,,
Crab,XKG,2011,13,24,2,10119,*,*,,
Crab,XKG,2011,13,25,1,185,*,*,,
Crab,XKG,2011,13,26,1,130,*,*,,
Crab,XKG,2011,13,35,1,60,*,*,,
Crab,XKG,2011,13,36,2,137,*,*,,
Crab,XKG,2011,13,37,6,6774,14197,23387,,
Crab,XKG,2011,13,38,4,1372,3268,5296,,
Crab,XKG,2011,13,42,3,3115,9767,15713,,
Crab,XKG,2011,13,43,2,620,*,*,,
Crab,XKG,2011,13,Total,7,23677,76559,125606,,
Crab,XKG,2011,14,1,1,3282,*,*,,
Crab,XKG,2011,14,4,1,2803,*,*,,
Crab,XKG,2011,14,Total,1,6085,*,*,,
Crab,XKG,2011,15,2,1,18434,*,*,,
Crab,XKG,2011,15,Total,1,18434,*,*,,
Crab,XKG,2011,16,1,2,9887,*,*,,
Crab,XKG,2011,16,5,1,1786,*,*,,
Crab,XKG,2011,16,7,1,747,*,*,,
Crab,XKG,2011,16,8,1,44,*,*,,
Crab,XKG,2011,16,Total,2,12464,*,*,,
Crab,XKG,2011,17,1,2,5372,*,*,,
Crab,XKG,2011,17,2,10,22854,33050,55797,,
Crab,XKG,2011,17,3,2,453,*,*,,
Crab,XKG,2011,17,4,1,249,*,*,,
Crab,XKG,2011,17,5,3,2740,4503,8110,,
Crab,XKG,2011,17,6,3,9136,16494,32563,,
Crab,XKG,2011,17,7,3,3855,6363,11232,,
Crab,XKG,2011,17,8,4,3230,4998,8424,,
Crab,XKG,2011,17,11,2,284,*,*,,
Crab,XKG,2011,17,12,1,16,*,*,,
Crab,XKG,2011,17,13,4,2669,2145,3359,,
Crab,XKG,2011,17,14,4,1674,3224,5151,,
Crab,XKG,2011,17,16,3,2733,6505,10788,,
Crab,XKG,2011,17,17,1,424,*,*,,
Crab,XKG,2011,17,18,2,1407,*,*,,
Crab,XKG,2011,17,19,3,4135,8780,14458,,
Crab,XKG,2011,17,20,2,513,*,*,,
Crab,XKG,2011,17,Total,15,61744,103067,177784,,
Crab,XKG,2011,18,1,4,56654,64464,111850,,
Crab,XKG,2011,18,2,1,380,*,*,,
Crab,XKG,2011,18,3,9,55865,53563,96328,,
Crab,XKG,2011,18,4,4,2510,3482,5932,,
Crab,XKG,2011,18,5,14,60065,41573,73721,,
Crab,XKG,2011,18,6,10,26229,27798,48528,,
Crab,XKG,2011,18,7,7,39620,43522,80284,,
Crab,XKG,2011,18,8,2,320,*,*,,
Crab,XKG,2011,18,9,1,310,*,*,,
Crab,XKG,2011,18,10,4,2284,2868,4772,,
Crab,XKG,2011,18,Total,24,244237,237721,422263,,
Crab,XKG,2011,19,3,9,91130,68370,120358,,
Crab,XKG,2011,19,4,5,14938,18015,29997,,
Crab,XKG,2011,19,5,20,446816,239671,401319,,
Crab,XKG,2011,19,6,1,135,*,*,,
Crab,XKG,2011,19,7,4,3230,5155,10212,,
Crab,XKG,2011,19,8,4,4350,8952,17205,,
Crab,XKG,2011,19,12,2,432,*,*,,
Crab,XKG,2011,19,Total,28,561031,341138,580819,,
Crab,XKG,2011,20,2,2,12821,*,*,,
Crab,XKG,2011,20,4,5,32750,50498,90596,,
Crab,XKG,2011,20,5,6,26382,36388,65421,,
Crab,XKG,2011,20,6,6,17091,26334,47218,,
Crab,XKG,2011,20,7,6,13244,**,**,,
Crab,XKG,2011,20,Total,6,102288,156379,282429,,
Crab,XKG,2011,21,0,2,10446,*,*,,
Crab,XKG,2011,21,Total,2,10446,*,*,,
Crab,XKG,2011,23,4,1,2466,*,*,,
Crab,XKG,2011,23,5,1,46,*,*,,
Crab,XKG,2011,23,6,1,197,*,*,,
Crab,XKG,2011,23,7,1,1652,*,*,,
Crab,XKG,2011,23,8,1,386,*,*,,
Crab,XKG,2011,23,9,2,322,*,*,,
Crab,XKG,2011,23,10,2,8856,*,*,,
Crab,XKG,2011,23,11,2,321,*,*,,
Crab,XKG,2011,23,Total,2,14246,*,*,,
Crab,XKG,2011,24,1,1,40,*,*,,
Crab,XKG,2011,24,2,2,1081,*,*,,
Crab,XKG,2011,24,3,1,65,*,*,,
Crab,XKG,2011,24,4,4,19908,49545,87472,,
Crab,XKG,2011,24,6,9,17739,35172,60767,,
Crab,XKG,2011,24,7,3,5284,10731,18096,,
Crab,XKG,2011,24,8,9,24009,30587,53197,,
Crab,XKG,2011,24,9,14,50306,90860,153764,,
Crab,XKG,2011,24,10,8,22110,49669,85792,,
Crab,XKG,2011,24,11,10,24402,48435,84870,,
Crab,XKG,2011,24,12,4,7678,16733,29084,,
Crab,XKG,2011,24,14,1,167,*,*,,
Crab,XKG,2011,24,Total,17,172789,338781,585235,,
Crab,XKG,2011,25,5,1,20,*,*,,
Crab,XKG,2011,25,6,1,20,*,*,,
Crab,XKG,2011,25,Total,1,40,*,*,,
Crab,XKG,2011,27,8,2,2028,*,*,,
Crab,XKG,2011,27,9,1,37,*,*,,
Crab,XKG,2011,27,10,2,2772,*,*,,
Crab,XKG,2011,27,11,2,7547,*,*,,
Crab,XKG,2011,27,Total,2,12384,*,*,,
Crab,XKG,2011,28,2,1,2604,*,*,,
Crab,XKG,2011,28,4,3,400,415,676,,
Crab,XKG,2011,28,5,3,3366,5302,9031,,
Crab,XKG,2011,28,6,4,17563,25473,42782,,
Crab,XKG,2011,28,7,14,54357,84882,140672,,
Crab,XKG,2011,28,8,2,800,*,*,,
Crab,XKG,2011,28,9,2,34,*,*,,
Crab,XKG,2011,28,10,1,16,*,*,,
Crab,XKG,2011,28,11,3,22987,19902,33405,,
Crab,XKG,2011,28,12,2,3571,*,*,,
Crab,XKG,2011,28,13,1,599,*,*,,
Crab,XKG,2011,28,14,1,80,*,*,,
Crab,XKG,2011,28,Total,17,106377,144158,240922,,
Crab,XKG,2011,29,1,1,2274,*,*,,
Crab,XKG,2011,29,2,9,29534,41516,73993,,
Crab,XKG,2011,29,3,31,150656,212104,361775,,
Crab,XKG,2011,29,4,2,464,*,*,,
Crab,XKG,2011,29,5,2,674,*,*,,
Crab,XKG,2011,29,6,26,207639,264528,452399,,
Crab,XKG,2011,29,7,3,1870,8631,15890,,
Crab,XKG,2011,29,8,19,279083,385717,613970,,
Crab,XKG,2011,29,9,5,27786,36457,62135,,
Crab,XKG,2011,29,10,12,30831,42833,76375,,
Crab,XKG,2011,29,Total,65,730811,995842,1663622,,
Crab,XKG,2011,101,7,10,3410,**,**,,
Crab,XKG,2011,101,9,1,1566,*,*,,
Crab,XKG,2011,101,10,22,20407,52298,99656,,
Crab,XKG,2011,101,Total,24,25383,72175,135007,,
Crab,XKG,2011,102,1,50,184386,682665,1299022,,
Crab,XKG,2011,102,2,5,1471,4545,8612,,
Crab,XKG,2011,102,Total,50,185857,687210,1307634,,
Crab,XKG,2011,104,1,2,237,*,*,,
Crab,XKG,2011,104,2,14,10248,30472,54349,,
Crab,XKG,2011,104,3,9,5232,**,**,,
Crab,XKG,2011,104,4,11,5967,31089,57612,,
Crab,XKG,2011,104,5,22,28290,104220,196083,,
Crab,XKG,2011,104,Total,32,49974,176998,330154,,
Crab,XKG,2011,105,1,12,6694,15970,32553,,
Crab,XKG,2011,105,Total,12,6694,15970,32553,,
Crab,XKG,2011,108,1,2,7593,*,*,,
Crab,XKG,2011,108,Total,2,7593,*,*,,
Crab,XKG,2011,121,1,2,108,*,*,,
Crab,XKG,2011,121,Total,2,108,*,*,,
Crab,XKG,2011,123,1,1,1684,*,*,,
Crab,XKG,2011,123,5,1,7,*,*,,
Crab,XKG,2011,123,6,2,574,*,*,,
Crab,XKG,2011,123,Total,2,2265,*,*,,
Crab,XKG,2011,124,1,5,7665,14605,25555,,
Crab,XKG,2011,124,3,6,5967,13654,23489,,
Crab,XKG,2011,124,Total,7,13632,28259,49044,,
Crab,XKG,2012,1,1,1,490,*,*,,
Crab,XKG,2012,1,3,3,4478,18905,35689,,
Crab,XKG,2012,1,4,6,13306,16817,32418,,
Crab,XKG,2012,1,5,29,29008,87958,160992,,
Crab,XKG,2012,1,6,3,2189,**,**,,
Crab,XKG,2012,1,Total,30,49471,136716,251849,,
Crab,XKG,2012,2,3,1,375,*,*,,
Crab,XKG,2012,2,5,1,50,*,*,,
Crab,XKG,2012,2,6,1,150,*,*,,
Crab,XKG,2012,2,11,1,1,*,*,,
Crab,XKG,2012,2,12,1,50,*,*,,
Crab,XKG,2012,2,13,1,47,*,*,,
Crab,XKG,2012,2,52,1,423,*,*,,
Crab,XKG,2012,2,81,1,37,*,*,,
Crab,XKG,2012,2,95,1,152,*,*,,
Crab,XKG,2012,2,99,1,40,*,*,,
Crab,XKG,2012,2,Total,6,1325,4442,7463,,
Crab,XKG,2012,3,6,4,10648,8750,18854,,
Crab,XKG,2012,3,7,2,310,*,*,,
Crab,XKG,2012,3,8,5,10584,8362,16545,,
Crab,XKG,2012,3,9,5,10026,9064,18755,,
Crab,XKG,2012,3,10,5,9289,3862,8125,,
Crab,XKG,2012,3,11,3,1243,411,904,,
Crab,XKG,2012,3,12,6,7181,13340,27538,,
Crab,XKG,2012,3,14,4,5139,4793,9504,,
Crab,XKG,2012,3,15,1,150,*,*,,
Crab,XKG,2012,3,17,3,6144,7038,15633,,
Crab,XKG,2012,3,18,7,18452,39265,80444,,
Crab,XKG,2012,3,Total,7,79166,95222,197014,,
Crab,XKG,2012,4,1,1,140,*,*,,
Crab,XKG,2012,4,2,1,400,*,*,,
Crab,XKG,2012,4,5,4,1740,1179,2029,,
Crab,XKG,2012,4,7,1,402,*,*,,
Crab,XKG,2012,4,8,5,15915,16592,30457,,
Crab,XKG,2012,4,9,6,8797,5824,10043,,
Crab,XKG,2012,4,10,1,400,*,*,,
Crab,XKG,2012,4,11,1,2000,*,*,,
Crab,XKG,2012,4,12,12,123847,82509,140549,,
Crab,XKG,2012,4,Total,12,153641,108367,187252,,
Crab,XKG,2012,5,1,3,4734,4959,8787,,
Crab,XKG,2012,5,2,3,885,1003,1936,,
Crab,XKG,2012,5,4,4,3024,2480,4790,,
Crab,XKG,2012,5,5,2,1580,*,*,,
Crab,XKG,2012,5,6,3,10128,11697,22256,,
Crab,XKG,2012,5,7,4,2266,3478,6564,,
Crab,XKG,2012,5,8,3,5685,4456,7914,,
Crab,XKG,2012,5,9,2,3655,*,*,,
Crab,XKG,2012,5,13,1,100,*,*,,
Crab,XKG,2012,5,14,2,417,*,*,,
Crab,XKG,2012,5,15,1,365,*,*,,
Crab,XKG,2012,5,20,1,466,*,*,,
Crab,XKG,2012,5,21,1,677,*,*,,
Crab,XKG,2012,5,23,5,7289,8466,15386,,
Crab,XKG,2012,5,24,6,4456,5884,10888,,
Crab,XKG,2012,5,Total,10,45727,50988,94660,,
Crab,XKG,2012,6,3,2,392,*,*,,
Crab,XKG,2012,6,4,4,2894,3077,5608,,
Crab,XKG,2012,6,5,3,1582,1955,3700,,
Crab,XKG,2012,6,6,3,1776,1482,2850,,
Crab,XKG,2012,6,7,1,20,*,*,,
Crab,XKG,2012,6,8,1,360,*,*,,
Crab,XKG,2012,6,13,1,250,*,*,,
Crab,XKG,2012,6,14,1,320,*,*,,
Crab,XKG,2012,6,15,1,300,*,*,,
Crab,XKG,2012,6,16,1,990,*,*,,
Crab,XKG,2012,6,18,1,120,*,*,,
Crab,XKG,2012,6,19,1,100,*,*,,
Crab,XKG,2012,6,21,2,550,*,*,,
Crab,XKG,2012,6,22,1,1060,*,*,,
Crab,XKG,2012,6,24,1,55,*,*,,
Crab,XKG,2012,6,25,1,195,*,*,,
Crab,XKG,2012,6,27,1,170,*,*,,
Crab,XKG,2012,6,28,1,38,*,*,,
Crab,XKG,2012,6,Total,8,11172,13210,24252,,
Crab,XKG,2012,7,9,1,120,*,*,,
Crab,XKG,2012,7,13,1,351,*,*,,
Crab,XKG,2012,7,14,1,658,*,*,,
Crab,XKG,2012,7,15,1,954,*,*,,
Crab,XKG,2012,7,16,2,676,*,*,,
Crab,XKG,2012,7,17,2,127,*,*,,
Crab,XKG,2012,7,29,1,1087,*,*,,
Crab,XKG,2012,7,Total,3,3973,12739,24011,,
Crab,XKG,2012,8,4,1,120,*,*,,
Crab,XKG,2012,8,6,1,120,*,*,,
Crab,XKG,2012,8,8,1,810,*,*,,
Crab,XKG,2012,8,11,1,50,*,*,,
Crab,XKG,2012,8,12,1,600,*,*,,
Crab,XKG,2012,8,14,1,1488,*,*,,
Crab,XKG,2012,8,Total,1,3188,*,*,,
Crab,XKG,2012,11,2,1,318,*,*,,
Crab,XKG,2012,11,3,1,10,*,*,,
Crab,XKG,2012,11,10,1,42,*,*,,
Crab,XKG,2012,11,Total,1,370,*,*,,
Crab,XKG,2012,12,1,3,1850,1964,3272,,
Crab,XKG,2012,12,2,1,800,*,*,,
Crab,XKG,2012,12,5,1,60,*,*,,
Crab,XKG,2012,12,6,6,5603,8187,13969,,
Crab,XKG,2012,12,13,1,1640,*,*,,
Crab,XKG,2012,12,15,1,19,*,*,,
Crab,XKG,2012,12,16,1,1955,*,*,,
Crab,XKG,2012,12,18,1,165,*,*,,
Crab,XKG,2012,12,22,5,5453,8005,13552,,
Crab,XKG,2012,12,24,1,2281,*,*,,
Crab,XKG,2012,12,25,5,4278,5822,9593,,
Crab,XKG,2012,12,26,9,18000,27542,45398,,
Crab,XKG,2012,12,27,3,8037,13457,22105,,
Crab,XKG,2012,12,28,2,488,*,*,,
Crab,XKG,2012,12,29,3,3148,4201,6830,,
Crab,XKG,2012,12,35,1,446,*,*,,
Crab,XKG,2012,12,36,2,3977,*,*,,
Crab,XKG,2012,12,37,2,1600,*,*,,
Crab,XKG,2012,12,38,2,244,*,*,,
Crab,XKG,2012,12,39,5,19302,28705,46950,,
Crab,XKG,2012,12,40,3,2964,4787,7361,,
Crab,XKG,2012,12,41,4,6225,9802,17468,,
Crab,XKG,2012,12,42,3,6895,9544,15581,,
Crab,XKG,2012,12,45,1,8,*,*,,
Crab,XKG,2012,12,46,2,96,*,*,,
Crab,XKG,2012,12,48,2,460,*,*,,
Crab,XKG,2012,12,Total,13,95994,148504,249696,,
Crab,XKG,2012,13,9,2,173,*,*,,
Crab,XKG,2012,13,10,1,10,*,*,,
Crab,XKG,2012,13,12,1,432,*,*,,
Crab,XKG,2012,13,15,1,358,*,*,,
Crab,XKG,2012,13,21,3,731,1167,1944,,
Crab,XKG,2012,13,22,2,194,*,*,,
Crab,XKG,2012,13,23,2,815,*,*,,
Crab,XKG,2012,13,24,4,12679,22805,37219,,
Crab,XKG,2012,13,25,2,46,*,*,,
Crab,XKG,2012,13,26,3,873,865,1445,,
Crab,XKG,2012,13,28,1,9,*,*,,
Crab,XKG,2012,13,35,1,10,*,*,,
Crab,XKG,2012,13,36,2,217,*,*,,
Crab,XKG,2012,13,37,6,10604,17498,29082,,
Crab,XKG,2012,13,38,1,1143,*,*,,
Crab,XKG,2012,13,42,1,1280,*,*,,
Crab,XKG,2012,13,43,1,1589,*,*,,
Crab,XKG,2012,13,Total,9,31163,49367,81098,,
Crab,XKG,2012,14,1,2,3415,*,*,,
Crab,XKG,2012,14,2,1,25,*,*,,
Crab,XKG,2012,14,3,1,13,*,*,,
Crab,XKG,2012,14,4,2,2160,*,*,,
Crab,XKG,2012,14,5,1,101,*,*,,
Crab,XKG,2012,14,11,1,9,*,*,,
Crab,XKG,2012,14,13,1,20,*,*,,
Crab,XKG,2012,14,15,1,8,*,*,,
Crab,XKG,2012,14,Total,3,5751,10228,16654,,
Crab,XKG,2012,15,2,3,15453,18821,31071,,
Crab,XKG,2012,15,3,2,639,*,*,,
Crab,XKG,2012,15,4,1,40,*,*,,
Crab,XKG,2012,15,Total,3,16132,19544,32283,,
Crab,XKG,2012,16,1,1,6182,*,*,,
Crab,XKG,2012,16,2,1,110,*,*,,
Crab,XKG,2012,16,5,1,3317,*,*,,
Crab,XKG,2012,16,7,1,1371,*,*,,
Crab,XKG,2012,16,8,1,65,*,*,,
Crab,XKG,2012,16,Total,2,11045,*,*,,
Crab,XKG,2012,17,1,4,5550,8819,14199,,
Crab,XKG,2012,17,2,11,29730,46458,78625,,
Crab,XKG,2012,17,3,1,557,*,*,,
Crab,XKG,2012,17,4,2,264,*,*,,
Crab,XKG,2012,17,5,3,1609,2304,3463,,
Crab,XKG,2012,17,6,5,11032,23283,46459,,
Crab,XKG,2012,17,7,5,3559,6029,9567,,
Crab,XKG,2012,17,8,6,4863,7910,13404,,
Crab,XKG,2012,17,9,3,326,657,1260,,
Crab,XKG,2012,17,10,1,8,*,*,,
Crab,XKG,2012,17,12,2,17,*,*,,
Crab,XKG,2012,17,13,3,1674,4640,7811,,
Crab,XKG,2012,17,14,3,3218,6451,10354,,
Crab,XKG,2012,17,15,2,34,*,*,,
Crab,XKG,2012,17,16,1,835,*,*,,
Crab,XKG,2012,17,17,1,450,*,*,,
Crab,XKG,2012,17,18,3,2001,4025,6910,,
Crab,XKG,2012,17,19,4,3012,7736,13097,,
Crab,XKG,2012,17,20,2,507,*,*,,
Crab,XKG,2012,17,21,1,16,*,*,,
Crab,XKG,2012,17,Total,16,69262,125700,217824,,
Crab,XKG,2012,18,1,2,25627,*,*,,
Crab,XKG,2012,18,2,1,92,*,*,,
Crab,XKG,2012,18,3,8,55909,55820,104268,,
Crab,XKG,2012,18,4,4,2940,5343,9249,,
Crab,XKG,2012,18,5,8,52611,55511,95090,,
Crab,XKG,2012,18,6,7,18476,26404,44780,,
Crab,XKG,2012,18,7,7,31433,30715,57117,,
Crab,XKG,2012,18,8,3,475,425,810,,
Crab,XKG,2012,18,10,4,254,177,316,,
Crab,XKG,2012,18,Total,19,187817,202272,359262,,
Crab,XKG,2012,19,2,1,200,*,*,,
Crab,XKG,2012,19,3,5,51021,42829,77102,,
Crab,XKG,2012,19,4,4,11249,10916,17596,,
Crab,XKG,2012,19,5,20,430745,251186,420841,,
Crab,XKG,2012,19,6,1,100,*,*,,
Crab,XKG,2012,19,7,4,1583,1744,3388,,
Crab,XKG,2012,19,8,4,7391,7577,13695,,
Crab,XKG,2012,19,12,2,546,*,*,,
Crab,XKG,2012,19,Total,26,502835,315855,535637,,
Crab,XKG,2012,20,1,3,249,**,**,,
Crab,XKG,2012,20,2,2,11202,*,*,,
Crab,XKG,2012,20,4,5,40301,85100,157202,,
Crab,XKG,2012,20,5,5,32164,48354,87581,,
Crab,XKG,2012,20,6,6,9420,9346,17003,,
Crab,XKG,2012,20,7,6,8079,9750,17770,,
Crab,XKG,2012,20,Total,6,101415,180662,333483,,
Crab,XKG,2012,21,0,3,10610,24219,45053,,
Crab,XKG,2012,21,Total,3,10610,24219,45053,,
Crab,XKG,2012,22,0,1,1314,*,*,,
Crab,XKG,2012,22,Total,1,1314,*,*,,
Crab,XKG,2012,23,2,1,75,*,*,,
Crab,XKG,2012,23,3,1,885,*,*,,
Crab,XKG,2012,23,4,2,3600,*,*,,
Crab,XKG,2012,23,6,3,2600,2807,4745,,
Crab,XKG,2012,23,7,2,1693,*,*,,
Crab,XKG,2012,23,8,2,555,*,*,,
Crab,XKG,2012,23,9,3,2186,2292,4133,,
Crab,XKG,2012,23,10,2,7755,*,*,,
Crab,XKG,2012,23,11,2,1008,*,*,,
Crab,XKG,2012,23,Total,4,20357,24975,43234,,
Crab,XKG,2012,24,2,2,378,*,*,,
Crab,XKG,2012,24,3,1,17,*,*,,
Crab,XKG,2012,24,4,4,9204,22372,40178,,
Crab,XKG,2012,24,6,7,15606,24938,42790,,
Crab,XKG,2012,24,7,3,4756,5847,9836,,
Crab,XKG,2012,24,8,10,22915,19303,33889,,
Crab,XKG,2012,24,9,12,64322,73290,124858,,
Crab,XKG,2012,24,10,4,4309,6758,11430,,
Crab,XKG,2012,24,11,5,12423,15090,26907,,
Crab,XKG,2012,24,12,4,1220,1900,3338,,
Crab,XKG,2012,24,Total,17,135150,170148,294386,,
Crab,XKG,2012,27,8,1,1278,*,*,,
Crab,XKG,2012,27,10,2,2359,*,*,,
Crab,XKG,2012,27,11,2,6017,*,*,,
Crab,XKG,2012,27,Total,2,9654,*,*,,
Crab,XKG,2012,28,4,1,70,*,*,,
Crab,XKG,2012,28,5,1,1581,*,*,,
Crab,XKG,2012,28,6,3,913,3137,5267,,
Crab,XKG,2012,28,7,10,41307,72256,118552,,
Crab,XKG,2012,28,8,2,211,*,*,,
Crab,XKG,2012,28,9,1,379,*,*,,
Crab,XKG,2012,28,10,1,258,*,*,,
Crab,XKG,2012,28,11,6,38893,75691,124794,,
Crab,XKG,2012,28,12,4,6931,10880,17366,,
Crab,XKG,2012,28,13,3,272,679,1140,,
Crab,XKG,2012,28,Total,13,90815,170011,279021,,
Crab,XKG,2012,29,0,1,1804,*,*,,
Crab,XKG,2012,29,2,5,3679,3114,5534,,
Crab,XKG,2012,29,3,31,128293,187361,317298,,
Crab,XKG,2012,29,4,7,12007,9787,17193,,
Crab,XKG,2012,29,5,1,3980,*,*,,
Crab,XKG,2012,29,6,21,143075,222026,360737,,
Crab,XKG,2012,29,7,6,6013,11896,19494,,
Crab,XKG,2012,29,8,18,293907,373579,596794,,
Crab,XKG,2012,29,9,10,26438,34682,61453,,
Crab,XKG,2012,29,10,18,75469,81676,134468,,
Crab,XKG,2012,29,11,1,3918,*,*,,
Crab,XKG,2012,29,Total,63,698583,933612,1529515,,
Crab,XKG,2012,101,7,8,2548,**,**,,
Crab,XKG,2012,101,9,1,49,*,*,,
Crab,XKG,2012,101,10,28,28528,84667,159861,,
Crab,XKG,2012,101,Total,31,31125,94974,179364,,
Crab,XKG,2012,102,1,43,168257,561123,1065521,,
Crab,XKG,2012,102,2,3,745,2675,4795,,
Crab,XKG,2012,102,Total,44,169002,563798,1070316,,
Crab,XKG,2012,104,1,2,120,*,*,,
Crab,XKG,2012,104,2,16,13317,40849,76919,,
Crab,XKG,2012,104,3,8,3233,**,**,,
Crab,XKG,2012,104,4,11,8028,27883,49828,,
Crab,XKG,2012,104,5,28,39089,140909,265604,,
Crab,XKG,2012,104,Total,30,63787,216325,405444,,
Crab,XKG,2012,105,1,6,991,1132,2206,,
Crab,XKG,2012,105,Total,6,991,1132,2206,,
Crab,XKG,2012,107,2,5,4206,**,**,,
Crab,XKG,2012,107,3,1,180,*,*,,
Crab,XKG,2012,107,Total,5,4386,21927,40109,,
Crab,XKG,2012,108,1,10,44403,**,**,,
Crab,XKG,2012,108,2,2,3261,*,*,,
Crab,XKG,2012,108,Total,10,47664,409008,665415,,
Crab,XKG,2012,121,1,1,19,*,*,,
Crab,XKG,2012,121,Total,1,19,*,*,,
Crab,XKG,2012,123,1,2,1511,*,*,,
Crab,XKG,2012,123,6,1,30,*,*,,
Crab,XKG,2012,123,Total,2,1541,*,*,,
Crab,XKG,2012,124,1,5,14019,32682,57638,,
Crab,XKG,2012,124,3,5,5246,6914,12022,,
Crab,XKG,2012,124,Total,7,19265,39596,69660,,
Crab,XKG,2013,1,1,1,350,*,*,,
Crab,XKG,2013,1,3,7,4830,20865,38564,,
Crab,XKG,2013,1,4,8,17320,**,**,,
Crab,XKG,2013,1,5,27,40394,127807,240047,,
Crab,XKG,2013,1,6,7,16661,42134,66082,,
Crab,XKG,2013,1,Total,29,79555,213112,384601,,
Crab,XKG,2013,2,12,1,110,*,*,,
Crab,XKG,2013,2,17,1,90,*,*,,
Crab,XKG,2013,2,Total,1,200,*,*,,
Crab,XKG,2013,3,6,4,4998,4320,9095,,
Crab,XKG,2013,3,8,5,6571,4723,9596,,
Crab,XKG,2013,3,9,3,6682,5352,10899,,
Crab,XKG,2013,3,10,4,5632,**,**,,
Crab,XKG,2013,3,11,3,12673,8106,18129,,
Crab,XKG,2013,3,12,5,7117,10054,19043,,
Crab,XKG,2013,3,13,1,1635,*,*,,
Crab,XKG,2013,3,14,6,19402,21317,36049,,
Crab,XKG,2013,3,17,4,3769,5005,10409,,
Crab,XKG,2013,3,18,11,18771,30093,55319,,
Crab,XKG,2013,3,Total,11,87250,94001,179945,,
Crab,XKG,2013,4,1,2,2094,*,*,,
Crab,XKG,2013,4,2,1,295,*,*,,
Crab,XKG,2013,4,5,5,3170,3240,5351,,
Crab,XKG,2013,4,7,4,295,414,647,,
Crab,XKG,2013,4,8,8,5014,6156,11148,,
Crab,XKG,2013,4,9,6,4166,4155,7114,,
Crab,XKG,2013,4,12,13,141445,125651,208706,,
Crab,XKG,2013,4,15,2,1998,*,*,,
Crab,XKG,2013,4,Total,13,158477,144878,242460,,
Crab,XKG,2013,5,1,4,6671,9787,15315,,
Crab,XKG,2013,5,2,1,20,*,*,,
Crab,XKG,2013,5,4,4,1332,1639,2828,,
Crab,XKG,2013,5,5,4,1877,1563,2955,,
Crab,XKG,2013,5,6,2,10618,*,*,,
Crab,XKG,2013,5,7,5,6167,9241,15645,,
Crab,XKG,2013,5,8,5,6401,7288,11210,,
Crab,XKG,2013,5,9,3,3738,4764,9052,,
Crab,XKG,2013,5,14,3,1210,1060,1525,,
Crab,XKG,2013,5,15,1,195,*,*,,
Crab,XKG,2013,5,19,1,99,*,*,,
Crab,XKG,2013,5,20,1,700,*,*,,
Crab,XKG,2013,5,21,1,1360,*,*,,
Crab,XKG,2013,5,23,5,4420,5437,9150,,
Crab,XKG,2013,5,24,4,5198,7858,14855,,
Crab,XKG,2013,5,Total,9,50006,64985,112821,,
Crab,XKG,2013,6,3,2,1540,*,*,,
Crab,XKG,2013,6,4,4,9438,31560,57651,,
Crab,XKG,2013,6,5,2,1263,*,*,,
Crab,XKG,2013,6,6,2,936,*,*,,
Crab,XKG,2013,6,8,1,5182,*,*,,
Crab,XKG,2013,6,10,2,1092,*,*,,
Crab,XKG,2013,6,12,1,980,*,*,,
Crab,XKG,2013,6,15,1,0,*,*,,
Crab,XKG,2013,6,16,3,1043,2394,4634,,
Crab,XKG,2013,6,19,1,90,*,*,,
Crab,XKG,2013,6,21,1,120,*,*,,
Crab,XKG,2013,6,22,1,2063,*,*,,
Crab,XKG,2013,6,23,2,396,*,*,,
Crab,XKG,2013,6,27,1,82,*,*,,
Crab,XKG,2013,6,Total,7,24225,57312,104630,,
Crab,XKG,2013,7,3,2,314,*,*,,
Crab,XKG,2013,7,4,1,18,*,*,,
Crab,XKG,2013,7,6,2,793,*,*,,
Crab,XKG,2013,7,7,2,80,*,*,,
Crab,XKG,2013,7,8,1,20,*,*,,
Crab,XKG,2013,7,9,3,604,630,1245,,
Crab,XKG,2013,7,12,1,40,*,*,,
Crab,XKG,2013,7,13,5,1460,2529,5485,,
Crab,XKG,2013,7,14,5,1997,3006,5215,,
Crab,XKG,2013,7,15,3,832,1967,3070,,
Crab,XKG,2013,7,16,5,1059,2016,3340,,
Crab,XKG,2013,7,17,1,355,*,*,,
Crab,XKG,2013,7,25,1,60,*,*,,
Crab,XKG,2013,7,28,2,161,*,*,,
Crab,XKG,2013,7,29,2,4881,*,*,,
Crab,XKG,2013,7,30,2,276,*,*,,
Crab,XKG,2013,7,Total,6,12950,21979,38820,,
Crab,XKG,2013,8,1,2,165,*,*,,
Crab,XKG,2013,8,2,3,689,1630,2878,,
Crab,XKG,2013,8,4,4,2315,4439,5896,,
Crab,XKG,2013,8,6,3,717,784,1387,,
Crab,XKG,2013,8,8,2,530,*,*,,
Crab,XKG,2013,8,12,3,1007,4061,6650,,
Crab,XKG,2013,8,14,4,772,1184,2275,,
Crab,XKG,2013,8,16,2,355,*,*,,
Crab,XKG,2013,8,Total,5,6550,13556,21677,,
Crab,XKG,2013,9,10,2,519,*,*,,
Crab,XKG,2013,9,12,2,182,*,*,,
Crab,XKG,2013,9,Total,3,701,1641,3400,,
Crab,XKG,2013,10,0,1,137,*,*,,
Crab,XKG,2013,10,3,1,289,*,*,,
Crab,XKG,2013,10,5,1,101,*,*,,
Crab,XKG,2013,10,6,1,44,*,*,,
Crab,XKG,2013,10,7,2,1697,*,*,,
Crab,XKG,2013,10,10,2,366,*,*,,
Crab,XKG,2013,10,11,1,10,*,*,,
Crab,XKG,2013,10,12,3,2582,6149,12255,,
Crab,XKG,2013,10,Total,3,5226,12976,24348,,
Crab,XKG,2013,11,2,2,1011,*,*,,
Crab,XKG,2013,11,3,1,47,*,*,,
Crab,XKG,2013,11,4,1,58,*,*,,
Crab,XKG,2013,11,8,1,8,*,*,,
Crab,XKG,2013,11,9,1,15,*,*,,
Crab,XKG,2013,11,10,1,315,*,*,,
Crab,XKG,2013,11,Total,2,1454,*,*,,
Crab,XKG,2013,12,1,3,1295,1513,2525,,
Crab,XKG,2013,12,2,3,464,742,1226,,
Crab,XKG,2013,12,3,1,22,*,*,,
Crab,XKG,2013,12,5,1,234,*,*,,
Crab,XKG,2013,12,6,6,12994,12638,23564,,
Crab,XKG,2013,12,7,1,1,*,*,,
Crab,XKG,2013,12,8,1,13,*,*,,
Crab,XKG,2013,12,9,1,267,*,*,,
Crab,XKG,2013,12,12,1,3,*,*,,
Crab,XKG,2013,12,13,2,2500,*,*,,
Crab,XKG,2013,12,14,1,120,*,*,,
Crab,XKG,2013,12,15,1,68,*,*,,
Crab,XKG,2013,12,16,2,3028,*,*,,
Crab,XKG,2013,12,17,1,32,*,*,,
Crab,XKG,2013,12,18,2,158,*,*,,
Crab,XKG,2013,12,20,3,227,429,697,,
Crab,XKG,2013,12,21,1,95,*,*,,
Crab,XKG,2013,12,22,3,2520,4784,7987,,
Crab,XKG,2013,12,24,1,1095,*,*,,
Crab,XKG,2013,12,25,5,7029,12118,19859,,
Crab,XKG,2013,12,26,9,37293,52712,89079,,
Crab,XKG,2013,12,27,3,5835,10952,17792,,
Crab,XKG,2013,12,28,2,170,*,*,,
Crab,XKG,2013,12,29,4,2177,4417,7019,,
Crab,XKG,2013,12,35,1,347,*,*,,
Crab,XKG,2013,12,36,3,2488,4835,8061,,
Crab,XKG,2013,12,37,2,1708,*,*,,
Crab,XKG,2013,12,38,2,5781,*,*,,
Crab,XKG,2013,12,39,5,24057,49480,81927,,
Crab,XKG,2013,12,40,3,731,1364,2186,,
Crab,XKG,2013,12,41,4,5495,9894,16968,,
Crab,XKG,2013,12,42,2,1992,*,*,,
Crab,XKG,2013,12,43,1,94,*,*,,
Crab,XKG,2013,12,45,1,10,*,*,,
Crab,XKG,2013,12,46,2,504,*,*,,
Crab,XKG,2013,12,47,1,615,*,*,,
Crab,XKG,2013,12,48,1,949,*,*,,
Crab,XKG,2013,12,Total,10,122411,197240,334232,,
Crab,XKG,2013,13,7,1,10,*,*,,
Crab,XKG,2013,13,12,2,841,*,*,,
Crab,XKG,2013,13,13,1,76,*,*,,
Crab,XKG,2013,13,15,2,1041,*,*,,
Crab,XKG,2013,13,16,1,55,*,*,,
Crab,XKG,2013,13,17,1,473,*,*,,
Crab,XKG,2013,13,23,1,189,*,*,,
Crab,XKG,2013,13,24,3,5270,6049,9963,,
Crab,XKG,2013,13,25,1,66,*,*,,
Crab,XKG,2013,13,26,1,416,*,*,,
Crab,XKG,2013,13,35,1,20,*,*,,
Crab,XKG,2013,13,36,3,498,967,1526,,
Crab,XKG,2013,13,37,6,5295,8756,13538,,
Crab,XKG,2013,13,38,3,873,1399,1869,,
Crab,XKG,2013,13,42,6,1161,2047,3338,,
Crab,XKG,2013,13,43,2,1049,*,*,,
Crab,XKG,2013,13,Total,9,17333,31721,50131,,
Crab,XKG,2013,14,1,2,2143,*,*,,
Crab,XKG,2013,14,3,1,451,*,*,,
Crab,XKG,2013,14,4,2,2131,*,*,,
Crab,XKG,2013,14,7,1,242,*,*,,
Crab,XKG,2013,14,8,1,808,*,*,,
Crab,XKG,2013,14,9,1,74,*,*,,
Crab,XKG,2013,14,13,1,36,*,*,,
Crab,XKG,2013,14,15,1,148,*,*,,
Crab,XKG,2013,14,Total,3,6033,10333,16924,,
Crab,XKG,2013,15,2,4,39980,40447,68987,,
Crab,XKG,2013,15,3,1,1152,*,*,,
Crab,XKG,2013,15,4,1,160,*,*,,
Crab,XKG,2013,15,6,1,149,*,*,,
Crab,XKG,2013,15,Total,4,41441,41941,71440,,
Crab,XKG,2013,16,1,4,16378,24668,39855,,
Crab,XKG,2013,16,2,2,593,*,*,,
Crab,XKG,2013,16,3,1,36,*,*,,
Crab,XKG,2013,16,5,1,6942,*,*,,
Crab,XKG,2013,16,7,1,1786,*,*,,
Crab,XKG,2013,16,8,1,81,*,*,,
Crab,XKG,2013,16,11,1,39,*,*,,
Crab,XKG,2013,16,16,1,39,*,*,,
Crab,XKG,2013,16,17,1,35,*,*,,
Crab,XKG,2013,16,19,1,1227,*,*,,
Crab,XKG,2013,16,20,1,38,*,*,,
Crab,XKG,2013,16,21,1,580,*,*,,
Crab,XKG,2013,16,Total,4,27774,48001,77200,,
Crab,XKG,2013,17,0,2,0,*,*,,
Crab,XKG,2013,17,1,8,25744,22077,37909,,
Crab,XKG,2013,17,2,10,39142,43065,72395,,
Crab,XKG,2013,17,3,3,10761,6699,12685,,
Crab,XKG,2013,17,4,3,3633,2508,4756,,
Crab,XKG,2013,17,5,4,1887,3935,6966,,
Crab,XKG,2013,17,6,5,7955,17393,33842,,
Crab,XKG,2013,17,7,3,3803,5456,8873,,
Crab,XKG,2013,17,8,7,2753,4394,7583,,
Crab,XKG,2013,17,9,1,407,*,*,,
Crab,XKG,2013,17,10,2,560,*,*,,
Crab,XKG,2013,17,11,1,111,*,*,,
Crab,XKG,2013,17,12,3,266,495,812,,
Crab,XKG,2013,17,13,4,3091,4764,7733,,
Crab,XKG,2013,17,14,2,1643,*,*,,
Crab,XKG,2013,17,15,2,2143,*,*,,
Crab,XKG,2013,17,16,3,3288,9105,14606,,
Crab,XKG,2013,17,17,3,6210,7944,13847,,
Crab,XKG,2013,17,18,3,4342,7495,12393,,
Crab,XKG,2013,17,19,4,3845,8270,13498,,
Crab,XKG,2013,17,20,2,710,*,*,,
Crab,XKG,2013,17,Total,22,122294,156353,268621,,
Crab,XKG,2013,18,1,4,8388,6089,10278,,
Crab,XKG,2013,18,2,2,156,*,*,,
Crab,XKG,2013,18,3,8,48609,39357,71900,,
Crab,XKG,2013,18,4,6,4305,4382,7688,,
Crab,XKG,2013,18,5,10,89633,81828,140285,,
Crab,XKG,2013,18,6,8,20734,24315,41041,,
Crab,XKG,2013,18,7,7,51188,44736,80227,,
Crab,XKG,2013,18,8,1,73,*,*,,
Crab,XKG,2013,18,Total,21,223086,200885,351714,,
Crab,XKG,2013,19,2,1,150,*,*,,
Crab,XKG,2013,19,3,6,39679,33347,60429,,
Crab,XKG,2013,19,4,5,10703,11799,18906,,
Crab,XKG,2013,19,5,24,469345,285048,482772,,
Crab,XKG,2013,19,6,2,5659,*,*,,
Crab,XKG,2013,19,7,5,1926,1602,2823,,
Crab,XKG,2013,19,8,6,10665,11977,20571,,
Crab,XKG,2013,19,9,1,10,*,*,,
Crab,XKG,2013,19,10,1,5,*,*,,
Crab,XKG,2013,19,11,2,157,*,*,,
Crab,XKG,2013,19,12,3,571,1225,1877,,
Crab,XKG,2013,19,Total,31,538870,348466,593406,,
Crab,XKG,2013,20,1,4,8356,8798,16118,,
Crab,XKG,2013,20,2,5,22301,26738,49168,,
Crab,XKG,2013,20,4,9,72350,86516,160723,,
Crab,XKG,2013,20,5,9,33100,38611,70464,,
Crab,XKG,2013,20,6,10,22164,39574,73517,,
Crab,XKG,2013,20,7,8,11666,18348,33491,,
Crab,XKG,2013,20,Total,10,169937,218585,403481,,
Crab,XKG,2013,21,0,4,13042,27958,51388,,
Crab,XKG,2013,21,Total,4,13042,27958,51388,,
Crab,XKG,2013,23,3,1,72,*,*,,
Crab,XKG,2013,23,6,1,7270,*,*,,
Crab,XKG,2013,23,7,1,207,*,*,,
Crab,XKG,2013,23,8,1,84,*,*,,
Crab,XKG,2013,23,9,2,8146,*,*,,
Crab,XKG,2013,23,10,1,5606,*,*,,
Crab,XKG,2013,23,11,1,1576,*,*,,
Crab,XKG,2013,23,Total,4,22961,25346,44643,,
Crab,XKG,2013,24,2,1,103,*,*,,
Crab,XKG,2013,24,3,2,4129,*,*,,
Crab,XKG,2013,24,4,7,3593,6725,11530,,
Crab,XKG,2013,24,5,1,12,*,*,,
Crab,XKG,2013,24,6,7,11425,20555,35161,,
Crab,XKG,2013,24,7,8,11395,16755,28318,,
Crab,XKG,2013,24,8,7,11763,13456,22424,,
Crab,XKG,2013,24,9,17,73335,109442,182518,,
Crab,XKG,2013,24,10,9,6196,11212,18315,,
Crab,XKG,2013,24,11,10,20611,31303,52935,,
Crab,XKG,2013,24,12,1,68,*,*,,
Crab,XKG,2013,24,14,1,38,*,*,,
Crab,XKG,2013,24,Total,19,142668,215738,361344,,
Crab,XKG,2013,27,8,2,947,*,*,,
Crab,XKG,2013,27,10,2,1034,*,*,,
Crab,XKG,2013,27,11,2,7093,*,*,,
Crab,XKG,2013,27,Total,2,9074,*,*,,
Crab,XKG,2013,28,5,2,1702,*,*,,
Crab,XKG,2013,28,6,3,2065,5085,7890,,
Crab,XKG,2013,28,7,6,46873,71765,120645,,
Crab,XKG,2013,28,8,2,292,*,*,,
Crab,XKG,2013,28,9,2,145,*,*,,
Crab,XKG,2013,28,11,4,47474,92800,151658,,
Crab,XKG,2013,28,12,2,6040,*,*,,
Crab,XKG,2013,28,13,1,759,*,*,,
Crab,XKG,2013,28,Total,8,105350,186306,307054,,
Crab,XKG,2013,29,2,2,8720,*,*,,
Crab,XKG,2013,29,3,14,136949,167113,283387,,
Crab,XKG,2013,29,4,6,11670,8305,13889,,
Crab,XKG,2013,29,5,3,1955,**,**,,
Crab,XKG,2013,29,6,14,105851,150926,245199,,
Crab,XKG,2013,29,7,5,31922,52022,82295,,
Crab,XKG,2013,29,8,21,315252,354116,571388,,
Crab,XKG,2013,29,9,5,13997,12568,20446,,
Crab,XKG,2013,29,10,9,49857,67778,107482,,
Crab,XKG,2013,29,Total,52,676173,823411,1342450,,
Crab,XKG,2013,101,2,1,93,*,*,,
Crab,XKG,2013,101,7,12,3549,**,**,,
Crab,XKG,2013,101,10,31,42188,127850,237424,,
Crab,XKG,2013,101,Total,32,45830,137525,255485,,
Crab,XKG,2013,102,1,34,204138,497795,924203,,
Crab,XKG,2013,102,Total,34,204138,497795,924203,,
Crab,XKG,2013,104,2,15,17721,51513,95570,,
Crab,XKG,2013,104,3,5,2758,7281,14356,,
Crab,XKG,2013,104,4,15,12047,35710,64438,,
Crab,XKG,2013,104,5,29,31783,85988,159691,,
Crab,XKG,2013,104,Total,31,64309,180492,334055,,
Crab,XKG,2013,105,1,2,911,*,*,,
Crab,XKG,2013,105,Total,2,911,*,*,,
Crab,XKG,2013,107,1,1,42,*,*,,
Crab,XKG,2013,107,2,5,16212,69949,121740,,
Crab,XKG,2013,107,3,1,239,*,*,,
Crab,XKG,2013,107,Total,5,16493,70465,122766,,
Crab,XKG,2013,108,1,16,78502,257597,435139,,
Crab,XKG,2013,108,2,7,7007,25843,42099,,
Crab,XKG,2013,108,Total,17,85509,283440,477238,,
Crab,XKG,2013,109,0,1,540,*,*,,
Crab,XKG,2013,109,Total,1,540,*,*,,
Crab,XKG,2013,121,1,4,3243,**,**,,
Crab,XKG,2013,121,2,2,362,*,*,,
Crab,XKG,2013,121,Total,4,3605,3722,6807,,
Crab,XKG,2013,123,1,1,558,*,*,,
Crab,XKG,2013,123,3,1,18,*,*,,
Crab,XKG,2013,123,5,1,421,*,*,,
Crab,XKG,2013,123,6,1,11,*,*,,
Crab,XKG,2013,123,Total,2,1008,*,*,,
Crab,XKG,2013,124,1,7,22848,50402,88195,,
Crab,XKG,2013,124,3,8,13442,16785,27641,,
Crab,XKG,2013,124,Total,12,36290,67187,115836,,
Crab,XKG,2014,1,1,1,365,*,*,,
Crab,XKG,2014,1,3,4,3295,**,**,,
Crab,XKG,2014,1,4,6,22723,31745,54635,,
Crab,XKG,2014,1,5,33,57755,186809,344009,,
Crab,XKG,2014,1,6,7,30319,82479,136202,,
Crab,XKG,2014,1,Total,34,114457,321939,573355,,
Crab,XKG,2014,2,52,1,485,*,*,,
Crab,XKG,2014,2,91,2,202,*,*,,
Crab,XKG,2014,2,94,1,203,*,*,,
Crab,XKG,2014,2,Total,3,890,4733,7889,,
Crab,XKG,2014,3,1,3,1012,449,838,,
Crab,XKG,2014,3,3,1,60,*,*,,
Crab,XKG,2014,3,5,1,15,*,*,,
Crab,XKG,2014,3,6,4,3571,1207,2571,,
Crab,XKG,2014,3,7,3,1197,1022,1766,,
Crab,XKG,2014,3,8,7,15657,13691,26355,,
Crab,XKG,2014,3,9,6,3727,2137,4548,,
Crab,XKG,2014,3,10,6,5720,4156,7591,,
Crab,XKG,2014,3,11,5,13027,8289,16858,,
Crab,XKG,2014,3,12,8,24439,28820,61882,,
Crab,XKG,2014,3,14,5,27148,31532,54403,,
Crab,XKG,2014,3,15,1,1990,*,*,,
Crab,XKG,2014,3,17,6,16428,14869,31587,,
Crab,XKG,2014,3,18,8,24383,47015,92105,,
Crab,XKG,2014,3,Total,9,138374,157159,309529,,
Crab,XKG,2014,4,1,2,1035,*,*,,
Crab,XKG,2014,4,2,2,530,*,*,,
Crab,XKG,2014,4,5,6,3655,2762,4697,,
Crab,XKG,2014,4,7,2,195,*,*,,
Crab,XKG,2014,4,8,6,7050,9021,15982,,
Crab,XKG,2014,4,9,8,4648,4776,8834,,
Crab,XKG,2014,4,10,1,800,*,*,,
Crab,XKG,2014,4,12,14,136672,104014,176585,,
Crab,XKG,2014,4,15,1,45,*,*,,
Crab,XKG,2014,4,Total,14,154630,123126,210489,,
Crab,XKG,2014,5,1,6,4531,2721,4717,,
Crab,XKG,2014,5,2,1,74,*,*,,
Crab,XKG,2014,5,4,3,2914,3270,5660,,
Crab,XKG,2014,5,5,1,500,*,*,,
Crab,XKG,2014,5,6,5,10839,6795,13148,,
Crab,XKG,2014,5,7,4,2555,2456,3752,,
Crab,XKG,2014,5,8,6,9276,8924,13917,,
Crab,XKG,2014,5,9,3,4240,3047,5910,,
Crab,XKG,2014,5,14,3,425,392,645,,
Crab,XKG,2014,5,15,2,861,*,*,,
Crab,XKG,2014,5,20,1,660,*,*,,
Crab,XKG,2014,5,21,2,1110,*,*,,
Crab,XKG,2014,5,23,7,6149,8951,16093,,
Crab,XKG,2014,5,24,4,5234,7721,14662,,
Crab,XKG,2014,5,Total,10,49368,47934,84434,,
Crab,XKG,2014,6,3,1,1076,*,*,,
Crab,XKG,2014,6,4,4,14480,44854,79133,,
Crab,XKG,2014,6,5,2,1814,*,*,,
Crab,XKG,2014,6,6,2,1090,*,*,,
Crab,XKG,2014,6,7,1,120,*,*,,
Crab,XKG,2014,6,8,2,2557,*,*,,
Crab,XKG,2014,6,10,1,563,*,*,,
Crab,XKG,2014,6,12,1,169,*,*,,
Crab,XKG,2014,6,13,1,80,*,*,,
Crab,XKG,2014,6,15,1,768,*,*,,
Crab,XKG,2014,6,16,3,1494,1872,3477,,
Crab,XKG,2014,6,18,1,248,*,*,,
Crab,XKG,2014,6,19,3,684,505,897,,
Crab,XKG,2014,6,20,1,97,*,*,,
Crab,XKG,2014,6,21,2,3100,*,*,,
Crab,XKG,2014,6,22,2,1566,*,*,,
Crab,XKG,2014,6,23,1,1100,*,*,,
Crab,XKG,2014,6,25,3,581,416,810,,
Crab,XKG,2014,6,28,1,240,*,*,,
Crab,XKG,2014,6,Total,7,31827,67846,121717,,
Crab,XKG,2014,7,1,1,28,*,*,,
Crab,XKG,2014,7,3,1,906,*,*,,
Crab,XKG,2014,7,6,1,760,*,*,,
Crab,XKG,2014,7,8,1,38,*,*,,
Crab,XKG,2014,7,9,2,619,*,*,,
Crab,XKG,2014,7,12,1,36,*,*,,
Crab,XKG,2014,7,13,3,730,1581,3560,,
Crab,XKG,2014,7,14,3,1424,3709,6040,,
Crab,XKG,2014,7,15,3,915,2119,3556,,
Crab,XKG,2014,7,16,2,519,*,*,,
Crab,XKG,2014,7,17,1,605,*,*,,
Crab,XKG,2014,7,21,1,15,*,*,,
Crab,XKG,2014,7,23,1,45,*,*,,
Crab,XKG,2014,7,25,1,102,*,*,,
Crab,XKG,2014,7,28,1,90,*,*,,
Crab,XKG,2014,7,29,2,2233,*,*,,
Crab,XKG,2014,7,30,2,675,*,*,,
Crab,XKG,2014,7,32,1,21,*,*,,
Crab,XKG,2014,7,Total,6,9761,15644,27221,,
Crab,XKG,2014,8,2,2,1007,*,*,,
Crab,XKG,2014,8,3,1,12,*,*,,
Crab,XKG,2014,8,4,4,3358,6530,12473,,
Crab,XKG,2014,8,6,1,280,*,*,,
Crab,XKG,2014,8,8,1,712,*,*,,
Crab,XKG,2014,8,9,1,85,*,*,,
Crab,XKG,2014,8,12,2,1080,*,*,,
Crab,XKG,2014,8,13,1,15,*,*,,
Crab,XKG,2014,8,14,2,771,*,*,,
Crab,XKG,2014,8,15,1,155,*,*,,
Crab,XKG,2014,8,16,2,490,*,*,,
Crab,XKG,2014,8,Total,4,7965,12249,22930,,
Crab,XKG,2014,9,10,1,400,*,*,,
Crab,XKG,2014,9,12,3,485,**,**,,
Crab,XKG,2014,9,Total,3,885,1529,3174,,
Crab,XKG,2014,10,2,2,104,*,*,,
Crab,XKG,2014,10,3,2,503,*,*,,
Crab,XKG,2014,10,5,1,136,*,*,,
Crab,XKG,2014,10,6,1,35,*,*,,
Crab,XKG,2014,10,7,2,520,*,*,,
Crab,XKG,2014,10,10,1,95,*,*,,
Crab,XKG,2014,10,12,3,2424,7256,15757,,
Crab,XKG,2014,10,Total,3,3817,9954,21373,,
Crab,XKG,2014,11,2,1,1188,*,*,,
Crab,XKG,2014,11,4,1,10,*,*,,
Crab,XKG,2014,11,Total,1,1198,*,*,,
Crab,XKG,2014,12,1,2,1135,*,*,,
Crab,XKG,2014,12,2,2,1215,*,*,,
Crab,XKG,2014,12,5,2,42,*,*,,
Crab,XKG,2014,12,6,7,6485,8804,15839,,
Crab,XKG,2014,12,8,1,9,*,*,,
Crab,XKG,2014,12,13,1,1765,*,*,,
Crab,XKG,2014,12,16,1,1095,*,*,,
Crab,XKG,2014,12,18,1,138,*,*,,
Crab,XKG,2014,12,20,2,45,*,*,,
Crab,XKG,2014,12,21,1,80,*,*,,
Crab,XKG,2014,12,22,3,380,406,685,,
Crab,XKG,2014,12,23,1,494,*,*,,
Crab,XKG,2014,12,24,1,690,*,*,,
Crab,XKG,2014,12,25,4,4450,9730,15811,,
Crab,XKG,2014,12,26,9,37250,57435,97894,,
Crab,XKG,2014,12,27,5,9580,17601,29370,,
Crab,XKG,2014,12,28,3,1080,3124,5141,,
Crab,XKG,2014,12,29,4,4335,10641,17237,,
Crab,XKG,2014,12,35,4,2084,4464,7479,,
Crab,XKG,2014,12,36,5,1766,4012,6609,,
Crab,XKG,2014,12,37,2,2457,*,*,,
Crab,XKG,2014,12,39,5,16465,28118,47233,,
Crab,XKG,2014,12,40,2,844,*,*,,
Crab,XKG,2014,12,41,4,5415,14103,23698,,
Crab,XKG,2014,12,42,2,2459,*,*,,
Crab,XKG,2014,12,43,1,75,*,*,,
Crab,XKG,2014,12,48,1,208,*,*,,
Crab,XKG,2014,12,Total,12,102041,188097,317487,,
Crab,XKG,2014,13,1,1,18,*,*,,
Crab,XKG,2014,13,2,1,29,*,*,,
Crab,XKG,2014,13,10,1,20,*,*,,
Crab,XKG,2014,13,12,3,421,1214,1901,,
Crab,XKG,2014,13,15,3,2115,2047,3515,,
Crab,XKG,2014,13,16,1,10,*,*,,
Crab,XKG,2014,13,17,1,315,*,*,,
Crab,XKG,2014,13,23,1,266,*,*,,
Crab,XKG,2014,13,24,1,4804,*,*,,
Crab,XKG,2014,13,25,1,32,*,*,,
Crab,XKG,2014,13,26,1,607,*,*,,
Crab,XKG,2014,13,36,1,420,*,*,,
Crab,XKG,2014,13,37,4,4224,10205,16504,,
Crab,XKG,2014,13,38,2,1446,*,*,,
Crab,XKG,2014,13,42,1,1792,*,*,,
Crab,XKG,2014,13,43,1,1155,*,*,,
Crab,XKG,2014,13,Total,8,17674,31587,52787,,
Crab,XKG,2014,14,1,4,6422,9717,15214,,
Crab,XKG,2014,14,2,1,444,*,*,,
Crab,XKG,2014,14,3,2,1102,*,*,,
Crab,XKG,2014,14,4,4,9032,17551,27704,,
Crab,XKG,2014,14,5,1,700,*,*,,
Crab,XKG,2014,14,7,2,276,*,*,,
Crab,XKG,2014,14,8,2,1387,*,*,,
Crab,XKG,2014,14,9,1,60,*,*,,
Crab,XKG,2014,14,10,1,910,*,*,,
Crab,XKG,2014,14,13,2,450,*,*,,
Crab,XKG,2014,14,15,1,470,*,*,,
Crab,XKG,2014,14,Total,5,21253,39111,62168,,
Crab,XKG,2014,15,1,2,3553,*,*,,
Crab,XKG,2014,15,2,3,41360,38303,62765,,
Crab,XKG,2014,15,3,3,981,379,621,,
Crab,XKG,2014,15,4,1,159,*,*,,
Crab,XKG,2014,15,5,1,48,*,*,,
Crab,XKG,2014,15,6,1,814,*,*,,
Crab,XKG,2014,15,Total,4,46915,48290,80005,,
Crab,XKG,2014,16,1,4,18951,31481,50644,,
Crab,XKG,2014,16,2,3,5667,10114,16065,,
Crab,XKG,2014,16,5,1,5274,*,*,,
Crab,XKG,2014,16,7,1,1338,*,*,,
Crab,XKG,2014,16,8,1,269,*,*,,
Crab,XKG,2014,16,19,3,875,2097,3147,,
Crab,XKG,2014,16,20,1,20,*,*,,
Crab,XKG,2014,16,21,2,285,*,*,,
Crab,XKG,2014,16,Total,5,32679,53912,86269,,
Crab,XKG,2014,17,1,6,15849,16129,26669,,
Crab,XKG,2014,17,2,14,42786,56032,92834,,
Crab,XKG,2014,17,3,6,2306,5010,8098,,
Crab,XKG,2014,17,4,3,2234,3273,5410,,
Crab,XKG,2014,17,5,5,4097,7330,11909,,
Crab,XKG,2014,17,6,5,3663,8225,13549,,
Crab,XKG,2014,17,7,4,4817,8050,12761,,
Crab,XKG,2014,17,8,4,2726,5657,9298,,
Crab,XKG,2014,17,9,1,40,*,*,,
Crab,XKG,2014,17,10,4,910,2326,4069,,
Crab,XKG,2014,17,11,2,463,*,*,,
Crab,XKG,2014,17,12,2,40,*,*,,
Crab,XKG,2014,17,13,3,3808,6279,10342,,
Crab,XKG,2014,17,14,1,648,*,*,,
Crab,XKG,2014,17,16,2,3123,*,*,,
Crab,XKG,2014,17,17,4,6037,11217,19280,,
Crab,XKG,2014,17,18,2,7153,*,*,,
Crab,XKG,2014,17,19,3,2785,4297,7280,,
Crab,XKG,2014,17,20,1,178,*,*,,
Crab,XKG,2014,17,Total,23,103663,158633,262766,,
Crab,XKG,2014,18,1,2,10114,*,*,,
Crab,XKG,2014,18,2,5,1078,722,1369,,
Crab,XKG,2014,18,3,11,65845,61240,109315,,
Crab,XKG,2014,18,4,5,6720,9190,15593,,
Crab,XKG,2014,18,5,15,83867,80054,134537,,
Crab,XKG,2014,18,6,18,43511,40965,69843,,
Crab,XKG,2014,18,7,10,53197,41830,70847,,
Crab,XKG,2014,18,8,1,20,*,*,,
Crab,XKG,2014,18,9,1,200,*,*,,
Crab,XKG,2014,18,10,3,160,171,282,,
Crab,XKG,2014,18,Total,30,264712,248865,426354,,
Crab,XKG,2014,19,3,4,24859,42166,82338,,
Crab,XKG,2014,19,4,2,2914,*,*,,
Crab,XKG,2014,19,5,29,454343,320739,539864,,
Crab,XKG,2014,19,7,5,2329,1568,2529,,
Crab,XKG,2014,19,8,6,10337,12886,21490,,
Crab,XKG,2014,19,12,2,787,*,*,,
Crab,XKG,2014,19,Total,31,495569,383419,657090,,
Crab,XKG,2014,20,0,1,60,*,*,,
Crab,XKG,2014,20,1,3,3534,3719,6718,,
Crab,XKG,2014,20,2,6,35625,57545,105750,,
Crab,XKG,2014,20,3,2,2463,*,*,,
Crab,XKG,2014,20,4,9,66859,68448,127317,,
Crab,XKG,2014,20,5,7,33351,32079,57992,,
Crab,XKG,2014,20,6,8,10480,14629,26501,,
Crab,XKG,2014,20,7,6,4549,4330,7756,,
Crab,XKG,2014,20,Total,10,156921,183879,337884,,
Crab,XKG,2014,21,0,6,13767,30202,56100,,
Crab,XKG,2014,21,Total,6,13767,30202,56100,,
Crab,XKG,2014,23,4,1,31,*,*,,
Crab,XKG,2014,23,6,1,6050,*,*,,
Crab,XKG,2014,23,7,2,297,*,*,,
Crab,XKG,2014,23,8,2,133,*,*,,
Crab,XKG,2014,23,9,2,7703,*,*,,
Crab,XKG,2014,23,10,3,4520,5357,9434,,
Crab,XKG,2014,23,11,1,90,*,*,,
Crab,XKG,2014,23,Total,4,18824,21866,39244,,
Crab,XKG,2014,24,2,1,2133,*,*,,
Crab,XKG,2014,24,4,3,1534,3119,5132,,
Crab,XKG,2014,24,5,1,603,*,*,,
Crab,XKG,2014,24,6,6,8823,17044,28660,,
Crab,XKG,2014,24,7,7,10397,17935,31443,,
Crab,XKG,2014,24,8,5,2011,4485,7997,,
Crab,XKG,2014,24,9,16,68135,86054,145298,,
Crab,XKG,2014,24,10,5,8622,14420,24346,,
Crab,XKG,2014,24,11,10,18359,23399,39758,,
Crab,XKG,2014,24,12,2,1730,*,*,,
Crab,XKG,2014,24,13,1,426,*,*,,
Crab,XKG,2014,24,Total,19,122773,180517,304541,,
Crab,XKG,2014,25,4,1,50,*,*,,
Crab,XKG,2014,25,6,1,50,*,*,,
Crab,XKG,2014,25,13,1,12,*,*,,
Crab,XKG,2014,25,14,1,10,*,*,,
Crab,XKG,2014,25,16,1,50,*,*,,
Crab,XKG,2014,25,Total,2,172,*,*,,
Crab,XKG,2014,26,7,1,9,*,*,,
Crab,XKG,2014,26,8,1,6,*,*,,
Crab,XKG,2014,26,9,1,10,*,*,,
Crab,XKG,2014,26,10,1,12,*,*,,
Crab,XKG,2014,26,Total,1,37,*,*,,
Crab,XKG,2014,27,7,2,188,*,*,,
Crab,XKG,2014,27,8,2,2015,*,*,,
Crab,XKG,2014,27,10,2,2038,*,*,,
Crab,XKG,2014,27,11,2,5834,*,*,,
Crab,XKG,2014,27,Total,2,10075,*,*,,
Crab,XKG,2014,28,4,1,64,*,*,,
Crab,XKG,2014,28,5,1,2387,*,*,,
Crab,XKG,2014,28,6,1,93,*,*,,
Crab,XKG,2014,28,7,7,45351,90414,146032,,
Crab,XKG,2014,28,8,1,710,*,*,,
Crab,XKG,2014,28,9,3,168,807,1139,,
Crab,XKG,2014,28,10,1,20,*,*,,
Crab,XKG,2014,28,11,4,50372,110536,180151,,
Crab,XKG,2014,28,12,3,5968,16452,25093,,
Crab,XKG,2014,28,13,1,649,*,*,,
Crab,XKG,2014,28,14,1,444,*,*,,
Crab,XKG,2014,28,Total,9,106226,231145,371852,,
Crab,XKG,2014,29,1,1,60,*,*,,
Crab,XKG,2014,29,2,5,19360,38863,62233,,
Crab,XKG,2014,29,3,16,120159,121187,203513,,
Crab,XKG,2014,29,4,3,7170,9859,15031,,
Crab,XKG,2014,29,5,7,5312,6866,11154,,
Crab,XKG,2014,29,6,14,106338,138215,224137,,
Crab,XKG,2014,29,7,2,16291,*,*,,
Crab,XKG,2014,29,8,20,287296,314587,503097,,
Crab,XKG,2014,29,9,2,2100,*,*,,
Crab,XKG,2014,29,10,10,33643,54015,84908,,
Crab,XKG,2014,29,Total,55,597729,710984,1148087,,
Crab,XKG,2014,101,6,1,45,*,*,,
Crab,XKG,2014,101,7,17,7859,22280,42034,,
Crab,XKG,2014,101,9,1,424,*,*,,
Crab,XKG,2014,101,10,32,40478,138477,262064,,
Crab,XKG,2014,101,Total,36,48806,163612,309265,,
Crab,XKG,2014,102,1,38,197380,722163,1357566,,
Crab,XKG,2014,102,2,4,954,2118,4212,,
Crab,XKG,2014,102,Total,38,198334,724281,1361778,,
Crab,XKG,2014,104,1,1,257,*,*,,
Crab,XKG,2014,104,2,22,20944,92571,174765,,
Crab,XKG,2014,104,3,7,9434,**,**,,
Crab,XKG,2014,104,4,17,19686,73793,133591,,
Crab,XKG,2014,104,5,31,51866,195098,369541,,
Crab,XKG,2014,104,Total,34,102187,401354,753912,,
Crab,XKG,2014,105,1,8,1535,2890,5854,,
Crab,XKG,2014,105,Total,8,1535,2890,5854,,
Crab,XKG,2014,108,1,4,19804,**,**,,
Crab,XKG,2014,108,2,2,4001,*,*,,
Crab,XKG,2014,108,Total,4,23805,69746,109591,,
Crab,XKG,2014,109,0,2,4802,*,*,,
Crab,XKG,2014,109,Total,2,4802,*,*,,
Crab,XKG,2014,121,1,3,7016,9405,16632,,
Crab,XKG,2014,121,Total,3,7016,9405,16632,,
Crab,XKG,2014,123,1,1,1198,*,*,,
Crab,XKG,2014,123,5,4,7984,25475,45029,,
Crab,XKG,2014,123,6,2,7504,*,*,,
Crab,XKG,2014,123,Total,4,16686,55829,99299,,
Crab,XKG,2014,124,1,9,31073,74354,128938,,
Crab,XKG,2014,124,2,1,100,*,*,,
Crab,XKG,2014,124,3,11,24466,**,**,,
Crab,XKG,2014,124,Total,16,55639,108042,185638,,
Crab,XKG,2014,125,3,1,13,*,*,,
Crab,XKG,2014,125,Total,1,13,*,*,,
Crab,XKG,2014,126,1,1,13,*,*,,
Crab,XKG,2014,126,Total,1,13,*,*,,
Crab,XKG,2015,1,1,1,745,*,*,,
Crab,XKG,2015,1,3,8,2954,**,**,,
Crab,XKG,2015,1,4,8,21109,23578,38764,,
Crab,XKG,2015,1,5,35,66974,197220,357438,,
Crab,XKG,2015,1,6,8,9924,15972,25135,,
Crab,XKG,2015,1,Total,36,101706,248296,442111,,
Crab,XKG,2015,2,52,2,343,*,*,,
Crab,XKG,2015,2,95,1,189,*,*,,
Crab,XKG,2015,2,Total,2,532,*,*,,
Crab,XKG,2015,3,0,1,1100,*,*,,
Crab,XKG,2015,3,1,3,620,659,973,,
Crab,XKG,2015,3,3,2,410,*,*,,
Crab,XKG,2015,3,4,1,265,*,*,,
Crab,XKG,2015,3,6,3,3996,4591,8502,,
Crab,XKG,2015,3,7,5,3414,3530,6270,,
Crab,XKG,2015,3,8,4,7390,10399,18850,,
Crab,XKG,2015,3,9,5,11366,11732,24257,,
Crab,XKG,2015,3,10,5,12164,10495,21163,,
Crab,XKG,2015,3,11,5,6395,7691,16213,,
Crab,XKG,2015,3,12,7,14220,29092,57992,,
Crab,XKG,2015,3,14,2,8254,*,*,,
Crab,XKG,2015,3,17,4,4371,4970,10986,,
Crab,XKG,2015,3,18,10,16676,47448,93303,,
Crab,XKG,2015,3,Total,12,90641,142170,278015,,
Crab,XKG,2015,4,0,1,1880,*,*,,
Crab,XKG,2015,4,1,3,1479,1842,3275,,
Crab,XKG,2015,4,2,6,3218,3542,5933,,
Crab,XKG,2015,4,3,1,100,*,*,,
Crab,XKG,2015,4,5,7,7785,10690,17978,,
Crab,XKG,2015,4,6,1,400,*,*,,
Crab,XKG,2015,4,7,2,663,*,*,,
Crab,XKG,2015,4,8,5,9146,12797,23068,,
Crab,XKG,2015,4,9,6,2398,3358,6479,,
Crab,XKG,2015,4,11,1,360,*,*,,
Crab,XKG,2015,4,12,13,99243,118672,204860,,
Crab,XKG,2015,4,13,1,400,*,*,,
Crab,XKG,2015,4,15,5,3140,2566,4544,,
Crab,XKG,2015,4,Total,14,130212,158883,274311,,
Crab,XKG,2015,5,0,1,800,*,*,,
Crab,XKG,2015,5,1,6,2157,1361,2457,,
Crab,XKG,2015,5,2,4,1030,703,1297,,
Crab,XKG,2015,5,4,4,1979,3308,5750,,
Crab,XKG,2015,5,5,4,3688,4456,8421,,
Crab,XKG,2015,5,6,6,17057,26059,41748,,
Crab,XKG,2015,5,7,2,3755,*,*,,
Crab,XKG,2015,5,8,9,10053,15059,26537,,
Crab,XKG,2015,5,9,5,22253,21997,42570,,
Crab,XKG,2015,5,12,1,2030,*,*,,
Crab,XKG,2015,5,14,3,760,638,1124,,
Crab,XKG,2015,5,15,2,1730,*,*,,
Crab,XKG,2015,5,19,1,140,*,*,,
Crab,XKG,2015,5,20,1,487,*,*,,
Crab,XKG,2015,5,21,1,578,*,*,,
Crab,XKG,2015,5,23,2,2405,*,*,,
Crab,XKG,2015,5,24,2,6698,*,*,,
Crab,XKG,2015,5,Total,12,77600,94550,166206,,
Crab,XKG,2015,6,3,1,1316,*,*,,
Crab,XKG,2015,6,4,4,9735,27224,48448,,
Crab,XKG,2015,6,5,2,3439,*,*,,
Crab,XKG,2015,6,6,2,1788,*,*,,
Crab,XKG,2015,6,8,1,4709,*,*,,
Crab,XKG,2015,6,10,2,1011,*,*,,
Crab,XKG,2015,6,12,2,392,*,*,,
Crab,XKG,2015,6,15,1,769,*,*,,
Crab,XKG,2015,6,16,2,913,*,*,,
Crab,XKG,2015,6,21,2,445,*,*,,
Crab,XKG,2015,6,22,2,2619,*,*,,
Crab,XKG,2015,6,25,1,134,*,*,,
Crab,XKG,2015,6,Total,5,27270,45213,81622,,
Crab,XKG,2015,7,3,2,597,*,*,,
Crab,XKG,2015,7,7,1,1184,*,*,,
Crab,XKG,2015,7,9,1,30,*,*,,
Crab,XKG,2015,7,14,2,2057,*,*,,
Crab,XKG,2015,7,15,1,55,*,*,,
Crab,XKG,2015,7,16,1,278,*,*,,
Crab,XKG,2015,7,17,1,267,*,*,,
Crab,XKG,2015,7,21,1,25,*,*,,
Crab,XKG,2015,7,23,1,55,*,*,,
Crab,XKG,2015,7,27,1,40,*,*,,
Crab,XKG,2015,7,29,1,755,*,*,,
Crab,XKG,2015,7,30,1,170,*,*,,
Crab,XKG,2015,7,Total,4,5513,8144,14899,,
Crab,XKG,2015,8,2,1,1964,*,*,,
Crab,XKG,2015,8,4,4,2944,5373,10918,,
Crab,XKG,2015,8,5,1,54,*,*,,
Crab,XKG,2015,8,6,1,373,*,*,,
Crab,XKG,2015,8,8,1,44,*,*,,
Crab,XKG,2015,8,11,1,50,*,*,,
Crab,XKG,2015,8,14,1,2028,*,*,,
Crab,XKG,2015,8,16,3,436,1805,3763,,
Crab,XKG,2015,8,Total,4,7893,17870,36435,,
Crab,XKG,2015,9,1,1,52,*,*,,
Crab,XKG,2015,9,7,1,64,*,*,,
Crab,XKG,2015,9,10,1,161,*,*,,
Crab,XKG,2015,9,11,1,56,*,*,,
Crab,XKG,2015,9,12,1,404,*,*,,
Crab,XKG,2015,9,Total,1,737,*,*,,
Crab,XKG,2015,10,3,3,216,591,1163,,
Crab,XKG,2015,10,4,1,134,*,*,,
Crab,XKG,2015,10,5,1,18,*,*,,
Crab,XKG,2015,10,6,1,21,*,*,,
Crab,XKG,2015,10,7,2,230,*,*,,
Crab,XKG,2015,10,10,1,130,*,*,,
Crab,XKG,2015,10,12,3,2996,8622,18680,,
Crab,XKG,2015,10,Total,3,3745,9844,21113,,
Crab,XKG,2015,11,1,1,27,*,*,,
Crab,XKG,2015,11,2,1,861,*,*,,
Crab,XKG,2015,11,Total,2,888,*,*,,
Crab,XKG,2015,12,1,3,723,1180,1893,,
Crab,XKG,2015,12,2,6,4429,6494,10631,,
Crab,XKG,2015,12,4,1,16,*,*,,
Crab,XKG,2015,12,5,2,210,*,*,,
Crab,XKG,2015,12,6,10,19890,37466,64843,,
Crab,XKG,2015,12,7,1,10,*,*,,
Crab,XKG,2015,12,13,1,1635,*,*,,
Crab,XKG,2015,12,16,2,2052,*,*,,
Crab,XKG,2015,12,17,1,79,*,*,,
Crab,XKG,2015,12,18,6,1341,3851,6260,,
Crab,XKG,2015,12,19,2,36,*,*,,
Crab,XKG,2015,12,20,3,241,285,465,,
Crab,XKG,2015,12,21,1,60,*,*,,
Crab,XKG,2015,12,22,4,1025,2506,3917,,
Crab,XKG,2015,12,23,1,12,*,*,,
Crab,XKG,2015,12,24,1,140,*,*,,
Crab,XKG,2015,12,25,5,6313,9470,15596,,
Crab,XKG,2015,12,26,11,27329,46404,76104,,
Crab,XKG,2015,12,27,5,7112,19379,31613,,
Crab,XKG,2015,12,28,3,846,2266,3939,,
Crab,XKG,2015,12,29,6,3310,9728,15660,,
Crab,XKG,2015,12,30,1,102,*,*,,
Crab,XKG,2015,12,35,5,7331,13436,25691,,
Crab,XKG,2015,12,36,4,3885,4414,8323,,
Crab,XKG,2015,12,37,3,1017,3050,5117,,
Crab,XKG,2015,12,38,1,74,*,*,,
Crab,XKG,2015,12,39,9,18044,47576,77762,,
Crab,XKG,2015,12,40,2,2809,*,*,,
Crab,XKG,2015,12,41,3,4089,14315,24013,,
Crab,XKG,2015,12,42,2,2687,*,*,,
Crab,XKG,2015,12,43,2,72,*,*,,
Crab,XKG,2015,12,48,1,643,*,*,,
Crab,XKG,2015,12,Total,14,117562,260659,439489,,
Crab,XKG,2015,13,1,1,38,*,*,,
Crab,XKG,2015,13,12,1,388,*,*,,
Crab,XKG,2015,13,14,1,38,*,*,,
Crab,XKG,2015,13,15,1,1059,*,*,,
Crab,XKG,2015,13,17,1,20,*,*,,
Crab,XKG,2015,13,23,3,520,465,722,,
Crab,XKG,2015,13,24,4,12334,26254,40513,,
Crab,XKG,2015,13,25,1,96,*,*,,
Crab,XKG,2015,13,26,2,518,*,*,,
Crab,XKG,2015,13,35,2,26,*,*,,
Crab,XKG,2015,13,36,3,524,856,1401,,
Crab,XKG,2015,13,37,4,5355,9916,16356,,
Crab,XKG,2015,13,38,3,1452,2871,4658,,
Crab,XKG,2015,13,42,2,1151,*,*,,
Crab,XKG,2015,13,43,1,252,*,*,,
Crab,XKG,2015,13,Total,7,23771,47959,75529,,
Crab,XKG,2015,14,1,4,7362,12180,19465,,
Crab,XKG,2015,14,2,1,76,*,*,,
Crab,XKG,2015,14,3,1,57,*,*,,
Crab,XKG,2015,14,4,5,12000,17079,26791,,
Crab,XKG,2015,14,5,3,1503,3633,5885,,
Crab,XKG,2015,14,6,1,10,*,*,,
Crab,XKG,2015,14,7,2,109,*,*,,
Crab,XKG,2015,14,8,3,516,899,1486,,
Crab,XKG,2015,14,9,2,151,*,*,,
Crab,XKG,2015,14,10,1,1630,*,*,,
Crab,XKG,2015,14,13,2,1245,*,*,,
Crab,XKG,2015,14,15,1,145,*,*,,
Crab,XKG,2015,14,Total,7,24804,42400,67304,,
Crab,XKG,2015,15,1,2,18968,*,*,,
Crab,XKG,2015,15,2,2,33586,*,*,,
Crab,XKG,2015,15,3,1,1034,*,*,,
Crab,XKG,2015,15,5,1,59,*,*,,
Crab,XKG,2015,15,6,1,516,*,*,,
Crab,XKG,2015,15,Total,3,54163,60732,101929,,
Crab,XKG,2015,16,1,4,13085,18074,29155,,
Crab,XKG,2015,16,2,2,4921,*,*,,
Crab,XKG,2015,16,5,1,3969,*,*,,
Crab,XKG,2015,16,6,1,3,*,*,,
Crab,XKG,2015,16,7,1,1563,*,*,,
Crab,XKG,2015,16,8,1,249,*,*,,
Crab,XKG,2015,16,11,1,30,*,*,,
Crab,XKG,2015,16,18,1,14,*,*,,
Crab,XKG,2015,16,19,3,684,1595,2652,,
Crab,XKG,2015,16,21,4,122,42,67,,
Crab,XKG,2015,16,22,1,20,*,*,,
Crab,XKG,2015,16,Total,6,24660,37537,60336,,
Crab,XKG,2015,17,1,6,10069,11998,20161,,
Crab,XKG,2015,17,2,13,53169,83707,134991,,
Crab,XKG,2015,17,3,6,3030,5522,9048,,
Crab,XKG,2015,17,4,7,3990,7525,12093,,
Crab,XKG,2015,17,5,5,5000,12065,19595,,
Crab,XKG,2015,17,6,5,4847,11083,17871,,
Crab,XKG,2015,17,7,4,4638,8466,13736,,
Crab,XKG,2015,17,8,6,3253,7014,11149,,
Crab,XKG,2015,17,10,4,1405,2151,3504,,
Crab,XKG,2015,17,11,3,222,350,552,,
Crab,XKG,2015,17,12,1,38,*,*,,
Crab,XKG,2015,17,13,4,3203,4637,7587,,
Crab,XKG,2015,17,14,2,1084,*,*,,
Crab,XKG,2015,17,16,3,1961,3575,5735,,
Crab,XKG,2015,17,17,3,9288,19288,30130,,
Crab,XKG,2015,17,18,1,4280,*,*,,
Crab,XKG,2015,17,19,3,1145,2387,4050,,
Crab,XKG,2015,17,20,2,395,*,*,,
Crab,XKG,2015,17,Total,22,111017,192898,311844,,
Crab,XKG,2015,18,1,1,1989,*,*,,
Crab,XKG,2015,18,2,5,1889,1892,3413,,
Crab,XKG,2015,18,3,13,49468,64045,117022,,
Crab,XKG,2015,18,4,7,6426,10844,18639,,
Crab,XKG,2015,18,5,11,98367,167909,280120,,
Crab,XKG,2015,18,6,10,34074,51787,89080,,
Crab,XKG,2015,18,7,8,32418,54636,92034,,
Crab,XKG,2015,18,8,1,5,*,*,,
Crab,XKG,2015,18,9,1,208,*,*,,
Crab,XKG,2015,18,Total,24,224844,355928,608416,,
Crab,XKG,2015,19,3,5,42418,81049,155051,,
Crab,XKG,2015,19,4,2,1152,*,*,,
Crab,XKG,2015,19,5,25,460086,446692,747233,,
Crab,XKG,2015,19,7,4,371,436,800,,
Crab,XKG,2015,19,8,5,8580,14292,24284,,
Crab,XKG,2015,19,12,1,114,*,*,,
Crab,XKG,2015,19,Total,30,512721,545601,933042,,
Crab,XKG,2015,20,1,5,3440,4880,8759,,
Crab,XKG,2015,20,2,5,24796,31128,56580,,
Crab,XKG,2015,20,3,3,1180,1545,2870,,
Crab,XKG,2015,20,4,10,88184,104129,191279,,
Crab,XKG,2015,20,5,9,31581,52573,95815,,
Crab,XKG,2015,20,6,6,15995,18412,33111,,
Crab,XKG,2015,20,7,5,1418,1378,2420,,
Crab,XKG,2015,20,Total,11,166594,214045,390834,,
Crab,XKG,2015,21,0,5,20754,39411,74898,,
Crab,XKG,2015,21,Total,5,20754,39411,74898,,
Crab,XKG,2015,23,2,1,53,*,*,,
Crab,XKG,2015,23,3,1,223,*,*,,
Crab,XKG,2015,23,4,1,68,*,*,,
Crab,XKG,2015,23,6,2,3555,*,*,,
Crab,XKG,2015,23,7,1,1067,*,*,,
Crab,XKG,2015,23,8,3,407,573,1072,,
Crab,XKG,2015,23,9,1,144,*,*,,
Crab,XKG,2015,23,10,4,3982,4525,8038,,
Crab,XKG,2015,23,Total,4,9499,13459,24481,,
Crab,XKG,2015,24,2,3,5533,16026,24114,,
Crab,XKG,2015,24,3,1,354,*,*,,
Crab,XKG,2015,24,4,2,1777,*,*,,
Crab,XKG,2015,24,6,6,5787,13086,21993,,
Crab,XKG,2015,24,7,5,5662,12164,21902,,
Crab,XKG,2015,24,8,4,2477,2536,4329,,
Crab,XKG,2015,24,9,16,57426,96743,163872,,
Crab,XKG,2015,24,10,6,9062,24641,43749,,
Crab,XKG,2015,24,11,9,14039,25988,44309,,
Crab,XKG,2015,24,12,3,1122,2612,4716,,
Crab,XKG,2015,24,14,1,162,*,*,,
Crab,XKG,2015,24,Total,21,103401,202412,343909,,
Crab,XKG,2015,25,5,1,49,*,*,,
Crab,XKG,2015,25,Total,1,49,*,*,,
Crab,XKG,2015,27,7,2,927,*,*,,
Crab,XKG,2015,27,8,1,1343,*,*,,
Crab,XKG,2015,27,10,2,2118,*,*,,
Crab,XKG,2015,27,11,2,6055,*,*,,
Crab,XKG,2015,27,Total,2,10443,*,*,,
Crab,XKG,2015,28,2,2,1095,*,*,,
Crab,XKG,2015,28,4,2,6047,*,*,,
Crab,XKG,2015,28,5,2,12552,*,*,,
Crab,XKG,2015,28,6,2,1623,*,*,,
Crab,XKG,2015,28,7,9,46916,75552,121283,,
Crab,XKG,2015,28,9,3,509,1079,1665,,
Crab,XKG,2015,28,11,4,36129,44114,72805,,
Crab,XKG,2015,28,12,3,8715,12876,19950,,
Crab,XKG,2015,28,13,2,1205,*,*,,
Crab,XKG,2015,28,14,2,434,*,*,,
Crab,XKG,2015,28,Total,13,115225,169813,272937,,
Crab,XKG,2015,29,1,1,100,*,*,,
Crab,XKG,2015,29,2,8,31008,47572,81391,,
Crab,XKG,2015,29,3,16,98101,137134,219173,,
Crab,XKG,2015,29,4,5,17019,20255,35636,,
Crab,XKG,2015,29,5,5,1575,**,**,,
Crab,XKG,2015,29,6,14,95201,147849,235983,,
Crab,XKG,2015,29,7,4,32693,32771,54015,,
Crab,XKG,2015,29,8,20,291033,348773,558320,,
Crab,XKG,2015,29,9,9,36717,43022,68292,,
Crab,XKG,2015,29,10,8,23385,26900,40951,,
Crab,XKG,2015,29,Total,56,626832,807780,1299371,,
Crab,XKG,2015,101,0,1,4120,*,*,,
Crab,XKG,2015,101,7,16,5182,**,**,,
Crab,XKG,2015,101,10,31,38328,120198,227625,,
Crab,XKG,2015,101,Total,34,47630,140372,262974,,
Crab,XKG,2015,102,1,39,215942,742830,1396545,,
Crab,XKG,2015,102,Total,39,215942,742830,1396545,,
Crab,XKG,2015,104,0,1,561,*,*,,
Crab,XKG,2015,104,1,1,280,*,*,,
Crab,XKG,2015,104,2,27,33387,125314,237128,,
Crab,XKG,2015,104,3,16,9422,35982,66286,,
Crab,XKG,2015,104,4,16,15066,46454,84492,,
Crab,XKG,2015,104,5,33,63243,236875,439855,,
Crab,XKG,2015,104,Total,37,121959,447446,833014,,
Crab,XKG,2015,105,1,4,791,2257,4017,,
Crab,XKG,2015,105,Total,4,791,2257,4017,,
Crab,XKG,2015,108,1,2,1423,*,*,,
Crab,XKG,2015,108,Total,2,1423,*,*,,
Crab,XKG,2015,110,0,1,250,*,*,,
Crab,XKG,2015,110,Total,1,250,*,*,,
Crab,XKG,2015,121,0,1,195,*,*,,
Crab,XKG,2015,121,1,4,5172,5328,9633,,
Crab,XKG,2015,121,2,2,44,*,*,,
Crab,XKG,2015,121,Total,4,5411,5558,10047,,
Crab,XKG,2015,123,1,1,1219,*,*,,
Crab,XKG,2015,123,2,1,16,*,*,,
Crab,XKG,2015,123,5,2,3988,*,*,,
Crab,XKG,2015,123,6,1,3664,*,*,,
Crab,XKG,2015,123,Total,2,8887,*,*,,
Crab,XKG,2015,124,1,11,43681,132474,230651,,
Crab,XKG,2015,124,2,2,974,*,*,,
Crab,XKG,2015,124,3,14,44111,**,**,,
Crab,XKG,2015,124,Total,20,88766,257918,447514,,
Crab,XKG,2016,1,2,1,135,*,*,,
Crab,XKG,2016,1,3,6,3343,6188,10352,,
Crab,XKG,2016,1,4,8,41288,37787,62129,,
Crab,XKG,2016,1,5,22,56743,164637,297595,,
Crab,XKG,2016,1,6,3,1234,**,**,,
Crab,XKG,2016,1,Total,23,102743,210490,373109,,
Crab,XKG,2016,2,53,1,129,*,*,,
Crab,XKG,2016,2,91,1,91,*,*,,
Crab,XKG,2016,2,95,1,121,*,*,,
Crab,XKG,2016,2,Total,2,341,*,*,,
Crab,XKG,2016,3,1,2,1123,*,*,,
Crab,XKG,2016,3,6,4,6068,4946,9925,,
Crab,XKG,2016,3,7,3,2444,827,1843,,
Crab,XKG,2016,3,8,8,23038,11431,22420,,
Crab,XKG,2016,3,9,6,6963,4706,9619,,
Crab,XKG,2016,3,10,5,13528,6756,13206,,
Crab,XKG,2016,3,11,6,11959,9528,21551,,
Crab,XKG,2016,3,12,14,13166,17485,34321,,
Crab,XKG,2016,3,14,4,12301,12264,21568,,
Crab,XKG,2016,3,15,1,280,*,*,,
Crab,XKG,2016,3,17,3,3588,1952,3580,,
Crab,XKG,2016,3,18,12,12086,13926,24765,,
Crab,XKG,2016,3,Total,16,106544,84309,163904,,
Crab,XKG,2016,4,1,2,3023,*,*,,
Crab,XKG,2016,4,2,3,451,660,1096,,
Crab,XKG,2016,4,3,2,90,*,*,,
Crab,XKG,2016,4,5,6,8932,11981,20081,,
Crab,XKG,2016,4,6,2,402,*,*,,
Crab,XKG,2016,4,7,4,750,778,1294,,
Crab,XKG,2016,4,8,8,7448,10120,16602,,
Crab,XKG,2016,4,9,15,18513,21890,38725,,
Crab,XKG,2016,4,10,1,287,*,*,,
Crab,XKG,2016,4,11,1,108,*,*,,
Crab,XKG,2016,4,12,20,238863,212386,356431,,
Crab,XKG,2016,4,Total,21,278867,261644,441348,,
Crab,XKG,2016,5,1,5,3517,2538,3666,,
Crab,XKG,2016,5,2,3,1037,1389,2777,,
Crab,XKG,2016,5,4,8,6738,8991,16833,,
Crab,XKG,2016,5,5,3,461,338,668,,
Crab,XKG,2016,5,6,7,3448,4051,7233,,
Crab,XKG,2016,5,7,8,2920,4827,9004,,
Crab,XKG,2016,5,8,17,20003,18032,31787,,
Crab,XKG,2016,5,9,7,9904,12595,23590,,
Crab,XKG,2016,5,11,1,117,*,*,,
Crab,XKG,2016,5,14,4,659,883,1712,,
Crab,XKG,2016,5,15,2,840,*,*,,
Crab,XKG,2016,5,16,1,10,*,*,,
Crab,XKG,2016,5,18,2,169,*,*,,
Crab,XKG,2016,5,19,1,208,*,*,,
Crab,XKG,2016,5,20,3,628,1312,2400,,
Crab,XKG,2016,5,21,2,749,*,*,,
Crab,XKG,2016,5,23,3,5925,4076,7656,,
Crab,XKG,2016,5,24,5,5647,3512,6723,,
Crab,XKG,2016,5,Total,20,62980,65138,119021,,
Crab,XKG,2016,6,2,1,929,*,*,,
Crab,XKG,2016,6,3,5,2495,3335,6067,,
Crab,XKG,2016,6,4,7,13184,31180,54773,,
Crab,XKG,2016,6,5,3,1038,1028,1922,,
Crab,XKG,2016,6,6,1,2282,*,*,,
Crab,XKG,2016,6,8,1,1971,*,*,,
Crab,XKG,2016,6,9,1,118,*,*,,
Crab,XKG,2016,6,10,3,902,728,1328,,
Crab,XKG,2016,6,12,2,449,*,*,,
Crab,XKG,2016,6,13,1,682,*,*,,
Crab,XKG,2016,6,14,2,196,*,*,,
Crab,XKG,2016,6,15,2,655,*,*,,
Crab,XKG,2016,6,16,2,605,*,*,,
Crab,XKG,2016,6,19,1,233,*,*,,
Crab,XKG,2016,6,21,4,859,476,870,,
Crab,XKG,2016,6,22,1,3163,*,*,,
Crab,XKG,2016,6,23,1,1322,*,*,,
Crab,XKG,2016,6,24,1,30,*,*,,
Crab,XKG,2016,6,25,2,437,*,*,,
Crab,XKG,2016,6,28,1,100,*,*,,
Crab,XKG,2016,6,Total,9,31650,49573,88295,,
Crab,XKG,2016,7,3,1,165,*,*,,
Crab,XKG,2016,7,6,2,445,*,*,,
Crab,XKG,2016,7,7,2,1541,*,*,,
Crab,XKG,2016,7,9,3,1130,2198,3658,,
Crab,XKG,2016,7,13,1,356,*,*,,
Crab,XKG,2016,7,14,1,133,*,*,,
Crab,XKG,2016,7,15,1,14,*,*,,
Crab,XKG,2016,7,29,1,147,*,*,,
Crab,XKG,2016,7,Total,3,3931,7417,12937,,
Crab,XKG,2016,8,1,2,426,*,*,,
Crab,XKG,2016,8,2,1,813,*,*,,
Crab,XKG,2016,8,4,2,544,*,*,,
Crab,XKG,2016,8,6,1,159,*,*,,
Crab,XKG,2016,8,7,1,104,*,*,,
Crab,XKG,2016,8,8,1,30,*,*,,
Crab,XKG,2016,8,9,2,3288,*,*,,
Crab,XKG,2016,8,11,1,90,*,*,,
Crab,XKG,2016,8,12,2,5450,*,*,,
Crab,XKG,2016,8,14,2,1251,*,*,,
Crab,XKG,2016,8,16,2,382,*,*,,
Crab,XKG,2016,8,Total,6,12537,30257,53067,,
Crab,XKG,2016,9,1,1,18,*,*,,
Crab,XKG,2016,9,8,1,50,*,*,,
Crab,XKG,2016,9,10,1,54,*,*,,
Crab,XKG,2016,9,12,2,580,*,*,,
Crab,XKG,2016,9,Total,2,702,*,*,,
Crab,XKG,2016,10,3,1,97,*,*,,
Crab,XKG,2016,10,4,1,61,*,*,,
Crab,XKG,2016,10,5,1,89,*,*,,
Crab,XKG,2016,10,6,1,8,*,*,,
Crab,XKG,2016,10,7,1,197,*,*,,
Crab,XKG,2016,10,12,1,2398,*,*,,
Crab,XKG,2016,10,Total,1,2850,*,*,,
Crab,XKG,2016,11,2,2,1361,*,*,,
Crab,XKG,2016,11,3,1,20,*,*,,
Crab,XKG,2016,11,Total,2,1381,*,*,,
Crab,XKG,2016,12,1,2,755,*,*,,
Crab,XKG,2016,12,2,4,2680,3973,5905,,
Crab,XKG,2016,12,5,3,889,2426,3426,,
Crab,XKG,2016,12,6,10,31872,46037,82614,,
Crab,XKG,2016,12,7,2,117,*,*,,
Crab,XKG,2016,12,8,2,117,*,*,,
Crab,XKG,2016,12,11,1,37,*,*,,
Crab,XKG,2016,12,12,1,1255,*,*,,
Crab,XKG,2016,12,13,4,3045,7640,13069,,
Crab,XKG,2016,12,16,2,3257,*,*,,
Crab,XKG,2016,12,17,1,260,*,*,,
Crab,XKG,2016,12,18,3,1714,4145,7099,,
Crab,XKG,2016,12,20,5,356,636,986,,
Crab,XKG,2016,12,22,2,939,*,*,,
Crab,XKG,2016,12,23,2,71,*,*,,
Crab,XKG,2016,12,24,1,1790,*,*,,
Crab,XKG,2016,12,25,4,8201,14048,23175,,
Crab,XKG,2016,12,26,10,35633,54577,89380,,
Crab,XKG,2016,12,27,3,9489,15151,25844,,
Crab,XKG,2016,12,28,1,4203,*,*,,
Crab,XKG,2016,12,29,2,1611,*,*,,
Crab,XKG,2016,12,35,3,706,1005,1656,,
Crab,XKG,2016,12,36,2,1706,*,*,,
Crab,XKG,2016,12,37,1,8,*,*,,
Crab,XKG,2016,12,38,1,89,*,*,,
Crab,XKG,2016,12,39,9,21319,45309,74754,,
Crab,XKG,2016,12,40,3,1166,2923,4782,,
Crab,XKG,2016,12,41,5,10760,26891,46854,,
Crab,XKG,2016,12,42,2,7312,*,*,,
Crab,XKG,2016,12,43,2,1673,*,*,,
Crab,XKG,2016,12,48,1,1036,*,*,,
Crab,XKG,2016,12,Total,14,154066,272239,459735,,
Crab,XKG,2016,13,12,2,84,*,*,,
Crab,XKG,2016,13,15,1,317,*,*,,
Crab,XKG,2016,13,19,1,27,*,*,,
Crab,XKG,2016,13,21,2,498,*,*,,
Crab,XKG,2016,13,22,1,3,*,*,,
Crab,XKG,2016,13,23,1,142,*,*,,
Crab,XKG,2016,13,24,4,9862,21496,35090,,
Crab,XKG,2016,13,25,3,109,190,312,,
Crab,XKG,2016,13,26,3,121,329,515,,
Crab,XKG,2016,13,36,1,470,*,*,,
Crab,XKG,2016,13,37,2,2155,*,*,,
Crab,XKG,2016,13,38,2,400,*,*,,
Crab,XKG,2016,13,42,3,2183,4841,7805,,
Crab,XKG,2016,13,43,1,27,*,*,,
Crab,XKG,2016,13,Total,5,16398,37463,61047,,
Crab,XKG,2016,14,1,6,4452,9403,15337,,
Crab,XKG,2016,14,3,1,44,*,*,,
Crab,XKG,2016,14,4,7,5149,14360,23555,,
Crab,XKG,2016,14,5,6,1366,2616,4139,,
Crab,XKG,2016,14,6,1,37,*,*,,
Crab,XKG,2016,14,7,1,20,*,*,,
Crab,XKG,2016,14,8,3,290,554,916,,
Crab,XKG,2016,14,9,2,113,*,*,,
Crab,XKG,2016,14,10,2,1169,*,*,,
Crab,XKG,2016,14,13,2,913,*,*,,
Crab,XKG,2016,14,15,3,248,574,935,,
Crab,XKG,2016,14,Total,10,13801,33768,54977,,
Crab,XKG,2016,15,1,1,1679,*,*,,
Crab,XKG,2016,15,2,2,26725,*,*,,
Crab,XKG,2016,15,3,1,781,*,*,,
Crab,XKG,2016,15,5,1,52,*,*,,
Crab,XKG,2016,15,6,1,518,*,*,,
Crab,XKG,2016,15,Total,2,29755,*,*,,
Crab,XKG,2016,16,1,4,10886,14771,23965,,
Crab,XKG,2016,16,2,3,2657,4291,6915,,
Crab,XKG,2016,16,3,1,280,*,*,,
Crab,XKG,2016,16,5,1,3270,*,*,,
Crab,XKG,2016,16,6,1,1,*,*,,
Crab,XKG,2016,16,7,1,572,*,*,,
Crab,XKG,2016,16,8,1,409,*,*,,
Crab,XKG,2016,16,17,1,52,*,*,,
Crab,XKG,2016,16,19,1,466,*,*,,
Crab,XKG,2016,16,21,1,72,*,*,,
Crab,XKG,2016,16,Total,5,18665,26810,43342,,
Crab,XKG,2016,17,1,8,13440,16608,27326,,
Crab,XKG,2016,17,2,16,22614,33359,54285,,
Crab,XKG,2016,17,3,5,1861,2260,3734,,
Crab,XKG,2016,17,4,4,3086,3158,5097,,
Crab,XKG,2016,17,5,5,4525,6738,10798,,
Crab,XKG,2016,17,6,7,3937,7235,11955,,
Crab,XKG,2016,17,7,3,2496,4021,6671,,
Crab,XKG,2016,17,8,7,2877,4496,7399,,
Crab,XKG,2016,17,9,1,336,*,*,,
Crab,XKG,2016,17,10,2,661,*,*,,
Crab,XKG,2016,17,11,2,451,*,*,,
Crab,XKG,2016,17,12,2,354,*,*,,
Crab,XKG,2016,17,13,4,4626,6827,10876,,
Crab,XKG,2016,17,14,3,2885,4501,7157,,
Crab,XKG,2016,17,15,2,481,*,*,,
Crab,XKG,2016,17,16,3,2203,3404,5486,,
Crab,XKG,2016,17,17,3,6996,7799,11968,,
Crab,XKG,2016,17,18,5,699,787,1315,,
Crab,XKG,2016,17,19,6,3152,5645,9377,,
Crab,XKG,2016,17,20,2,197,*,*,,
Crab,XKG,2016,17,21,1,15,*,*,,
Crab,XKG,2016,17,Total,22,77892,109864,178114,,
Crab,XKG,2016,18,1,3,7844,13686,22647,,
Crab,XKG,2016,18,2,4,541,584,1029,,
Crab,XKG,2016,18,3,12,36981,38722,69406,,
Crab,XKG,2016,18,4,7,4536,6909,11241,,
Crab,XKG,2016,18,5,19,82014,133964,222989,,
Crab,XKG,2016,18,6,7,14587,19717,32114,,
Crab,XKG,2016,18,7,10,31508,41265,69787,,
Crab,XKG,2016,18,8,3,83,48,94,,
Crab,XKG,2016,18,9,1,208,*,*,,
Crab,XKG,2016,18,11,1,1600,*,*,,
Crab,XKG,2016,18,Total,27,179902,258805,435599,,
Crab,XKG,2016,19,3,7,74322,146084,268409,,
Crab,XKG,2016,19,4,2,1154,*,*,,
Crab,XKG,2016,19,5,33,417043,411760,687360,,
Crab,XKG,2016,19,7,3,1248,**,**,,
Crab,XKG,2016,19,8,6,5657,7616,13042,,
Crab,XKG,2016,19,Total,40,499424,569929,977325,,
Crab,XKG,2016,20,1,1,1800,*,*,,
Crab,XKG,2016,20,2,2,12823,*,*,,
Crab,XKG,2016,20,3,2,1169,*,*,,
Crab,XKG,2016,20,4,7,60372,170771,317844,,
Crab,XKG,2016,20,5,6,28201,73439,133503,,
Crab,XKG,2016,20,6,6,10904,23863,44016,,
Crab,XKG,2016,20,7,4,3725,7877,14232,,
Crab,XKG,2016,20,Total,7,118994,335800,626172,,
Crab,XKG,2016,21,0,5,18872,38774,70806,,
Crab,XKG,2016,21,Total,5,18872,38774,70806,,
Crab,XKG,2016,23,0,1,95,*,*,,
Crab,XKG,2016,23,1,1,0,*,*,,
Crab,XKG,2016,23,2,1,96,*,*,,
Crab,XKG,2016,23,3,2,238,*,*,,
Crab,XKG,2016,23,4,3,945,1271,2304,,
Crab,XKG,2016,23,5,2,6618,*,*,,
Crab,XKG,2016,23,6,4,911,957,1709,,
Crab,XKG,2016,23,7,6,1275,1927,3467,,
Crab,XKG,2016,23,8,4,612,482,844,,
Crab,XKG,2016,23,9,2,98,*,*,,
Crab,XKG,2016,23,10,4,760,575,1018,,
Crab,XKG,2016,23,11,5,411,880,1747,,
Crab,XKG,2016,23,Total,11,12059,18713,32619,,
Crab,XKG,2016,24,1,2,144,*,*,,
Crab,XKG,2016,24,2,4,1314,3463,6230,,
Crab,XKG,2016,24,3,1,570,*,*,,
Crab,XKG,2016,24,4,5,1206,2101,3782,,
Crab,XKG,2016,24,5,1,798,*,*,,
Crab,XKG,2016,24,6,15,17321,28887,48915,,
Crab,XKG,2016,24,7,7,5969,10856,18879,,
Crab,XKG,2016,24,8,13,8558,9283,15456,,
Crab,XKG,2016,24,9,15,23468,32855,55115,,
Crab,XKG,2016,24,10,6,3930,7153,12540,,
Crab,XKG,2016,24,11,9,9426,14492,24946,,
Crab,XKG,2016,24,12,3,812,1444,2618,,
Crab,XKG,2016,24,13,1,20,*,*,,
Crab,XKG,2016,24,Total,26,73536,113019,193005,,
Crab,XKG,2016,25,2,2,380,*,*,,
Crab,XKG,2016,25,3,1,10,*,*,,
Crab,XKG,2016,25,13,1,50,*,*,,
Crab,XKG,2016,25,Total,3,440,708,1276,,
Crab,XKG,2016,27,7,1,121,*,*,,
Crab,XKG,2016,27,8,2,727,*,*,,
Crab,XKG,2016,27,10,2,1958,*,*,,
Crab,XKG,2016,27,11,2,6622,*,*,,
Crab,XKG,2016,27,Total,2,9428,*,*,,
Crab,XKG,2016,28,4,1,175,*,*,,
Crab,XKG,2016,28,5,2,4040,*,*,,
Crab,XKG,2016,28,6,2,1033,*,*,,
Crab,XKG,2016,28,7,5,22590,25707,40697,,
Crab,XKG,2016,28,9,2,70,*,*,,
Crab,XKG,2016,28,11,3,28134,23212,38425,,
Crab,XKG,2016,28,12,2,4057,*,*,,
Crab,XKG,2016,28,13,2,1878,*,*,,
Crab,XKG,2016,28,14,2,389,*,*,,
Crab,XKG,2016,28,Total,6,62366,64096,104459,,
Crab,XKG,2016,29,2,1,1800,*,*,,
Crab,XKG,2016,29,3,11,43035,63682,100142,,
Crab,XKG,2016,29,4,2,651,*,*,,
Crab,XKG,2016,29,5,3,2357,3230,5191,,
Crab,XKG,2016,29,6,11,122405,189854,302857,,
Crab,XKG,2016,29,7,4,10179,12339,18830,,
Crab,XKG,2016,29,8,25,308444,375920,598337,,
Crab,XKG,2016,29,9,6,26723,33430,53025,,
Crab,XKG,2016,29,10,7,27982,28325,45336,,
Crab,XKG,2016,29,Total,45,543576,708615,1126599,,
Crab,XKG,2016,101,7,8,3631,15258,28102,,
Crab,XKG,2016,101,10,21,41116,122251,228805,,
Crab,XKG,2016,101,Total,22,44747,137509,256907,,
Crab,XKG,2016,102,1,28,126780,275975,494214,,
Crab,XKG,2016,102,Total,28,126780,275975,494214,,
Crab,XKG,2016,104,2,21,33931,100838,188300,,
Crab,XKG,2016,104,3,17,15979,36113,69690,,
Crab,XKG,2016,104,4,10,5264,16513,30670,,
Crab,XKG,2016,104,5,21,45522,102352,187569,,
Crab,XKG,2016,104,Total,28,100696,255816,476229,,
Crab,XKG,2016,105,1,5,6789,22812,45893,,
Crab,XKG,2016,105,Total,5,6789,22812,45893,,
Crab,XKG,2016,108,1,2,9101,*,*,,
Crab,XKG,2016,108,2,1,123,*,*,,
Crab,XKG,2016,108,Total,2,9224,*,*,,
Crab,XKG,2016,121,1,4,4110,**,**,,
Crab,XKG,2016,121,2,2,407,*,*,,
Crab,XKG,2016,121,Total,4,4517,14239,25132,,
Crab,XKG,2016,123,1,1,885,*,*,,
Crab,XKG,2016,123,3,2,2457,*,*,,
Crab,XKG,2016,123,5,8,4860,7057,11995,,
Crab,XKG,2016,123,6,7,17805,29910,56637,,
Crab,XKG,2016,123,Total,10,26007,46394,85468,,
Crab,XKG,2016,124,1,21,74280,89428,161863,,
Crab,XKG,2016,124,2,3,263,574,1037,,
Crab,XKG,2016,124,3,18,31465,45575,79098,,
Crab,XKG,2016,124,Total,24,106008,135577,241998,,
Crab,XKG,2017,1,1,1,89,*,*,,
Crab,XKG,2017,1,3,1,1577,*,*,,
Crab,XKG,2017,1,4,7,11414,8877,13915,,
Crab,XKG,2017,1,5,25,36894,109354,186195,,
Crab,XKG,2017,1,6,1,190,*,*,,
Crab,XKG,2017,1,Total,25,50164,128844,216460,,
Crab,XKG,2017,3,1,1,150,*,*,,
Crab,XKG,2017,3,3,2,399,*,*,,
Crab,XKG,2017,3,6,5,6387,2872,6126,,
Crab,XKG,2017,3,7,4,830,667,1229,,
Crab,XKG,2017,3,8,8,7294,6008,9913,,
Crab,XKG,2017,3,9,5,3260,2775,4435,,
Crab,XKG,2017,3,10,8,18039,10853,19074,,
Crab,XKG,2017,3,11,5,33769,30303,59722,,
Crab,XKG,2017,3,12,14,21757,29808,52509,,
Crab,XKG,2017,3,13,3,692,624,1252,,
Crab,XKG,2017,3,14,8,58527,44287,72173,,
Crab,XKG,2017,3,15,1,2017,*,*,,
Crab,XKG,2017,3,17,6,10123,6367,11327,,
Crab,XKG,2017,3,18,15,9418,12413,21126,,
Crab,XKG,2017,3,Total,17,172662,152482,266210,,
Crab,XKG,2017,4,1,3,1564,853,1434,,
Crab,XKG,2017,4,2,2,347,*,*,,
Crab,XKG,2017,4,5,7,11423,16280,25381,,
Crab,XKG,2017,4,6,4,555,1064,1743,,
Crab,XKG,2017,4,8,4,1210,1548,2771,,
Crab,XKG,2017,4,9,16,38984,39129,63752,,
Crab,XKG,2017,4,12,19,264573,244277,416699,,
Crab,XKG,2017,4,14,1,44,*,*,,
Crab,XKG,2017,4,15,5,1401,1534,2557,,
Crab,XKG,2017,4,Total,21,320101,305418,515459,,
Crab,XKG,2017,5,1,8,5000,5062,7403,,
Crab,XKG,2017,5,2,2,163,*,*,,
Crab,XKG,2017,5,4,6,7690,9506,16302,,
Crab,XKG,2017,5,5,4,3447,3343,5658,,
Crab,XKG,2017,5,6,12,14577,19275,30874,,
Crab,XKG,2017,5,7,5,2648,4255,8272,,
Crab,XKG,2017,5,8,10,7474,9603,17637,,
Crab,XKG,2017,5,9,5,3768,6292,11678,,
Crab,XKG,2017,5,11,2,175,*,*,,
Crab,XKG,2017,5,12,1,130,*,*,,
Crab,XKG,2017,5,14,2,1103,*,*,,
Crab,XKG,2017,5,15,1,1211,*,*,,
Crab,XKG,2017,5,18,1,3,*,*,,
Crab,XKG,2017,5,20,2,276,*,*,,
Crab,XKG,2017,5,21,1,370,*,*,,
Crab,XKG,2017,5,23,4,3647,6477,11577,,
Crab,XKG,2017,5,24,4,2303,3346,6103,,
Crab,XKG,2017,5,Total,18,53985,74926,130666,,
Crab,XKG,2017,6,3,3,2719,6136,11479,,
Crab,XKG,2017,6,4,7,14361,23440,40922,,
Crab,XKG,2017,6,5,2,501,*,*,,
Crab,XKG,2017,6,6,3,1290,1306,2398,,
Crab,XKG,2017,6,7,1,137,*,*,,
Crab,XKG,2017,6,8,1,385,*,*,,
Crab,XKG,2017,6,10,1,193,*,*,,
Crab,XKG,2017,6,12,1,119,*,*,,
Crab,XKG,2017,6,13,1,366,*,*,,
Crab,XKG,2017,6,15,1,20,*,*,,
Crab,XKG,2017,6,21,1,82,*,*,,
Crab,XKG,2017,6,22,1,604,*,*,,
Crab,XKG,2017,6,23,1,674,*,*,,
Crab,XKG,2017,6,24,1,40,*,*,,
Crab,XKG,2017,6,25,1,103,*,*,,
Crab,XKG,2017,6,27,1,110,*,*,,
Crab,XKG,2017,6,Total,8,21704,37397,66322,,
Crab,XKG,2017,7,3,1,214,*,*,,
Crab,XKG,2017,7,6,1,40,*,*,,
Crab,XKG,2017,7,7,2,97,*,*,,
Crab,XKG,2017,7,8,1,49,*,*,,
Crab,XKG,2017,7,9,3,478,684,1215,,
Crab,XKG,2017,7,12,1,5,*,*,,
Crab,XKG,2017,7,13,1,328,*,*,,
Crab,XKG,2017,7,14,1,202,*,*,,
Crab,XKG,2017,7,29,3,212,252,389,,
Crab,XKG,2017,7,Total,4,1625,2708,5105,,
Crab,XKG,2017,8,2,2,513,*,*,,
Crab,XKG,2017,8,4,2,608,*,*,,
Crab,XKG,2017,8,6,1,191,*,*,,
Crab,XKG,2017,8,9,1,942,*,*,,
Crab,XKG,2017,8,12,1,1775,*,*,,
Crab,XKG,2017,8,13,1,19,*,*,,
Crab,XKG,2017,8,14,2,945,*,*,,
Crab,XKG,2017,8,16,2,200,*,*,,
Crab,XKG,2017,8,Total,3,5193,9544,16533,,
Crab,XKG,2017,9,10,1,117,*,*,,
Crab,XKG,2017,9,12,2,99,*,*,,
Crab,XKG,2017,9,Total,3,216,513,935,,
Crab,XKG,2017,10,3,2,101,*,*,,
Crab,XKG,2017,10,5,2,218,*,*,,
Crab,XKG,2017,10,6,1,0,*,*,,
Crab,XKG,2017,10,7,2,281,*,*,,
Crab,XKG,2017,10,10,2,103,*,*,,
Crab,XKG,2017,10,12,2,2600,*,*,,
Crab,XKG,2017,10,Total,2,3303,*,*,,
Crab,XKG,2017,11,2,2,237,*,*,,
Crab,XKG,2017,11,Total,2,237,*,*,,
Crab,XKG,2017,12,1,4,1874,2616,4351,,
Crab,XKG,2017,12,2,4,1497,1996,3156,,
Crab,XKG,2017,12,3,1,36,*,*,,
Crab,XKG,2017,12,5,5,1027,2476,3924,,
Crab,XKG,2017,12,6,11,33504,52612,97024,,
Crab,XKG,2017,12,7,1,10,*,*,,
Crab,XKG,2017,12,8,2,58,*,*,,
Crab,XKG,2017,12,9,1,190,*,*,,
Crab,XKG,2017,12,13,2,1704,*,*,,
Crab,XKG,2017,12,16,2,3299,*,*,,
Crab,XKG,2017,12,17,3,377,1051,1802,,
Crab,XKG,2017,12,18,6,2391,6377,10941,,
Crab,XKG,2017,12,20,4,677,1076,1889,,
Crab,XKG,2017,12,21,1,12,*,*,,
Crab,XKG,2017,12,22,4,891,1726,2649,,
Crab,XKG,2017,12,24,1,1640,*,*,,
Crab,XKG,2017,12,25,7,10950,15510,26257,,
Crab,XKG,2017,12,26,10,32235,47771,78852,,
Crab,XKG,2017,12,27,2,3253,*,*,,
Crab,XKG,2017,12,28,2,2391,*,*,,
Crab,XKG,2017,12,29,1,858,*,*,,
Crab,XKG,2017,12,35,2,627,*,*,,
Crab,XKG,2017,12,36,1,1318,*,*,,
Crab,XKG,2017,12,37,2,532,*,*,,
Crab,XKG,2017,12,38,3,760,1018,2017,,
Crab,XKG,2017,12,39,9,25034,42411,73271,,
Crab,XKG,2017,12,40,3,1707,4923,8516,,
Crab,XKG,2017,12,41,6,6083,14715,25302,,
Crab,XKG,2017,12,42,3,3748,10346,17810,,
Crab,XKG,2017,12,43,2,1029,*,*,,
Crab,XKG,2017,12,45,1,61,*,*,,
Crab,XKG,2017,12,46,1,351,*,*,,
Crab,XKG,2017,12,48,1,389,*,*,,
Crab,XKG,2017,12,Total,14,140513,240304,415708,,
Crab,XKG,2017,13,15,1,475,*,*,,
Crab,XKG,2017,13,21,1,51,*,*,,
Crab,XKG,2017,13,23,1,192,*,*,,
Crab,XKG,2017,13,24,3,12942,39193,63299,,
Crab,XKG,2017,13,25,2,255,*,*,,
Crab,XKG,2017,13,26,2,282,*,*,,
Crab,XKG,2017,13,33,1,90,*,*,,
Crab,XKG,2017,13,36,1,530,*,*,,
Crab,XKG,2017,13,37,4,5162,10711,18310,,
Crab,XKG,2017,13,38,1,310,*,*,,
Crab,XKG,2017,13,42,3,690,1090,1820,,
Crab,XKG,2017,13,43,1,584,*,*,,
Crab,XKG,2017,13,Total,7,21563,57706,94234,,
Crab,XKG,2017,14,1,3,2465,3313,5447,,
Crab,XKG,2017,14,2,1,362,*,*,,
Crab,XKG,2017,14,3,1,114,*,*,,
Crab,XKG,2017,14,4,3,4367,5997,9905,,
Crab,XKG,2017,14,5,2,1112,*,*,,
Crab,XKG,2017,14,7,2,218,*,*,,
Crab,XKG,2017,14,8,3,161,67,119,,
Crab,XKG,2017,14,9,2,163,*,*,,
Crab,XKG,2017,14,10,1,1096,*,*,,
Crab,XKG,2017,14,11,1,16,*,*,,
Crab,XKG,2017,14,13,4,779,909,1470,,
Crab,XKG,2017,14,15,1,131,*,*,,
Crab,XKG,2017,14,Total,5,10984,15539,25526,,
Crab,XKG,2017,15,1,2,1648,*,*,,
Crab,XKG,2017,15,2,2,26543,*,*,,
Crab,XKG,2017,15,3,2,771,*,*,,
Crab,XKG,2017,15,5,1,16,*,*,,
Crab,XKG,2017,15,6,1,425,*,*,,
Crab,XKG,2017,15,Total,2,29403,*,*,,
Crab,XKG,2017,16,1,3,8383,10521,16970,,
Crab,XKG,2017,16,2,2,1590,*,*,,
Crab,XKG,2017,16,3,1,8,*,*,,
Crab,XKG,2017,16,5,3,2455,2660,4179,,
Crab,XKG,2017,16,6,3,108,135,213,,
Crab,XKG,2017,16,7,3,1332,2280,3665,,
Crab,XKG,2017,16,8,3,578,621,993,,
Crab,XKG,2017,16,11,1,112,*,*,,
Crab,XKG,2017,16,12,1,40,*,*,,
Crab,XKG,2017,16,13,2,459,*,*,,
Crab,XKG,2017,16,14,1,528,*,*,,
Crab,XKG,2017,16,15,1,659,*,*,,
Crab,XKG,2017,16,16,1,276,*,*,,
Crab,XKG,2017,16,17,1,51,*,*,,
Crab,XKG,2017,16,18,1,18,*,*,,
Crab,XKG,2017,16,19,2,511,*,*,,
Crab,XKG,2017,16,21,2,470,*,*,,
Crab,XKG,2017,16,Total,5,17578,26656,42757,,
Crab,XKG,2017,17,1,6,9589,7850,14509,,
Crab,XKG,2017,17,2,9,14299,13309,21946,,
Crab,XKG,2017,17,3,4,1321,1366,2232,,
Crab,XKG,2017,17,4,6,711,819,1326,,
Crab,XKG,2017,17,5,4,2214,1972,3181,,
Crab,XKG,2017,17,6,5,2249,2695,4494,,
Crab,XKG,2017,17,7,3,1793,1359,2157,,
Crab,XKG,2017,17,8,7,3166,3815,6188,,
Crab,XKG,2017,17,9,2,568,*,*,,
Crab,XKG,2017,17,10,3,768,947,1507,,
Crab,XKG,2017,17,11,1,35,*,*,,
Crab,XKG,2017,17,12,3,82,66,103,,
Crab,XKG,2017,17,13,5,4697,7651,12418,,
Crab,XKG,2017,17,14,4,2430,3444,5544,,
Crab,XKG,2017,17,15,2,146,*,*,,
Crab,XKG,2017,17,16,3,2280,3479,5857,,
Crab,XKG,2017,17,17,4,3396,2780,4457,,
Crab,XKG,2017,17,18,2,624,*,*,,
Crab,XKG,2017,17,19,4,3173,4617,7679,,
Crab,XKG,2017,17,20,1,20,*,*,,
Crab,XKG,2017,17,Total,19,53561,57413,95550,,
Crab,XKG,2017,18,1,8,16316,22573,38780,,
Crab,XKG,2017,18,2,1,47,*,*,,
Crab,XKG,2017,18,3,7,29548,27349,48392,,
Crab,XKG,2017,18,4,8,10825,14633,24750,,
Crab,XKG,2017,18,5,11,50165,76876,129569,,
Crab,XKG,2017,18,6,9,19156,22041,36761,,
Crab,XKG,2017,18,7,9,23637,24382,40235,,
Crab,XKG,2017,18,8,1,20,*,*,,
Crab,XKG,2017,18,Total,20,149714,187909,318583,,
Crab,XKG,2017,19,3,8,58691,75275,140312,,
Crab,XKG,2017,19,4,3,846,1616,2810,,
Crab,XKG,2017,19,5,37,480927,401171,674033,,
Crab,XKG,2017,19,6,1,25,*,*,,
Crab,XKG,2017,19,7,4,792,806,1357,,
Crab,XKG,2017,19,8,6,2086,2391,3944,,
Crab,XKG,2017,19,9,1,20,*,*,,
Crab,XKG,2017,19,Total,44,543387,481315,822546,,
Crab,XKG,2017,20,1,2,625,*,*,,
Crab,XKG,2017,20,2,4,6989,12378,23921,,
Crab,XKG,2017,20,3,2,408,*,*,,
Crab,XKG,2017,20,4,6,43748,58936,108195,,
Crab,XKG,2017,20,5,6,32178,48557,88273,,
Crab,XKG,2017,20,6,6,12585,23561,44493,,
Crab,XKG,2017,20,7,4,6359,13071,24238,,
Crab,XKG,2017,20,Total,7,102892,157997,292096,,
Crab,XKG,2017,21,0,6,11553,29851,58812,,
Crab,XKG,2017,21,Total,6,11553,29851,58812,,
Crab,XKG,2017,22,0,1,1841,*,*,,
Crab,XKG,2017,22,Total,1,1841,*,*,,
Crab,XKG,2017,23,3,1,247,*,*,,
Crab,XKG,2017,23,4,1,1260,*,*,,
Crab,XKG,2017,23,5,1,576,*,*,,
Crab,XKG,2017,23,7,2,2077,*,*,,
Crab,XKG,2017,23,8,1,737,*,*,,
Crab,XKG,2017,23,9,1,40,*,*,,
Crab,XKG,2017,23,10,1,49,*,*,,
Crab,XKG,2017,23,11,7,9645,22762,44068,,
Crab,XKG,2017,23,Total,8,14631,32176,61450,,
Crab,XKG,2017,24,1,1,160,*,*,,
Crab,XKG,2017,24,2,5,1982,8127,14585,,
Crab,XKG,2017,24,4,9,10714,44364,76497,,
Crab,XKG,2017,24,5,3,934,2496,4282,,
Crab,XKG,2017,24,6,21,59200,212919,355400,,
Crab,XKG,2017,24,7,12,17762,65634,115864,,
Crab,XKG,2017,24,8,7,3109,9420,16517,,
Crab,XKG,2017,24,9,18,35357,98829,168418,,
Crab,XKG,2017,24,10,7,6245,29843,53009,,
Crab,XKG,2017,24,11,12,13607,44061,75502,,
Crab,XKG,2017,24,12,1,30,*,*,,
Crab,XKG,2017,24,14,1,100,*,*,,
Crab,XKG,2017,24,Total,26,149200,516409,881228,,
Crab,XKG,2017,27,7,1,130,*,*,,
Crab,XKG,2017,27,8,2,1051,*,*,,
Crab,XKG,2017,27,10,3,2043,10892,17935,,
Crab,XKG,2017,27,11,3,6864,32172,54279,,
Crab,XKG,2017,27,Total,3,10088,48955,82012,,
Crab,XKG,2017,28,4,1,55,*,*,,
Crab,XKG,2017,28,5,1,1200,*,*,,
Crab,XKG,2017,28,6,2,1128,*,*,,
Crab,XKG,2017,28,7,5,30327,39882,62171,,
Crab,XKG,2017,28,9,2,213,*,*,,
Crab,XKG,2017,28,11,2,30263,*,*,,
Crab,XKG,2017,28,12,1,3309,*,*,,
Crab,XKG,2017,28,13,1,615,*,*,,
Crab,XKG,2017,28,14,1,380,*,*,,
Crab,XKG,2017,28,Total,6,67490,72404,116442,,
Crab,XKG,2017,29,2,1,100,*,*,,
Crab,XKG,2017,29,3,9,27644,38959,59798,,
Crab,XKG,2017,29,4,9,25103,33875,53863,,
Crab,XKG,2017,29,5,6,1571,**,**,,
Crab,XKG,2017,29,6,17,119316,146149,238386,,
Crab,XKG,2017,29,7,4,8522,9992,15526,,
Crab,XKG,2017,29,8,23,289937,459533,744372,,
Crab,XKG,2017,29,9,9,34279,56267,88764,,
Crab,XKG,2017,29,10,5,20720,22830,36548,,
Crab,XKG,2017,29,Total,52,527192,770106,1241390,,
Crab,XKG,2017,101,7,11,12745,39648,64995,,
Crab,XKG,2017,101,10,23,25871,75404,129277,,
Crab,XKG,2017,101,Total,23,38616,115052,194272,,
Crab,XKG,2017,102,1,29,102900,**,**,,
Crab,XKG,2017,102,2,2,296,*,*,,
Crab,XKG,2017,102,Total,29,103196,319119,546206,,
Crab,XKG,2017,104,2,23,58014,191807,324935,,
Crab,XKG,2017,104,3,21,57391,178771,305004,,
Crab,XKG,2017,104,4,6,7990,30324,47427,,
Crab,XKG,2017,104,5,24,45017,143699,246175,,
Crab,XKG,2017,104,Total,28,168412,544601,923541,,
Crab,XKG,2017,105,1,13,23804,85100,148969,,
Crab,XKG,2017,105,Total,13,23804,85100,148969,,
Crab,XKG,2017,107,2,3,3132,**,**,,
Crab,XKG,2017,107,3,1,320,*,*,,
Crab,XKG,2017,107,Total,3,3452,15350,27287,,
Crab,XKG,2017,108,1,4,16269,84762,140143,,
Crab,XKG,2017,108,2,3,730,2469,4114,,
Crab,XKG,2017,108,Total,4,16999,87231,144257,,
Crab,XKG,2017,109,0,1,205,*,*,,
Crab,XKG,2017,109,Total,1,205,*,*,,
Crab,XKG,2017,123,3,1,1115,*,*,,
Crab,XKG,2017,123,5,7,13324,22643,43289,,
Crab,XKG,2017,123,6,7,29059,65208,119712,,
Crab,XKG,2017,123,8,3,725,**,**,,
Crab,XKG,2017,123,Total,10,44223,92481,172165,,
Crab,XKG,2017,124,1,16,61254,104469,182691,,
Crab,XKG,2017,124,2,4,4263,20241,33603,,
Crab,XKG,2017,124,3,23,46752,132380,225001,,
Crab,XKG,2017,124,Total,24,112269,257090,441295,,
Crab,XKG,2017,125,3,2,90,*,*,,
Crab,XKG,2017,125,5,1,13,*,*,,
Crab,XKG,2017,125,Total,2,103,*,*,,
Crab,XKG,2018,0,0,1,1680,*,*,,
Crab,XKG,2018,0,Total,1,1680,*,*,,
Crab,XKG,2018,1,2,1,100,*,*,,
Crab,XKG,2018,1,3,1,356,*,*,,
Crab,XKG,2018,1,4,5,7333,9656,16825,,
Crab,XKG,2018,1,5,20,31866,154965,283423,,
Crab,XKG,2018,1,Total,22,39655,168225,307142,,
Crab,XKG,2018,2,2,1,87,*,*,,
Crab,XKG,2018,2,52,1,142,*,*,,
Crab,XKG,2018,2,Total,2,229,*,*,,
Crab,XKG,2018,3,1,1,170,*,*,,
Crab,XKG,2018,3,3,2,130,*,*,,
Crab,XKG,2018,3,6,5,3179,3380,6714,,
Crab,XKG,2018,3,7,5,1129,1158,2437,,
Crab,XKG,2018,3,8,10,6249,5646,10897,,
Crab,XKG,2018,3,9,7,2519,2492,5363,,
Crab,XKG,2018,3,10,7,14930,13616,26333,,
Crab,XKG,2018,3,11,4,14973,20463,43319,,
Crab,XKG,2018,3,12,14,32155,42357,80064,,
Crab,XKG,2018,3,13,2,548,*,*,,
Crab,XKG,2018,3,14,6,84384,75329,129818,,
Crab,XKG,2018,3,15,1,310,*,*,,
Crab,XKG,2018,3,17,6,3413,4239,8148,,
Crab,XKG,2018,3,18,15,19883,34937,57179,,
Crab,XKG,2018,3,Total,18,183972,205258,373512,,
Crab,XKG,2018,4,1,3,667,666,1113,,
Crab,XKG,2018,4,2,2,432,*,*,,
Crab,XKG,2018,4,5,4,11132,13329,20181,,
Crab,XKG,2018,4,6,2,1500,*,*,,
Crab,XKG,2018,4,7,1,149,*,*,,
Crab,XKG,2018,4,8,4,5308,7367,13660,,
Crab,XKG,2018,4,9,17,58194,60848,101365,,
Crab,XKG,2018,4,10,3,1190,1628,2909,,
Crab,XKG,2018,4,12,20,182084,147781,234064,,
Crab,XKG,2018,4,15,1,218,*,*,,
Crab,XKG,2018,4,Total,22,260874,235609,380277,,
Crab,XKG,2018,5,1,8,9838,10625,16910,,
Crab,XKG,2018,5,2,1,445,*,*,,
Crab,XKG,2018,5,4,12,7804,9329,15778,,
Crab,XKG,2018,5,5,5,2542,2349,3448,,
Crab,XKG,2018,5,6,13,7757,8874,14408,,
Crab,XKG,2018,5,7,9,3197,4071,6886,,
Crab,XKG,2018,5,8,13,9095,11972,19561,,
Crab,XKG,2018,5,9,7,3006,6487,12289,,
Crab,XKG,2018,5,14,2,1177,*,*,,
Crab,XKG,2018,5,15,2,590,*,*,,
Crab,XKG,2018,5,20,1,114,*,*,,
Crab,XKG,2018,5,21,1,114,*,*,,
Crab,XKG,2018,5,23,4,5406,14520,26371,,
Crab,XKG,2018,5,24,5,4488,7943,14342,,
Crab,XKG,2018,5,Total,16,55573,83747,144845,,
Crab,XKG,2018,6,3,3,2296,5424,9973,,
Crab,XKG,2018,6,4,7,15794,27180,45635,,
Crab,XKG,2018,6,5,4,878,1485,2713,,
Crab,XKG,2018,6,6,4,1548,2965,5448,,
Crab,XKG,2018,6,8,1,635,*,*,,
Crab,XKG,2018,6,9,1,150,*,*,,
Crab,XKG,2018,6,10,2,145,*,*,,
Crab,XKG,2018,6,12,3,566,1069,1890,,
Crab,XKG,2018,6,13,1,282,*,*,,
Crab,XKG,2018,6,20,1,17,*,*,,
Crab,XKG,2018,6,21,1,207,*,*,,
Crab,XKG,2018,6,22,1,396,*,*,,
Crab,XKG,2018,6,23,2,1080,*,*,,
Crab,XKG,2018,6,24,1,3,*,*,,
Crab,XKG,2018,6,28,1,49,*,*,,
Crab,XKG,2018,6,Total,9,24046,46636,80537,,
Crab,XKG,2018,7,6,1,197,*,*,,
Crab,XKG,2018,7,9,2,338,*,*,,
Crab,XKG,2018,7,13,1,77,*,*,,
Crab,XKG,2018,7,14,1,231,*,*,,
Crab,XKG,2018,7,16,1,48,*,*,,
Crab,XKG,2018,7,29,2,399,*,*,,
Crab,XKG,2018,7,Total,2,1290,*,*,,
Crab,XKG,2018,8,1,1,624,*,*,,
Crab,XKG,2018,8,4,2,267,*,*,,
Crab,XKG,2018,8,6,2,190,*,*,,
Crab,XKG,2018,8,8,2,220,*,*,,
Crab,XKG,2018,8,9,1,118,*,*,,
Crab,XKG,2018,8,12,2,1399,*,*,,
Crab,XKG,2018,8,14,3,755,2361,4110,,
Crab,XKG,2018,8,16,1,20,*,*,,
Crab,XKG,2018,8,Total,5,3593,8296,14266,,
Crab,XKG,2018,9,12,1,26,*,*,,
Crab,XKG,2018,9,Total,1,26,*,*,,
Crab,XKG,2018,10,3,1,4,*,*,,
Crab,XKG,2018,10,5,1,59,*,*,,
Crab,XKG,2018,10,12,1,782,*,*,,
Crab,XKG,2018,10,Total,1,845,*,*,,
Crab,XKG,2018,11,2,2,1601,*,*,,
Crab,XKG,2018,11,Total,2,1601,*,*,,
Crab,XKG,2018,12,0,1,13,*,*,,
Crab,XKG,2018,12,1,2,1967,*,*,,
Crab,XKG,2018,12,2,5,911,1249,2067,,
Crab,XKG,2018,12,5,4,907,1779,2816,,
Crab,XKG,2018,12,6,12,20795,29032,52138,,
Crab,XKG,2018,12,8,2,130,*,*,,
Crab,XKG,2018,12,11,1,15,*,*,,
Crab,XKG,2018,12,13,3,5821,11842,17581,,
Crab,XKG,2018,12,16,3,4264,10727,16848,,
Crab,XKG,2018,12,17,2,738,*,*,,
Crab,XKG,2018,12,18,7,4440,8254,14641,,
Crab,XKG,2018,12,19,1,70,*,*,,
Crab,XKG,2018,12,20,3,616,929,1697,,
Crab,XKG,2018,12,21,1,36,*,*,,
Crab,XKG,2018,12,22,5,1182,2233,3660,,
Crab,XKG,2018,12,24,1,2338,*,*,,
Crab,XKG,2018,12,25,4,9645,12823,21798,,
Crab,XKG,2018,12,26,12,36810,55822,94145,,
Crab,XKG,2018,12,27,2,4899,*,*,,
Crab,XKG,2018,12,28,2,2537,*,*,,
Crab,XKG,2018,12,29,3,1350,1747,2858,,
Crab,XKG,2018,12,35,4,2915,4492,8508,,
Crab,XKG,2018,12,36,2,5255,*,*,,
Crab,XKG,2018,12,37,3,2269,3233,6390,,
Crab,XKG,2018,12,38,3,3390,4785,8791,,
Crab,XKG,2018,12,39,11,20128,32445,57676,,
Crab,XKG,2018,12,40,5,2671,5639,9837,,
Crab,XKG,2018,12,41,6,9149,15292,24751,,
Crab,XKG,2018,12,42,4,11393,17664,27791,,
Crab,XKG,2018,12,43,3,539,885,1459,,
Crab,XKG,2018,12,45,2,65,*,*,,
Crab,XKG,2018,12,46,2,480,*,*,,
Crab,XKG,2018,12,47,1,90,*,*,,
Crab,XKG,2018,12,48,3,996,1451,2694,,
Crab,XKG,2018,12,Total,16,158824,251860,430108,,
Crab,XKG,2018,13,15,1,75,*,*,,
Crab,XKG,2018,13,23,2,233,*,*,,
Crab,XKG,2018,13,24,5,8427,20285,32774,,
Crab,XKG,2018,13,25,2,167,*,*,,
Crab,XKG,2018,13,26,2,341,*,*,,
Crab,XKG,2018,13,36,2,662,*,*,,
Crab,XKG,2018,13,37,4,3305,5645,9646,,
Crab,XKG,2018,13,38,4,889,1132,1889,,
Crab,XKG,2018,13,42,3,1002,1911,3168,,
Crab,XKG,2018,13,43,2,618,*,*,,
Crab,XKG,2018,13,Total,7,15719,33567,55053,,
Crab,XKG,2018,14,1,4,2265,2040,3351,,
Crab,XKG,2018,14,2,1,57,*,*,,
Crab,XKG,2018,14,3,1,73,*,*,,
Crab,XKG,2018,14,4,4,3139,1897,2990,,
Crab,XKG,2018,14,5,3,986,672,1084,,
Crab,XKG,2018,14,7,1,23,*,*,,
Crab,XKG,2018,14,8,2,131,*,*,,
Crab,XKG,2018,14,9,3,465,121,193,,
Crab,XKG,2018,14,10,1,1101,*,*,,
Crab,XKG,2018,14,12,1,37,*,*,,
Crab,XKG,2018,14,13,1,331,*,*,,
Crab,XKG,2018,14,15,2,49,*,*,,
Crab,XKG,2018,14,Total,4,8657,5965,9681,,
Crab,XKG,2018,15,1,1,114,*,*,,
Crab,XKG,2018,15,2,2,24696,*,*,,
Crab,XKG,2018,15,3,1,463,*,*,,
Crab,XKG,2018,15,5,1,33,*,*,,
Crab,XKG,2018,15,6,1,119,*,*,,
Crab,XKG,2018,15,Total,2,25425,*,*,,
Crab,XKG,2018,16,1,3,10478,9112,14602,,
Crab,XKG,2018,16,2,2,1164,*,*,,
Crab,XKG,2018,16,5,2,458,*,*,,
Crab,XKG,2018,16,6,1,2,*,*,,
Crab,XKG,2018,16,7,2,241,*,*,,
Crab,XKG,2018,16,8,2,72,*,*,,
Crab,XKG,2018,16,9,1,15,*,*,,
Crab,XKG,2018,16,10,1,16,*,*,,
Crab,XKG,2018,16,11,1,16,*,*,,
Crab,XKG,2018,16,12,1,30,*,*,,
Crab,XKG,2018,16,13,1,94,*,*,,
Crab,XKG,2018,16,14,1,121,*,*,,
Crab,XKG,2018,16,15,1,96,*,*,,
Crab,XKG,2018,16,16,1,24,*,*,,
Crab,XKG,2018,16,17,1,8,*,*,,
Crab,XKG,2018,16,18,1,8,*,*,,
Crab,XKG,2018,16,19,2,551,*,*,,
Crab,XKG,2018,16,21,1,452,*,*,,
Crab,XKG,2018,16,Total,4,13846,12184,19559,,
Crab,XKG,2018,17,1,5,3066,1615,2662,,
Crab,XKG,2018,17,2,7,11361,7535,12281,,
Crab,XKG,2018,17,3,6,1046,702,1186,,
Crab,XKG,2018,17,4,3,639,318,507,,
Crab,XKG,2018,17,5,6,1292,642,1057,,
Crab,XKG,2018,17,6,5,1278,870,1428,,
Crab,XKG,2018,17,7,4,1912,1742,2862,,
Crab,XKG,2018,17,8,7,3696,3120,5165,,
Crab,XKG,2018,17,10,3,687,304,491,,
Crab,XKG,2018,17,12,5,416,289,445,,
Crab,XKG,2018,17,13,6,4555,4101,6571,,
Crab,XKG,2018,17,14,5,5878,5593,8780,,
Crab,XKG,2018,17,15,2,714,*,*,,
Crab,XKG,2018,17,16,3,2410,2726,4375,,
Crab,XKG,2018,17,17,4,3122,1478,2355,,
Crab,XKG,2018,17,18,3,733,311,489,,
Crab,XKG,2018,17,19,4,2327,1953,3225,,
Crab,XKG,2018,17,20,1,142,*,*,,
Crab,XKG,2018,17,21,1,16,*,*,,
Crab,XKG,2018,17,Total,16,45290,33959,54894,,
Crab,XKG,2018,18,1,7,16601,18424,31404,,
Crab,XKG,2018,18,2,7,2541,**,**,,
Crab,XKG,2018,18,3,8,16699,11606,21776,,
Crab,XKG,2018,18,4,13,11309,8468,14453,,
Crab,XKG,2018,18,5,14,39394,33741,57140,,
Crab,XKG,2018,18,6,11,17899,15678,25806,,
Crab,XKG,2018,18,7,8,26203,20860,34846,,
Crab,XKG,2018,18,11,1,3362,*,*,,
Crab,XKG,2018,18,Total,20,134008,114440,195236,,
Crab,XKG,2018,19,1,1,5824,*,*,,
Crab,XKG,2018,19,3,10,59582,59428,108874,,
Crab,XKG,2018,19,4,8,10340,10457,18602,,
Crab,XKG,2018,19,5,38,398316,265803,451595,,
Crab,XKG,2018,19,6,1,222,*,*,,
Crab,XKG,2018,19,7,3,1354,1529,2503,,
Crab,XKG,2018,19,8,3,488,315,506,,
Crab,XKG,2018,19,11,1,896,*,*,,
Crab,XKG,2018,19,Total,43,477022,344459,594334,,
Crab,XKG,2018,20,1,2,1574,*,*,,
Crab,XKG,2018,20,2,2,9788,*,*,,
Crab,XKG,2018,20,3,1,60,*,*,,
Crab,XKG,2018,20,4,6,37081,52181,95115,,
Crab,XKG,2018,20,5,6,25029,31504,56584,,
Crab,XKG,2018,20,6,6,13763,20080,35399,,
Crab,XKG,2018,20,7,4,7666,11431,20106,,
Crab,XKG,2018,20,Total,6,94961,151809,278188,,
Crab,XKG,2018,21,0,3,9069,30499,54268,,
Crab,XKG,2018,21,Total,3,9069,30499,54268,,
Crab,XKG,2018,22,0,1,497,*,*,,
Crab,XKG,2018,22,Total,1,497,*,*,,
Crab,XKG,2018,23,7,2,2109,*,*,,
Crab,XKG,2018,23,9,3,3093,10704,19375,,
Crab,XKG,2018,23,10,1,42,*,*,,
Crab,XKG,2018,23,11,8,10299,21624,41186,,
Crab,XKG,2018,23,Total,10,15543,39866,74136,,
Crab,XKG,2018,24,0,1,121,*,*,,
Crab,XKG,2018,24,2,7,3679,16374,29190,,
Crab,XKG,2018,24,3,4,684,1608,2968,,
Crab,XKG,2018,24,4,13,13280,56962,99085,,
Crab,XKG,2018,24,5,4,481,2135,3938,,
Crab,XKG,2018,24,6,19,26954,108159,183217,,
Crab,XKG,2018,24,7,15,12998,58698,102737,,
Crab,XKG,2018,24,8,13,6607,15990,28485,,
Crab,XKG,2018,24,9,15,26350,73507,124956,,
Crab,XKG,2018,24,10,9,6741,38150,65578,,
Crab,XKG,2018,24,11,11,16420,57295,96041,,
Crab,XKG,2018,24,12,2,1697,*,*,,
Crab,XKG,2018,24,13,1,9,*,*,,
Crab,XKG,2018,24,14,5,339,1335,2564,,
Crab,XKG,2018,24,Total,28,116360,436020,747917,,
Crab,XKG,2018,27,7,2,729,*,*,,
Crab,XKG,2018,27,8,1,685,*,*,,
Crab,XKG,2018,27,10,3,2113,11309,18763,,
Crab,XKG,2018,27,11,3,7317,34268,56930,,
Crab,XKG,2018,27,Total,3,10844,51620,86284,,
Crab,XKG,2018,28,4,1,285,*,*,,
Crab,XKG,2018,28,5,2,1863,*,*,,
Crab,XKG,2018,28,6,3,10204,4733,7016,,
Crab,XKG,2018,28,7,5,22290,42367,65932,,
Crab,XKG,2018,28,8,1,13,*,*,,
Crab,XKG,2018,28,11,2,27886,*,*,,
Crab,XKG,2018,28,12,2,8693,*,*,,
Crab,XKG,2018,28,13,1,100,*,*,,
Crab,XKG,2018,28,14,1,80,*,*,,
Crab,XKG,2018,28,Total,6,71414,110545,174251,,
Crab,XKG,2018,29,2,2,129,*,*,,
Crab,XKG,2018,29,3,11,40272,93361,143758,,
Crab,XKG,2018,29,4,5,1845,2714,4195,,
Crab,XKG,2018,29,5,3,1354,**,**,,
Crab,XKG,2018,29,6,15,112273,177295,282242,,
Crab,XKG,2018,29,7,5,16548,32100,50292,,
Crab,XKG,2018,29,8,24,299775,436269,712512,,
Crab,XKG,2018,29,9,8,41398,36667,62918,,
Crab,XKG,2018,29,10,8,24486,23193,35083,,
Crab,XKG,2018,29,Total,46,538080,802903,1292970,,
Crab,XKG,2018,101,7,15,12409,53309,93171,,
Crab,XKG,2018,101,10,20,27715,134846,251151,,
Crab,XKG,2018,101,Total,22,40124,188155,344322,,
Crab,XKG,2018,102,1,26,108179,566486,979284,,
Crab,XKG,2018,102,2,3,726,2945,4615,,
Crab,XKG,2018,102,Total,26,108905,569431,983899,,
Crab,XKG,2018,104,1,1,211,*,*,,
Crab,XKG,2018,104,2,22,82811,572059,1053875,,
Crab,XKG,2018,104,3,22,61717,335229,628341,,
Crab,XKG,2018,104,4,9,13780,**,**,,
Crab,XKG,2018,104,5,21,43031,180412,325006,,
Crab,XKG,2018,104,Total,26,201550,1190870,2184374,,
Crab,XKG,2018,105,1,17,49419,276138,484929,,
Crab,XKG,2018,105,Total,17,49419,276138,484929,,
Crab,XKG,2018,108,1,2,8250,*,*,,
Crab,XKG,2018,108,2,1,974,*,*,,
Crab,XKG,2018,108,Total,2,9224,*,*,,
Crab,XKG,2018,121,1,3,2947,**,**,,
Crab,XKG,2018,121,2,2,656,*,*,,
Crab,XKG,2018,121,Total,3,3603,14883,27088,,
Crab,XKG,2018,123,1,2,680,*,*,,
Crab,XKG,2018,123,2,1,6,*,*,,
Crab,XKG,2018,123,3,4,3109,10528,19818,,
Crab,XKG,2018,123,5,12,23870,81568,148252,,
Crab,XKG,2018,123,6,11,5758,23777,45240,,
Crab,XKG,2018,123,8,1,272,*,*,,
Crab,XKG,2018,123,Total,14,33695,123359,225619,,
Crab,XKG,2018,124,1,22,40479,161705,281559,,
Crab,XKG,2018,124,2,5,11409,**,**,,
Crab,XKG,2018,124,3,20,63427,247095,433443,,
Crab,XKG,2018,124,4,1,153,*,*,,
Crab,XKG,2018,124,Total,27,115468,453757,792975,,
Crab,XKG,2018,125,5,1,124,*,*,,
Crab,XKG,2018,125,Total,1,124,*,*,,
Crab,XKG,2019,1,3,1,332,*,*,,
Crab,XKG,2019,1,4,1,1592,*,*,,
Crab,XKG,2019,1,5,20,23194,148693,275074,,
Crab,XKG,2019,1,Total,20,25118,152584,280904,,
Crab,XKG,2019,3,1,1,619,*,*,,
Crab,XKG,2019,3,6,4,1360,1899,2967,,
Crab,XKG,2019,3,7,3,3193,2707,4559,,
Crab,XKG,2019,3,8,5,12079,12492,20069,,
Crab,XKG,2019,3,9,4,2884,2896,4515,,
Crab,XKG,2019,3,10,4,9352,8334,13080,,
Crab,XKG,2019,3,11,7,11028,19784,31923,,
Crab,XKG,2019,3,12,12,28255,71390,122010,,
Crab,XKG,2019,3,13,1,186,*,*,,
Crab,XKG,2019,3,14,8,106108,104842,164308,,
Crab,XKG,2019,3,17,3,4671,5270,8213,,
Crab,XKG,2019,3,18,12,14809,58375,95192,,
Crab,XKG,2019,3,Total,15,194544,288509,467577,,
Crab,XKG,2019,4,1,1,1100,*,*,,
Crab,XKG,2019,4,2,3,3554,8582,13266,,
Crab,XKG,2019,4,3,4,6168,23549,40090,,
Crab,XKG,2019,4,5,5,7562,14183,22606,,
Crab,XKG,2019,4,6,2,155,*,*,,
Crab,XKG,2019,4,8,5,4652,9019,16609,,
Crab,XKG,2019,4,9,12,31658,41406,70172,,
Crab,XKG,2019,4,10,1,120,*,*,,
Crab,XKG,2019,4,12,21,194739,181454,301016,,
Crab,XKG,2019,4,15,2,110,*,*,,
Crab,XKG,2019,4,Total,21,249818,280550,467354,,
Crab,XKG,2019,5,1,9,16669,20255,32461,,
Crab,XKG,2019,5,2,2,268,*,*,,
Crab,XKG,2019,5,4,6,4096,6369,11868,,
Crab,XKG,2019,5,5,4,714,796,1271,,
Crab,XKG,2019,5,6,13,10355,15368,25395,,
Crab,XKG,2019,5,7,6,1225,2066,3844,,
Crab,XKG,2019,5,8,12,3068,4466,8094,,
Crab,XKG,2019,5,9,5,1916,5005,9789,,
Crab,XKG,2019,5,10,1,318,*,*,,
Crab,XKG,2019,5,11,2,165,*,*,,
Crab,XKG,2019,5,13,1,204,*,*,,
Crab,XKG,2019,5,14,2,1430,*,*,,
Crab,XKG,2019,5,15,1,445,*,*,,
Crab,XKG,2019,5,16,1,268,*,*,,
Crab,XKG,2019,5,17,1,178,*,*,,
Crab,XKG,2019,5,18,1,112,*,*,,
Crab,XKG,2019,5,19,1,25,*,*,,
Crab,XKG,2019,5,20,2,822,*,*,,
Crab,XKG,2019,5,21,2,131,*,*,,
Crab,XKG,2019,5,23,5,5837,13671,25120,,
Crab,XKG,2019,5,24,4,4758,8633,16247,,
Crab,XKG,2019,5,Total,20,53004,90314,159241,,
Crab,XKG,2019,6,3,3,465,2030,3960,,
Crab,XKG,2019,6,4,9,10035,32842,56031,,
Crab,XKG,2019,6,5,2,726,*,*,,
Crab,XKG,2019,6,6,3,905,2162,3950,,
Crab,XKG,2019,6,8,3,645,710,1106,,
Crab,XKG,2019,6,9,1,197,*,*,,
Crab,XKG,2019,6,10,1,267,*,*,,
Crab,XKG,2019,6,12,1,1054,*,*,,
Crab,XKG,2019,6,13,1,573,*,*,,
Crab,XKG,2019,6,14,1,258,*,*,,
Crab,XKG,2019,6,15,1,30,*,*,,
Crab,XKG,2019,6,19,1,105,*,*,,
Crab,XKG,2019,6,20,1,171,*,*,,
Crab,XKG,2019,6,21,3,623,2308,4080,,
Crab,XKG,2019,6,22,4,999,2720,4945,,
Crab,XKG,2019,6,23,3,658,1731,3200,,
Crab,XKG,2019,6,24,2,90,*,*,,
Crab,XKG,2019,6,25,1,10,*,*,,
Crab,XKG,2019,6,Total,12,17811,55064,95924,,
Crab,XKG,2019,7,9,3,482,1251,2240,,
Crab,XKG,2019,7,14,1,584,*,*,,
Crab,XKG,2019,7,25,1,48,*,*,,
Crab,XKG,2019,7,27,1,22,*,*,,
Crab,XKG,2019,7,29,2,191,*,*,,
Crab,XKG,2019,7,Total,3,1327,2432,4212,,
Crab,XKG,2019,8,1,1,180,*,*,,
Crab,XKG,2019,8,2,1,608,*,*,,
Crab,XKG,2019,8,4,1,330,*,*,,
Crab,XKG,2019,8,8,1,489,*,*,,
Crab,XKG,2019,8,9,1,637,*,*,,
Crab,XKG,2019,8,12,1,1407,*,*,,
Crab,XKG,2019,8,14,2,580,*,*,,
Crab,XKG,2019,8,Total,2,4231,*,*,,
Crab,XKG,2019,9,1,1,5,*,*,,
Crab,XKG,2019,9,2,1,827,*,*,,
Crab,XKG,2019,9,3,1,60,*,*,,
Crab,XKG,2019,9,4,1,512,*,*,,
Crab,XKG,2019,9,6,1,271,*,*,,
Crab,XKG,2019,9,10,1,543,*,*,,
Crab,XKG,2019,9,11,1,1986,*,*,,
Crab,XKG,2019,9,12,2,94,*,*,,
Crab,XKG,2019,9,Total,3,4298,11540,20885,,
Crab,XKG,2019,10,3,2,32,*,*,,
Crab,XKG,2019,10,5,3,63,209,356,,
Crab,XKG,2019,10,7,1,18,*,*,,
Crab,XKG,2019,10,10,1,1242,*,*,,
Crab,XKG,2019,10,12,3,2544,8574,15831,,
Crab,XKG,2019,10,Total,3,3899,11620,21129,,
Crab,XKG,2019,11,2,2,1469,*,*,,
Crab,XKG,2019,11,Total,2,1469,*,*,,
Crab,XKG,2019,12,1,3,2322,3216,5388,,
Crab,XKG,2019,12,2,3,786,1114,1867,,
Crab,XKG,2019,12,3,2,14,*,*,,
Crab,XKG,2019,12,4,2,42,*,*,,
Crab,XKG,2019,12,5,4,1335,2111,3551,,
Crab,XKG,2019,12,6,10,13747,21520,36515,,
Crab,XKG,2019,12,7,1,10,*,*,,
Crab,XKG,2019,12,8,1,83,*,*,,
Crab,XKG,2019,12,13,3,5456,10979,16299,,
Crab,XKG,2019,12,15,1,17,*,*,,
Crab,XKG,2019,12,16,2,3720,*,*,,
Crab,XKG,2019,12,17,2,1027,*,*,,
Crab,XKG,2019,12,18,7,3802,5623,9937,,
Crab,XKG,2019,12,19,1,20,*,*,,
Crab,XKG,2019,12,20,4,815,1118,1992,,
Crab,XKG,2019,12,21,1,52,*,*,,
Crab,XKG,2019,12,22,1,60,*,*,,
Crab,XKG,2019,12,24,2,115,*,*,,
Crab,XKG,2019,12,25,4,12546,20584,34815,,
Crab,XKG,2019,12,26,10,45406,68589,115274,,
Crab,XKG,2019,12,27,3,8763,15268,25531,,
Crab,XKG,2019,12,28,2,2173,*,*,,
Crab,XKG,2019,12,29,3,1424,2018,3342,,
Crab,XKG,2019,12,35,2,4150,*,*,,
Crab,XKG,2019,12,36,1,7006,*,*,,
Crab,XKG,2019,12,37,1,1705,*,*,,
Crab,XKG,2019,12,38,2,1602,*,*,,
Crab,XKG,2019,12,39,8,20258,31201,54444,,
Crab,XKG,2019,12,40,5,2508,5035,8885,,
Crab,XKG,2019,12,41,5,8337,14128,21662,,
Crab,XKG,2019,12,42,3,5359,8850,13806,,
Crab,XKG,2019,12,43,4,372,880,1489,,
Crab,XKG,2019,12,45,1,260,*,*,,
Crab,XKG,2019,12,46,2,177,*,*,,
Crab,XKG,2019,12,47,1,52,*,*,,
Crab,XKG,2019,12,48,3,1553,2571,4572,,
Crab,XKG,2019,12,Total,13,157074,254518,429465,,
Crab,XKG,2019,13,1,1,12,*,*,,
Crab,XKG,2019,13,12,1,38,*,*,,
Crab,XKG,2019,13,13,1,26,*,*,,
Crab,XKG,2019,13,14,1,38,*,*,,
Crab,XKG,2019,13,15,1,457,*,*,,
Crab,XKG,2019,13,16,1,12,*,*,,
Crab,XKG,2019,13,17,1,105,*,*,,
Crab,XKG,2019,13,23,1,560,*,*,,
Crab,XKG,2019,13,24,1,6989,*,*,,
Crab,XKG,2019,13,25,2,121,*,*,,
Crab,XKG,2019,13,26,1,194,*,*,,
Crab,XKG,2019,13,36,2,360,*,*,,
Crab,XKG,2019,13,37,3,1677,5442,8912,,
Crab,XKG,2019,13,38,2,220,*,*,,
Crab,XKG,2019,13,42,2,1006,*,*,,
Crab,XKG,2019,13,43,1,340,*,*,,
Crab,XKG,2019,13,Total,5,12155,41909,67397,,
Crab,XKG,2019,14,1,3,1104,1962,3205,,
Crab,XKG,2019,14,4,3,1370,1324,2121,,
Crab,XKG,2019,14,5,1,216,*,*,,
Crab,XKG,2019,14,7,1,10,*,*,,
Crab,XKG,2019,14,8,1,8,*,*,,
Crab,XKG,2019,14,9,1,13,*,*,,
Crab,XKG,2019,14,10,1,391,*,*,,
Crab,XKG,2019,14,13,2,127,*,*,,
Crab,XKG,2019,14,15,1,8,*,*,,
Crab,XKG,2019,14,Total,4,3247,3665,5943,,
Crab,XKG,2019,15,1,1,663,*,*,,
Crab,XKG,2019,15,2,2,20688,*,*,,
Crab,XKG,2019,15,3,1,238,*,*,,
Crab,XKG,2019,15,4,1,50,*,*,,
Crab,XKG,2019,15,Total,2,21639,*,*,,
Crab,XKG,2019,16,1,4,7901,7175,11419,,
Crab,XKG,2019,16,2,3,892,343,547,,
Crab,XKG,2019,16,3,1,42,*,*,,
Crab,XKG,2019,16,5,1,1350,*,*,,
Crab,XKG,2019,16,7,1,270,*,*,,
Crab,XKG,2019,16,8,1,30,*,*,,
Crab,XKG,2019,16,13,1,15,*,*,,
Crab,XKG,2019,16,14,1,30,*,*,,
Crab,XKG,2019,16,15,1,15,*,*,,
Crab,XKG,2019,16,19,1,267,*,*,,
Crab,XKG,2019,16,21,1,267,*,*,,
Crab,XKG,2019,16,Total,4,11079,11830,18899,,
Crab,XKG,2019,17,0,1,1223,*,*,,
Crab,XKG,2019,17,1,3,939,1592,2513,,
Crab,XKG,2019,17,2,9,9929,21162,33987,,
Crab,XKG,2019,17,3,6,1593,2801,4451,,
Crab,XKG,2019,17,4,3,434,493,772,,
Crab,XKG,2019,17,5,5,3177,9245,14661,,
Crab,XKG,2019,17,6,7,4464,10445,16780,,
Crab,XKG,2019,17,7,7,3953,12771,20367,,
Crab,XKG,2019,17,8,10,5893,15912,25409,,
Crab,XKG,2019,17,9,1,100,*,*,,
Crab,XKG,2019,17,10,2,54,*,*,,
Crab,XKG,2019,17,12,1,10,*,*,,
Crab,XKG,2019,17,13,4,2687,3215,5274,,
Crab,XKG,2019,17,14,4,3675,5639,8882,,
Crab,XKG,2019,17,15,3,138,32,48,,
Crab,XKG,2019,17,16,3,1591,2140,3456,,
Crab,XKG,2019,17,17,2,2675,*,*,,
Crab,XKG,2019,17,18,3,95,114,173,,
Crab,XKG,2019,17,19,4,442,1048,1810,,
Crab,XKG,2019,17,20,1,30,*,*,,
Crab,XKG,2019,17,Total,19,43102,90925,145405,,
Crab,XKG,2019,18,0,1,608,*,*,,
Crab,XKG,2019,18,1,6,18604,26014,43471,,
Crab,XKG,2019,18,2,5,618,1149,1877,,
Crab,XKG,2019,18,3,14,28795,35092,61093,,
Crab,XKG,2019,18,4,9,4920,7177,11808,,
Crab,XKG,2019,18,5,13,39128,54482,91933,,
Crab,XKG,2019,18,6,11,20919,27645,45845,,
Crab,XKG,2019,18,7,8,19848,25122,40643,,
Crab,XKG,2019,18,9,1,74,*,*,,
Crab,XKG,2019,18,Total,22,133514,177660,298310,,
Crab,XKG,2019,19,3,8,106722,101529,179018,,
Crab,XKG,2019,19,4,6,11310,12001,19845,,
Crab,XKG,2019,19,5,39,501466,462124,784401,,
Crab,XKG,2019,19,6,1,2202,*,*,,
Crab,XKG,2019,19,7,5,5368,7171,11600,,
Crab,XKG,2019,19,8,3,1556,**,**,,
Crab,XKG,2019,19,Total,47,628624,588700,1004225,,
Crab,XKG,2019,20,1,2,2420,*,*,,
Crab,XKG,2019,20,2,2,5695,*,*,,
Crab,XKG,2019,20,3,1,110,*,*,,
Crab,XKG,2019,20,4,6,22884,36500,65696,,
Crab,XKG,2019,20,5,6,30744,49584,91197,,
Crab,XKG,2019,20,6,6,15408,33574,58641,,
Crab,XKG,2019,20,7,4,12315,30899,53772,,
Crab,XKG,2019,20,Total,6,89576,166325,299840,,
Crab,XKG,2019,21,0,2,7969,*,*,,
Crab,XKG,2019,21,Total,2,7969,*,*,,
Crab,XKG,2019,23,2,1,49,*,*,,
Crab,XKG,2019,23,4,2,497,*,*,,
Crab,XKG,2019,23,5,1,10,*,*,,
Crab,XKG,2019,23,6,1,438,*,*,,
Crab,XKG,2019,23,7,2,1564,*,*,,
Crab,XKG,2019,23,9,5,1228,3229,6297,,
Crab,XKG,2019,23,11,7,5923,13926,25973,,
Crab,XKG,2019,23,Total,9,9709,23573,42731,,
Crab,XKG,2019,24,1,1,30,*,*,,
Crab,XKG,2019,24,2,7,5785,27395,49992,,
Crab,XKG,2019,24,3,5,515,1994,3719,,
Crab,XKG,2019,24,4,11,11159,50467,89847,,
Crab,XKG,2019,24,5,4,936,5168,9698,,
Crab,XKG,2019,24,6,13,11037,41681,70848,,
Crab,XKG,2019,24,7,16,12692,51371,88966,,
Crab,XKG,2019,24,8,8,4677,14430,24823,,
Crab,XKG,2019,24,9,16,36360,120070,208521,,
Crab,XKG,2019,24,10,8,8454,37018,63178,,
Crab,XKG,2019,24,11,12,23547,86895,148182,,
Crab,XKG,2019,24,12,2,5727,*,*,,
Crab,XKG,2019,24,13,1,37,*,*,,
Crab,XKG,2019,24,14,4,1196,6384,12261,,
Crab,XKG,2019,24,Total,29,122152,457564,792602,,
Crab,XKG,2019,25,4,2,19,*,*,,
Crab,XKG,2019,25,6,1,30,*,*,,
Crab,XKG,2019,25,7,1,1906,*,*,,
Crab,XKG,2019,25,8,1,2,*,*,,
Crab,XKG,2019,25,15,1,5,*,*,,
Crab,XKG,2019,25,Total,2,1962,*,*,,
Crab,XKG,2019,27,7,2,518,*,*,,
Crab,XKG,2019,27,8,2,524,*,*,,
Crab,XKG,2019,27,10,2,1667,*,*,,
Crab,XKG,2019,27,11,2,11274,*,*,,
Crab,XKG,2019,27,Total,2,13983,*,*,,
Crab,XKG,2019,28,0,1,10,*,*,,
Crab,XKG,2019,28,3,2,1742,*,*,,
Crab,XKG,2019,28,4,1,560,*,*,,
Crab,XKG,2019,28,5,2,1534,*,*,,
Crab,XKG,2019,28,6,3,3129,4665,7511,,
Crab,XKG,2019,28,7,6,21759,36884,55104,,
Crab,XKG,2019,28,8,1,300,*,*,,
Crab,XKG,2019,28,9,3,1131,1308,2012,,
Crab,XKG,2019,28,10,1,12,*,*,,
Crab,XKG,2019,28,11,2,19853,*,*,,
Crab,XKG,2019,28,12,2,7145,*,*,,
Crab,XKG,2019,28,13,1,550,*,*,,
Crab,XKG,2019,28,Total,6,57725,79308,121360,,
Crab,XKG,2019,29,0,1,1170,*,*,,
Crab,XKG,2019,29,1,1,68,*,*,,
Crab,XKG,2019,29,2,2,127,*,*,,
Crab,XKG,2019,29,3,9,29645,38836,57092,,
Crab,XKG,2019,29,4,4,14371,28430,44398,,
Crab,XKG,2019,29,5,3,318,522,866,,
Crab,XKG,2019,29,6,13,115373,159076,255873,,
Crab,XKG,2019,29,7,10,8678,24972,40249,,
Crab,XKG,2019,29,8,24,208027,257248,421326,,
Crab,XKG,2019,29,9,10,18544,23897,38766,,
Crab,XKG,2019,29,10,9,22899,39885,61431,,
Crab,XKG,2019,29,Total,46,419220,574189,922078,,
Crab,XKG,2019,101,7,8,3666,29505,57017,,
Crab,XKG,2019,101,10,21,23390,164457,313945,,
Crab,XKG,2019,101,Total,21,27056,193962,370962,,
Crab,XKG,2019,102,1,29,281955,2672046,4893698,,
Crab,XKG,2019,102,2,8,2494,22385,44179,,
Crab,XKG,2019,102,Total,29,284449,2694431,4937877,,
Crab,XKG,2019,104,1,1,65,*,*,,
Crab,XKG,2019,104,2,22,61124,696162,1298824,,
Crab,XKG,2019,104,3,21,75047,799138,1478142,,
Crab,XKG,2019,104,4,5,7010,**,**,,
Crab,XKG,2019,104,5,22,64572,587138,1092001,,
Crab,XKG,2019,104,Total,26,207842,2156046,3998657,,
Crab,XKG,2019,105,1,28,119721,1463565,2805753,,
Crab,XKG,2019,105,2,3,588,4870,9922,,
Crab,XKG,2019,105,Total,28,120309,1468435,2815675,,
Crab,XKG,2019,111,0,1,100,*,*,,
Crab,XKG,2019,111,Total,1,100,*,*,,
Crab,XKG,2019,121,1,2,4806,*,*,,
Crab,XKG,2019,121,2,2,905,*,*,,
Crab,XKG,2019,121,Total,2,5711,*,*,,
Crab,XKG,2019,123,1,2,1263,*,*,,
Crab,XKG,2019,123,2,2,416,*,*,,
Crab,XKG,2019,123,3,3,137,240,433,,
Crab,XKG,2019,123,5,12,10444,24167,44223,,
Crab,XKG,2019,123,6,11,10075,30397,56905,,
Crab,XKG,2019,123,Total,13,22335,61393,112957,,
Crab,XKG,2019,124,1,16,21370,63869,109279,,
Crab,XKG,2019,124,2,6,11290,**,**,,
Crab,XKG,2019,124,3,17,38246,104497,186221,,
Crab,XKG,2019,124,4,1,201,*,*,,
Crab,XKG,2019,124,Total,23,71107,193102,338863,,
Crab,XKG,2019,125,1,1,240,*,*,,
Crab,XKG,2019,125,2,2,4800,*,*,,
Crab,XKG,2019,125,3,1,3,*,*,,
Crab,XKG,2019,125,4,1,1,*,*,,
Crab,XKG,2019,125,5,3,514,1451,2725,,
Crab,XKG,2019,125,Total,5,5558,14384,26133,,
Crab,XKG,2020,1,3,2,487,*,*,,
Crab,XKG,2020,1,4,1,60,*,*,,
Crab,XKG,2020,1,5,17,22917,201643,367181,,
Crab,XKG,2020,1,Total,17,23464,205503,373745,,
Crab,XKG,2020,2,52,1,177,*,*,,
Crab,XKG,2020,2,Total,1,177,*,*,,
Crab,XKG,2020,3,1,1,211,*,*,,
Crab,XKG,2020,3,3,1,85,*,*,,
Crab,XKG,2020,3,6,1,1660,*,*,,
Crab,XKG,2020,3,7,3,670,607,1021,,
Crab,XKG,2020,3,8,5,5105,4690,8205,,
Crab,XKG,2020,3,9,3,2713,2206,3499,,
Crab,XKG,2020,3,10,5,4835,3579,6016,,
Crab,XKG,2020,3,11,5,10554,11353,20483,,
Crab,XKG,2020,3,12,10,15733,36688,61953,,
Crab,XKG,2020,3,13,1,213,*,*,,
Crab,XKG,2020,3,14,5,75061,83140,134442,,
Crab,XKG,2020,3,15,1,352,*,*,,
Crab,XKG,2020,3,17,5,3665,2671,4574,,
Crab,XKG,2020,3,18,14,15776,38348,64298,,
Crab,XKG,2020,3,Total,16,136633,187788,311533,,
Crab,XKG,2020,4,1,3,1646,2798,4400,,
Crab,XKG,2020,4,2,2,3012,*,*,,
Crab,XKG,2020,4,3,6,13258,23741,42210,,
Crab,XKG,2020,4,5,6,13762,22431,36527,,
Crab,XKG,2020,4,7,1,45,*,*,,
Crab,XKG,2020,4,8,4,1435,2507,4619,,
Crab,XKG,2020,4,9,12,30530,40233,65201,,
Crab,XKG,2020,4,10,1,124,*,*,,
Crab,XKG,2020,4,12,22,178458,140219,230589,,
Crab,XKG,2020,4,15,4,1261,921,1446,,
Crab,XKG,2020,4,Total,22,243531,237399,391274,,
Crab,XKG,2020,5,1,5,5649,5259,8580,,
Crab,XKG,2020,5,2,1,626,*,*,,
Crab,XKG,2020,5,4,6,2807,6654,12897,,
Crab,XKG,2020,5,5,2,99,*,*,,
Crab,XKG,2020,5,6,11,4045,6225,10915,,
Crab,XKG,2020,5,7,3,1423,2339,4355,,
Crab,XKG,2020,5,8,12,1450,1136,2127,,
Crab,XKG,2020,5,9,3,1899,4295,7232,,
Crab,XKG,2020,5,11,11,37815,112591,208010,,
Crab,XKG,2020,5,12,1,52,*,*,,
Crab,XKG,2020,5,13,1,83,*,*,,
Crab,XKG,2020,5,14,3,691,1644,3202,,
Crab,XKG,2020,5,15,1,493,*,*,,
Crab,XKG,2020,5,16,1,501,*,*,,
Crab,XKG,2020,5,17,1,66,*,*,,
Crab,XKG,2020,5,18,1,47,*,*,,
Crab,XKG,2020,5,20,1,300,*,*,,
Crab,XKG,2020,5,21,1,238,*,*,,
Crab,XKG,2020,5,23,4,4059,7397,13648,,
Crab,XKG,2020,5,24,3,2920,4085,7415,,
Crab,XKG,2020,5,Total,21,65263,158763,292008,,
Crab,XKG,2020,6,3,3,771,3063,5572,,
Crab,XKG,2020,6,4,5,7145,20098,33591,,
Crab,XKG,2020,6,5,1,940,*,*,,
Crab,XKG,2020,6,6,2,667,*,*,,
Crab,XKG,2020,6,8,1,699,*,*,,
Crab,XKG,2020,6,9,1,88,*,*,,
Crab,XKG,2020,6,10,1,537,*,*,,
Crab,XKG,2020,6,12,2,363,*,*,,
Crab,XKG,2020,6,13,1,663,*,*,,
Crab,XKG,2020,6,18,1,47,*,*,,
Crab,XKG,2020,6,20,1,48,*,*,,
Crab,XKG,2020,6,21,2,817,*,*,,
Crab,XKG,2020,6,22,2,476,*,*,,
Crab,XKG,2020,6,23,2,193,*,*,,
Crab,XKG,2020,6,24,1,7,*,*,,
Crab,XKG,2020,6,25,2,73,*,*,,
Crab,XKG,2020,6,28,1,264,*,*,,
Crab,XKG,2020,6,Total,6,13798,37380,64207,,
Crab,XKG,2020,7,6,2,187,*,*,,
Crab,XKG,2020,7,7,1,821,*,*,,
Crab,XKG,2020,7,9,3,678,1744,3141,,
Crab,XKG,2020,7,13,1,49,*,*,,
Crab,XKG,2020,7,14,1,311,*,*,,
Crab,XKG,2020,7,15,1,30,*,*,,
Crab,XKG,2020,7,16,1,55,*,*,,
Crab,XKG,2020,7,29,2,374,*,*,,
Crab,XKG,2020,7,32,1,38,*,*,,
Crab,XKG,2020,7,Total,3,2543,8317,14604,,
Crab,XKG,2020,8,2,2,1138,*,*,,
Crab,XKG,2020,8,4,2,151,*,*,,
Crab,XKG,2020,8,6,1,156,*,*,,
Crab,XKG,2020,8,9,1,156,*,*,,
Crab,XKG,2020,8,12,1,1240,*,*,,
Crab,XKG,2020,8,14,1,320,*,*,,
Crab,XKG,2020,8,Total,2,3161,*,*,,
Crab,XKG,2020,9,2,1,26,*,*,,
Crab,XKG,2020,9,10,1,272,*,*,,
Crab,XKG,2020,9,11,1,658,*,*,,
Crab,XKG,2020,9,12,1,13,*,*,,
Crab,XKG,2020,9,Total,3,969,1124,1885,,
Crab,XKG,2020,10,2,1,5,*,*,,
Crab,XKG,2020,10,3,1,10,*,*,,
Crab,XKG,2020,10,5,1,21,*,*,,
Crab,XKG,2020,10,11,1,9,*,*,,
Crab,XKG,2020,10,12,2,916,*,*,,
Crab,XKG,2020,10,Total,2,961,*,*,,
Crab,XKG,2020,11,2,2,208,*,*,,
Crab,XKG,2020,11,Total,2,208,*,*,,
Crab,XKG,2020,12,0,1,20,*,*,,
Crab,XKG,2020,12,1,1,1401,*,*,,
Crab,XKG,2020,12,2,4,408,734,1200,,
Crab,XKG,2020,12,3,1,15,*,*,,
Crab,XKG,2020,12,4,1,15,*,*,,
Crab,XKG,2020,12,5,3,498,792,1270,,
Crab,XKG,2020,12,6,11,9559,11358,19505,,
Crab,XKG,2020,12,7,1,475,*,*,,
Crab,XKG,2020,12,8,1,40,*,*,,
Crab,XKG,2020,12,9,1,484,*,*,,
Crab,XKG,2020,12,13,4,3359,6522,9990,,
Crab,XKG,2020,12,16,4,1621,3537,5448,,
Crab,XKG,2020,12,17,2,720,*,*,,
Crab,XKG,2020,12,18,7,2491,3837,6700,,
Crab,XKG,2020,12,20,4,359,620,1139,,
Crab,XKG,2020,12,22,3,250,436,682,,
Crab,XKG,2020,12,25,8,14756,18020,30096,,
Crab,XKG,2020,12,26,15,34572,47043,77915,,
Crab,XKG,2020,12,27,5,8727,18031,30064,,
Crab,XKG,2020,12,28,2,640,*,*,,
Crab,XKG,2020,12,29,3,941,1834,3008,,
Crab,XKG,2020,12,30,1,150,*,*,,
Crab,XKG,2020,12,35,4,3472,3879,7137,,
Crab,XKG,2020,12,36,1,8036,*,*,,
Crab,XKG,2020,12,37,1,2472,*,*,,
Crab,XKG,2020,12,38,1,1392,*,*,,
Crab,XKG,2020,12,39,10,18883,27254,46665,,
Crab,XKG,2020,12,40,4,3353,4659,8274,,
Crab,XKG,2020,12,41,7,6149,9387,14980,,
Crab,XKG,2020,12,42,3,1025,1728,2730,,
Crab,XKG,2020,12,43,6,427,448,795,,
Crab,XKG,2020,12,45,2,165,*,*,,
Crab,XKG,2020,12,46,1,298,*,*,,
Crab,XKG,2020,12,48,1,2778,*,*,,
Crab,XKG,2020,12,Total,19,129951,181502,308029,,
Crab,XKG,2020,13,3,1,71,*,*,,
Crab,XKG,2020,13,9,1,10,*,*,,
Crab,XKG,2020,13,12,1,12,*,*,,
Crab,XKG,2020,13,15,1,38,*,*,,
Crab,XKG,2020,13,17,1,82,*,*,,
Crab,XKG,2020,13,21,1,180,*,*,,
Crab,XKG,2020,13,23,3,302,466,785,,
Crab,XKG,2020,13,24,5,12133,19058,31016,,
Crab,XKG,2020,13,25,2,72,*,*,,
Crab,XKG,2020,13,26,5,763,552,913,,
Crab,XKG,2020,13,36,3,386,830,1402,,
Crab,XKG,2020,13,37,6,4469,6969,11495,,
Crab,XKG,2020,13,38,4,274,534,902,,
Crab,XKG,2020,13,42,4,3191,4843,7854,,
Crab,XKG,2020,13,43,3,2010,3044,4952,,
Crab,XKG,2020,13,Total,8,23993,37444,61170,,
Crab,XKG,2020,14,1,2,1242,*,*,,
Crab,XKG,2020,14,4,2,975,*,*,,
Crab,XKG,2020,14,5,1,274,*,*,,
Crab,XKG,2020,14,7,1,16,*,*,,
Crab,XKG,2020,14,13,1,160,*,*,,
Crab,XKG,2020,14,Total,3,2667,4051,6541,,
Crab,XKG,2020,15,1,1,55,*,*,,
Crab,XKG,2020,15,2,2,3119,*,*,,
Crab,XKG,2020,15,3,1,62,*,*,,
Crab,XKG,2020,15,5,1,35,*,*,,
Crab,XKG,2020,15,Total,2,3271,*,*,,
Crab,XKG,2020,16,1,2,6050,*,*,,
Crab,XKG,2020,16,2,1,492,*,*,,
Crab,XKG,2020,16,5,2,2244,*,*,,
Crab,XKG,2020,16,7,2,585,*,*,,
Crab,XKG,2020,16,8,2,377,*,*,,
Crab,XKG,2020,16,9,1,36,*,*,,
Crab,XKG,2020,16,13,1,62,*,*,,
Crab,XKG,2020,16,14,1,16,*,*,,
Crab,XKG,2020,16,15,1,16,*,*,,
Crab,XKG,2020,16,Total,3,9878,12380,19744,,
Crab,XKG,2020,17,1,5,1736,4099,7060,,
Crab,XKG,2020,17,2,11,13723,25174,44254,,
Crab,XKG,2020,17,3,3,3505,7235,11706,,
Crab,XKG,2020,17,4,5,1201,1975,3248,,
Crab,XKG,2020,17,5,5,9112,19560,32320,,
Crab,XKG,2020,17,6,10,8902,20897,37080,,
Crab,XKG,2020,17,7,3,5149,11346,19420,,
Crab,XKG,2020,17,8,8,9323,16040,26582,,
Crab,XKG,2020,17,10,2,60,*,*,,
Crab,XKG,2020,17,11,1,397,*,*,,
Crab,XKG,2020,17,12,2,104,*,*,,
Crab,XKG,2020,17,13,3,1764,2834,4626,,
Crab,XKG,2020,17,14,3,1695,2818,4491,,
Crab,XKG,2020,17,15,2,71,*,*,,
Crab,XKG,2020,17,16,2,1214,*,*,,
Crab,XKG,2020,17,17,2,2764,*,*,,
Crab,XKG,2020,17,18,2,773,*,*,,
Crab,XKG,2020,17,19,3,1901,6186,9686,,
Crab,XKG,2020,17,20,2,437,*,*,,
Crab,XKG,2020,17,Total,15,63831,127577,215750,,
Crab,XKG,2020,18,1,4,11150,22054,37265,,
Crab,XKG,2020,18,2,5,1029,**,**,,
Crab,XKG,2020,18,3,15,29467,45473,75443,,
Crab,XKG,2020,18,4,8,6787,11287,19111,,
Crab,XKG,2020,18,5,12,52566,71180,119097,,
Crab,XKG,2020,18,6,12,25079,37938,64710,,
Crab,XKG,2020,18,7,9,25003,37209,62443,,
Crab,XKG,2020,18,11,2,371,*,*,,
Crab,XKG,2020,18,Total,21,151452,228326,383692,,
Crab,XKG,2020,19,2,1,433,*,*,,
Crab,XKG,2020,19,3,7,41075,75633,132313,,
Crab,XKG,2020,19,4,6,14620,17621,27411,,
Crab,XKG,2020,19,5,38,518567,504466,862203,,
Crab,XKG,2020,19,7,4,4916,8764,14568,,
Crab,XKG,2020,19,8,3,1581,**,**,,
Crab,XKG,2020,19,Total,46,581192,610725,1043592,,
Crab,XKG,2020,20,1,3,2257,**,**,,
Crab,XKG,2020,20,2,3,13513,31329,57477,,
Crab,XKG,2020,20,3,2,17,*,*,,
Crab,XKG,2020,20,4,7,39031,44168,80303,,
Crab,XKG,2020,20,5,6,21927,33729,60281,,
Crab,XKG,2020,20,6,7,16851,29219,50316,,
Crab,XKG,2020,20,7,6,10110,19771,34043,,
Crab,XKG,2020,20,Total,7,103706,163310,291805,,
Crab,XKG,2020,21,0,4,8272,19687,33150,,
Crab,XKG,2020,21,Total,4,8272,19687,33150,,
Crab,XKG,2020,23,4,2,214,*,*,,
Crab,XKG,2020,23,6,1,82,*,*,,
Crab,XKG,2020,23,7,3,899,1748,3096,,
Crab,XKG,2020,23,9,3,303,120,232,,
Crab,XKG,2020,23,10,2,224,*,*,,
Crab,XKG,2020,23,11,10,13347,32080,57676,,
Crab,XKG,2020,23,Total,12,15069,35186,63038,,
Crab,XKG,2020,24,0,1,360,*,*,,
Crab,XKG,2020,24,2,9,4152,15472,28136,,
Crab,XKG,2020,24,3,8,2715,11135,21078,,
Crab,XKG,2020,24,4,10,8327,33169,59412,,
Crab,XKG,2020,24,5,6,754,4406,8095,,
Crab,XKG,2020,24,6,15,10670,30643,51636,,
Crab,XKG,2020,24,7,15,14032,44358,72919,,
Crab,XKG,2020,24,8,3,687,2165,3890,,
Crab,XKG,2020,24,9,18,47198,123705,211616,,
Crab,XKG,2020,24,10,8,4303,12882,21486,,
Crab,XKG,2020,24,11,11,19126,54747,92875,,
Crab,XKG,2020,24,12,3,5406,14228,22165,,
Crab,XKG,2020,24,13,1,82,*,*,,
Crab,XKG,2020,24,14,6,939,3427,6167,,
Crab,XKG,2020,24,Total,33,118751,352157,602756,,
Crab,XKG,2020,27,3,1,10,*,*,,
Crab,XKG,2020,27,7,2,1120,*,*,,
Crab,XKG,2020,27,8,2,206,*,*,,
Crab,XKG,2020,27,10,2,1306,*,*,,
Crab,XKG,2020,27,11,2,8437,*,*,,
Crab,XKG,2020,27,Total,2,11079,*,*,,
Crab,XKG,2020,28,0,1,240,*,*,,
Crab,XKG,2020,28,3,1,30,*,*,,
Crab,XKG,2020,28,4,2,736,*,*,,
Crab,XKG,2020,28,5,2,1944,*,*,,
Crab,XKG,2020,28,6,2,2958,*,*,,
Crab,XKG,2020,28,7,5,21436,28059,41807,,
Crab,XKG,2020,28,9,1,375,*,*,,
Crab,XKG,2020,28,11,1,7281,*,*,,
Crab,XKG,2020,28,12,2,19921,*,*,,
Crab,XKG,2020,28,13,1,418,*,*,,
Crab,XKG,2020,28,14,1,150,*,*,,
Crab,XKG,2020,28,Total,7,55489,77041,119179,,
Crab,XKG,2020,29,0,1,1400,*,*,,
Crab,XKG,2020,29,2,1,59,*,*,,
Crab,XKG,2020,29,3,10,49976,75986,114880,,
Crab,XKG,2020,29,4,4,24831,45318,72638,,
Crab,XKG,2020,29,5,4,1120,1595,2628,,
Crab,XKG,2020,29,6,12,115322,171357,275863,,
Crab,XKG,2020,29,7,5,6359,26958,43776,,
Crab,XKG,2020,29,8,24,260699,378351,608854,,
Crab,XKG,2020,29,9,7,16164,13299,21307,,
Crab,XKG,2020,29,10,5,22427,28598,44107,,
Crab,XKG,2020,29,Total,47,498357,747800,1194005,,
Crab,XKG,2020,101,7,2,515,*,*,,
Crab,XKG,2020,101,10,9,9191,**,**,,
Crab,XKG,2020,101,Total,10,9706,59492,109912,,
Crab,XKG,2020,102,1,33,319419,3212701,6072089,,
Crab,XKG,2020,102,2,7,3821,50240,98959,,
Crab,XKG,2020,102,Total,33,323240,3262941,6171048,,
Crab,XKG,2020,104,2,22,60705,587005,1102389,,
Crab,XKG,2020,104,3,23,87286,1060072,2003370,,
Crab,XKG,2020,104,4,6,7109,71183,129982,,
Crab,XKG,2020,104,5,23,45957,518264,967222,,
Crab,XKG,2020,104,Total,30,201057,2236524,4202963,,
Crab,XKG,2020,105,1,27,174022,**,**,,
Crab,XKG,2020,105,2,1,34,*,*,,
Crab,XKG,2020,105,Total,27,174056,2282026,4368751,,
Crab,XKG,2020,107,2,1,285,*,*,,
Crab,XKG,2020,107,Total,1,285,*,*,,
Crab,XKG,2020,108,1,2,6813,*,*,,
Crab,XKG,2020,108,Total,2,6813,*,*,,
Crab,XKG,2020,121,1,4,3158,**,**,,
Crab,XKG,2020,121,2,2,84,*,*,,
Crab,XKG,2020,121,Total,4,3242,5332,8860,,
Crab,XKG,2020,123,1,1,559,*,*,,
Crab,XKG,2020,123,3,3,2968,**,**,,
Crab,XKG,2020,123,5,8,6565,13824,24915,,
Crab,XKG,2020,123,6,10,8124,19450,34469,,
Crab,XKG,2020,123,Total,13,18216,40908,72731,,
Crab,XKG,2020,124,1,17,18432,40582,67853,,
Crab,XKG,2020,124,2,4,1277,**,**,,
Crab,XKG,2020,124,3,15,9379,17830,30971,,
Crab,XKG,2020,124,4,1,3,*,*,,
Crab,XKG,2020,124,Total,22,29091,60423,102240,,
Crab,XKG,2020,125,1,2,1180,*,*,,
Crab,XKG,2020,125,2,2,1180,*,*,,
Crab,XKG,2020,125,5,2,343,*,*,,
Crab,XKG,2020,125,Total,3,2703,5887,10998,,
Crab,XKG,2021,1,3,4,1244,14622,25670,,
Crab,XKG,2021,1,4,1,813,*,*,,
Crab,XKG,2021,1,5,15,19409,138275,252033,,
Crab,XKG,2021,1,7,1,301,*,*,,
Crab,XKG,2021,1,Total,16,21767,158703,288016,,
Crab,XKG,2021,3,1,1,215,*,*,,
Crab,XKG,2021,3,4,1,40,*,*,,
Crab,XKG,2021,3,6,3,4783,6280,10615,,
Crab,XKG,2021,3,7,3,2173,3276,5615,,
Crab,XKG,2021,3,8,6,4497,6481,11170,,
Crab,XKG,2021,3,9,6,4143,6096,9505,,
Crab,XKG,2021,3,10,2,2388,*,*,,
Crab,XKG,2021,3,11,4,4818,7596,12522,,
Crab,XKG,2021,3,12,10,6460,13120,19821,,
Crab,XKG,2021,3,13,1,20,*,*,,
Crab,XKG,2021,3,14,5,76603,81303,135796,,
Crab,XKG,2021,3,16,1,106,*,*,,
Crab,XKG,2021,3,17,3,1217,1499,2637,,
Crab,XKG,2021,3,18,9,3935,8011,13202,,
Crab,XKG,2021,3,Total,11,111398,138298,228208,,
Crab,XKG,2021,4,1,3,1168,4200,6610,,
Crab,XKG,2021,4,2,5,3598,6143,10528,,
Crab,XKG,2021,4,3,7,5552,11435,18682,,
Crab,XKG,2021,4,4,2,121,*,*,,
Crab,XKG,2021,4,5,8,10073,15682,24688,,
Crab,XKG,2021,4,6,2,749,*,*,,
Crab,XKG,2021,4,7,1,640,*,*,,
Crab,XKG,2021,4,8,6,2625,3362,5428,,
Crab,XKG,2021,4,9,14,34991,51172,83050,,
Crab,XKG,2021,4,12,21,104024,75074,122176,,
Crab,XKG,2021,4,Total,21,163541,169814,276386,,
Crab,XKG,2021,5,1,7,2502,2544,4463,,
Crab,XKG,2021,5,2,3,966,1308,2462,,
Crab,XKG,2021,5,4,19,31109,55650,91562,,
Crab,XKG,2021,5,5,11,5699,10461,17204,,
Crab,XKG,2021,5,6,14,10846,18567,29967,,
Crab,XKG,2021,5,7,11,3167,6307,10324,,
Crab,XKG,2021,5,8,14,13722,27146,45067,,
Crab,XKG,2021,5,9,7,5674,10040,18815,,
Crab,XKG,2021,5,11,20,80565,420741,684414,,
Crab,XKG,2021,5,13,1,28,*,*,,
Crab,XKG,2021,5,14,2,1350,*,*,,
Crab,XKG,2021,5,15,2,1415,*,*,,
Crab,XKG,2021,5,16,1,49,*,*,,
Crab,XKG,2021,5,17,1,78,*,*,,
Crab,XKG,2021,5,20,5,939,6441,11479,,
Crab,XKG,2021,5,21,2,95,*,*,,
Crab,XKG,2021,5,23,5,1782,2795,5102,,
Crab,XKG,2021,5,24,2,2166,*,*,,
Crab,XKG,2021,5,Total,21,162152,572307,940442,,
Crab,XKG,2021,6,3,3,373,902,1684,,
Crab,XKG,2021,6,4,5,5121,14472,24680,,
Crab,XKG,2021,6,5,1,500,*,*,,
Crab,XKG,2021,6,6,2,1356,*,*,,
Crab,XKG,2021,6,8,1,175,*,*,,
Crab,XKG,2021,6,9,1,84,*,*,,
Crab,XKG,2021,6,10,3,757,4301,8056,,
Crab,XKG,2021,6,12,1,47,*,*,,
Crab,XKG,2021,6,13,1,164,*,*,,
Crab,XKG,2021,6,14,1,125,*,*,,
Crab,XKG,2021,6,17,1,15,*,*,,
Crab,XKG,2021,6,21,3,337,517,843,,
Crab,XKG,2021,6,22,4,489,2676,4696,,
Crab,XKG,2021,6,25,1,26,*,*,,
Crab,XKG,2021,6,28,1,509,*,*,,
Crab,XKG,2021,6,Total,8,10078,30680,53489,,
Crab,XKG,2021,7,1,1,18,*,*,,
Crab,XKG,2021,7,6,1,20,*,*,,
Crab,XKG,2021,7,7,1,80,*,*,,
Crab,XKG,2021,7,9,4,243,407,657,,
Crab,XKG,2021,7,13,1,189,*,*,,
Crab,XKG,2021,7,14,1,458,*,*,,
Crab,XKG,2021,7,15,1,23,*,*,,
Crab,XKG,2021,7,16,1,56,*,*,,
Crab,XKG,2021,7,25,1,30,*,*,,
Crab,XKG,2021,7,27,1,15,*,*,,
Crab,XKG,2021,7,28,2,98,*,*,,
Crab,XKG,2021,7,29,3,210,206,331,,
Crab,XKG,2021,7,Total,4,1440,5116,9519,,
Crab,XKG,2021,8,1,2,112,*,*,,
Crab,XKG,2021,8,2,3,2607,4724,8630,,
Crab,XKG,2021,8,4,2,1270,*,*,,
Crab,XKG,2021,8,6,1,49,*,*,,
Crab,XKG,2021,8,12,1,318,*,*,,
Crab,XKG,2021,8,Total,3,4356,16038,28410,,
Crab,XKG,2021,9,1,1,78,*,*,,
Crab,XKG,2021,9,11,1,384,*,*,,
Crab,XKG,2021,9,12,1,80,*,*,,
Crab,XKG,2021,9,Total,1,542,*,*,,
Crab,XKG,2021,10,5,1,40,*,*,,
Crab,XKG,2021,10,12,3,1249,**,**,,
Crab,XKG,2021,10,Total,3,1289,2516,4765,,
Crab,XKG,2021,11,2,1,692,*,*,,
Crab,XKG,2021,11,Total,1,692,*,*,,
Crab,XKG,2021,12,1,2,2183,*,*,,
Crab,XKG,2021,12,2,7,1050,1270,2104,,
Crab,XKG,2021,12,3,1,5,*,*,,
Crab,XKG,2021,12,4,1,439,*,*,,
Crab,XKG,2021,12,5,3,708,1176,2126,,
Crab,XKG,2021,12,6,12,13223,17154,29474,,
Crab,XKG,2021,12,7,2,319,*,*,,
Crab,XKG,2021,12,13,2,9245,*,*,,
Crab,XKG,2021,12,15,1,50,*,*,,
Crab,XKG,2021,12,16,2,3968,*,*,,
Crab,XKG,2021,12,17,2,1327,*,*,,
Crab,XKG,2021,12,18,8,10574,22415,37109,,
Crab,XKG,2021,12,19,1,112,*,*,,
Crab,XKG,2021,12,20,2,406,*,*,,
Crab,XKG,2021,12,21,1,29,*,*,,
Crab,XKG,2021,12,22,4,489,511,807,,
Crab,XKG,2021,12,25,9,9540,10706,18222,,
Crab,XKG,2021,12,26,15,64788,90347,150190,,
Crab,XKG,2021,12,27,6,14885,26329,41217,,
Crab,XKG,2021,12,28,3,1619,2499,3893,,
Crab,XKG,2021,12,29,5,7783,12948,20200,,
Crab,XKG,2021,12,31,1,24,*,*,,
Crab,XKG,2021,12,34,1,11,*,*,,
Crab,XKG,2021,12,35,4,4306,5259,9207,,
Crab,XKG,2021,12,36,3,9026,10677,19598,,
Crab,XKG,2021,12,37,4,3571,4705,8674,,
Crab,XKG,2021,12,38,1,1174,*,*,,
Crab,XKG,2021,12,39,10,21646,34507,58775,,
Crab,XKG,2021,12,40,3,3088,6321,11057,,
Crab,XKG,2021,12,41,4,6724,12104,19758,,
Crab,XKG,2021,12,42,3,1295,2211,3527,,
Crab,XKG,2021,12,43,2,486,*,*,,
Crab,XKG,2021,12,45,2,274,*,*,,
Crab,XKG,2021,12,46,1,59,*,*,,
Crab,XKG,2021,12,48,2,1353,*,*,,
Crab,XKG,2021,12,Total,19,195779,299799,499465,,
Crab,XKG,2021,13,9,1,200,*,*,,
Crab,XKG,2021,13,12,1,5,*,*,,
Crab,XKG,2021,13,13,1,3,*,*,,
Crab,XKG,2021,13,15,2,144,*,*,,
Crab,XKG,2021,13,17,1,75,*,*,,
Crab,XKG,2021,13,23,1,92,*,*,,
Crab,XKG,2021,13,24,4,6491,10987,18194,,
Crab,XKG,2021,13,25,3,161,251,443,,
Crab,XKG,2021,13,26,3,348,494,868,,
Crab,XKG,2021,13,30,1,18,*,*,,
Crab,XKG,2021,13,36,4,370,463,792,,
Crab,XKG,2021,13,37,9,2546,3984,6793,,
Crab,XKG,2021,13,38,4,300,282,507,,
Crab,XKG,2021,13,42,2,1179,*,*,,
Crab,XKG,2021,13,43,1,827,*,*,,
Crab,XKG,2021,13,Total,9,12759,22188,37289,,
Crab,XKG,2021,14,1,3,5477,8878,13971,,
Crab,XKG,2021,14,4,3,1870,2105,3353,,
Crab,XKG,2021,14,5,3,1019,1449,2185,,
Crab,XKG,2021,14,8,1,24,*,*,,
Crab,XKG,2021,14,13,2,54,*,*,,
Crab,XKG,2021,14,15,1,65,*,*,,
Crab,XKG,2021,14,Total,4,8509,12502,19628,,
Crab,XKG,2021,15,1,1,428,*,*,,
Crab,XKG,2021,15,2,1,1191,*,*,,
Crab,XKG,2021,15,3,1,142,*,*,,
Crab,XKG,2021,15,Total,1,1761,*,*,,
Crab,XKG,2021,16,1,3,5056,5003,7974,,
Crab,XKG,2021,16,2,3,601,432,648,,
Crab,XKG,2021,16,5,2,546,*,*,,
Crab,XKG,2021,16,6,1,55,*,*,,
Crab,XKG,2021,16,7,2,245,*,*,,
Crab,XKG,2021,16,8,2,65,*,*,,
Crab,XKG,2021,16,9,1,38,*,*,,
Crab,XKG,2021,16,13,1,81,*,*,,
Crab,XKG,2021,16,14,1,10,*,*,,
Crab,XKG,2021,16,15,1,18,*,*,,
Crab,XKG,2021,16,19,1,50,*,*,,
Crab,XKG,2021,16,Total,3,6765,6359,10064,,
Crab,XKG,2021,17,1,6,1757,2857,4998,,
Crab,XKG,2021,17,2,10,16933,22896,39838,,
Crab,XKG,2021,17,3,3,1607,2611,4388,,
Crab,XKG,2021,17,4,6,1089,1219,1990,,
Crab,XKG,2021,17,5,6,2976,3607,6081,,
Crab,XKG,2021,17,6,4,3926,5576,9766,,
Crab,XKG,2021,17,7,4,3861,4644,8090,,
Crab,XKG,2021,17,8,7,7724,9645,15905,,
Crab,XKG,2021,17,10,1,67,*,*,,
Crab,XKG,2021,17,11,2,452,*,*,,
Crab,XKG,2021,17,12,2,89,*,*,,
Crab,XKG,2021,17,13,3,1737,3317,5190,,
Crab,XKG,2021,17,14,3,2431,4775,7863,,
Crab,XKG,2021,17,15,2,132,*,*,,
Crab,XKG,2021,17,16,3,1622,6419,10537,,
Crab,XKG,2021,17,17,2,3444,*,*,,
Crab,XKG,2021,17,18,2,532,*,*,,
Crab,XKG,2021,17,19,2,1917,*,*,,
Crab,XKG,2021,17,20,1,62,*,*,,
Crab,XKG,2021,17,Total,16,52358,80532,135521,,
Crab,XKG,2021,18,1,4,6679,10880,18267,,
Crab,XKG,2021,18,2,7,2407,3662,6242,,
Crab,XKG,2021,18,3,17,32081,32257,56296,,
Crab,XKG,2021,18,4,10,15322,17646,29784,,
Crab,XKG,2021,18,5,12,67013,64081,108586,,
Crab,XKG,2021,18,6,12,21981,24154,40780,,
Crab,XKG,2021,18,7,8,24637,25210,42486,,
Crab,XKG,2021,18,10,1,782,*,*,,
Crab,XKG,2021,18,11,2,1028,*,*,,
Crab,XKG,2021,18,Total,20,171930,179932,305786,,
Crab,XKG,2021,19,1,1,171,*,*,,
Crab,XKG,2021,19,2,1,70,*,*,,
Crab,XKG,2021,19,3,9,80996,96664,164471,,
Crab,XKG,2021,19,4,6,11522,11515,17665,,
Crab,XKG,2021,19,5,33,483593,446769,765460,,
Crab,XKG,2021,19,6,1,1842,*,*,,
Crab,XKG,2021,19,7,3,2143,2652,4428,,
Crab,XKG,2021,19,8,4,1656,2762,4735,,
Crab,XKG,2021,19,9,1,43,*,*,,
Crab,XKG,2021,19,Total,38,582036,563606,962522,,
Crab,XKG,2021,20,1,2,2277,*,*,,
Crab,XKG,2021,20,2,4,15155,45157,80581,,
Crab,XKG,2021,20,3,2,13,*,*,,
Crab,XKG,2021,20,4,6,45031,88464,155057,,
Crab,XKG,2021,20,5,5,20094,39835,70712,,
Crab,XKG,2021,20,6,6,11883,24960,41986,,
Crab,XKG,2021,20,7,5,4636,9012,15227,,
Crab,XKG,2021,20,Total,6,99089,214552,376194,,
Crab,XKG,2021,21,0,4,10058,21586,37066,,
Crab,XKG,2021,21,Total,4,10058,21586,37066,,
Crab,XKG,2021,23,4,4,3734,9414,16802,,
Crab,XKG,2021,23,6,2,225,*,*,,
Crab,XKG,2021,23,7,2,2641,*,*,,
Crab,XKG,2021,23,8,2,125,*,*,,
Crab,XKG,2021,23,9,2,1001,*,*,,
Crab,XKG,2021,23,10,1,315,*,*,,
Crab,XKG,2021,23,11,8,17642,28914,52083,,
Crab,XKG,2021,23,Total,8,25683,47254,84930,,
Crab,XKG,2021,24,2,8,2447,9460,16891,,
Crab,XKG,2021,24,3,6,4612,19744,36411,,
Crab,XKG,2021,24,4,9,5483,15201,26961,,
Crab,XKG,2021,24,5,3,274,**,**,,
Crab,XKG,2021,24,6,8,9627,26653,44498,,
Crab,XKG,2021,24,7,12,14293,42223,70744,,
Crab,XKG,2021,24,8,5,3431,9984,16655,,
Crab,XKG,2021,24,9,19,55008,123715,210663,,
Crab,XKG,2021,24,10,3,911,2851,4709,,
Crab,XKG,2021,24,11,8,11347,22412,38219,,
Crab,XKG,2021,24,12,3,2784,6219,9539,,
Crab,XKG,2021,24,14,2,54,*,*,,
Crab,XKG,2021,24,Total,29,110271,279892,477817,,
Crab,XKG,2021,25,7,1,190,*,*,,
Crab,XKG,2021,25,Total,1,190,*,*,,
Crab,XKG,2021,27,5,1,14,*,*,,
Crab,XKG,2021,27,7,3,2852,11233,19235,,
Crab,XKG,2021,27,8,3,161,172,282,,
Crab,XKG,2021,27,9,1,5,*,*,,
Crab,XKG,2021,27,10,3,2230,12770,21972,,
Crab,XKG,2021,27,11,3,7393,34866,58102,,
Crab,XKG,2021,27,Total,3,12655,59051,99614,,
Crab,XKG,2021,28,2,2,2450,*,*,,
Crab,XKG,2021,28,6,2,1440,*,*,,
Crab,XKG,2021,28,7,5,20418,24585,38429,,
Crab,XKG,2021,28,8,2,11890,*,*,,
Crab,XKG,2021,28,9,2,162,*,*,,
Crab,XKG,2021,28,11,2,14337,*,*,,
Crab,XKG,2021,28,12,3,26807,42709,64823,,
Crab,XKG,2021,28,13,1,380,*,*,,
Crab,XKG,2021,28,14,1,120,*,*,,
Crab,XKG,2021,28,Total,7,78004,122080,188470,,
Crab,XKG,2021,29,2,4,155,**,**,,
Crab,XKG,2021,29,3,11,36007,69319,105828,,
Crab,XKG,2021,29,4,3,13063,22481,35342,,
Crab,XKG,2021,29,5,3,2079,2391,3991,,
Crab,XKG,2021,29,6,12,120622,161958,265444,,
Crab,XKG,2021,29,7,5,5251,16652,27097,,
Crab,XKG,2021,29,8,24,279244,381755,617768,,
Crab,XKG,2021,29,9,4,24289,20844,34804,,
Crab,XKG,2021,29,10,8,25785,27439,41838,,
Crab,XKG,2021,29,11,1,140,*,*,,
Crab,XKG,2021,29,Total,47,506635,703072,1132470,,
Crab,XKG,2021,101,7,3,2591,**,**,,
Crab,XKG,2021,101,9,1,100,*,*,,
Crab,XKG,2021,101,10,15,10021,79080,147321,,
Crab,XKG,2021,101,Total,15,12712,97155,178705,,
Crab,XKG,2021,102,1,37,373308,4032507,7670995,,
Crab,XKG,2021,102,2,4,1058,11170,21068,,
Crab,XKG,2021,102,Total,37,374366,4043677,7692063,,
Crab,XKG,2021,104,1,1,20,*,*,,
Crab,XKG,2021,104,2,21,50088,472124,886976,,
Crab,XKG,2021,104,3,25,67193,684284,1288802,,
Crab,XKG,2021,104,4,9,10409,**,**,,
Crab,XKG,2021,104,5,26,55813,607778,1157767,,
Crab,XKG,2021,104,Total,32,183523,1881769,3542508,,
Crab,XKG,2021,105,1,32,183034,2602760,5015309,,
Crab,XKG,2021,105,Total,32,183034,2602760,5015309,,
Crab,XKG,2021,107,2,1,120,*,*,,
Crab,XKG,2021,107,Total,1,120,*,*,,
Crab,XKG,2021,108,1,1,5301,*,*,,
Crab,XKG,2021,108,Total,1,5301,*,*,,
Crab,XKG,2021,121,1,4,5621,**,**,,
Crab,XKG,2021,121,2,2,740,*,*,,
Crab,XKG,2021,121,Total,4,6361,11696,20000,,
Crab,XKG,2021,123,0,1,230,*,*,,
Crab,XKG,2021,123,1,2,1527,*,*,,
Crab,XKG,2021,123,3,3,999,2131,3730,,
Crab,XKG,2021,123,5,6,2655,5559,9879,,
Crab,XKG,2021,123,6,8,9149,20311,36671,,
Crab,XKG,2021,123,9,1,602,*,*,,
Crab,XKG,2021,123,Total,11,15162,37205,66225,,
Crab,XKG,2021,124,1,18,25245,64147,110283,,
Crab,XKG,2021,124,2,2,286,*,*,,
Crab,XKG,2021,124,3,10,9760,**,**,,
Crab,XKG,2021,124,Total,20,35291,81548,139494,,
Crab,XKG,2022,1,3,2,1790,*,*,,
Crab,XKG,2022,1,4,2,1671,*,*,,
Crab,XKG,2022,1,5,14,34145,229905,431886,,
Crab,XKG,2022,1,6,2,330,*,*,,
Crab,XKG,2022,1,Total,15,37936,244490,458614,,
Crab,XKG,2022,3,1,1,130,*,*,,
Crab,XKG,2022,3,6,3,1075,1920,3285,,
Crab,XKG,2022,3,7,1,366,*,*,,
Crab,XKG,2022,3,8,2,3926,*,*,,
Crab,XKG,2022,3,9,3,1911,3403,6279,,
Crab,XKG,2022,3,10,3,3595,6360,10970,,
Crab,XKG,2022,3,11,3,3102,5123,9453,,
Crab,XKG,2022,3,12,9,6560,12929,21791,,
Crab,XKG,2022,3,14,5,8189,9628,17640,,
Crab,XKG,2022,3,17,2,1308,*,*,,
Crab,XKG,2022,3,18,9,3099,6163,9242,,
Crab,XKG,2022,3,Total,10,33261,57199,99552,,
Crab,XKG,2022,4,1,3,2656,3605,6695,,
Crab,XKG,2022,4,2,4,529,643,1027,,
Crab,XKG,2022,4,3,6,5046,24099,41441,,
Crab,XKG,2022,4,5,7,14851,20676,35713,,
Crab,XKG,2022,4,6,3,796,839,1590,,
Crab,XKG,2022,4,7,1,255,*,*,,
Crab,XKG,2022,4,8,3,2313,3384,5997,,
Crab,XKG,2022,4,9,12,24358,36362,60149,,
Crab,XKG,2022,4,12,15,115282,94086,157662,,
Crab,XKG,2022,4,15,1,60,*,*,,
Crab,XKG,2022,4,Total,18,166146,184084,311044,,
Crab,XKG,2022,5,1,5,3229,4804,8111,,
Crab,XKG,2022,5,2,2,879,*,*,,
Crab,XKG,2022,5,4,12,10415,13981,24805,,
Crab,XKG,2022,5,5,10,3230,4342,7233,,
Crab,XKG,2022,5,6,13,6668,10293,17071,,
Crab,XKG,2022,5,7,11,2229,3314,5634,,
Crab,XKG,2022,5,8,12,10851,16118,27744,,
Crab,XKG,2022,5,9,7,4944,5353,9914,,
Crab,XKG,2022,5,11,14,96181,242023,411463,,
Crab,XKG,2022,5,13,2,247,*,*,,
Crab,XKG,2022,5,14,3,2945,10684,21371,,
Crab,XKG,2022,5,15,3,2850,7129,14508,,
Crab,XKG,2022,5,16,1,981,*,*,,
Crab,XKG,2022,5,17,1,17,*,*,,
Crab,XKG,2022,5,20,2,380,*,*,,
Crab,XKG,2022,5,21,1,292,*,*,,
Crab,XKG,2022,5,23,3,1857,3883,6015,,
Crab,XKG,2022,5,24,3,754,712,1260,,
Crab,XKG,2022,5,Total,19,148949,331384,572657,,
Crab,XKG,2022,6,3,2,490,*,*,,
Crab,XKG,2022,6,4,5,7861,16484,27234,,
Crab,XKG,2022,6,5,3,645,693,1152,,
Crab,XKG,2022,6,6,4,1160,1896,3177,,
Crab,XKG,2022,6,8,3,304,317,525,,
Crab,XKG,2022,6,9,1,97,*,*,,
Crab,XKG,2022,6,10,2,192,*,*,,
Crab,XKG,2022,6,11,1,97,*,*,,
Crab,XKG,2022,6,12,1,96,*,*,,
Crab,XKG,2022,6,13,1,194,*,*,,
Crab,XKG,2022,6,14,1,194,*,*,,
Crab,XKG,2022,6,15,1,97,*,*,,
Crab,XKG,2022,6,19,1,152,*,*,,
Crab,XKG,2022,6,20,1,22,*,*,,
Crab,XKG,2022,6,21,2,133,*,*,,
Crab,XKG,2022,6,22,2,300,*,*,,
Crab,XKG,2022,6,25,2,314,*,*,,
Crab,XKG,2022,6,Total,7,12348,27246,45230,,
Crab,XKG,2022,7,9,2,34,*,*,,
Crab,XKG,2022,7,29,1,11,*,*,,
Crab,XKG,2022,7,Total,2,45,*,*,,
Crab,XKG,2022,8,1,2,273,*,*,,
Crab,XKG,2022,8,2,3,959,**,**,,
Crab,XKG,2022,8,4,3,1105,5203,9120,,
Crab,XKG,2022,8,Total,4,2337,8206,14614,,
Crab,XKG,2022,10,12,1,78,*,*,,
Crab,XKG,2022,10,Total,1,78,*,*,,
Crab,XKG,2022,11,2,1,200,*,*,,
Crab,XKG,2022,11,Total,1,200,*,*,,
Crab,XKG,2022,12,1,2,1652,*,*,,
Crab,XKG,2022,12,2,4,892,1278,2305,,
Crab,XKG,2022,12,3,1,13,*,*,,
Crab,XKG,2022,12,4,2,156,*,*,,
Crab,XKG,2022,12,5,3,686,1367,2518,,
Crab,XKG,2022,12,6,9,10654,15436,26382,,
Crab,XKG,2022,12,13,1,4217,*,*,,
Crab,XKG,2022,12,16,2,1359,*,*,,
Crab,XKG,2022,12,17,2,405,*,*,,
Crab,XKG,2022,12,18,5,5134,10710,17874,,
Crab,XKG,2022,12,20,2,438,*,*,,
Crab,XKG,2022,12,22,5,863,1021,1706,,
Crab,XKG,2022,12,25,9,7088,8005,13888,,
Crab,XKG,2022,12,26,15,44378,61263,103614,,
Crab,XKG,2022,12,27,3,11644,17885,28241,,
Crab,XKG,2022,12,28,2,2645,*,*,,
Crab,XKG,2022,12,29,3,3697,4318,7013,,
Crab,XKG,2022,12,34,1,60,*,*,,
Crab,XKG,2022,12,35,4,2907,3778,6824,,
Crab,XKG,2022,12,36,5,4984,5856,10815,,
Crab,XKG,2022,12,37,1,1051,*,*,,
Crab,XKG,2022,12,38,2,889,*,*,,
Crab,XKG,2022,12,39,10,15045,25003,43444,,
Crab,XKG,2022,12,40,5,2192,4379,7704,,
Crab,XKG,2022,12,41,6,5217,10152,16437,,
Crab,XKG,2022,12,42,3,1261,2329,3766,,
Crab,XKG,2022,12,43,3,295,494,795,,
Crab,XKG,2022,12,45,2,167,*,*,,
Crab,XKG,2022,12,46,2,132,*,*,,
Crab,XKG,2022,12,47,1,35,*,*,,
Crab,XKG,2022,12,48,3,1049,2553,4746,,
Crab,XKG,2022,12,Total,18,131205,197643,334531,,
Crab,XKG,2022,13,9,1,70,*,*,,
Crab,XKG,2022,13,14,1,29,*,*,,
Crab,XKG,2022,13,15,2,736,*,*,,
Crab,XKG,2022,13,23,1,270,*,*,,
Crab,XKG,2022,13,24,4,6799,12698,21008,,
Crab,XKG,2022,13,25,2,373,*,*,,
Crab,XKG,2022,13,26,3,411,605,1045,,
Crab,XKG,2022,13,36,3,477,653,1066,,
Crab,XKG,2022,13,37,6,1364,2071,3628,,
Crab,XKG,2022,13,38,3,87,86,148,,
Crab,XKG,2022,13,42,2,1235,*,*,,
Crab,XKG,2022,13,43,2,1121,*,*,,
Crab,XKG,2022,13,Total,8,12972,22701,38077,,
Crab,XKG,2022,14,1,2,4419,*,*,,
Crab,XKG,2022,14,3,1,18,*,*,,
Crab,XKG,2022,14,4,2,2538,*,*,,
Crab,XKG,2022,14,5,1,476,*,*,,
Crab,XKG,2022,14,13,1,89,*,*,,
Crab,XKG,2022,14,Total,3,7540,12815,20276,,
Crab,XKG,2022,15,1,4,3031,5907,9281,,
Crab,XKG,2022,15,2,4,5981,11379,17869,,
Crab,XKG,2022,15,3,2,1208,*,*,,
Crab,XKG,2022,15,4,1,174,*,*,,
Crab,XKG,2022,15,5,1,91,*,*,,
Crab,XKG,2022,15,Total,4,10485,19100,30082,,
Crab,XKG,2022,16,1,1,4851,*,*,,
Crab,XKG,2022,16,2,1,585,*,*,,
Crab,XKG,2022,16,3,1,62,*,*,,
Crab,XKG,2022,16,5,1,673,*,*,,
Crab,XKG,2022,16,6,1,18,*,*,,
Crab,XKG,2022,16,7,1,192,*,*,,
Crab,XKG,2022,16,8,1,34,*,*,,
Crab,XKG,2022,16,11,1,27,*,*,,
Crab,XKG,2022,16,Total,1,6442,*,*,,
Crab,XKG,2022,17,1,7,2369,3174,5505,,
Crab,XKG,2022,17,2,9,12065,14457,25507,,
Crab,XKG,2022,17,3,2,1293,*,*,,
Crab,XKG,2022,17,4,3,1021,1680,3000,,
Crab,XKG,2022,17,5,3,1923,2378,4046,,
Crab,XKG,2022,17,6,3,1935,2104,3846,,
Crab,XKG,2022,17,7,3,2129,2333,4115,,
Crab,XKG,2022,17,8,5,7022,7476,12435,,
Crab,XKG,2022,17,11,1,352,*,*,,
Crab,XKG,2022,17,12,1,75,*,*,,
Crab,XKG,2022,17,13,3,2512,4700,7626,,
Crab,XKG,2022,17,14,3,2215,4848,7931,,
Crab,XKG,2022,17,16,2,1324,*,*,,
Crab,XKG,2022,17,17,2,3000,*,*,,
Crab,XKG,2022,17,18,3,2203,4823,7740,,
Crab,XKG,2022,17,19,4,2099,4437,7140,,
Crab,XKG,2022,17,20,1,9,*,*,,
Crab,XKG,2022,17,Total,16,43546,63346,106859,,
Crab,XKG,2022,18,1,4,5961,5468,9098,,
Crab,XKG,2022,18,2,6,1214,1655,2804,,
Crab,XKG,2022,18,3,13,25452,22707,40211,,
Crab,XKG,2022,18,4,10,11390,13035,21716,,
Crab,XKG,2022,18,5,11,49536,42698,71313,,
Crab,XKG,2022,18,6,10,21832,26125,43497,,
Crab,XKG,2022,18,7,7,19704,22017,37484,,
Crab,XKG,2022,18,9,1,14,*,*,,
Crab,XKG,2022,18,10,1,126,*,*,,
Crab,XKG,2022,18,11,1,680,*,*,,
Crab,XKG,2022,18,Total,20,135909,134891,228094,,
Crab,XKG,2022,19,3,7,115082,205267,351913,,
Crab,XKG,2022,19,4,5,12216,12220,19174,,
Crab,XKG,2022,19,5,29,442094,412070,713220,,
Crab,XKG,2022,19,7,3,1498,1649,2676,,
Crab,XKG,2022,19,8,3,807,1282,2308,,
Crab,XKG,2022,19,Total,37,571697,632488,1089291,,
Crab,XKG,2022,20,1,2,1273,*,*,,
Crab,XKG,2022,20,2,2,8781,*,*,,
Crab,XKG,2022,20,4,6,35072,59455,102124,,
Crab,XKG,2022,20,5,5,19229,39189,67950,,
Crab,XKG,2022,20,6,6,16642,44619,75095,,
Crab,XKG,2022,20,7,5,12490,35015,58703,,
Crab,XKG,2022,20,Total,6,93487,196861,336991,,
Crab,XKG,2022,21,0,2,7730,*,*,,
Crab,XKG,2022,21,Total,2,7730,*,*,,
Crab,XKG,2022,23,4,1,1432,*,*,,
Crab,XKG,2022,23,5,1,120,*,*,,
Crab,XKG,2022,23,6,1,120,*,*,,
Crab,XKG,2022,23,7,2,3508,*,*,,
Crab,XKG,2022,23,8,2,2172,*,*,,
Crab,XKG,2022,23,9,1,1337,*,*,,
Crab,XKG,2022,23,10,4,3561,4400,8217,,
Crab,XKG,2022,23,11,5,5511,6374,11978,,
Crab,XKG,2022,23,Total,8,17761,21326,39500,,
Crab,XKG,2022,24,2,2,738,*,*,,
Crab,XKG,2022,24,3,2,1077,*,*,,
Crab,XKG,2022,24,4,4,2092,5208,9289,,
Crab,XKG,2022,24,5,2,619,*,*,,
Crab,XKG,2022,24,6,5,2877,6196,10414,,
Crab,XKG,2022,24,7,10,8385,15894,26128,,
Crab,XKG,2022,24,8,5,6949,9998,16979,,
Crab,XKG,2022,24,9,23,38117,70621,120787,,
Crab,XKG,2022,24,10,4,183,215,368,,
Crab,XKG,2022,24,11,12,10907,17155,29512,,
Crab,XKG,2022,24,12,2,232,*,*,,
Crab,XKG,2022,24,14,1,271,*,*,,
Crab,XKG,2022,24,Total,30,72447,133577,228289,,
Crab,XKG,2022,25,7,1,40,*,*,,
Crab,XKG,2022,25,Total,1,40,*,*,,
Crab,XKG,2022,27,7,3,565,1482,2550,,
Crab,XKG,2022,27,8,1,48,*,*,,
Crab,XKG,2022,27,9,1,2,*,*,,
Crab,XKG,2022,27,10,3,1781,7070,11910,,
Crab,XKG,2022,27,11,4,11179,30326,51618,,
Crab,XKG,2022,27,Total,4,13575,39059,66376,,
Crab,XKG,2022,28,2,1,2100,*,*,,
Crab,XKG,2022,28,6,2,4225,*,*,,
Crab,XKG,2022,28,7,7,30618,46117,70832,,
Crab,XKG,2022,28,9,3,661,2289,3655,,
Crab,XKG,2022,28,11,3,18816,43778,69547,,
Crab,XKG,2022,28,12,3,12631,19770,30400,,
Crab,XKG,2022,28,13,2,366,*,*,,
Crab,XKG,2022,28,14,1,210,*,*,,
Crab,XKG,2022,28,Total,9,69627,122780,191546,,
Crab,XKG,2022,29,3,11,78836,112578,174830,,
Crab,XKG,2022,29,4,3,4195,7680,12151,,
Crab,XKG,2022,29,5,3,313,513,915,,
Crab,XKG,2022,29,6,10,87494,106561,174936,,
Crab,XKG,2022,29,7,3,3480,7873,12778,,
Crab,XKG,2022,29,8,23,264611,390940,633234,,
Crab,XKG,2022,29,9,6,60380,73585,123625,,
Crab,XKG,2022,29,10,6,15343,21628,30820,,
Crab,XKG,2022,29,Total,46,514652,721358,1163289,,
Crab,XKG,2022,101,7,7,3784,**,**,,
Crab,XKG,2022,101,9,1,80,*,*,,
Crab,XKG,2022,101,10,11,25382,205378,388539,,
Crab,XKG,2022,101,Total,12,29246,233602,440939,,
Crab,XKG,2022,102,1,37,297505,3120177,5883423,,
Crab,XKG,2022,102,2,5,3941,43719,85998,,
Crab,XKG,2022,102,Total,37,301446,3163896,5969421,,
Crab,XKG,2022,104,2,22,42712,426918,846321,,
Crab,XKG,2022,104,3,28,69574,607024,1169464,,
Crab,XKG,2022,104,4,7,20259,257702,456251,,
Crab,XKG,2022,104,5,18,39088,369374,715926,,
Crab,XKG,2022,104,Total,32,171633,1661018,3187962,,
Crab,XKG,2022,105,1,29,203322,**,**,,
Crab,XKG,2022,105,2,2,597,*,*,,
Crab,XKG,2022,105,Total,29,203919,2096463,4097458,,
Crab,XKG,2022,107,2,1,1960,*,*,,
Crab,XKG,2022,107,3,1,2397,*,*,,
Crab,XKG,2022,107,Total,1,4357,*,*,,
Crab,XKG,2022,108,1,2,15235,*,*,,
Crab,XKG,2022,108,2,1,940,*,*,,
Crab,XKG,2022,108,Total,2,16175,*,*,,
Crab,XKG,2022,121,1,2,3030,*,*,,
Crab,XKG,2022,121,2,2,1080,*,*,,
Crab,XKG,2022,121,Total,2,4110,*,*,,
Crab,XKG,2022,123,1,2,1070,*,*,,
Crab,XKG,2022,123,3,2,310,*,*,,
Crab,XKG,2022,123,5,5,1635,3709,6584,,
Crab,XKG,2022,123,6,7,8930,17761,32163,,
Crab,XKG,2022,123,Total,8,11945,24383,43706,,
Crab,XKG,2022,124,1,15,19723,37954,65160,,
Crab,XKG,2022,124,2,4,1110,**,**,,
Crab,XKG,2022,124,3,12,4598,6425,11208,,
Crab,XKG,2022,124,4,1,5,*,*,,
Crab,XKG,2022,124,Total,20,25436,46025,79167,,
Crab,XKG,2023,1,3,4,1233,**,**,,
Crab,XKG,2023,1,4,4,24307,71432,129654,,
Crab,XKG,2023,1,5,15,32572,168861,327803,,
Crab,XKG,2023,1,6,1,125,*,*,,
Crab,XKG,2023,1,Total,16,58237,248936,472981,,
Crab,XKG,2023,3,1,1,146,*,*,,
Crab,XKG,2023,3,3,2,302,*,*,,
Crab,XKG,2023,3,6,4,5104,9018,16784,,
Crab,XKG,2023,3,7,4,1589,2750,4881,,
Crab,XKG,2023,3,8,8,5512,9697,16399,,
Crab,XKG,2023,3,9,5,2664,4141,6531,,
Crab,XKG,2023,3,10,4,4025,7285,12352,,
Crab,XKG,2023,3,11,4,3697,6562,12167,,
Crab,XKG,2023,3,12,9,11642,26155,44809,,
Crab,XKG,2023,3,14,3,5443,11928,22436,,
Crab,XKG,2023,3,17,3,3637,8308,15028,,
Crab,XKG,2023,3,18,9,6583,14160,22324,,
Crab,XKG,2023,3,Total,9,50344,101355,176006,,
Crab,XKG,2023,4,1,4,2595,5031,7676,,
Crab,XKG,2023,4,2,2,1979,*,*,,
Crab,XKG,2023,4,3,4,1779,3251,5648,,
Crab,XKG,2023,4,4,1,68,*,*,,
Crab,XKG,2023,4,5,9,17710,27558,46850,,
Crab,XKG,2023,4,6,1,85,*,*,,
Crab,XKG,2023,4,7,1,325,*,*,,
Crab,XKG,2023,4,8,6,7731,11406,18459,,
Crab,XKG,2023,4,9,12,15448,20693,32849,,
Crab,XKG,2023,4,12,15,118700,93404,161693,,
Crab,XKG,2023,4,15,1,450,*,*,,
Crab,XKG,2023,4,Total,17,166870,165533,280312,,
Crab,XKG,2023,5,1,9,6430,5491,9261,,
Crab,XKG,2023,5,2,6,1018,1129,1999,,
Crab,XKG,2023,5,4,10,6013,6622,10485,,
Crab,XKG,2023,5,5,9,2302,3177,5066,,
Crab,XKG,2023,5,6,12,8585,10354,16757,,
Crab,XKG,2023,5,7,7,1272,1692,2536,,
Crab,XKG,2023,5,8,11,4879,5520,8609,,
Crab,XKG,2023,5,9,10,7140,7792,12265,,
Crab,XKG,2023,5,11,13,27791,33184,55972,,
Crab,XKG,2023,5,12,3,45,70,108,,
Crab,XKG,2023,5,13,2,164,*,*,,
Crab,XKG,2023,5,14,8,1963,7287,14563,,
Crab,XKG,2023,5,15,7,865,1360,2721,,
Crab,XKG,2023,5,16,2,978,*,*,,
Crab,XKG,2023,5,17,1,12,*,*,,
Crab,XKG,2023,5,18,1,102,*,*,,
Crab,XKG,2023,5,20,2,422,*,*,,
Crab,XKG,2023,5,21,2,301,*,*,,
Crab,XKG,2023,5,23,7,7772,13693,21383,,
Crab,XKG,2023,5,24,6,5515,11138,16977,,
Crab,XKG,2023,5,Total,17,83569,116392,194142,,
Crab,XKG,2023,6,2,1,72,*,*,,
Crab,XKG,2023,6,3,4,3278,12266,20559,,
Crab,XKG,2023,6,4,6,9171,17122,29672,,
Crab,XKG,2023,6,5,4,1609,3643,5464,,
Crab,XKG,2023,6,6,5,2313,5215,8700,,
Crab,XKG,2023,6,7,1,90,*,*,,
Crab,XKG,2023,6,8,2,1376,*,*,,
Crab,XKG,2023,6,9,1,17,*,*,,
Crab,XKG,2023,6,10,2,176,*,*,,
Crab,XKG,2023,6,12,1,40,*,*,,
Crab,XKG,2023,6,14,2,176,*,*,,
Crab,XKG,2023,6,18,1,18,*,*,,
Crab,XKG,2023,6,20,2,22,*,*,,
Crab,XKG,2023,6,21,4,793,1808,2812,,
Crab,XKG,2023,6,22,3,1315,2924,4594,,
Crab,XKG,2023,6,23,1,140,*,*,,
Crab,XKG,2023,6,24,2,200,*,*,,
Crab,XKG,2023,6,25,1,75,*,*,,
Crab,XKG,2023,6,28,2,53,*,*,,
Crab,XKG,2023,6,Total,11,20934,47403,78700,,
Crab,XKG,2023,7,6,1,12,*,*,,
Crab,XKG,2023,7,9,3,109,120,200,,
Crab,XKG,2023,7,13,1,98,*,*,,
Crab,XKG,2023,7,14,1,235,*,*,,
Crab,XKG,2023,7,15,1,18,*,*,,
Crab,XKG,2023,7,16,1,24,*,*,,
Crab,XKG,2023,7,29,1,265,*,*,,
Crab,XKG,2023,7,Total,4,761,3135,5235,,
Crab,XKG,2023,8,2,1,114,*,*,,
Crab,XKG,2023,8,4,1,89,*,*,,
Crab,XKG,2023,8,Total,1,203,*,*,,
Crab,XKG,2023,10,12,1,20,*,*,,
Crab,XKG,2023,10,Total,1,20,*,*,,
Crab,XKG,2023,11,2,1,60,*,*,,
Crab,XKG,2023,11,Total,1,60,*,*,,
Crab,XKG,2023,12,1,4,1581,2345,4058,,
Crab,XKG,2023,12,2,1,319,*,*,,
Crab,XKG,2023,12,4,1,108,*,*,,
Crab,XKG,2023,12,5,2,577,*,*,,
Crab,XKG,2023,12,6,9,9817,15837,26031,,
Crab,XKG,2023,12,8,2,40,*,*,,
Crab,XKG,2023,12,13,1,610,*,*,,
Crab,XKG,2023,12,16,1,400,*,*,,
Crab,XKG,2023,12,17,1,38,*,*,,
Crab,XKG,2023,12,18,5,1041,1696,2927,,
Crab,XKG,2023,12,20,2,156,*,*,,
Crab,XKG,2023,12,22,3,251,194,351,,
Crab,XKG,2023,12,25,7,3712,5553,9465,,
Crab,XKG,2023,12,26,12,47659,72364,121435,,
Crab,XKG,2023,12,27,2,2580,*,*,,
Crab,XKG,2023,12,28,2,1615,*,*,,
Crab,XKG,2023,12,29,2,2365,*,*,,
Crab,XKG,2023,12,35,3,2930,4128,7450,,
Crab,XKG,2023,12,36,2,4480,*,*,,
Crab,XKG,2023,12,37,1,340,*,*,,
Crab,XKG,2023,12,38,3,986,1763,3460,,
Crab,XKG,2023,12,39,9,16703,29193,48922,,
Crab,XKG,2023,12,40,3,1999,5519,9688,,
Crab,XKG,2023,12,41,4,6202,14270,23064,,
Crab,XKG,2023,12,42,2,783,*,*,,
Crab,XKG,2023,12,43,3,233,462,772,,
Crab,XKG,2023,12,45,1,74,*,*,,
Crab,XKG,2023,12,48,2,700,*,*,,
Crab,XKG,2023,12,Total,14,108299,181886,306238,,
Crab,XKG,2023,13,9,2,132,*,*,,
Crab,XKG,2023,13,12,2,284,*,*,,
Crab,XKG,2023,13,15,2,235,*,*,,
Crab,XKG,2023,13,19,1,19,*,*,,
Crab,XKG,2023,13,21,1,74,*,*,,
Crab,XKG,2023,13,22,1,47,*,*,,
Crab,XKG,2023,13,23,2,97,*,*,,
Crab,XKG,2023,13,24,5,9729,24690,40245,,
Crab,XKG,2023,13,25,2,58,*,*,,
Crab,XKG,2023,13,26,4,556,919,1459,,
Crab,XKG,2023,13,36,2,210,*,*,,
Crab,XKG,2023,13,37,5,1166,2242,3917,,
Crab,XKG,2023,13,38,2,53,*,*,,
Crab,XKG,2023,13,42,3,4420,10173,16554,,
Crab,XKG,2023,13,43,2,1250,*,*,,
Crab,XKG,2023,13,Total,8,18330,43862,71653,,
Crab,XKG,2023,14,1,2,2236,*,*,,
Crab,XKG,2023,14,4,1,1312,*,*,,
Crab,XKG,2023,14,5,1,49,*,*,,
Crab,XKG,2023,14,Total,2,3597,*,*,,
Crab,XKG,2023,15,1,4,4864,7833,12589,,
Crab,XKG,2023,15,2,4,9209,12317,19812,,
Crab,XKG,2023,15,3,2,629,*,*,,
Crab,XKG,2023,15,4,1,24,*,*,,
Crab,XKG,2023,15,5,2,138,*,*,,
Crab,XKG,2023,15,6,1,377,*,*,,
Crab,XKG,2023,15,Total,4,15241,22880,36721,,
Crab,XKG,2023,16,1,2,5836,*,*,,
Crab,XKG,2023,16,2,2,265,*,*,,
Crab,XKG,2023,16,5,2,802,*,*,,
Crab,XKG,2023,16,6,1,25,*,*,,
Crab,XKG,2023,16,7,1,73,*,*,,
Crab,XKG,2023,16,8,1,23,*,*,,
Crab,XKG,2023,16,13,1,16,*,*,,
Crab,XKG,2023,16,14,1,16,*,*,,
Crab,XKG,2023,16,15,1,28,*,*,,
Crab,XKG,2023,16,17,1,129,*,*,,
Crab,XKG,2023,16,Total,2,7213,*,*,,
Crab,XKG,2023,17,1,5,1110,2191,3792,,
Crab,XKG,2023,17,2,8,11419,15150,26847,,
Crab,XKG,2023,17,3,3,1912,2907,5275,,
Crab,XKG,2023,17,4,3,521,685,1229,,
Crab,XKG,2023,17,5,2,1460,*,*,,
Crab,XKG,2023,17,6,4,2324,3406,5862,,
Crab,XKG,2023,17,7,4,2600,3018,5181,,
Crab,XKG,2023,17,8,7,7378,12272,20557,,
Crab,XKG,2023,17,10,1,202,*,*,,
Crab,XKG,2023,17,11,1,1159,*,*,,
Crab,XKG,2023,17,12,1,11,*,*,,
Crab,XKG,2023,17,13,3,1459,1872,2987,,
Crab,XKG,2023,17,14,2,2537,*,*,,
Crab,XKG,2023,17,15,1,11,*,*,,
Crab,XKG,2023,17,16,2,1501,*,*,,
Crab,XKG,2023,17,17,4,3175,4217,7027,,
Crab,XKG,2023,17,18,2,1164,*,*,,
Crab,XKG,2023,17,19,3,1815,5941,9436,,
Crab,XKG,2023,17,20,1,8,*,*,,
Crab,XKG,2023,17,Total,15,41766,67527,114469,,
Crab,XKG,2023,18,1,3,2932,5996,9950,,
Crab,XKG,2023,18,2,5,2042,**,**,,
Crab,XKG,2023,18,3,9,28411,31896,53386,,
Crab,XKG,2023,18,4,8,8684,10689,17892,,
Crab,XKG,2023,18,5,9,40602,41485,68642,,
Crab,XKG,2023,18,6,10,15511,17327,28488,,
Crab,XKG,2023,18,7,8,19406,23118,39278,,
Crab,XKG,2023,18,11,1,436,*,*,,
Crab,XKG,2023,18,Total,17,118024,134728,224736,,
Crab,XKG,2023,19,3,13,118853,121872,213745,,
Crab,XKG,2023,19,4,3,7829,7907,12432,,
Crab,XKG,2023,19,5,33,537542,468450,811590,,
Crab,XKG,2023,19,6,1,460,*,*,,
Crab,XKG,2023,19,7,2,1463,*,*,,
Crab,XKG,2023,19,8,3,2196,4804,8538,,
Crab,XKG,2023,19,Total,39,668343,605666,1050873,,
Crab,XKG,2023,20,1,3,3243,**,**,,
Crab,XKG,2023,20,2,3,20546,37430,69097,,
Crab,XKG,2023,20,3,1,350,*,*,,
Crab,XKG,2023,20,4,7,42475,65283,116976,,
Crab,XKG,2023,20,5,6,15346,28170,47985,,
Crab,XKG,2023,20,6,7,11658,20465,34383,,
Crab,XKG,2023,20,7,5,7033,13325,22479,,
Crab,XKG,2023,20,Total,7,100651,172027,304552,,
Crab,XKG,2023,21,0,3,14196,29483,50193,,
Crab,XKG,2023,21,Total,3,14196,29483,50193,,
Crab,XKG,2023,23,3,1,30,*,*,,
Crab,XKG,2023,23,4,2,2765,*,*,,
Crab,XKG,2023,23,5,1,62,*,*,,
Crab,XKG,2023,23,6,2,90,*,*,,
Crab,XKG,2023,23,7,4,689,367,645,,
Crab,XKG,2023,23,8,2,944,*,*,,
Crab,XKG,2023,23,9,1,194,*,*,,
Crab,XKG,2023,23,10,2,1437,*,*,,
Crab,XKG,2023,23,11,3,3267,3278,6180,,
Crab,XKG,2023,23,Total,6,9478,9694,18461,,
Crab,XKG,2023,24,2,2,36,*,*,,
Crab,XKG,2023,24,3,2,23,*,*,,
Crab,XKG,2023,24,4,2,3304,*,*,,
Crab,XKG,2023,24,5,2,68,*,*,,
Crab,XKG,2023,24,6,2,3391,*,*,,
Crab,XKG,2023,24,7,7,7477,17352,28002,,
Crab,XKG,2023,24,8,4,7501,10598,17740,,
Crab,XKG,2023,24,9,19,38694,85121,141951,,
Crab,XKG,2023,24,10,3,881,2336,4646,,
Crab,XKG,2023,24,11,12,17456,41857,70748,,
Crab,XKG,2023,24,12,2,403,*,*,,
Crab,XKG,2023,24,Total,22,79234,175284,294032,,
Crab,XKG,2023,25,6,1,264,*,*,,
Crab,XKG,2023,25,8,1,201,*,*,,
Crab,XKG,2023,25,Total,1,465,*,*,,
Crab,XKG,2023,26,3,1,150,*,*,,
Crab,XKG,2023,26,Total,1,150,*,*,,
Crab,XKG,2023,27,7,1,168,*,*,,
Crab,XKG,2023,27,8,1,26,*,*,,
Crab,XKG,2023,27,10,2,2331,*,*,,
Crab,XKG,2023,27,11,3,5463,15846,29312,,
Crab,XKG,2023,27,Total,3,7988,23985,44993,,
Crab,XKG,2023,28,2,1,115,*,*,,
Crab,XKG,2023,28,5,1,1524,*,*,,
Crab,XKG,2023,28,6,5,5656,12540,19569,,
Crab,XKG,2023,28,7,6,15915,23823,36568,,
Crab,XKG,2023,28,8,1,615,*,*,,
Crab,XKG,2023,28,9,3,1394,1667,2771,,
Crab,XKG,2023,28,11,3,9780,10821,16423,,
Crab,XKG,2023,28,12,3,16120,15425,23646,,
Crab,XKG,2023,28,13,1,520,*,*,,
Crab,XKG,2023,28,14,1,280,*,*,,
Crab,XKG,2023,28,Total,7,51919,68585,105557,,
Crab,XKG,2023,29,1,1,29,*,*,,
Crab,XKG,2023,29,2,3,1374,1516,2324,,
Crab,XKG,2023,29,3,14,73610,133944,206980,,
Crab,XKG,2023,29,4,4,1728,4309,6984,,
Crab,XKG,2023,29,5,2,340,*,*,,
Crab,XKG,2023,29,6,10,68833,99042,162309,,
Crab,XKG,2023,29,7,5,5924,21832,36182,,
Crab,XKG,2023,29,8,22,254003,366757,589975,,
Crab,XKG,2023,29,9,5,31315,41865,68116,,
Crab,XKG,2023,29,10,8,11220,27909,40944,,
Crab,XKG,2023,29,Total,46,448376,697757,1114871,,
Crab,XKG,2023,101,5,1,314,*,*,,
Crab,XKG,2023,101,7,9,2736,**,**,,
Crab,XKG,2023,101,10,12,22541,150162,280581,,
Crab,XKG,2023,101,Total,15,25591,167950,312937,,
Crab,XKG,2023,102,1,41,358677,2661091,5079454,,
Crab,XKG,2023,102,2,3,703,3980,8000,,
Crab,XKG,2023,102,Total,41,359380,2665071,5087454,,
Crab,XKG,2023,104,2,26,90967,598232,1124145,,
Crab,XKG,2023,104,3,30,76176,513117,983829,,
Crab,XKG,2023,104,4,10,27743,207873,381122,,
Crab,XKG,2023,104,5,34,69093,395406,748219,,
Crab,XKG,2023,104,Total,40,263979,1714628,3237315,,
Crab,XKG,2023,105,1,27,120113,916352,1765725,,
Crab,XKG,2023,105,Total,27,120113,916352,1765725,,
Crab,XKG,2023,106,1,1,150,*,*,,
Crab,XKG,2023,106,Total,1,150,*,*,,
Crab,XKG,2023,107,3,2,112,*,*,,
Crab,XKG,2023,107,Total,2,112,*,*,,
Crab,XKG,2023,108,1,2,10465,*,*,,
Crab,XKG,2023,108,2,1,330,*,*,,
Crab,XKG,2023,108,Total,2,10795,*,*,,
Crab,XKG,2023,109,0,1,300,*,*,,
Crab,XKG,2023,109,Total,1,300,*,*,,
Crab,XKG,2023,121,1,2,6603,*,*,,
Crab,XKG,2023,121,2,1,530,*,*,,
Crab,XKG,2023,121,Total,2,7133,*,*,,
Crab,XKG,2023,123,1,4,970,**,**,,
Crab,XKG,2023,123,3,1,10,*,*,,
Crab,XKG,2023,123,5,4,3312,10300,20415,,
Crab,XKG,2023,123,6,6,10690,42615,71689,,
Crab,XKG,2023,123,Total,9,14982,55895,97270,,
Crab,XKG,2023,124,1,14,27435,99764,162419,,
Crab,XKG,2023,124,2,1,134,*,*,,
Crab,XKG,2023,124,3,6,3862,**,**,,
Crab,XKG,2023,124,Total,16,31431,107933,176106,,
Crab,XKG,2024,1,3,5,3035,**,**,,
Crab,XKG,2024,1,4,11,39065,63954,112106,,
Crab,XKG,2024,1,5,35,50123,110982,206642,,
Crab,XKG,2024,1,6,3,5444,18196,35645,,
Crab,XKG,2024,1,7,1,222,*,*,,
Crab,XKG,2024,1,Total,35,97889,208370,381770,,
Crab,XKG,2024,2,46,1,72,*,*,,
Crab,XKG,2024,2,52,1,595,*,*,,
Crab,XKG,2024,2,56,1,428,*,*,,
Crab,XKG,2024,2,62,1,506,*,*,,
Crab,XKG,2024,2,91,1,179,*,*,,
Crab,XKG,2024,2,95,1,383,*,*,,
Crab,XKG,2024,2,99,1,56,*,*,,
Crab,XKG,2024,2,Total,1,2219,*,*,,
Crab,XKG,2024,3,1,1,708,*,*,,
Crab,XKG,2024,3,2,1,236,*,*,,
Crab,XKG,2024,3,3,1,136,*,*,,
Crab,XKG,2024,3,6,2,5661,*,*,,
Crab,XKG,2024,3,7,5,1433,2501,3904,,
Crab,XKG,2024,3,8,3,15166,27859,42853,,
Crab,XKG,2024,3,9,3,4796,9754,14586,,
Crab,XKG,2024,3,10,4,5788,12999,19108,,
Crab,XKG,2024,3,11,4,9427,17610,30648,,
Crab,XKG,2024,3,12,8,9155,16715,27699,,
Crab,XKG,2024,3,13,1,44,*,*,,
Crab,XKG,2024,3,14,4,6571,11154,19607,,
Crab,XKG,2024,3,15,1,421,*,*,,
Crab,XKG,2024,3,17,4,5580,11470,20678,,
Crab,XKG,2024,3,18,9,6943,10071,16364,,
Crab,XKG,2024,3,Total,9,72065,134521,218172,,
Crab,XKG,2024,4,1,5,2967,5087,8229,,
Crab,XKG,2024,4,2,3,1274,3211,5168,,
Crab,XKG,2024,4,3,2,286,*,*,,
Crab,XKG,2024,4,4,1,48,*,*,,
Crab,XKG,2024,4,5,7,10222,18734,31350,,
Crab,XKG,2024,4,6,1,30,*,*,,
Crab,XKG,2024,4,7,2,215,*,*,,
Crab,XKG,2024,4,8,5,6916,13042,22629,,
Crab,XKG,2024,4,9,9,13105,22849,37064,,
Crab,XKG,2024,4,12,17,154021,177503,302432,,
Crab,XKG,2024,4,15,10,24581,21973,37143,,
Crab,XKG,2024,4,Total,18,213665,263727,446278,,
Crab,XKG,2024,5,1,8,6855,6487,10576,,
Crab,XKG,2024,5,2,3,1425,2637,4997,,
Crab,XKG,2024,5,4,13,23183,29252,47363,,
Crab,XKG,2024,5,5,8,2896,2955,4586,,
Crab,XKG,2024,5,6,13,9422,11542,19355,,
Crab,XKG,2024,5,7,5,2397,2586,4007,,
Crab,XKG,2024,5,8,12,7873,8768,13219,,
Crab,XKG,2024,5,9,10,17966,23733,44740,,
Crab,XKG,2024,5,11,10,2473,3215,5461,,
Crab,XKG,2024,5,12,3,406,**,**,,
Crab,XKG,2024,5,13,3,179,637,1198,,
Crab,XKG,2024,5,14,4,2984,7449,12687,,
Crab,XKG,2024,5,15,3,1557,2334,3962,,
Crab,XKG,2024,5,16,3,358,1146,2252,,
Crab,XKG,2024,5,19,1,59,*,*,,
Crab,XKG,2024,5,20,3,890,3181,5833,,
Crab,XKG,2024,5,23,7,8686,16699,27364,,
Crab,XKG,2024,5,24,4,7156,14832,24298,,
Crab,XKG,2024,5,Total,18,96765,137810,232507,,
Crab,XKG,2024,6,3,7,2679,9834,17924,,
Crab,XKG,2024,6,4,9,19835,44141,78760,,
Crab,XKG,2024,6,5,3,3501,5632,11148,,
Crab,XKG,2024,6,6,5,4339,7740,14872,,
Crab,XKG,2024,6,7,2,180,*,*,,
Crab,XKG,2024,6,8,1,1088,*,*,,
Crab,XKG,2024,6,10,3,548,1830,3325,,
Crab,XKG,2024,6,12,4,1248,1015,1865,,
Crab,XKG,2024,6,13,2,664,*,*,,
Crab,XKG,2024,6,14,1,99,*,*,,
Crab,XKG,2024,6,20,3,163,905,1578,,
Crab,XKG,2024,6,21,4,1126,2700,4730,,
Crab,XKG,2024,6,22,4,1195,2870,5270,,
Crab,XKG,2024,6,24,1,63,*,*,,
Crab,XKG,2024,6,25,2,75,*,*,,
Crab,XKG,2024,6,27,1,27,*,*,,
Crab,XKG,2024,6,28,1,162,*,*,,
Crab,XKG,2024,6,Total,11,36992,86177,153887,,
Crab,XKG,2024,7,7,1,93,*,*,,
Crab,XKG,2024,7,9,2,62,*,*,,
Crab,XKG,2024,7,13,1,41,*,*,,
Crab,XKG,2024,7,14,1,268,*,*,,
Crab,XKG,2024,7,29,2,287,*,*,,
Crab,XKG,2024,7,Total,2,751,*,*,,
Crab,XKG,2024,8,2,2,296,*,*,,
Crab,XKG,2024,8,4,2,107,*,*,,
Crab,XKG,2024,8,6,1,14,*,*,,
Crab,XKG,2024,8,16,1,30,*,*,,
Crab,XKG,2024,8,Total,2,447,*,*,,
Crab,XKG,2024,9,2,1,136,*,*,,
Crab,XKG,2024,9,11,1,81,*,*,,
Crab,XKG,2024,9,12,1,51,*,*,,
Crab,XKG,2024,9,Total,1,268,*,*,,
Crab,XKG,2024,10,3,1,24,*,*,,
Crab,XKG,2024,10,7,1,163,*,*,,
Crab,XKG,2024,10,12,1,155,*,*,,
Crab,XKG,2024,10,Total,1,342,*,*,,
Crab,XKG,2024,11,2,2,201,*,*,,
Crab,XKG,2024,11,3,1,28,*,*,,
Crab,XKG,2024,11,4,1,32,*,*,,
Crab,XKG,2024,11,9,1,14,*,*,,
Crab,XKG,2024,11,10,1,135,*,*,,
Crab,XKG,2024,11,Total,2,410,*,*,,
Crab,XKG,2024,12,1,5,3826,5418,9656,,
Crab,XKG,2024,12,2,4,651,1170,1983,,
Crab,XKG,2024,12,3,1,185,*,*,,
Crab,XKG,2024,12,4,3,369,593,1095,,
Crab,XKG,2024,12,5,3,554,1100,1912,,
Crab,XKG,2024,12,6,12,13908,20751,34064,,
Crab,XKG,2024,12,7,3,155,138,210,,
Crab,XKG,2024,12,13,3,408,1154,1816,,
Crab,XKG,2024,12,16,2,1896,*,*,,
Crab,XKG,2024,12,17,2,225,*,*,,
Crab,XKG,2024,12,18,5,3179,6360,10175,,
Crab,XKG,2024,12,20,3,169,501,804,,
Crab,XKG,2024,12,22,4,151,137,263,,
Crab,XKG,2024,12,25,9,4533,10038,16442,,
Crab,XKG,2024,12,26,13,57674,89542,152007,,
Crab,XKG,2024,12,27,2,2535,*,*,,
Crab,XKG,2024,12,28,2,1285,*,*,,
Crab,XKG,2024,12,29,2,965,*,*,,
Crab,XKG,2024,12,35,6,3827,8361,15195,,
Crab,XKG,2024,12,36,3,7384,14514,27156,,
Crab,XKG,2024,12,37,2,700,*,*,,
Crab,XKG,2024,12,38,2,1255,*,*,,
Crab,XKG,2024,12,39,10,22290,42816,71302,,
Crab,XKG,2024,12,40,4,2522,6913,12612,,
Crab,XKG,2024,12,41,8,9394,19824,32141,,
Crab,XKG,2024,12,42,2,642,*,*,,
Crab,XKG,2024,12,43,4,481,1002,1613,,
Crab,XKG,2024,12,47,1,121,*,*,,
Crab,XKG,2024,12,48,3,2074,4066,7032,,
Crab,XKG,2024,12,Total,18,143358,258678,438567,,
Crab,XKG,2024,13,9,2,179,*,*,,
Crab,XKG,2024,13,12,2,110,*,*,,
Crab,XKG,2024,13,15,3,76,60,95,,
Crab,XKG,2024,13,21,2,36,*,*,,
Crab,XKG,2024,13,22,1,28,*,*,,
Crab,XKG,2024,13,23,4,485,764,1193,,
Crab,XKG,2024,13,24,5,14620,38741,62388,,
Crab,XKG,2024,13,25,5,58,89,148,,
Crab,XKG,2024,13,26,2,706,*,*,,
Crab,XKG,2024,13,36,4,417,679,1099,,
Crab,XKG,2024,13,37,7,833,1699,2959,,
Crab,XKG,2024,13,38,3,68,26,42,,
Crab,XKG,2024,13,42,5,5172,15417,25556,,
Crab,XKG,2024,13,43,3,3087,8481,13689,,
Crab,XKG,2024,13,Total,9,25875,68409,111087,,
Crab,XKG,2024,14,1,2,2693,*,*,,
Crab,XKG,2024,14,4,2,1677,*,*,,
Crab,XKG,2024,14,5,2,129,*,*,,
Crab,XKG,2024,14,Total,2,4499,*,*,,
Crab,XKG,2024,15,1,2,3580,*,*,,
Crab,XKG,2024,15,2,4,8043,16117,25805,,
Crab,XKG,2024,15,3,1,348,*,*,,
Crab,XKG,2024,15,4,1,37,*,*,,
Crab,XKG,2024,15,5,2,28,*,*,,
Crab,XKG,2024,15,6,2,810,*,*,,
Crab,XKG,2024,15,Total,4,12846,25787,41006,,
Crab,XKG,2024,16,1,1,5465,*,*,,
Crab,XKG,2024,16,2,1,145,*,*,,
Crab,XKG,2024,16,5,1,624,*,*,,
Crab,XKG,2024,16,7,1,110,*,*,,
Crab,XKG,2024,16,11,1,9,*,*,,
Crab,XKG,2024,16,13,1,16,*,*,,
Crab,XKG,2024,16,15,1,34,*,*,,
Crab,XKG,2024,16,16,1,26,*,*,,
Crab,XKG,2024,16,17,1,142,*,*,,
Crab,XKG,2024,16,Total,1,6571,*,*,,
Crab,XKG,2024,17,1,6,1659,3006,5375,,
Crab,XKG,2024,17,2,9,18998,29838,52348,,
Crab,XKG,2024,17,3,2,2447,*,*,,
Crab,XKG,2024,17,4,4,306,480,844,,
Crab,XKG,2024,17,5,3,1407,2478,4505,,
Crab,XKG,2024,17,6,4,2882,3984,6768,,
Crab,XKG,2024,17,7,3,2822,3764,6329,,
Crab,XKG,2024,17,8,5,7958,12445,21278,,
Crab,XKG,2024,17,9,1,25,*,*,,
Crab,XKG,2024,17,10,3,215,220,389,,
Crab,XKG,2024,17,11,1,277,*,*,,
Crab,XKG,2024,17,12,1,15,*,*,,
Crab,XKG,2024,17,13,4,2262,3036,5087,,
Crab,XKG,2024,17,14,2,2605,*,*,,
Crab,XKG,2024,17,16,3,1105,2539,4216,,
Crab,XKG,2024,17,17,2,5177,*,*,,
Crab,XKG,2024,17,18,1,787,*,*,,
Crab,XKG,2024,17,19,2,2038,*,*,,
Crab,XKG,2024,17,Total,15,52985,88253,152989,,
Crab,XKG,2024,18,1,2,2454,*,*,,
Crab,XKG,2024,18,2,3,1899,5311,8915,,
Crab,XKG,2024,18,3,11,23738,39882,67361,,
Crab,XKG,2024,18,4,9,6083,9672,16137,,
Crab,XKG,2024,18,5,10,52824,60557,102642,,
Crab,XKG,2024,18,6,9,14814,21861,36356,,
Crab,XKG,2024,18,7,7,25602,33691,57354,,
Crab,XKG,2024,18,8,2,105,*,*,,
Crab,XKG,2024,18,11,1,144,*,*,,
Crab,XKG,2024,18,Total,19,127663,177685,299970,,
Crab,XKG,2024,19,1,1,84,*,*,,
Crab,XKG,2024,19,3,15,105244,111308,198593,,
Crab,XKG,2024,19,4,5,7604,8903,13911,,
Crab,XKG,2024,19,5,34,565774,579199,999771,,
Crab,XKG,2024,19,6,1,174,*,*,,
Crab,XKG,2024,19,7,3,1439,2787,4952,,
Crab,XKG,2024,19,8,3,2337,5538,9996,,
Crab,XKG,2024,19,Total,42,682656,708040,1227687,,
Crab,XKG,2024,20,1,3,4394,**,**,,
Crab,XKG,2024,20,2,3,19271,41016,75575,,
Crab,XKG,2024,20,3,1,70,*,*,,
Crab,XKG,2024,20,4,7,51324,97318,175937,,
Crab,XKG,2024,20,5,6,16357,33551,57462,,
Crab,XKG,2024,20,6,7,11074,24763,42570,,
Crab,XKG,2024,20,7,4,6282,16389,26956,,
Crab,XKG,2024,20,Total,7,108772,219864,391785,,
Crab,XKG,2024,21,0,2,12862,*,*,,
Crab,XKG,2024,21,Total,2,12862,*,*,,
Crab,XKG,2024,23,4,1,2047,*,*,,
Crab,XKG,2024,23,5,1,90,*,*,,
Crab,XKG,2024,23,7,2,1740,*,*,,
Crab,XKG,2024,23,9,1,668,*,*,,
Crab,XKG,2024,23,10,1,1474,*,*,,
Crab,XKG,2024,23,11,1,561,*,*,,
Crab,XKG,2024,23,Total,3,6580,12704,22215,,
Crab,XKG,2024,24,4,5,2689,9988,16638,,
Crab,XKG,2024,24,5,1,45,*,*,,
Crab,XKG,2024,24,6,3,2638,6170,10177,,
Crab,XKG,2024,24,7,1,168,*,*,,
Crab,XKG,2024,24,8,2,6359,*,*,,
Crab,XKG,2024,24,9,14,30055,74735,123960,,
Crab,XKG,2024,24,10,3,1827,5965,10064,,
Crab,XKG,2024,24,11,8,13266,38380,66245,,
Crab,XKG,2024,24,12,1,2601,*,*,,
Crab,XKG,2024,24,14,1,45,*,*,,
Crab,XKG,2024,24,Total,18,59693,151209,253709,,
Crab,XKG,2024,27,10,1,3079,*,*,,
Crab,XKG,2024,27,11,1,2153,*,*,,
Crab,XKG,2024,27,Total,1,5232,*,*,,
Crab,XKG,2024,28,4,2,707,*,*,,
Crab,XKG,2024,28,5,2,2684,*,*,,
Crab,XKG,2024,28,6,4,4822,7268,12483,,
Crab,XKG,2024,28,7,7,17489,29231,44458,,
Crab,XKG,2024,28,8,1,25,*,*,,
Crab,XKG,2024,28,9,3,383,648,889,,
Crab,XKG,2024,28,11,3,20308,35073,55218,,
Crab,XKG,2024,28,12,3,12156,16484,25815,,
Crab,XKG,2024,28,13,2,1374,*,*,,
Crab,XKG,2024,28,14,1,550,*,*,,
Crab,XKG,2024,28,Total,8,60498,100640,157364,,
Crab,XKG,2024,29,2,3,1303,1287,1826,,
Crab,XKG,2024,29,3,14,68998,116838,179695,,
Crab,XKG,2024,29,4,3,6491,7468,12170,,
Crab,XKG,2024,29,5,2,406,*,*,,
Crab,XKG,2024,29,6,9,74481,81030,133675,,
Crab,XKG,2024,29,7,2,1997,*,*,,
Crab,XKG,2024,29,8,22,221984,202325,323589,,
Crab,XKG,2024,29,9,6,49179,58071,93008,,
Crab,XKG,2024,29,10,7,24390,36187,54175,,
Crab,XKG,2024,29,12,1,519,*,*,,
Crab,XKG,2024,29,Total,46,449748,514292,816626,,
Crab,XKG,2024,101,7,9,2684,4019,7657,,
Crab,XKG,2024,101,10,27,23254,73608,138988,,
Crab,XKG,2024,101,Total,28,25938,77627,146645,,
Crab,XKG,2024,102,1,44,291428,1048234,1987899,,
Crab,XKG,2024,102,2,6,1364,4428,8280,,
Crab,XKG,2024,102,Total,44,292792,1052662,1996179,,
Crab,XKG,2024,104,2,22,61188,261469,479667,,
Crab,XKG,2024,104,3,32,35104,116038,213865,,
Crab,XKG,2024,104,4,10,9905,31455,58990,,
Crab,XKG,2024,104,5,33,63319,201672,379139,,
Crab,XKG,2024,104,Total,38,169516,610634,1131661,,
Crab,XKG,2024,105,1,28,62571,205864,384728,,
Crab,XKG,2024,105,Total,28,62571,205864,384728,,
Crab,XKG,2024,106,1,1,150,*,*,,
Crab,XKG,2024,106,Total,1,150,*,*,,
Crab,XKG,2024,108,1,2,8302,*,*,,
Crab,XKG,2024,108,2,1,1345,*,*,,
Crab,XKG,2024,108,Total,2,9647,*,*,,
Crab,XKG,2024,121,1,2,11284,*,*,,
Crab,XKG,2024,121,2,1,365,*,*,,
Crab,XKG,2024,121,Total,2,11649,*,*,,
Crab,XKG,2024,123,1,3,647,2705,4803,,
Crab,XKG,2024,123,3,1,302,*,*,,
Crab,XKG,2024,123,5,3,6965,20121,34268,,
Crab,XKG,2024,123,6,8,22689,117259,205887,,
Crab,XKG,2024,123,8,2,578,*,*,,
Crab,XKG,2024,123,Total,10,31181,142733,249305,,
Crab,XKG,2024,124,1,11,41472,163205,270502,,
Crab,XKG,2024,124,2,3,717,**,**,,
Crab,XKG,2024,124,3,7,4421,10529,18233,,
Crab,XKG,2024,124,4,1,2,*,*,,
Crab,XKG,2024,124,Total,14,46612,176281,292981,,
Crab,XKG,2025,1,3,6,563,**,**,,
Crab,XKG,2025,1,4,11,26581,27561,46773,,
Crab,XKG,2025,1,5,29,39703,122717,216918,,
Crab,XKG,2025,1,6,1,1579,*,*,,
Crab,XKG,2025,1,Total,30,68426,154898,272320,,
Crab,XKG,2025,2,2,1,330,*,*,,
Crab,XKG,2025,2,Total,1,330,*,*,,
Crab,XKG,2025,3,1,1,232,*,*,,
Crab,XKG,2025,3,3,1,51,*,*,,
Crab,XKG,2025,3,6,2,3175,*,*,,
Crab,XKG,2025,3,7,3,2110,5736,9035,,
Crab,XKG,2025,3,8,5,8481,21787,32247,,
Crab,XKG,2025,3,9,4,7826,17363,24029,,
Crab,XKG,2025,3,10,3,7875,21187,28588,,
Crab,XKG,2025,3,11,4,9954,21732,35737,,
Crab,XKG,2025,3,12,9,19785,59020,88636,,
Crab,XKG,2025,3,13,1,12,*,*,,
Crab,XKG,2025,3,14,2,2486,*,*,,
Crab,XKG,2025,3,17,3,8365,23896,36291,,
Crab,XKG,2025,3,18,9,6715,18176,29535,,
Crab,XKG,2025,3,Total,10,77067,205215,312473,,
Crab,XKG,2025,4,1,3,3831,11497,18344,,
Crab,XKG,2025,4,2,3,2916,9894,17097,,
Crab,XKG,2025,4,3,4,1438,3238,5287,,
Crab,XKG,2025,4,4,1,40,*,*,,
Crab,XKG,2025,4,5,4,6626,15486,25979,,
Crab,XKG,2025,4,6,1,471,*,*,,
Crab,XKG,2025,4,7,1,140,*,*,,
Crab,XKG,2025,4,8,4,8766,16983,27681,,
Crab,XKG,2025,4,9,10,17967,36805,55861,,
Crab,XKG,2025,4,10,1,3454,*,*,,
Crab,XKG,2025,4,12,19,183414,238651,402384,,
Crab,XKG,2025,4,15,9,9572,10258,18002,,
Crab,XKG,2025,4,Total,20,238635,348797,581212,,
Crab,XKG,2025,5,1,5,7607,12972,21677,,
Crab,XKG,2025,5,2,7,6847,17917,28790,,
Crab,XKG,2025,5,4,12,23049,45660,71678,,
Crab,XKG,2025,5,5,9,4696,8084,13420,,
Crab,XKG,2025,5,6,8,5776,11601,18909,,
Crab,XKG,2025,5,7,4,1380,2834,4137,,
Crab,XKG,2025,5,8,10,7652,13460,21506,,
Crab,XKG,2025,5,9,8,6742,11070,19162,,
Crab,XKG,2025,5,11,8,1191,1454,2532,,
Crab,XKG,2025,5,12,1,62,*,*,,
Crab,XKG,2025,5,13,2,575,*,*,,
Crab,XKG,2025,5,14,7,5638,16724,28712,,
Crab,XKG,2025,5,15,5,950,2351,3968,,
Crab,XKG,2025,5,16,2,226,*,*,,
Crab,XKG,2025,5,17,1,99,*,*,,
Crab,XKG,2025,5,18,1,30,*,*,,
Crab,XKG,2025,5,20,3,929,2261,3666,,
Crab,XKG,2025,5,21,1,390,*,*,,
Crab,XKG,2025,5,23,7,4576,11308,19415,,
Crab,XKG,2025,5,24,4,2043,3040,5945,,
Crab,XKG,2025,5,Total,18,80458,165881,273188,,
Crab,XKG,2025,6,3,6,1896,4761,8825,,
Crab,XKG,2025,6,4,10,14393,34297,59378,,
Crab,XKG,2025,6,5,3,1327,2545,5085,,
Crab,XKG,2025,6,6,3,1778,3765,7310,,
Crab,XKG,2025,6,7,1,76,*,*,,
Crab,XKG,2025,6,8,3,934,1920,3320,,
Crab,XKG,2025,6,10,1,145,*,*,,
Crab,XKG,2025,6,12,1,425,*,*,,
Crab,XKG,2025,6,13,1,205,*,*,,
Crab,XKG,2025,6,20,1,179,*,*,,
Crab,XKG,2025,6,21,2,2185,*,*,,
Crab,XKG,2025,6,22,2,1546,*,*,,
Crab,XKG,2025,6,24,1,34,*,*,,
Crab,XKG,2025,6,25,2,50,*,*,,
Crab,XKG,2025,6,28,1,10,*,*,,
Crab,XKG,2025,6,Total,11,25183,58342,105795,,
Crab,XKG,2025,7,8,1,100,*,*,,
Crab,XKG,2025,7,9,2,59,*,*,,
Crab,XKG,2025,7,10,1,57,*,*,,
Crab,XKG,2025,7,14,1,353,*,*,,
Crab,XKG,2025,7,15,1,79,*,*,,
Crab,XKG,2025,7,29,1,89,*,*,,
Crab,XKG,2025,7,Total,2,737,*,*,,
Crab,XKG,2025,8,2,1,30,*,*,,
Crab,XKG,2025,8,4,2,34,*,*,,
Crab,XKG,2025,8,6,1,54,*,*,,
Crab,XKG,2025,8,13,1,38,*,*,,
Crab,XKG,2025,8,16,2,148,*,*,,
Crab,XKG,2025,8,Total,2,304,*,*,,
Crab,XKG,2025,9,2,1,65,*,*,,
Crab,XKG,2025,9,10,1,243,*,*,,
Crab,XKG,2025,9,11,1,19,*,*,,
Crab,XKG,2025,9,Total,1,327,*,*,,
Crab,XKG,2025,12,1,6,1745,3950,6531,,
Crab,XKG,2025,12,2,3,706,1271,2221,,
Crab,XKG,2025,12,4,1,260,*,*,,
Crab,XKG,2025,12,5,1,834,*,*,,
Crab,XKG,2025,12,6,11,12363,19368,32492,,
Crab,XKG,2025,12,7,3,665,1030,1634,,
Crab,XKG,2025,12,13,2,128,*,*,,
Crab,XKG,2025,12,16,3,810,2122,3460,,
Crab,XKG,2025,12,18,4,2452,4995,8495,,
Crab,XKG,2025,12,20,2,48,*,*,,
Crab,XKG,2025,12,21,1,31,*,*,,
Crab,XKG,2025,12,22,3,446,1022,1799,,
Crab,XKG,2025,12,24,1,20,*,*,,
Crab,XKG,2025,12,25,7,6558,8672,14812,,
Crab,XKG,2025,12,26,11,43705,75427,127225,,
Crab,XKG,2025,12,27,1,1421,*,*,,
Crab,XKG,2025,12,28,1,810,*,*,,
Crab,XKG,2025,12,29,2,1270,*,*,,
Crab,XKG,2025,12,35,5,1730,3356,6270,,
Crab,XKG,2025,12,36,2,5262,*,*,,
Crab,XKG,2025,12,37,1,904,*,*,,
Crab,XKG,2025,12,38,2,1401,*,*,,
Crab,XKG,2025,12,39,10,23117,49324,82329,,
Crab,XKG,2025,12,40,4,1510,3735,6997,,
Crab,XKG,2025,12,41,7,8790,22150,35343,,
Crab,XKG,2025,12,42,3,2365,7332,11732,,
Crab,XKG,2025,12,43,1,40,*,*,,
Crab,XKG,2025,12,45,1,20,*,*,,
Crab,XKG,2025,12,46,1,236,*,*,,
Crab,XKG,2025,12,48,2,959,*,*,,
Crab,XKG,2025,12,Total,15,120606,232420,393010,,
Crab,XKG,2025,13,9,2,117,*,*,,
Crab,XKG,2025,13,12,2,135,*,*,,
Crab,XKG,2025,13,15,1,84,*,*,,
Crab,XKG,2025,13,21,1,30,*,*,,
Crab,XKG,2025,13,22,1,234,*,*,,
Crab,XKG,2025,13,23,3,198,775,1240,,
Crab,XKG,2025,13,24,4,19309,41093,65238,,
Crab,XKG,2025,13,25,1,116,*,*,,
Crab,XKG,2025,13,26,3,722,1522,2454,,
Crab,XKG,2025,13,36,2,604,*,*,,
Crab,XKG,2025,13,37,2,1061,*,*,,
Crab,XKG,2025,13,38,2,48,*,*,,
Crab,XKG,2025,13,42,5,3082,5618,9195,,
Crab,XKG,2025,13,43,2,2972,*,*,,
Crab,XKG,2025,13,Total,5,28712,59241,94850,,
Crab,XKG,2025,14,1,3,2245,6391,10195,,
Crab,XKG,2025,14,4,2,1567,*,*,,
Crab,XKG,2025,14,5,2,371,*,*,,
Crab,XKG,2025,14,7,1,10,*,*,,
Crab,XKG,2025,14,15,1,17,*,*,,
Crab,XKG,2025,14,Total,3,4210,12781,20290,,
Crab,XKG,2025,15,1,2,2162,*,*,,
Crab,XKG,2025,15,2,3,9315,23900,38110,,
Crab,XKG,2025,15,3,2,380,*,*,,
Crab,XKG,2025,15,5,2,41,*,*,,
Crab,XKG,2025,15,6,2,810,*,*,,
Crab,XKG,2025,15,Total,3,12708,33000,52625,,
Crab,XKG,2025,16,1,1,6292,*,*,,
Crab,XKG,2025,16,2,1,233,*,*,,
Crab,XKG,2025,16,5,1,600,*,*,,
Crab,XKG,2025,16,6,1,8,*,*,,
Crab,XKG,2025,16,7,1,114,*,*,,
Crab,XKG,2025,16,13,1,51,*,*,,
Crab,XKG,2025,16,14,1,50,*,*,,
Crab,XKG,2025,16,15,1,58,*,*,,
Crab,XKG,2025,16,17,1,132,*,*,,
Crab,XKG,2025,16,Total,1,7538,*,*,,
Crab,XKG,2025,17,1,5,2883,9254,15318,,
Crab,XKG,2025,17,2,9,14998,37827,66329,,
Crab,XKG,2025,17,3,3,1603,4699,8507,,
Crab,XKG,2025,17,4,5,375,961,1709,,
Crab,XKG,2025,17,5,2,1875,*,*,,
Crab,XKG,2025,17,6,7,5944,14362,23789,,
Crab,XKG,2025,17,7,4,8439,25665,43606,,
Crab,XKG,2025,17,8,12,9742,26016,44884,,
Crab,XKG,2025,17,9,1,49,*,*,,
Crab,XKG,2025,17,10,4,174,193,343,,
Crab,XKG,2025,17,13,3,847,2020,3231,,
Crab,XKG,2025,17,14,3,1998,3371,5376,,
Crab,XKG,2025,17,16,4,1995,6146,10328,,
Crab,XKG,2025,17,17,4,6912,18526,31004,,
Crab,XKG,2025,17,18,2,465,*,*,,
Crab,XKG,2025,17,19,2,2555,*,*,,
Crab,XKG,2025,17,Total,16,60854,164535,281177,,
Crab,XKG,2025,18,1,2,430,*,*,,
Crab,XKG,2025,18,2,4,2057,4974,8317,,
Crab,XKG,2025,18,3,11,22967,41254,68039,,
Crab,XKG,2025,18,4,7,7356,12857,21898,,
Crab,XKG,2025,18,5,10,46520,61032,103539,,
Crab,XKG,2025,18,6,9,16193,24797,41961,,
Crab,XKG,2025,18,7,6,20868,25033,43403,,
Crab,XKG,2025,18,11,1,657,*,*,,
Crab,XKG,2025,18,Total,18,117048,173873,293780,,
Crab,XKG,2025,19,3,11,143511,136238,238921,,
Crab,XKG,2025,19,4,3,8152,9586,14897,,
Crab,XKG,2025,19,5,30,504333,481276,832030,,
Crab,XKG,2025,19,7,3,3222,3779,6392,,
Crab,XKG,2025,19,8,4,2585,5127,9215,,
Crab,XKG,2025,19,Total,40,661803,636006,1101455,,
Crab,XKG,2025,20,1,2,1607,*,*,,
Crab,XKG,2025,20,2,3,13008,27848,50817,,
Crab,XKG,2025,20,4,6,44561,86977,154990,,
Crab,XKG,2025,20,5,6,14543,27685,47589,,
Crab,XKG,2025,20,6,6,8898,15898,27224,,
Crab,XKG,2025,20,7,4,4528,**,**,,
Crab,XKG,2025,20,Total,6,87145,169134,299283,,
Crab,XKG,2025,21,0,2,11847,*,*,,
Crab,XKG,2025,21,Total,2,11847,*,*,,
Crab,XKG,2025,23,3,1,230,*,*,,
Crab,XKG,2025,23,4,3,2434,4434,7863,,
Crab,XKG,2025,23,5,1,20,*,*,,
Crab,XKG,2025,23,6,1,170,*,*,,
Crab,XKG,2025,23,7,3,1407,2134,3729,,
Crab,XKG,2025,23,8,2,59,*,*,,
Crab,XKG,2025,23,9,3,627,1763,3449,,
Crab,XKG,2025,23,10,2,775,*,*,,
Crab,XKG,2025,23,11,2,423,*,*,,
Crab,XKG,2025,23,Total,5,6145,10845,19521,,
Crab,XKG,2025,24,4,5,5336,13263,21451,,
Crab,XKG,2025,24,5,1,75,*,*,,
Crab,XKG,2025,24,6,3,2596,6273,10455,,
Crab,XKG,2025,24,7,2,877,*,*,,
Crab,XKG,2025,24,8,3,2737,4011,6690,,
Crab,XKG,2025,24,9,12,20831,40810,66952,,
Crab,XKG,2025,24,10,1,30,*,*,,
Crab,XKG,2025,24,11,10,6789,13047,22567,,
Crab,XKG,2025,24,12,1,7902,*,*,,
Crab,XKG,2025,24,14,1,110,*,*,,
Crab,XKG,2025,24,Total,21,47283,96056,159228,,
Crab,XKG,2025,27,10,1,4362,*,*,,
Crab,XKG,2025,27,11,1,2760,*,*,,
Crab,XKG,2025,27,Total,1,7122,*,*,,
Crab,XKG,2025,28,2,1,1900,*,*,,
Crab,XKG,2025,28,4,2,1067,*,*,,
Crab,XKG,2025,28,5,3,3438,5691,8805,,
Crab,XKG,2025,28,6,3,2860,3300,5174,,
Crab,XKG,2025,28,7,7,12785,25429,39899,,
Crab,XKG,2025,28,8,1,155,*,*,,
Crab,XKG,2025,28,9,1,930,*,*,,
Crab,XKG,2025,28,11,2,9587,*,*,,
Crab,XKG,2025,28,12,2,5382,*,*,,
Crab,XKG,2025,28,13,1,849,*,*,,
Crab,XKG,2025,28,14,1,20,*,*,,
Crab,XKG,2025,28,Total,8,38973,50575,79297,,
Crab,XKG,2025,29,2,2,155,*,*,,
Crab,XKG,2025,29,3,13,49731,96646,145782,,
Crab,XKG,2025,29,4,3,1120,2385,3870,,
Crab,XKG,2025,29,5,4,216,417,710,,
Crab,XKG,2025,29,6,9,133295,186829,308323,,
Crab,XKG,2025,29,7,2,5321,*,*,,
Crab,XKG,2025,29,8,23,296483,554805,885613,,
Crab,XKG,2025,29,9,4,24603,37219,61966,,
Crab,XKG,2025,29,10,10,26316,46458,69388,,
Crab,XKG,2025,29,12,1,596,*,*,,
Crab,XKG,2025,29,Total,49,537836,961603,1539007,,
Crab,XKG,2025,101,7,7,3912,13762,23497,,
Crab,XKG,2025,101,10,21,22253,70449,125412,,
Crab,XKG,2025,101,Total,21,26165,84211,148909,,
Crab,XKG,2025,102,1,41,320909,**,**,,
Crab,XKG,2025,102,2,2,687,*,*,,
Crab,XKG,2025,102,Total,41,321596,1779299,3299324,,
Crab,XKG,2025,104,1,1,129,*,*,,
Crab,XKG,2025,104,2,22,44476,196078,360126,,
Crab,XKG,2025,104,3,22,41647,220284,409951,,
Crab,XKG,2025,104,4,10,14643,**,**,,
Crab,XKG,2025,104,5,26,64867,302457,543412,,
Crab,XKG,2025,104,Total,30,165762,792463,1446381,,
Crab,XKG,2025,105,1,26,50886,304353,567617,,
Crab,XKG,2025,105,Total,26,50886,304353,567617,,
Crab,XKG,2025,108,1,1,3100,*,*,,
Crab,XKG,2025,108,Total,1,3100,*,*,,
Crab,XKG,2025,121,1,2,14107,*,*,,
Crab,XKG,2025,121,2,1,234,*,*,,
Crab,XKG,2025,121,Total,2,14341,*,*,,
Crab,XKG,2025,123,1,2,554,*,*,,
Crab,XKG,2025,123,5,5,11158,35953,62016,,
Crab,XKG,2025,123,6,4,10953,34371,61209,,
Crab,XKG,2025,123,8,1,1490,*,*,,
Crab,XKG,2025,123,Total,8,24155,76867,133768,,
Crab,XKG,2025,124,1,12,42245,132848,220064,,
Crab,XKG,2025,124,2,2,661,*,*,,
Crab,XKG,2025,124,3,5,6593,**,**,,
Crab,XKG,2025,124,Total,14,49499,148090,246787,,
Crab,XLA,1991,18,7,1,5,*,*,,
Crab,XLA,1991,18,Total,1,5,*,*,,
Crab,XLA,1991,19,1,1,3382,*,*,,
Crab,XLA,1991,19,Total,1,3382,*,*,,
Crab,XLA,1992,18,7,1,446,*,*,,
Crab,XLA,1992,18,Total,1,446,*,*,,
Crab,XLA,1992,19,1,1,2673,*,*,,
Crab,XLA,1992,19,3,1,4063,*,*,,
Crab,XLA,1992,19,Total,1,6736,*,*,,
Crab,XLA,1993,18,7,1,1553,*,*,,
Crab,XLA,1993,18,Total,1,1553,*,*,,
Crab,XLA,1993,19,0,1,4,*,*,,
Crab,XLA,1993,19,1,1,60,*,*,,
Crab,XLA,1993,19,3,1,8291,*,*,,
Crab,XLA,1993,19,4,1,2749,*,*,,
Crab,XLA,1993,19,Total,2,11104,*,*,,
Crab,XLA,1994,12,13,1,108,*,*,,
Crab,XLA,1994,12,Total,1,108,*,*,,
Crab,XLA,1994,18,7,1,48,*,*,,
Crab,XLA,1994,18,Total,1,48,*,*,,
Crab,XLA,1994,19,3,1,5237,*,*,,
Crab,XLA,1994,19,4,1,7307,*,*,,
Crab,XLA,1994,19,Total,1,12544,*,*,,
Crab,XLA,1995,17,2,1,162,*,*,,
Crab,XLA,1995,17,Total,1,162,*,*,,
Crab,XLA,1995,18,4,1,151,*,*,,
Crab,XLA,1995,18,5,1,899,*,*,,
Crab,XLA,1995,18,7,1,1395,*,*,,
Crab,XLA,1995,18,Total,1,2445,*,*,,
Crab,XLA,1995,19,3,1,3571,*,*,,
Crab,XLA,1995,19,4,1,10023,*,*,,
Crab,XLA,1995,19,5,1,2350,*,*,,
Crab,XLA,1995,19,Total,2,15944,*,*,,
Crab,XLA,1996,3,13,1,170,*,*,,
Crab,XLA,1996,3,14,1,565,*,*,,
Crab,XLA,1996,3,Total,1,735,*,*,,
Crab,XLA,1996,12,13,1,256,*,*,,
Crab,XLA,1996,12,16,1,183,*,*,,
Crab,XLA,1996,12,Total,1,439,*,*,,
Crab,XLA,1996,19,3,1,1472,*,*,,
Crab,XLA,1996,19,4,1,1830,*,*,,
Crab,XLA,1996,19,5,1,9000,*,*,,
Crab,XLA,1996,19,Total,2,12302,*,*,,
Crab,XLA,1997,3,13,1,62,*,*,,
Crab,XLA,1997,3,Total,1,62,*,*,,
Crab,XLA,1997,12,16,1,1388,*,*,,
Crab,XLA,1997,12,Total,1,1388,*,*,,
Crab,XLA,1997,19,3,1,510,*,*,,
Crab,XLA,1997,19,5,1,30100,*,*,,
Crab,XLA,1997,19,Total,2,30610,*,*,,
Crab,XLA,1998,12,16,1,300,*,*,,
Crab,XLA,1998,12,Total,1,300,*,*,,
Crab,XLA,1998,19,5,2,13220,*,*,,
Crab,XLA,1998,19,Total,2,13220,*,*,,
Crab,XLA,1999,12,16,1,818,*,*,,
Crab,XLA,1999,12,Total,1,818,*,*,,
Crab,XLA,1999,18,7,1,70,*,*,,
Crab,XLA,1999,18,Total,1,70,*,*,,
Crab,XLA,1999,24,6,1,115,*,*,,
Crab,XLA,1999,24,8,1,135,*,*,,
Crab,XLA,1999,24,9,1,70,*,*,,
Crab,XLA,1999,24,Total,1,320,*,*,,
Crab,XLA,2000,12,16,1,1021,*,*,,
Crab,XLA,2000,12,Total,1,1021,*,*,,
Crab,XLA,2000,19,3,1,160,*,*,,
Crab,XLA,2000,19,6,1,1500,*,*,,
Crab,XLA,2000,19,Total,2,1660,*,*,,
Crab,XLA,2000,23,11,1,50,*,*,,
Crab,XLA,2000,23,Total,1,50,*,*,,
Crab,XLA,2001,12,16,1,752,*,*,,
Crab,XLA,2001,12,Total,1,752,*,*,,
Crab,XLA,2001,18,6,1,2822,*,*,,
Crab,XLA,2001,18,Total,1,2822,*,*,,
Crab,XLA,2001,19,3,3,4694,2578,3292,,
Crab,XLA,2001,19,4,1,80,*,*,,
Crab,XLA,2001,19,5,2,4572,*,*,,
Crab,XLA,2001,19,Total,4,9346,3431,4263,,
Crab,XLA,2001,24,9,1,50,*,*,,
Crab,XLA,2001,24,Total,1,50,*,*,,
Crab,XLA,2002,12,16,1,155,*,*,,
Crab,XLA,2002,12,Total,1,155,*,*,,
Crab,XLA,2002,18,7,2,3255,*,*,,
Crab,XLA,2002,18,Total,2,3255,*,*,,
Crab,XLA,2002,19,3,3,602,473,531,,
Crab,XLA,2002,19,4,1,97,*,*,,
Crab,XLA,2002,19,5,1,62,*,*,,
Crab,XLA,2002,19,7,1,439,*,*,,
Crab,XLA,2002,19,Total,4,1200,588,660,,
Crab,XLA,2002,20,5,1,30,*,*,,
Crab,XLA,2002,20,6,1,12,*,*,,
Crab,XLA,2002,20,Total,1,42,*,*,,
Crab,XLA,2002,102,1,1,28,*,*,,
Crab,XLA,2002,102,Total,1,28,*,*,,
Crab,XLA,2003,12,16,1,51,*,*,,
Crab,XLA,2003,12,Total,1,51,*,*,,
Crab,XLA,2003,18,2,2,702,*,*,,
Crab,XLA,2003,18,4,2,254,*,*,,
Crab,XLA,2003,18,6,2,2103,*,*,,
Crab,XLA,2003,18,7,1,395,*,*,,
Crab,XLA,2003,18,Total,3,3454,182,194,,
Crab,XLA,2003,19,3,3,2264,559,659,,
Crab,XLA,2003,19,4,1,480,*,*,,
Crab,XLA,2003,19,5,1,360,*,*,,
Crab,XLA,2003,19,7,1,352,*,*,,
Crab,XLA,2003,19,Total,4,3456,673,785,,
Crab,XLA,2004,12,16,1,268,*,*,,
Crab,XLA,2004,12,Total,1,268,*,*,,
Crab,XLA,2004,18,7,1,390,*,*,,
Crab,XLA,2004,18,Total,1,390,*,*,,
Crab,XLA,2004,19,3,2,2325,*,*,,
Crab,XLA,2004,19,4,1,1317,*,*,,
Crab,XLA,2004,19,5,1,120,*,*,,
Crab,XLA,2004,19,7,1,255,*,*,,
Crab,XLA,2004,19,Total,3,4017,829,914,,
Crab,XLA,2005,12,16,1,118,*,*,,
Crab,XLA,2005,12,Total,1,118,*,*,,
Crab,XLA,2005,18,7,1,45,*,*,,
Crab,XLA,2005,18,Total,1,45,*,*,,
Crab,XLA,2005,19,3,1,1055,*,*,,
Crab,XLA,2005,19,4,1,299,*,*,,
Crab,XLA,2005,19,Total,1,1354,*,*,,
Crab,XLA,2007,19,3,1,110,*,*,,
Crab,XLA,2007,19,Total,1,110,*,*,,
Crab,XLA,2018,17,2,2,2260,*,*,,
Crab,XLA,2018,17,7,1,40,*,*,,
Crab,XLA,2018,17,8,1,142,*,*,,
Crab,XLA,2018,17,Total,2,2442,*,*,,
Crab,XLA,2019,17,2,1,4439,*,*,,
Crab,XLA,2019,17,6,1,16,*,*,,
Crab,XLA,2019,17,8,1,30,*,*,,
Crab,XLA,2019,17,Total,1,4485,*,*,,
Crab,XLA,2019,18,2,1,29,*,*,,
Crab,XLA,2019,18,3,1,90,*,*,,
Crab,XLA,2019,18,Total,1,119,*,*,,
Crab,XLA,2020,17,2,1,3461,*,*,,
Crab,XLA,2020,17,Total,1,3461,*,*,,
Crab,XLA,2020,18,3,1,340,*,*,,
Crab,XLA,2020,18,Total,1,340,*,*,,
Crab,XLA,2020,19,5,1,206,*,*,,
Crab,XLA,2020,19,Total,1,206,*,*,,
Crab,XLA,2021,17,1,1,1,*,*,,
Crab,XLA,2021,17,2,1,1086,*,*,,
Crab,XLA,2021,17,Total,1,1087,*,*,,
Crab,XLA,2021,18,2,1,19,*,*,,
Crab,XLA,2021,18,3,1,366,*,*,,
Crab,XLA,2021,18,Total,1,385,*,*,,
Crab,XLA,2022,17,1,1,51,*,*,,
Crab,XLA,2022,17,2,2,2727,*,*,,
Crab,XLA,2022,17,Total,2,2778,*,*,,
Crab,XLA,2022,18,2,1,14,*,*,,
Crab,XLA,2022,18,3,2,1269,*,*,,
Crab,XLA,2022,18,Total,2,1283,*,*,,
Crab,XLA,2023,17,1,1,2,*,*,,
Crab,XLA,2023,17,2,1,355,*,*,,
Crab,XLA,2023,17,Total,1,357,*,*,,
Crab,XLA,2023,18,2,1,2,*,*,,
Crab,XLA,2023,18,3,1,114,*,*,,
Crab,XLA,2023,18,4,1,2,*,*,,
Crab,XLA,2023,18,Total,1,118,*,*,,
Crab,XLA,2024,17,2,1,61,*,*,,
Crab,XLA,2024,17,Total,1,61,*,*,,
Crab,XLA,2024,18,3,1,19,*,*,,
Crab,XLA,2024,18,4,1,2,*,*,,
Crab,XLA,2024,18,Total,1,21,*,*,,
Crab,XLA,2025,19,5,1,208,*,*,,
Crab,XLA,2025,19,Total,1,208,*,*,,
Crab,ZAD,1991,3,0,1,20,*,*,,
Crab,ZAD,1991,3,7,1,295,*,*,,
Crab,ZAD,1991,3,8,1,196,*,*,,
Crab,ZAD,1991,3,10,1,945,*,*,,
Crab,ZAD,1991,3,11,2,3862,*,*,,
Crab,ZAD,1991,3,12,1,310,*,*,,
Crab,ZAD,1991,3,13,2,2090,*,*,,
Crab,ZAD,1991,3,14,3,1193,1717,2937,,
Crab,ZAD,1991,3,15,2,180,*,*,,
Crab,ZAD,1991,3,17,3,1910,1153,1885,,
Crab,ZAD,1991,3,Total,4,11001,13669,23474,,
Crab,ZAD,1991,5,2,1,40,*,*,,
Crab,ZAD,1991,5,Total,1,40,*,*,,
Crab,ZAD,1992,3,14,1,160,*,*,,
Crab,ZAD,1992,3,15,1,640,*,*,,
Crab,ZAD,1992,3,17,1,20,*,*,,
Crab,ZAD,1992,3,Total,1,820,*,*,,
Crab,ZAD,1994,3,11,1,0,*,*,,
Crab,ZAD,1994,3,12,1,82,*,*,,
Crab,ZAD,1994,3,17,1,40,*,*,,
Crab,ZAD,1994,3,Total,1,122,*,*,,
Crab,ZAD,2002,19,5,1,60,*,*,,
Crab,ZAD,2002,19,Total,1,60,*,*,,
Crab,ZAD,2002,20,7,1,80,*,*,,
Crab,ZAD,2002,20,Total,1,80,*,*,,
