"Annual commercial landings and effort for the Prawn and Shrimp by Trap fishery in the Pacific Region, by Pacific Fishery Management Area (PFMA) and Subarea.",,,,,,,,,,,
"All data available through 2025, by calendar year",,,,,,,,,,,
2025 data are preliminary,,,,,,,,,,,
Selected Pacific Fishery Management Areas: 17,,,,,,,,,,,
"Date compiled: July 7, 2026",,,,,,,,,,,
"Information source: Fisheries and Oceans Canada, Pacific Region Science Branch, Stock Assessment and Research Division, Shellfish Data Unit",,,,,,,,,,,
,commercial fishery harvest log data holdings,,,,,,,,,,
Information presented in this worksheet has been summarized to respect individuals' rights to privacy,,,,,,,,,,,
,as described in the Privacy Act and Access to Information Act,,,,,,,,,,
,* information does not meet the requirement for release - fewer than 3 vessels reporting,,,,,,,,,,
,** information withheld from public release so as to allow public release of information at the PFM Area level,,,,,,,,,,
PFM areas and subareas for which zero landings and effort have been reported have been omitted from the table.,,,,,,,,,,,
Effort is defined as the reported number of traps hauled,,,,,,,,,,,
"This table Includes only regular commercial harvest records. It excludes any special harvesting, for example under scientific licence, test fishery, etc.",,,,,,,,,,,
All information presented in this table arises from fishery dependent logbook programs.  Fishery dependent catch reporting relies on individual harvesters or groups of harvesters to monitor and report their own catch.,,,,,,,,,,,
Dependability of data arising from fishery dependent catch reporting programs is higher for those fisheries which also participate in independent verification such as 3rd party monitoring programs.  ,,,,,,,,,,,
Prawn trap fisheries are not managed with comprehensive independent verification programs and as such the dependability of the data is unknown.,,,,,,,,,,,
,,,,,,,,,,,
Please consult the relevant Integrated Fisheries Management Plan for more information about this data. (Available at https://science-libraries.canada.ca/eng/fisheries-oceans/),,,,,,,,,,,
,,,,,,,,,,,
Fishery,Species¹,Year,PFMA,PFM Subarea†,Vessel Count,Number of Traps Hauled,Prawn Landed (lbs)¹,Humpback Landed (lbs)¹,Coonstripe Landed (lbs)¹,,
Prawn,---,1980,6,1,1,7700,*,*,*,,¹Harvesters are required to report catch for the following species:
Prawn,---,1980,6,4,1,7055,*,*,*,,Prawn (Pandalus platyceros) aka Pacific Spot Prawn
Prawn,---,1980,6,18,1,157,*,*,*,,Humpback shrimp (P. hypsinotus)
Prawn,---,1980,6,25,1,44,*,*,*,,Coonstripe Shrimp (P. danae)
Prawn,---,1980,6,Total,2,14956,*,*,*,,
Prawn,---,1980,7,3,1,280,*,*,*,,"†NOTE: Values are duplicated in this table, to allow the release of data for areas where few vessels operate."
Prawn,---,1980,7,4,1,110,*,*,*,,"Landings are presented separately for each Subarea and again as a sum ""Total"" for each PFMA."
Prawn,---,1980,7,13,1,99,*,*,*,,
Prawn,---,1980,7,15,1,272,*,*,*,,This data is provided under the Open Government Licence - Canada (https://open.canada.ca/en/open-government-licence-canada)
Prawn,---,1980,7,30,1,40,*,*,*,,The Shellfish Data Unit may be contacted by email at: PACSDU@dfo-mpo.gc.ca
Prawn,---,1980,7,Total,1,801,*,*,*,,
Prawn,---,1980,9,2,1,811,*,*,*,,
Prawn,---,1980,9,7,1,102,*,*,*,,
Prawn,---,1980,9,11,1,137,*,*,*,,
Prawn,---,1980,9,Total,1,1050,*,*,*,,
Prawn,---,1980,12,0,1,1074,*,*,*,,
Prawn,---,1980,12,13,1,130,*,*,*,,
Prawn,---,1980,12,27,1,2067,*,*,*,,
Prawn,---,1980,12,29,1,30,*,*,*,,
Prawn,---,1980,12,30,1,66,*,*,*,,
Prawn,---,1980,12,31,1,178,*,*,*,,
Prawn,---,1980,12,39,1,100,*,*,*,,
Prawn,---,1980,12,45,1,699,*,*,*,,
Prawn,---,1980,12,47,1,38,*,*,*,,
Prawn,---,1980,12,Total,2,4382,*,*,*,,
Prawn,---,1980,13,42,1,64,*,*,*,,
Prawn,---,1980,13,43,1,29,*,*,*,,
Prawn,---,1980,13,Total,1,93,*,*,*,,
Prawn,---,1980,14,3,1,49,*,*,*,,
Prawn,---,1980,14,Total,1,49,*,*,*,,
Prawn,---,1980,15,5,1,186,*,*,*,,
Prawn,---,1980,15,Total,1,186,*,*,*,,
Prawn,---,1980,16,0,1,5005,*,*,*,,
Prawn,---,1980,16,6,2,4159,*,*,*,,
Prawn,---,1980,16,7,1,2068,*,*,*,,
Prawn,---,1980,16,11,2,1701,*,*,*,,
Prawn,---,1980,16,12,1,282,*,*,*,,
Prawn,---,1980,16,13,2,1096,*,*,*,,
Prawn,---,1980,16,14,1,70,*,*,*,,
Prawn,---,1980,16,19,1,176,*,*,*,,
Prawn,---,1980,16,Total,5,14557,7485,0,0,,
Prawn,---,1980,17,13,1,210,*,*,*,,
Prawn,---,1980,17,Total,1,210,*,*,*,,
Prawn,---,1980,19,8,2,4893,*,*,*,,
Prawn,---,1980,19,Total,2,4893,*,*,*,,
Prawn,---,1980,20,7,1,572,*,*,*,,
Prawn,---,1980,20,Total,1,572,*,*,*,,
Prawn,---,1980,23,2,1,4743,*,*,*,,
Prawn,---,1980,23,3,3,6580,5070,0,0,,
Prawn,---,1980,23,4,3,20428,17127,0,0,,
Prawn,---,1980,23,6,1,180,*,*,*,,
Prawn,---,1980,23,7,1,30,*,*,*,,
Prawn,---,1980,23,Total,3,31961,26470,0,0,,
Prawn,---,1980,25,1,1,40,*,*,*,,
Prawn,---,1980,25,2,1,40,*,*,*,,
Prawn,---,1980,25,4,1,40,*,*,*,,
Prawn,---,1980,25,5,1,79,*,*,*,,
Prawn,---,1980,25,9,1,37,*,*,*,,
Prawn,---,1980,25,Total,1,236,*,*,*,,
Prawn,---,1980,26,2,1,39,*,*,*,,
Prawn,---,1980,26,5,1,105,*,*,*,,
Prawn,---,1980,26,Total,1,144,*,*,*,,
Prawn,---,1980,28,1,1,5819,*,*,*,,
Prawn,---,1980,28,4,1,130,*,*,*,,
Prawn,---,1980,28,12,1,910,*,*,*,,
Prawn,---,1980,28,Total,2,6859,*,*,*,,
Prawn,---,1981,6,4,1,10573,*,*,*,,
Prawn,---,1981,6,Total,1,10573,*,*,*,,
Prawn,---,1981,7,9,1,1860,*,*,*,,
Prawn,---,1981,7,13,1,957,*,*,*,,
Prawn,---,1981,7,14,1,980,*,*,*,,
Prawn,---,1981,7,19,1,1080,*,*,*,,
Prawn,---,1981,7,27,1,810,*,*,*,,
Prawn,---,1981,7,28,1,180,*,*,*,,
Prawn,---,1981,7,Total,2,5867,*,*,*,,
Prawn,---,1981,8,4,2,1305,*,*,*,,
Prawn,---,1981,8,14,3,3092,1808,9,18,,
Prawn,---,1981,8,16,1,370,*,*,*,,
Prawn,---,1981,8,Total,4,4767,2419,9,18,,
Prawn,---,1981,9,10,1,2951,*,*,*,,
Prawn,---,1981,9,Total,1,2951,*,*,*,,
Prawn,---,1981,10,7,1,35,*,*,*,,
Prawn,---,1981,10,12,1,2596,*,*,*,,
Prawn,---,1981,10,Total,1,2631,*,*,*,,
Prawn,---,1981,12,0,1,660,*,*,*,,
Prawn,---,1981,12,11,1,26,*,*,*,,
Prawn,---,1981,12,16,1,43,*,*,*,,
Prawn,---,1981,12,21,1,63,*,*,*,,
Prawn,---,1981,12,Total,2,792,*,*,*,,
Prawn,---,1981,13,42,1,217,*,*,*,,
Prawn,---,1981,13,43,1,227,*,*,*,,
Prawn,---,1981,13,Total,1,444,*,*,*,,
Prawn,---,1981,15,5,1,1379,*,*,*,,
Prawn,---,1981,15,Total,1,1379,*,*,*,,
Prawn,---,1981,16,0,1,2940,*,*,*,,
Prawn,---,1981,16,6,2,18733,*,*,*,,
Prawn,---,1981,16,7,1,3524,*,*,*,,
Prawn,---,1981,16,8,1,120,*,*,*,,
Prawn,---,1981,16,11,1,2440,*,*,*,,
Prawn,---,1981,16,12,1,600,*,*,*,,
Prawn,---,1981,16,13,1,1580,*,*,*,,
Prawn,---,1981,16,15,1,5800,*,*,*,,
Prawn,---,1981,16,Total,3,35737,21918,0,0,,
Prawn,---,1981,19,8,1,2664,*,*,*,,
Prawn,---,1981,19,Total,1,2664,*,*,*,,
Prawn,---,1981,20,7,8,12341,44,0,70713,,
Prawn,---,1981,20,Total,8,12341,44,0,70713,,
Prawn,---,1981,23,2,1,2733,*,*,*,,
Prawn,---,1981,23,4,1,1411,*,*,*,,
Prawn,---,1981,23,Total,1,4144,*,*,*,,
Prawn,---,1981,25,1,1,629,*,*,*,,
Prawn,---,1981,25,2,1,2270,*,*,*,,
Prawn,---,1981,25,Total,2,2899,*,*,*,,
Prawn,---,1981,27,11,1,408,*,*,*,,
Prawn,---,1981,27,Total,1,408,*,*,*,,
Prawn,---,1981,28,0,1,2606,*,*,*,,
Prawn,---,1981,28,1,1,1643,*,*,*,,
Prawn,---,1981,28,12,1,2151,*,*,*,,
Prawn,---,1981,28,Total,1,6400,*,*,*,,
Prawn,---,1982,6,4,1,29267,*,*,*,,
Prawn,---,1982,6,Total,1,29267,*,*,*,,
Prawn,---,1982,12,5,1,164,*,*,*,,
Prawn,---,1982,12,23,1,254,*,*,*,,
Prawn,---,1982,12,26,2,4265,*,*,*,,
Prawn,---,1982,12,27,1,189,*,*,*,,
Prawn,---,1982,12,35,1,11408,*,*,*,,
Prawn,---,1982,12,40,1,1884,*,*,*,,
Prawn,---,1982,12,41,1,6381,*,*,*,,
Prawn,---,1982,12,43,2,4378,*,*,*,,
Prawn,---,1982,12,45,3,5953,2452,106,10,,
Prawn,---,1982,12,Total,4,34876,19420,108,10,,
Prawn,---,1982,13,42,1,1155,*,*,*,,
Prawn,---,1982,13,43,1,875,*,*,*,,
Prawn,---,1982,13,Total,1,2030,*,*,*,,
Prawn,---,1982,15,4,1,179,*,*,*,,
Prawn,---,1982,15,5,2,4852,*,*,*,,
Prawn,---,1982,15,6,1,1401,*,*,*,,
Prawn,---,1982,15,Total,2,6432,*,*,*,,
Prawn,---,1982,16,0,1,895,*,*,*,,
Prawn,---,1982,16,6,1,1811,*,*,*,,
Prawn,---,1982,16,Total,2,2706,*,*,*,,
Prawn,---,1982,20,7,8,10458,6,0,37641,,
Prawn,---,1982,20,Total,8,10458,6,0,37641,,
Prawn,---,1982,23,2,1,13050,*,*,*,,
Prawn,---,1982,23,Total,1,13050,*,*,*,,
Prawn,---,1982,27,0,1,320,*,*,*,,
Prawn,---,1982,27,11,3,9337,**,**,**,,
Prawn,---,1982,27,Total,4,9657,9075,1566,182,,
Prawn,---,1982,28,1,1,3136,*,*,*,,
Prawn,---,1982,28,Total,1,3136,*,*,*,,
Prawn,---,1983,1,6,1,670,*,*,*,,
Prawn,---,1983,1,Total,1,670,*,*,*,,
Prawn,---,1983,2,11,1,440,*,*,*,,
Prawn,---,1983,2,19,1,900,*,*,*,,
Prawn,---,1983,2,Total,2,1340,*,*,*,,
Prawn,---,1983,3,0,1,7150,*,*,*,,
Prawn,---,1983,3,6,3,12021,9300,458,0,,
Prawn,---,1983,3,10,1,13920,*,*,*,,
Prawn,---,1983,3,14,1,450,*,*,*,,
Prawn,---,1983,3,15,1,3150,*,*,*,,
Prawn,---,1983,3,Total,6,36691,22222,794,648,,
Prawn,---,1983,4,10,3,2561,**,**,**,,
Prawn,---,1983,4,11,1,4940,*,*,*,,
Prawn,---,1983,4,Total,4,7501,3563,353,0,,
Prawn,---,1983,5,0,1,1650,*,*,*,,
Prawn,---,1983,5,23,5,8600,**,**,**,,
Prawn,---,1983,5,Total,6,10250,7144,214,34,,
Prawn,---,1983,6,0,2,52550,*,*,*,,
Prawn,---,1983,6,1,5,12670,7727,452,3,,
Prawn,---,1983,6,2,1,4000,*,*,*,,
Prawn,---,1983,6,4,3,33238,17811,1510,2125,,
Prawn,---,1983,6,16,1,360,*,*,*,,
Prawn,---,1983,6,22,1,90,*,*,*,,
Prawn,---,1983,6,23,1,5826,*,*,*,,
Prawn,---,1983,6,24,1,8141,*,*,*,,
Prawn,---,1983,6,25,1,250,*,*,*,,
Prawn,---,1983,6,Total,11,117125,64957,3276,2137,,
Prawn,---,1983,7,0,1,550,*,*,*,,
Prawn,---,1983,7,1,2,13443,*,*,*,,
Prawn,---,1983,7,2,2,1441,*,*,*,,
Prawn,---,1983,7,3,1,3814,*,*,*,,
Prawn,---,1983,7,4,2,295,*,*,*,,
Prawn,---,1983,7,9,2,1530,*,*,*,,
Prawn,---,1983,7,10,3,2144,425,0,8,,
Prawn,---,1983,7,11,4,3076,2053,24,0,,
Prawn,---,1983,7,12,1,4060,*,*,*,,
Prawn,---,1983,7,13,2,808,*,*,*,,
Prawn,---,1983,7,14,2,4679,*,*,*,,
Prawn,---,1983,7,15,1,1600,*,*,*,,
Prawn,---,1983,7,17,1,240,*,*,*,,
Prawn,---,1983,7,18,1,992,*,*,*,,
Prawn,---,1983,7,19,1,3346,*,*,*,,
Prawn,---,1983,7,20,1,55,*,*,*,,
Prawn,---,1983,7,23,1,205,*,*,*,,
Prawn,---,1983,7,24,1,1962,*,*,*,,
Prawn,---,1983,7,25,2,2691,*,*,*,,
Prawn,---,1983,7,26,1,758,*,*,*,,
Prawn,---,1983,7,27,2,1474,*,*,*,,
Prawn,---,1983,7,28,1,10000,*,*,*,,
Prawn,---,1983,7,31,1,3060,*,*,*,,
Prawn,---,1983,7,Total,10,62223,54247,24,8,,
Prawn,---,1983,8,0,1,620,*,*,*,,
Prawn,---,1983,8,1,1,83,*,*,*,,
Prawn,---,1983,8,4,3,31857,15064,0,0,,
Prawn,---,1983,8,6,1,540,*,*,*,,
Prawn,---,1983,8,7,2,21395,*,*,*,,
Prawn,---,1983,8,12,1,7200,*,*,*,,
Prawn,---,1983,8,13,4,22160,10406,0,0,,
Prawn,---,1983,8,14,3,8529,3243,0,0,,
Prawn,---,1983,8,16,3,4392,3153,62,0,,
Prawn,---,1983,8,Total,8,96776,42622,62,1613,,
Prawn,---,1983,9,0,1,311,*,*,*,,
Prawn,---,1983,9,1,2,2526,*,*,*,,
Prawn,---,1983,9,2,1,5033,*,*,*,,
Prawn,---,1983,9,5,1,3967,*,*,*,,
Prawn,---,1983,9,7,1,669,*,*,*,,
Prawn,---,1983,9,8,1,205,*,*,*,,
Prawn,---,1983,9,10,2,1318,*,*,*,,
Prawn,---,1983,9,11,1,1454,*,*,*,,
Prawn,---,1983,9,12,1,2089,*,*,*,,
Prawn,---,1983,9,Total,4,17572,7688,2,0,,
Prawn,---,1983,10,0,2,24050,*,*,*,,
Prawn,---,1983,10,1,1,120,*,*,*,,
Prawn,---,1983,10,5,1,990,*,*,*,,
Prawn,---,1983,10,6,1,4624,*,*,*,,
Prawn,---,1983,10,7,1,4067,*,*,*,,
Prawn,---,1983,10,9,1,462,*,*,*,,
Prawn,---,1983,10,12,1,1386,*,*,*,,
Prawn,---,1983,10,Total,4,35699,18665,23,0,,
Prawn,---,1983,11,0,1,175,*,*,*,,
Prawn,---,1983,11,3,2,2115,*,*,*,,
Prawn,---,1983,11,4,1,206,*,*,*,,
Prawn,---,1983,11,Total,3,2496,1947,40,0,,
Prawn,---,1983,12,0,6,39404,24875,0,0,,
Prawn,---,1983,12,1,1,60,*,*,*,,
Prawn,---,1983,12,2,2,1045,*,*,*,,
Prawn,---,1983,12,3,1,24,*,*,*,,
Prawn,---,1983,12,6,1,132,*,*,*,,
Prawn,---,1983,12,8,1,1600,*,*,*,,
Prawn,---,1983,12,9,1,1550,*,*,*,,
Prawn,---,1983,12,12,2,460,*,*,*,,
Prawn,---,1983,12,22,1,1294,*,*,*,,
Prawn,---,1983,12,23,2,16855,*,*,*,,
Prawn,---,1983,12,26,19,61104,46508,24,50,,
Prawn,---,1983,12,27,5,7263,7927,0,0,,
Prawn,---,1983,12,28,4,2248,2832,0,0,,
Prawn,---,1983,12,29,3,2524,2061,0,0,,
Prawn,---,1983,12,30,1,940,*,*,*,,
Prawn,---,1983,12,31,2,827,*,*,*,,
Prawn,---,1983,12,32,2,645,*,*,*,,
Prawn,---,1983,12,33,2,1273,*,*,*,,
Prawn,---,1983,12,34,2,2529,*,*,*,,
Prawn,---,1983,12,35,8,21307,11962,25,0,,
Prawn,---,1983,12,36,3,3983,2358,0,0,,
Prawn,---,1983,12,37,2,1127,*,*,*,,
Prawn,---,1983,12,38,5,1932,723,0,0,,
Prawn,---,1983,12,39,2,374,*,*,*,,
Prawn,---,1983,12,40,4,23040,13073,135,0,,
Prawn,---,1983,12,41,3,5418,2107,0,0,,
Prawn,---,1983,12,43,5,10444,8062,10,6,,
Prawn,---,1983,12,44,1,225,*,*,*,,
Prawn,---,1983,12,45,5,4430,2956,0,17,,
Prawn,---,1983,12,46,1,50,*,*,*,,
Prawn,---,1983,12,47,1,1809,*,*,*,,
Prawn,---,1983,12,Total,32,215916,143124,419,992,,
Prawn,---,1983,13,0,1,745,*,*,*,,
Prawn,---,1983,13,3,2,600,*,*,*,,
Prawn,---,1983,13,12,1,405,*,*,*,,
Prawn,---,1983,13,13,1,575,*,*,*,,
Prawn,---,1983,13,14,1,95,*,*,*,,
Prawn,---,1983,13,15,1,95,*,*,*,,
Prawn,---,1983,13,16,1,95,*,*,*,,
Prawn,---,1983,13,17,2,861,*,*,*,,
Prawn,---,1983,13,18,3,300,67,0,0,,
Prawn,---,1983,13,19,5,2621,1384,0,0,,
Prawn,---,1983,13,20,1,60,*,*,*,,
Prawn,---,1983,13,21,5,11789,5498,0,0,,
Prawn,---,1983,13,22,4,7533,6945,0,460,,
Prawn,---,1983,13,23,2,713,*,*,*,,
Prawn,---,1983,13,24,1,271,*,*,*,,
Prawn,---,1983,13,26,1,271,*,*,*,,
Prawn,---,1983,13,41,1,84,*,*,*,,
Prawn,---,1983,13,42,5,4691,2156,0,8,,
Prawn,---,1983,13,43,6,8039,3734,0,0,,
Prawn,---,1983,13,Total,20,39843,21767,0,468,,
Prawn,---,1983,14,0,3,2788,1115,0,0,,
Prawn,---,1983,14,1,4,1200,640,0,0,,
Prawn,---,1983,14,2,3,500,315,0,0,,
Prawn,---,1983,14,3,6,5380,2277,0,0,,
Prawn,---,1983,14,4,3,1738,773,0,0,,
Prawn,---,1983,14,5,1,930,*,*,*,,
Prawn,---,1983,14,6,7,8812,4003,0,0,,
Prawn,---,1983,14,9,1,1149,*,*,*,,
Prawn,---,1983,14,12,2,715,*,*,*,,
Prawn,---,1983,14,13,4,2571,2279,0,0,,
Prawn,---,1983,14,Total,21,25783,13918,7,0,,
Prawn,---,1983,15,1,7,19438,11060,0,0,,
Prawn,---,1983,15,2,6,6661,4405,0,0,,
Prawn,---,1983,15,3,6,4050,2296,0,30,,
Prawn,---,1983,15,5,14,17419,9351,2,0,,
Prawn,---,1983,15,6,3,3210,1452,0,0,,
Prawn,---,1983,15,Total,21,50778,28564,2,30,,
Prawn,---,1983,16,0,5,6510,3210,0,0,,
Prawn,---,1983,16,1,6,8127,3631,0,0,,
Prawn,---,1983,16,2,5,4787,2371,0,0,,
Prawn,---,1983,16,3,1,562,*,*,*,,
Prawn,---,1983,16,5,1,81,*,*,*,,
Prawn,---,1983,16,6,6,14119,8031,0,0,,
Prawn,---,1983,16,7,6,10893,6149,0,0,,
Prawn,---,1983,16,8,1,292,*,*,*,,
Prawn,---,1983,16,9,1,831,*,*,*,,
Prawn,---,1983,16,10,4,4797,2214,0,0,,
Prawn,---,1983,16,11,7,5688,2358,0,0,,
Prawn,---,1983,16,12,4,658,119,0,0,,
Prawn,---,1983,16,13,4,4969,1487,0,0,,
Prawn,---,1983,16,16,1,2418,*,*,*,,
Prawn,---,1983,16,17,6,4168,2454,0,0,,
Prawn,---,1983,16,18,8,10460,5682,0,0,,
Prawn,---,1983,16,19,1,200,*,*,*,,
Prawn,---,1983,16,21,7,5974,2846,0,0,,
Prawn,---,1983,16,Total,30,85534,42907,0,0,,
Prawn,---,1983,17,0,1,2100,*,*,*,,
Prawn,---,1983,17,3,1,4520,*,*,*,,
Prawn,---,1983,17,4,1,120,*,*,*,,
Prawn,---,1983,17,6,4,2341,916,0,0,,
Prawn,---,1983,17,9,8,5660,1846,6,0,,
Prawn,---,1983,17,10,7,1459,766,4,0,,
Prawn,---,1983,17,11,4,853,318,5,0,,
Prawn,---,1983,17,12,9,26435,11176,1,0,,
Prawn,---,1983,17,13,1,1300,*,*,*,,
Prawn,---,1983,17,17,2,207,*,*,*,,
Prawn,---,1983,17,18,2,4703,*,*,*,,
Prawn,---,1983,17,19,1,361,*,*,*,,
Prawn,---,1983,17,20,1,375,*,*,*,,
Prawn,---,1983,17,Total,28,50434,22533,25,1,,
Prawn,---,1983,18,7,1,92,*,*,*,,
Prawn,---,1983,18,Total,1,92,*,*,*,,
Prawn,---,1983,19,7,1,0,*,*,*,,
Prawn,---,1983,19,8,4,10825,**,**,**,,
Prawn,---,1983,19,Total,4,10825,6401,5,0,,
Prawn,---,1983,20,7,8,11751,0,0,60037,,
Prawn,---,1983,20,Total,8,11751,0,0,60037,,
Prawn,---,1983,23,0,1,138,*,*,*,,
Prawn,---,1983,23,1,2,1361,*,*,*,,
Prawn,---,1983,23,2,3,9568,6660,0,15,,
Prawn,---,1983,23,3,7,9404,4708,0,0,,
Prawn,---,1983,23,4,8,12448,5242,0,0,,
Prawn,---,1983,23,5,1,1714,*,*,*,,
Prawn,---,1983,23,6,3,6201,2962,0,0,,
Prawn,---,1983,23,7,1,65,*,*,*,,
Prawn,---,1983,23,Total,13,40899,21451,0,15,,
Prawn,---,1983,24,2,1,2480,*,*,*,,
Prawn,---,1983,24,3,1,302,*,*,*,,
Prawn,---,1983,24,Total,1,2782,*,*,*,,
Prawn,---,1983,25,1,4,4494,2079,0,0,,
Prawn,---,1983,25,2,2,1787,*,*,*,,
Prawn,---,1983,25,3,3,4508,2748,0,0,,
Prawn,---,1983,25,4,3,4739,3154,0,0,,
Prawn,---,1983,25,5,4,2227,1061,0,4,,
Prawn,---,1983,25,6,3,10234,5199,0,24,,
Prawn,---,1983,25,7,1,412,*,*,*,,
Prawn,---,1983,25,8,1,1797,*,*,*,,
Prawn,---,1983,25,15,2,2741,*,*,*,,
Prawn,---,1983,25,Total,6,32939,19515,0,28,,
Prawn,---,1983,26,1,2,425,*,*,*,,
Prawn,---,1983,26,2,2,871,*,*,*,,
Prawn,---,1983,26,4,1,2131,*,*,*,,
Prawn,---,1983,26,Total,2,3427,*,*,*,,
Prawn,---,1983,27,7,1,120,*,*,*,,
Prawn,---,1983,27,9,2,300,*,*,*,,
Prawn,---,1983,27,11,2,1180,*,*,*,,
Prawn,---,1983,27,Total,2,1600,*,*,*,,
Prawn,---,1983,28,0,4,22178,18986,0,0,,
Prawn,---,1983,28,1,8,16009,7873,1,0,,
Prawn,---,1983,28,2,5,7853,4304,2,0,,
Prawn,---,1983,28,3,3,4367,2746,0,0,,
Prawn,---,1983,28,4,4,5543,2001,0,0,,
Prawn,---,1983,28,11,1,20,*,*,*,,
Prawn,---,1983,28,12,1,30,*,*,*,,
Prawn,---,1983,28,Total,17,56000,35935,3,0,,
Prawn,---,1983,29,1,3,3526,1190,0,0,,
Prawn,---,1983,29,2,3,2026,753,0,0,,
Prawn,---,1983,29,3,2,395,*,*,*,,
Prawn,---,1983,29,5,2,187,*,*,*,,
Prawn,---,1983,29,Total,7,6134,2192,0,0,,
Prawn,---,1983,106,2,1,3300,*,*,*,,
Prawn,---,1983,106,Total,1,3300,*,*,*,,
Prawn,---,1984,1,6,1,581,*,*,*,,
Prawn,---,1984,1,Total,1,581,*,*,*,,
Prawn,---,1984,2,4,1,408,*,*,*,,
Prawn,---,1984,2,6,1,612,*,*,*,,
Prawn,---,1984,2,8,1,2346,*,*,*,,
Prawn,---,1984,2,9,1,408,*,*,*,,
Prawn,---,1984,2,10,1,2958,*,*,*,,
Prawn,---,1984,2,11,2,2700,*,*,*,,
Prawn,---,1984,2,12,1,2856,*,*,*,,
Prawn,---,1984,2,Total,2,12288,*,*,*,,
Prawn,---,1984,3,5,1,100,*,*,*,,
Prawn,---,1984,3,6,4,10989,7870,1047,0,,
Prawn,---,1984,3,8,1,1323,*,*,*,,
Prawn,---,1984,3,10,4,10016,5897,639,0,,
Prawn,---,1984,3,18,1,174,*,*,*,,
Prawn,---,1984,3,Total,5,22602,15111,1895,0,,
Prawn,---,1984,4,1,1,200,*,*,*,,
Prawn,---,1984,4,9,1,30,*,*,*,,
Prawn,---,1984,4,10,6,12180,4381,6052,0,,
Prawn,---,1984,4,11,1,390,*,*,*,,
Prawn,---,1984,4,12,1,30,*,*,*,,
Prawn,---,1984,4,Total,7,12830,4548,6345,0,,
Prawn,---,1984,5,1,1,228,*,*,*,,
Prawn,---,1984,5,2,2,805,*,*,*,,
Prawn,---,1984,5,9,1,99,*,*,*,,
Prawn,---,1984,5,14,1,300,*,*,*,,
Prawn,---,1984,5,15,1,1000,*,*,*,,
Prawn,---,1984,5,17,1,2000,*,*,*,,
Prawn,---,1984,5,18,1,1500,*,*,*,,
Prawn,---,1984,5,19,1,1000,*,*,*,,
Prawn,---,1984,5,23,7,5467,3054,563,0,,
Prawn,---,1984,5,Total,8,12399,3723,580,119,,
Prawn,---,1984,6,0,3,12750,6317,10,0,,
Prawn,---,1984,6,1,8,30352,14868,2614,17,,
Prawn,---,1984,6,2,2,1206,*,*,*,,
Prawn,---,1984,6,4,4,27231,11631,1759,391,,
Prawn,---,1984,6,5,3,2970,882,13,0,,
Prawn,---,1984,6,8,1,260,*,*,*,,
Prawn,---,1984,6,10,1,1350,*,*,*,,
Prawn,---,1984,6,16,3,1511,741,3,0,,
Prawn,---,1984,6,17,2,272,*,*,*,,
Prawn,---,1984,6,23,1,1858,*,*,*,,
Prawn,---,1984,6,24,1,2638,*,*,*,,
Prawn,---,1984,6,Total,19,82398,37021,4579,409,,
Prawn,---,1984,7,0,1,5550,*,*,*,,
Prawn,---,1984,7,1,2,10655,*,*,*,,
Prawn,---,1984,7,2,3,5712,2104,7,282,,
Prawn,---,1984,7,3,3,6930,10071,0,238,,
Prawn,---,1984,7,4,1,150,*,*,*,,
Prawn,---,1984,7,9,6,8632,3977,0,50,,
Prawn,---,1984,7,10,1,2000,*,*,*,,
Prawn,---,1984,7,12,2,2935,*,*,*,,
Prawn,---,1984,7,13,3,3640,2131,0,0,,
Prawn,---,1984,7,14,1,5600,*,*,*,,
Prawn,---,1984,7,15,2,2093,*,*,*,,
Prawn,---,1984,7,16,3,5345,1394,9,5,,
Prawn,---,1984,7,17,3,3368,881,21,9,,
Prawn,---,1984,7,19,1,194,*,*,*,,
Prawn,---,1984,7,21,2,8720,*,*,*,,
Prawn,---,1984,7,24,1,39,*,*,*,,
Prawn,---,1984,7,25,2,3987,*,*,*,,
Prawn,---,1984,7,26,1,102,*,*,*,,
Prawn,---,1984,7,27,2,1034,*,*,*,,
Prawn,---,1984,7,28,5,7217,3198,0,96,,
Prawn,---,1984,7,29,1,20,*,*,*,,
Prawn,---,1984,7,30,3,1889,458,21,9,,
Prawn,---,1984,7,31,1,354,*,*,*,,
Prawn,---,1984,7,Total,17,86166,62215,81,787,,
Prawn,---,1984,8,0,2,12050,*,*,*,,
Prawn,---,1984,8,2,5,3446,1554,0,0,,
Prawn,---,1984,8,3,2,174,*,*,*,,
Prawn,---,1984,8,4,7,9887,3500,10,13,,
Prawn,---,1984,8,5,6,9746,3575,34,19,,
Prawn,---,1984,8,6,3,4270,1831,5,0,,
Prawn,---,1984,8,7,5,26541,10517,2,0,,
Prawn,---,1984,8,8,2,1068,*,*,*,,
Prawn,---,1984,8,9,1,432,*,*,*,,
Prawn,---,1984,8,11,2,2880,*,*,*,,
Prawn,---,1984,8,12,4,9060,3690,0,0,,
Prawn,---,1984,8,13,3,6774,2849,10,37,,
Prawn,---,1984,8,14,3,2692,1828,0,61,,
Prawn,---,1984,8,15,2,5977,*,*,*,,
Prawn,---,1984,8,16,4,1905,653,0,2,,
Prawn,---,1984,8,Total,17,96902,40714,61,132,,
Prawn,---,1984,9,0,1,1500,*,*,*,,
Prawn,---,1984,9,1,1,2280,*,*,*,,
Prawn,---,1984,9,2,7,19453,8013,0,15,,
Prawn,---,1984,9,3,2,316,*,*,*,,
Prawn,---,1984,9,5,1,200,*,*,*,,
Prawn,---,1984,9,6,1,200,*,*,*,,
Prawn,---,1984,9,8,1,750,*,*,*,,
Prawn,---,1984,9,9,2,2891,*,*,*,,
Prawn,---,1984,9,10,5,5273,1758,10,0,,
Prawn,---,1984,9,11,3,2652,1288,0,33,,
Prawn,---,1984,9,12,3,138,28,0,0,,
Prawn,---,1984,9,Total,12,35653,15308,10,59,,
Prawn,---,1984,10,0,2,6975,*,*,*,,
Prawn,---,1984,10,3,1,275,*,*,*,,
Prawn,---,1984,10,4,4,7015,3942,0,0,,
Prawn,---,1984,10,5,3,1179,458,0,0,,
Prawn,---,1984,10,6,5,13601,5301,0,0,,
Prawn,---,1984,10,7,3,33745,12176,8,0,,
Prawn,---,1984,10,9,1,726,*,*,*,,
Prawn,---,1984,10,11,1,5920,*,*,*,,
Prawn,---,1984,10,12,3,5989,1667,19,0,,
Prawn,---,1984,10,Total,11,75425,33555,27,0,,
Prawn,---,1984,11,2,1,90,*,*,*,,
Prawn,---,1984,11,3,6,18467,4922,226,30,,
Prawn,---,1984,11,4,6,7576,2075,10,282,,
Prawn,---,1984,11,5,5,8676,1937,0,124,,
Prawn,---,1984,11,6,3,1675,789,0,92,,
Prawn,---,1984,11,7,1,1500,*,*,*,,
Prawn,---,1984,11,9,1,130,*,*,*,,
Prawn,---,1984,11,10,3,4837,739,12,0,,
Prawn,---,1984,11,Total,10,42951,11093,248,528,,
Prawn,---,1984,12,0,1,44400,*,*,*,,
Prawn,---,1984,12,1,1,600,*,*,*,,
Prawn,---,1984,12,2,1,1680,*,*,*,,
Prawn,---,1984,12,3,2,530,*,*,*,,
Prawn,---,1984,12,4,2,1950,*,*,*,,
Prawn,---,1984,12,5,1,800,*,*,*,,
Prawn,---,1984,12,7,2,649,*,*,*,,
Prawn,---,1984,12,9,1,248,*,*,*,,
Prawn,---,1984,12,10,1,200,*,*,*,,
Prawn,---,1984,12,13,1,50,*,*,*,,
Prawn,---,1984,12,14,1,400,*,*,*,,
Prawn,---,1984,12,16,1,1000,*,*,*,,
Prawn,---,1984,12,21,1,560,*,*,*,,
Prawn,---,1984,12,23,3,1580,1092,0,0,,
Prawn,---,1984,12,26,13,58434,37246,71,10,,
Prawn,---,1984,12,27,7,19852,16650,0,2,,
Prawn,---,1984,12,28,2,734,*,*,*,,
Prawn,---,1984,12,29,4,3735,3614,0,9,,
Prawn,---,1984,12,30,4,3915,5116,0,36,,
Prawn,---,1984,12,31,4,1740,2261,0,5,,
Prawn,---,1984,12,32,2,755,*,*,*,,
Prawn,---,1984,12,33,2,595,*,*,*,,
Prawn,---,1984,12,34,2,610,*,*,*,,
Prawn,---,1984,12,35,5,5153,4260,0,0,,
Prawn,---,1984,12,36,1,1470,*,*,*,,
Prawn,---,1984,12,37,1,1126,*,*,*,,
Prawn,---,1984,12,38,5,9419,5282,0,0,,
Prawn,---,1984,12,39,3,1368,281,0,3,,
Prawn,---,1984,12,40,8,31413,16042,611,5,,
Prawn,---,1984,12,41,6,12616,9126,0,0,,
Prawn,---,1984,12,43,4,8215,5400,0,57,,
Prawn,---,1984,12,44,2,486,*,*,*,,
Prawn,---,1984,12,45,8,9892,5551,47,13,,
Prawn,---,1984,12,47,1,494,*,*,*,,
Prawn,---,1984,12,48,1,459,*,*,*,,
Prawn,---,1984,12,Total,34,227128,154753,1024,296,,
Prawn,---,1984,13,0,2,110,*,*,*,,
Prawn,---,1984,13,1,1,400,*,*,*,,
Prawn,---,1984,13,3,1,300,*,*,*,,
Prawn,---,1984,13,10,1,240,*,*,*,,
Prawn,---,1984,13,12,8,3232,948,0,1,,
Prawn,---,1984,13,13,6,2836,896,0,0,,
Prawn,---,1984,13,14,2,654,*,*,*,,
Prawn,---,1984,13,15,3,446,97,0,0,,
Prawn,---,1984,13,16,5,2515,1201,0,0,,
Prawn,---,1984,13,17,8,4946,2746,0,0,,
Prawn,---,1984,13,18,5,3827,1709,0,0,,
Prawn,---,1984,13,19,13,8103,3146,0,0,,
Prawn,---,1984,13,20,3,20805,9770,0,0,,
Prawn,---,1984,13,21,9,6195,5879,8,4,,
Prawn,---,1984,13,22,7,18675,12677,9,5,,
Prawn,---,1984,13,23,6,2713,1455,0,0,,
Prawn,---,1984,13,24,4,557,44,0,0,,
Prawn,---,1984,13,25,2,1942,*,*,*,,
Prawn,---,1984,13,26,4,2094,1170,0,0,,
Prawn,---,1984,13,35,2,4570,*,*,*,,
Prawn,---,1984,13,41,4,1615,797,0,0,,
Prawn,---,1984,13,42,9,17466,10546,2,3,,
Prawn,---,1984,13,43,9,17199,10924,1,6,,
Prawn,---,1984,13,Total,35,121440,69045,25,22,,
Prawn,---,1984,14,1,6,1976,1010,0,5,,
Prawn,---,1984,14,2,3,3271,1738,0,0,,
Prawn,---,1984,14,3,12,26391,11628,0,0,,
Prawn,---,1984,14,4,2,1977,*,*,*,,
Prawn,---,1984,14,5,1,445,*,*,*,,
Prawn,---,1984,14,6,6,17283,11925,0,3,,
Prawn,---,1984,14,7,3,2644,1165,3,3,,
Prawn,---,1984,14,9,1,2430,*,*,*,,
Prawn,---,1984,14,11,3,2245,1011,0,4,,
Prawn,---,1984,14,12,2,5361,*,*,*,,
Prawn,---,1984,14,13,4,3917,1343,0,0,,
Prawn,---,1984,14,Total,28,67940,37217,3,16,,
Prawn,---,1984,15,1,12,68765,31033,0,0,,
Prawn,---,1984,15,2,11,27589,15027,0,0,,
Prawn,---,1984,15,3,15,13570,7188,0,0,,
Prawn,---,1984,15,4,2,79,*,*,*,,
Prawn,---,1984,15,5,18,31948,14137,0,0,,
Prawn,---,1984,15,6,4,5869,**,**,**,,
Prawn,---,1984,15,Total,35,147820,69367,0,0,,
Prawn,---,1984,16,0,4,34790,16866,0,0,,
Prawn,---,1984,16,1,11,26791,15755,0,0,,
Prawn,---,1984,16,2,9,13248,8845,0,0,,
Prawn,---,1984,16,3,1,100,*,*,*,,
Prawn,---,1984,16,5,1,499,*,*,*,,
Prawn,---,1984,16,6,9,18870,7531,0,0,,
Prawn,---,1984,16,7,5,20701,9570,0,0,,
Prawn,---,1984,16,8,1,1539,*,*,*,,
Prawn,---,1984,16,9,4,1725,745,0,0,,
Prawn,---,1984,16,10,5,15452,8564,0,0,,
Prawn,---,1984,16,11,9,16931,8220,0,0,,
Prawn,---,1984,16,12,7,11336,6431,0,0,,
Prawn,---,1984,16,13,12,22911,12618,0,0,,
Prawn,---,1984,16,14,3,8389,4628,0,0,,
Prawn,---,1984,16,15,4,15069,7766,0,0,,
Prawn,---,1984,16,16,5,5098,2722,0,0,,
Prawn,---,1984,16,17,10,10724,5640,0,0,,
Prawn,---,1984,16,18,12,19494,11037,0,0,,
Prawn,---,1984,16,19,12,16544,8133,0,0,,
Prawn,---,1984,16,20,1,40,*,*,*,,
Prawn,---,1984,16,21,17,60875,32846,0,0,,
Prawn,---,1984,16,Total,47,321126,169095,0,0,,
Prawn,---,1984,17,0,1,6400,*,*,*,,
Prawn,---,1984,17,1,1,60,*,*,*,,
Prawn,---,1984,17,2,3,814,194,0,0,,
Prawn,---,1984,17,3,5,7159,2283,18,28,,
Prawn,---,1984,17,5,3,3444,1110,0,0,,
Prawn,---,1984,17,6,7,5009,2459,0,0,,
Prawn,---,1984,17,8,2,343,*,*,*,,
Prawn,---,1984,17,9,10,17117,6191,0,41,,
Prawn,---,1984,17,10,8,12140,4471,0,0,,
Prawn,---,1984,17,11,6,7026,3567,0,0,,
Prawn,---,1984,17,12,12,80959,27301,0,0,,
Prawn,---,1984,17,13,1,260,*,*,*,,
Prawn,---,1984,17,16,1,36,*,*,*,,
Prawn,---,1984,17,17,3,1642,558,0,0,,
Prawn,---,1984,17,18,6,14830,6805,0,0,,
Prawn,---,1984,17,Total,43,157239,59184,18,69,,
Prawn,---,1984,18,1,2,392,*,*,*,,
Prawn,---,1984,18,2,1,100,*,*,*,,
Prawn,---,1984,18,3,2,130,*,*,*,,
Prawn,---,1984,18,4,2,190,*,*,*,,
Prawn,---,1984,18,5,1,3,*,*,*,,
Prawn,---,1984,18,6,1,1,*,*,*,,
Prawn,---,1984,18,7,4,1249,336,20,2,,
Prawn,---,1984,18,8,2,199,*,*,*,,
Prawn,---,1984,18,9,2,300,*,*,*,,
Prawn,---,1984,18,11,1,192,*,*,*,,
Prawn,---,1984,18,Total,10,2756,623,20,2,,
Prawn,---,1984,19,4,1,170,*,*,*,,
Prawn,---,1984,19,8,2,6243,*,*,*,,
Prawn,---,1984,19,Total,3,6413,2424,0,0,,
Prawn,---,1984,20,5,1,600,*,*,*,,
Prawn,---,1984,20,6,2,280,*,*,*,,
Prawn,---,1984,20,7,7,8282,88,47,30895,,
Prawn,---,1984,20,Total,9,9162,1549,47,30895,,
Prawn,---,1984,22,0,1,60,*,*,*,,
Prawn,---,1984,22,Total,1,60,*,*,*,,
Prawn,---,1984,23,0,1,218,*,*,*,,
Prawn,---,1984,23,1,6,9487,4044,0,22,,
Prawn,---,1984,23,2,5,32846,20422,0,0,,
Prawn,---,1984,23,3,10,22800,9565,0,0,,
Prawn,---,1984,23,4,9,20951,11644,0,1,,
Prawn,---,1984,23,5,4,3376,2181,0,0,,
Prawn,---,1984,23,6,3,4070,1868,0,0,,
Prawn,---,1984,23,7,1,4800,*,*,*,,
Prawn,---,1984,23,8,1,10,*,*,*,,
Prawn,---,1984,23,Total,20,98558,52263,0,23,,
Prawn,---,1984,24,2,2,1911,*,*,*,,
Prawn,---,1984,24,3,3,4054,1703,0,0,,
Prawn,---,1984,24,5,1,90,*,*,*,,
Prawn,---,1984,24,13,1,396,*,*,*,,
Prawn,---,1984,24,14,1,150,*,*,*,,
Prawn,---,1984,24,Total,3,6601,2398,0,0,,
Prawn,---,1984,25,1,2,9831,*,*,*,,
Prawn,---,1984,25,2,2,4178,*,*,*,,
Prawn,---,1984,25,3,3,2651,3079,0,0,,
Prawn,---,1984,25,4,2,358,*,*,*,,
Prawn,---,1984,25,5,1,2720,*,*,*,,
Prawn,---,1984,25,6,2,5380,*,*,*,,
Prawn,---,1984,25,8,2,10610,*,*,*,,
Prawn,---,1984,25,9,1,2240,*,*,*,,
Prawn,---,1984,25,10,1,640,*,*,*,,
Prawn,---,1984,25,11,1,3680,*,*,*,,
Prawn,---,1984,25,13,1,1280,*,*,*,,
Prawn,---,1984,25,14,1,640,*,*,*,,
Prawn,---,1984,25,15,2,101,*,*,*,,
Prawn,---,1984,25,Total,6,44309,35143,0,0,,
Prawn,---,1984,26,2,4,1593,875,0,0,,
Prawn,---,1984,26,4,1,1010,*,*,*,,
Prawn,---,1984,26,5,1,621,*,*,*,,
Prawn,---,1984,26,6,1,4910,*,*,*,,
Prawn,---,1984,26,11,1,400,*,*,*,,
Prawn,---,1984,26,Total,5,8534,6216,0,0,,
Prawn,---,1984,27,7,1,748,*,*,*,,
Prawn,---,1984,27,8,2,856,*,*,*,,
Prawn,---,1984,27,10,1,136,*,*,*,,
Prawn,---,1984,27,11,2,2604,*,*,*,,
Prawn,---,1984,27,Total,2,4344,*,*,*,,
Prawn,---,1984,28,0,2,60751,*,*,*,,
Prawn,---,1984,28,1,15,24624,10306,11,22,,
Prawn,---,1984,28,2,15,49078,19286,27,153,,
Prawn,---,1984,28,3,4,2497,669,0,0,,
Prawn,---,1984,28,4,5,4683,1433,12,0,,
Prawn,---,1984,28,5,1,91,*,*,*,,
Prawn,---,1984,28,6,1,33,*,*,*,,
Prawn,---,1984,28,11,1,80,*,*,*,,
Prawn,---,1984,28,12,1,460,*,*,*,,
Prawn,---,1984,28,Total,30,142297,65594,50,175,,
Prawn,---,1984,29,0,3,11775,5586,0,0,,
Prawn,---,1984,29,1,4,8380,4734,0,0,,
Prawn,---,1984,29,2,2,2270,*,*,*,,
Prawn,---,1984,29,3,5,4035,**,**,**,,
Prawn,---,1984,29,Total,8,26460,13578,115,425,,
Prawn,---,1985,1,6,2,2748,*,*,*,,
Prawn,---,1985,1,Total,2,2748,*,*,*,,
Prawn,---,1985,2,4,2,275,*,*,*,,
Prawn,---,1985,2,6,1,192,*,*,*,,
Prawn,---,1985,2,7,1,192,*,*,*,,
Prawn,---,1985,2,8,1,1920,*,*,*,,
Prawn,---,1985,2,9,2,2715,*,*,*,,
Prawn,---,1985,2,10,1,768,*,*,*,,
Prawn,---,1985,2,12,1,574,*,*,*,,
Prawn,---,1985,2,13,1,17879,*,*,*,,
Prawn,---,1985,2,14,1,575,*,*,*,,
Prawn,---,1985,2,15,1,1080,*,*,*,,
Prawn,---,1985,2,16,1,60,*,*,*,,
Prawn,---,1985,2,Total,4,26230,8518,182,625,,
Prawn,---,1985,3,6,4,27854,21231,1575,0,,
Prawn,---,1985,3,8,3,616,612,10,0,,
Prawn,---,1985,3,10,3,5522,4308,351,0,,
Prawn,---,1985,3,11,1,399,*,*,*,,
Prawn,---,1985,3,13,1,198,*,*,*,,
Prawn,---,1985,3,Total,6,34589,26292,1941,0,,
Prawn,---,1985,4,4,1,400,*,*,*,,
Prawn,---,1985,4,9,1,200,*,*,*,,
Prawn,---,1985,4,10,13,15955,1433,10312,240,,
Prawn,---,1985,4,11,2,824,*,*,*,,
Prawn,---,1985,4,12,1,56,*,*,*,,
Prawn,---,1985,4,13,1,200,*,*,*,,
Prawn,---,1985,4,Total,15,17635,1915,10553,462,,
Prawn,---,1985,5,0,2,1156,*,*,*,,
Prawn,---,1985,5,1,1,160,*,*,*,,
Prawn,---,1985,5,2,1,150,*,*,*,,
Prawn,---,1985,5,18,1,62,*,*,*,,
Prawn,---,1985,5,19,1,26,*,*,*,,
Prawn,---,1985,5,23,11,20376,16924,292,6,,
Prawn,---,1985,5,24,4,8518,5051,0,0,,
Prawn,---,1985,5,Total,13,30448,22337,1602,6,,
Prawn,---,1985,6,1,4,29130,17720,81,0,,
Prawn,---,1985,6,2,2,260,*,*,*,,
Prawn,---,1985,6,4,4,17454,6321,1075,3,,
Prawn,---,1985,6,5,2,3158,*,*,*,,
Prawn,---,1985,6,6,1,73,*,*,*,,
Prawn,---,1985,6,9,1,18,*,*,*,,
Prawn,---,1985,6,10,2,76,*,*,*,,
Prawn,---,1985,6,11,1,3780,*,*,*,,
Prawn,---,1985,6,12,4,6372,1687,243,17,,
Prawn,---,1985,6,15,1,600,*,*,*,,
Prawn,---,1985,6,16,1,200,*,*,*,,
Prawn,---,1985,6,18,2,4755,*,*,*,,
Prawn,---,1985,6,19,3,1594,202,0,0,,
Prawn,---,1985,6,24,1,285,*,*,*,,
Prawn,---,1985,6,Total,11,67755,33305,1410,37,,
Prawn,---,1985,7,1,2,13669,*,*,*,,
Prawn,---,1985,7,2,1,603,*,*,*,,
Prawn,---,1985,7,3,1,4927,*,*,*,,
Prawn,---,1985,7,9,3,4360,2119,0,0,,
Prawn,---,1985,7,12,3,6113,4537,0,127,,
Prawn,---,1985,7,13,2,744,*,*,*,,
Prawn,---,1985,7,14,1,1280,*,*,*,,
Prawn,---,1985,7,15,4,5000,3146,0,22,,
Prawn,---,1985,7,16,1,900,*,*,*,,
Prawn,---,1985,7,17,3,555,46,0,0,,
Prawn,---,1985,7,19,1,1335,*,*,*,,
Prawn,---,1985,7,22,2,1311,*,*,*,,
Prawn,---,1985,7,24,4,3423,1562,0,0,,
Prawn,---,1985,7,26,1,200,*,*,*,,
Prawn,---,1985,7,27,1,400,*,*,*,,
Prawn,---,1985,7,28,3,2498,1015,31,0,,
Prawn,---,1985,7,30,2,370,*,*,*,,
Prawn,---,1985,7,Total,14,47688,41413,31,172,,
Prawn,---,1985,8,0,2,31265,*,*,*,,
Prawn,---,1985,8,2,3,3753,1153,0,0,,
Prawn,---,1985,8,3,3,2758,1201,7,5,,
Prawn,---,1985,8,4,8,11216,7007,7,5,,
Prawn,---,1985,8,5,4,4709,1782,12,0,,
Prawn,---,1985,8,6,2,459,*,*,*,,
Prawn,---,1985,8,7,7,15915,7070,0,0,,
Prawn,---,1985,8,8,2,7970,*,*,*,,
Prawn,---,1985,8,9,1,3200,*,*,*,,
Prawn,---,1985,8,10,1,4200,*,*,*,,
Prawn,---,1985,8,11,1,2730,*,*,*,,
Prawn,---,1985,8,12,2,8155,*,*,*,,
Prawn,---,1985,8,13,2,2900,*,*,*,,
Prawn,---,1985,8,14,3,25280,9245,0,0,,
Prawn,---,1985,8,16,5,12304,5578,22,62,,
Prawn,---,1985,8,Total,15,136814,62804,1872,784,,
Prawn,---,1985,9,1,3,1341,1141,0,20,,
Prawn,---,1985,9,4,1,900,*,*,*,,
Prawn,---,1985,9,5,2,3405,*,*,*,,
Prawn,---,1985,9,6,3,17396,7873,32,6,,
Prawn,---,1985,9,7,2,2915,*,*,*,,
Prawn,---,1985,9,8,2,4900,*,*,*,,
Prawn,---,1985,9,9,3,7160,3155,0,0,,
Prawn,---,1985,9,10,1,5048,*,*,*,,
Prawn,---,1985,9,12,8,20136,10411,11,203,,
Prawn,---,1985,9,Total,9,63201,30829,43,237,,
Prawn,---,1985,10,0,2,600,*,*,*,,
Prawn,---,1985,10,1,1,1030,*,*,*,,
Prawn,---,1985,10,2,3,7670,5020,0,0,,
Prawn,---,1985,10,5,1,200,*,*,*,,
Prawn,---,1985,10,6,3,5294,2720,0,0,,
Prawn,---,1985,10,7,1,400,*,*,*,,
Prawn,---,1985,10,8,1,1375,*,*,*,,
Prawn,---,1985,10,10,1,2280,*,*,*,,
Prawn,---,1985,10,12,2,3675,*,*,*,,
Prawn,---,1985,10,Total,6,22524,13022,0,0,,
Prawn,---,1985,11,3,2,1345,*,*,*,,
Prawn,---,1985,11,4,1,1702,*,*,*,,
Prawn,---,1985,11,5,1,60,*,*,*,,
Prawn,---,1985,11,6,2,975,*,*,*,,
Prawn,---,1985,11,7,2,1919,*,*,*,,
Prawn,---,1985,11,10,3,4126,731,28,0,,
Prawn,---,1985,11,Total,4,10127,2980,28,0,,
Prawn,---,1985,12,0,1,75600,*,*,*,,
Prawn,---,1985,12,2,4,4270,4500,0,0,,
Prawn,---,1985,12,5,1,50,*,*,*,,
Prawn,---,1985,12,8,1,280,*,*,*,,
Prawn,---,1985,12,22,1,370,*,*,*,,
Prawn,---,1985,12,23,1,700,*,*,*,,
Prawn,---,1985,12,26,19,124676,109939,17,25,,
Prawn,---,1985,12,27,6,21269,17841,18,17,,
Prawn,---,1985,12,28,4,2245,1642,13,13,,
Prawn,---,1985,12,29,4,8047,4730,55,48,,
Prawn,---,1985,12,30,3,5023,5113,10,29,,
Prawn,---,1985,12,31,2,1464,*,*,*,,
Prawn,---,1985,12,32,2,1530,*,*,*,,
Prawn,---,1985,12,33,2,696,*,*,*,,
Prawn,---,1985,12,34,1,480,*,*,*,,
Prawn,---,1985,12,35,9,39186,36616,19,23,,
Prawn,---,1985,12,36,3,4652,5656,19,72,,
Prawn,---,1985,12,37,2,1297,*,*,*,,
Prawn,---,1985,12,38,2,2250,*,*,*,,
Prawn,---,1985,12,39,1,590,*,*,*,,
Prawn,---,1985,12,40,10,39456,22610,420,0,,
Prawn,---,1985,12,41,7,23609,17610,50,0,,
Prawn,---,1985,12,42,2,9510,*,*,*,,
Prawn,---,1985,12,43,6,19920,9786,0,50,,
Prawn,---,1985,12,44,2,437,*,*,*,,
Prawn,---,1985,12,45,5,18600,11945,99,41,,
Prawn,---,1985,12,46,1,190,*,*,*,,
Prawn,---,1985,12,47,3,1817,1716,0,14,,
Prawn,---,1985,12,48,1,280,*,*,*,,
Prawn,---,1985,12,Total,33,408494,333248,720,631,,
Prawn,---,1985,13,1,1,1200,*,*,*,,
Prawn,---,1985,13,7,1,400,*,*,*,,
Prawn,---,1985,13,8,1,400,*,*,*,,
Prawn,---,1985,13,14,3,2120,1330,0,0,,
Prawn,---,1985,13,15,2,860,*,*,*,,
Prawn,---,1985,13,16,2,861,*,*,*,,
Prawn,---,1985,13,17,2,3620,*,*,*,,
Prawn,---,1985,13,18,4,8600,4416,0,0,,
Prawn,---,1985,13,19,2,1640,*,*,*,,
Prawn,---,1985,13,20,3,1662,1355,0,0,,
Prawn,---,1985,13,21,4,5310,3948,0,0,,
Prawn,---,1985,13,22,3,3695,3532,0,0,,
Prawn,---,1985,13,23,2,1504,*,*,*,,
Prawn,---,1985,13,26,2,654,*,*,*,,
Prawn,---,1985,13,35,1,194,*,*,*,,
Prawn,---,1985,13,39,1,187,*,*,*,,
Prawn,---,1985,13,40,1,20,*,*,*,,
Prawn,---,1985,13,42,5,14146,5481,0,4,,
Prawn,---,1985,13,43,6,15856,7442,0,2,,
Prawn,---,1985,13,Total,20,62929,33640,0,7,,
Prawn,---,1985,14,1,4,2710,1163,0,0,,
Prawn,---,1985,14,2,5,2719,1340,0,0,,
Prawn,---,1985,14,3,12,15223,6144,0,0,,
Prawn,---,1985,14,4,8,6209,2913,0,0,,
Prawn,---,1985,14,5,6,8969,4401,0,0,,
Prawn,---,1985,14,6,6,12928,6357,0,0,,
Prawn,---,1985,14,7,3,1722,567,0,0,,
Prawn,---,1985,14,9,1,983,*,*,*,,
Prawn,---,1985,14,10,1,107,*,*,*,,
Prawn,---,1985,14,12,3,6625,3695,0,0,,
Prawn,---,1985,14,13,5,11204,5435,0,0,,
Prawn,---,1985,14,Total,26,69399,32550,30,0,,
Prawn,---,1985,15,0,4,7076,5107,0,0,,
Prawn,---,1985,15,1,7,29513,15540,0,0,,
Prawn,---,1985,15,2,12,52334,30234,0,0,,
Prawn,---,1985,15,3,14,22627,14954,0,0,,
Prawn,---,1985,15,4,1,1250,*,*,*,,
Prawn,---,1985,15,5,14,56511,31102,0,0,,
Prawn,---,1985,15,6,3,3936,**,**,**,,
Prawn,---,1985,15,Total,32,173247,99506,0,0,,
Prawn,---,1985,16,0,1,4546,*,*,*,,
Prawn,---,1985,16,1,10,26526,11641,0,0,,
Prawn,---,1985,16,2,8,12351,9655,0,0,,
Prawn,---,1985,16,3,1,34,*,*,*,,
Prawn,---,1985,16,4,1,1700,*,*,*,,
Prawn,---,1985,16,5,3,1498,359,0,0,,
Prawn,---,1985,16,6,3,9286,4576,0,0,,
Prawn,---,1985,16,7,5,9564,3801,0,0,,
Prawn,---,1985,16,8,3,2913,1583,0,0,,
Prawn,---,1985,16,9,1,106,*,*,*,,
Prawn,---,1985,16,10,4,8468,3269,0,0,,
Prawn,---,1985,16,11,11,9876,6339,1,0,,
Prawn,---,1985,16,12,9,18642,7529,0,0,,
Prawn,---,1985,16,13,8,22488,9302,0,0,,
Prawn,---,1985,16,14,5,11748,4414,0,0,,
Prawn,---,1985,16,15,6,25972,10566,0,0,,
Prawn,---,1985,16,16,4,1960,1331,0,0,,
Prawn,---,1985,16,17,9,6709,3748,0,0,,
Prawn,---,1985,16,18,8,15071,8016,0,0,,
Prawn,---,1985,16,19,8,9003,3388,0,0,,
Prawn,---,1985,16,20,5,3490,2339,0,0,,
Prawn,---,1985,16,21,10,13605,7758,0,0,,
Prawn,---,1985,16,22,2,960,*,*,*,,
Prawn,---,1985,16,Total,41,216516,105215,1,0,,
Prawn,---,1985,17,0,1,840,*,*,*,,
Prawn,---,1985,17,2,1,65,*,*,*,,
Prawn,---,1985,17,4,2,2328,*,*,*,,
Prawn,---,1985,17,6,6,1727,556,2,0,,
Prawn,---,1985,17,9,5,12443,2355,18,0,,
Prawn,---,1985,17,10,5,5327,2475,0,0,,
Prawn,---,1985,17,11,6,3133,1324,0,0,,
Prawn,---,1985,17,12,12,63555,23702,0,0,,
Prawn,---,1985,17,13,2,4587,*,*,*,,
Prawn,---,1985,17,16,1,700,*,*,*,,
Prawn,---,1985,17,17,2,620,*,*,*,,
Prawn,---,1985,17,18,4,6420,2134,0,0,,
Prawn,---,1985,17,Total,28,101745,36560,20,0,,
Prawn,---,1985,18,1,2,2576,*,*,*,,
Prawn,---,1985,18,6,1,50,*,*,*,,
Prawn,---,1985,18,7,1,100,*,*,*,,
Prawn,---,1985,18,9,1,50,*,*,*,,
Prawn,---,1985,18,10,1,50,*,*,*,,
Prawn,---,1985,18,Total,3,2826,1417,0,27,,
Prawn,---,1985,20,7,7,6194,0,0,19582,,
Prawn,---,1985,20,Total,7,6194,0,0,19582,,
Prawn,---,1985,23,1,4,6879,2515,0,52,,
Prawn,---,1985,23,2,6,14826,5035,0,0,,
Prawn,---,1985,23,3,8,8569,3172,0,0,,
Prawn,---,1985,23,4,9,20839,8981,0,0,,
Prawn,---,1985,23,5,3,4101,2053,0,0,,
Prawn,---,1985,23,6,9,24521,10593,0,0,,
Prawn,---,1985,23,7,3,1367,308,0,0,,
Prawn,---,1985,23,8,2,125,*,*,*,,
Prawn,---,1985,23,10,1,438,*,*,*,,
Prawn,---,1985,23,Total,18,81665,33157,0,52,,
Prawn,---,1985,25,1,3,7435,7037,0,0,,
Prawn,---,1985,25,2,1,2450,*,*,*,,
Prawn,---,1985,25,3,2,790,*,*,*,,
Prawn,---,1985,25,4,2,2640,*,*,*,,
Prawn,---,1985,25,5,2,640,*,*,*,,
Prawn,---,1985,25,6,1,800,*,*,*,,
Prawn,---,1985,25,8,2,3200,*,*,*,,
Prawn,---,1985,25,9,3,783,193,0,0,,
Prawn,---,1985,25,11,3,1115,254,4,0,,
Prawn,---,1985,25,13,1,400,*,*,*,,
Prawn,---,1985,25,14,1,70,*,*,*,,
Prawn,---,1985,25,Total,7,20323,13592,35,0,,
Prawn,---,1985,26,2,2,2315,*,*,*,,
Prawn,---,1985,26,3,1,30,*,*,*,,
Prawn,---,1985,26,4,3,1221,782,0,9,,
Prawn,---,1985,26,5,2,473,*,*,*,,
Prawn,---,1985,26,Total,3,4039,3001,0,9,,
Prawn,---,1985,27,0,1,400,*,*,*,,
Prawn,---,1985,27,7,1,140,*,*,*,,
Prawn,---,1985,27,8,1,840,*,*,*,,
Prawn,---,1985,27,10,1,115,*,*,*,,
Prawn,---,1985,27,11,7,10901,3932,637,1278,,
Prawn,---,1985,27,Total,9,12396,4795,637,1367,,
Prawn,---,1985,28,0,1,700,*,*,*,,
Prawn,---,1985,28,1,10,31684,18519,5,34,,
Prawn,---,1985,28,2,13,45443,25676,51,3,,
Prawn,---,1985,28,3,6,23122,13688,0,1,,
Prawn,---,1985,28,4,6,10535,6348,0,0,,
Prawn,---,1985,28,5,2,1572,*,*,*,,
Prawn,---,1985,28,6,1,212,*,*,*,,
Prawn,---,1985,28,7,1,520,*,*,*,,
Prawn,---,1985,28,12,1,200,*,*,*,,
Prawn,---,1985,28,Total,17,113988,66010,56,668,,
Prawn,---,1985,29,0,1,677,*,*,*,,
Prawn,---,1985,29,1,4,4051,2025,0,0,,
Prawn,---,1985,29,2,6,11482,3951,0,0,,
Prawn,---,1985,29,3,6,8711,3484,0,0,,
Prawn,---,1985,29,4,1,136,*,*,*,,
Prawn,---,1985,29,5,3,11716,5180,0,0,,
Prawn,---,1985,29,Total,12,36773,14922,0,0,,
Prawn,---,1986,1,1,1,548,*,*,*,,
Prawn,---,1986,1,5,2,518,*,*,*,,
Prawn,---,1986,1,6,1,400,*,*,*,,
Prawn,---,1986,1,Total,3,1466,842,1375,0,,
Prawn,---,1986,2,5,1,880,*,*,*,,
Prawn,---,1986,2,7,1,60,*,*,*,,
Prawn,---,1986,2,8,1,1551,*,*,*,,
Prawn,---,1986,2,10,1,2166,*,*,*,,
Prawn,---,1986,2,34,1,198,*,*,*,,
Prawn,---,1986,2,42,1,297,*,*,*,,
Prawn,---,1986,2,47,1,759,*,*,*,,
Prawn,---,1986,2,51,1,33,*,*,*,,
Prawn,---,1986,2,53,1,297,*,*,*,,
Prawn,---,1986,2,54,1,231,*,*,*,,
Prawn,---,1986,2,63,1,99,*,*,*,,
Prawn,---,1986,2,64,1,33,*,*,*,,
Prawn,---,1986,2,65,1,132,*,*,*,,
Prawn,---,1986,2,66,1,297,*,*,*,,
Prawn,---,1986,2,Total,4,7033,1947,2,0,,
Prawn,---,1986,3,0,1,5471,*,*,*,,
Prawn,---,1986,3,1,1,2404,*,*,*,,
Prawn,---,1986,3,2,1,1229,*,*,*,,
Prawn,---,1986,3,5,1,80,*,*,*,,
Prawn,---,1986,3,6,3,26972,21873,443,0,,
Prawn,---,1986,3,10,1,2743,*,*,*,,
Prawn,---,1986,3,11,1,500,*,*,*,,
Prawn,---,1986,3,14,1,840,*,*,*,,
Prawn,---,1986,3,16,1,400,*,*,*,,
Prawn,---,1986,3,Total,7,40639,28160,443,2200,,
Prawn,---,1986,4,9,1,60,*,*,*,,
Prawn,---,1986,4,10,3,24915,270,4637,6192,,
Prawn,---,1986,4,11,1,7501,*,*,*,,
Prawn,---,1986,4,12,2,1340,*,*,*,,
Prawn,---,1986,4,Total,6,33816,1006,10141,6192,,
Prawn,---,1986,5,1,1,970,*,*,*,,
Prawn,---,1986,5,4,1,40,*,*,*,,
Prawn,---,1986,5,12,1,60,*,*,*,,
Prawn,---,1986,5,23,6,12235,4545,1489,1115,,
Prawn,---,1986,5,24,1,1200,*,*,*,,
Prawn,---,1986,5,Total,6,14505,6534,1489,1130,,
Prawn,---,1986,6,0,1,1640,*,*,*,,
Prawn,---,1986,6,1,4,26314,15273,0,0,,
Prawn,---,1986,6,3,1,470,*,*,*,,
Prawn,---,1986,6,4,1,3000,*,*,*,,
Prawn,---,1986,6,5,2,4200,*,*,*,,
Prawn,---,1986,6,6,1,1470,*,*,*,,
Prawn,---,1986,6,12,2,9533,*,*,*,,
Prawn,---,1986,6,15,1,60,*,*,*,,
Prawn,---,1986,6,16,2,1610,*,*,*,,
Prawn,---,1986,6,17,1,354,*,*,*,,
Prawn,---,1986,6,18,2,2184,*,*,*,,
Prawn,---,1986,6,19,2,4263,*,*,*,,
Prawn,---,1986,6,22,1,1020,*,*,*,,
Prawn,---,1986,6,23,1,2040,*,*,*,,
Prawn,---,1986,6,24,1,1020,*,*,*,,
Prawn,---,1986,6,25,2,1748,*,*,*,,
Prawn,---,1986,6,27,1,800,*,*,*,,
Prawn,---,1986,6,Total,9,61726,36644,440,1949,,
Prawn,---,1986,7,1,1,6204,*,*,*,,
Prawn,---,1986,7,2,1,562,*,*,*,,
Prawn,---,1986,7,3,1,1945,*,*,*,,
Prawn,---,1986,7,4,1,240,*,*,*,,
Prawn,---,1986,7,5,1,240,*,*,*,,
Prawn,---,1986,7,6,1,4320,*,*,*,,
Prawn,---,1986,7,8,1,231,*,*,*,,
Prawn,---,1986,7,9,3,9182,11650,0,75,,
Prawn,---,1986,7,12,3,1126,859,0,0,,
Prawn,---,1986,7,13,1,656,*,*,*,,
Prawn,---,1986,7,14,3,12853,7655,51,32,,
Prawn,---,1986,7,15,4,4553,2566,0,0,,
Prawn,---,1986,7,16,2,5669,*,*,*,,
Prawn,---,1986,7,17,3,832,386,0,0,,
Prawn,---,1986,7,19,1,680,*,*,*,,
Prawn,---,1986,7,22,1,92,*,*,*,,
Prawn,---,1986,7,25,1,600,*,*,*,,
Prawn,---,1986,7,27,1,840,*,*,*,,
Prawn,---,1986,7,28,1,960,*,*,*,,
Prawn,---,1986,7,30,4,2804,1402,0,2,,
Prawn,---,1986,7,31,1,9546,*,*,*,,
Prawn,---,1986,7,Total,10,64135,64563,51,109,,
Prawn,---,1986,8,0,1,9000,*,*,*,,
Prawn,---,1986,8,2,2,549,*,*,*,,
Prawn,---,1986,8,3,1,2261,*,*,*,,
Prawn,---,1986,8,4,2,2270,*,*,*,,
Prawn,---,1986,8,5,2,2588,*,*,*,,
Prawn,---,1986,8,6,2,840,*,*,*,,
Prawn,---,1986,8,7,4,12913,6898,0,0,,
Prawn,---,1986,8,8,2,6350,*,*,*,,
Prawn,---,1986,8,10,1,2240,*,*,*,,
Prawn,---,1986,8,11,1,5515,*,*,*,,
Prawn,---,1986,8,12,1,5465,*,*,*,,
Prawn,---,1986,8,13,1,280,*,*,*,,
Prawn,---,1986,8,14,2,4988,*,*,*,,
Prawn,---,1986,8,15,1,3395,*,*,*,,
Prawn,---,1986,8,16,2,4782,*,*,*,,
Prawn,---,1986,8,Total,10,63436,31279,973,242,,
Prawn,---,1986,9,1,3,7750,6735,0,0,,
Prawn,---,1986,9,2,3,5610,4294,0,0,,
Prawn,---,1986,9,3,3,3510,2859,0,0,,
Prawn,---,1986,9,4,2,315,*,*,*,,
Prawn,---,1986,9,5,1,372,*,*,*,,
Prawn,---,1986,9,6,3,8430,2821,0,0,,
Prawn,---,1986,9,7,3,3716,1849,0,0,,
Prawn,---,1986,9,8,1,1372,*,*,*,,
Prawn,---,1986,9,9,4,8947,6160,0,0,,
Prawn,---,1986,9,10,3,6550,1927,0,0,,
Prawn,---,1986,9,11,4,5736,4955,0,0,,
Prawn,---,1986,9,12,5,19661,15429,0,0,,
Prawn,---,1986,9,Total,8,71969,47901,0,0,,
Prawn,---,1986,10,1,1,5700,*,*,*,,
Prawn,---,1986,10,2,1,1500,*,*,*,,
Prawn,---,1986,10,3,1,1800,*,*,*,,
Prawn,---,1986,10,4,1,2700,*,*,*,,
Prawn,---,1986,10,5,1,1500,*,*,*,,
Prawn,---,1986,10,6,1,2700,*,*,*,,
Prawn,---,1986,10,7,2,5400,*,*,*,,
Prawn,---,1986,10,8,1,300,*,*,*,,
Prawn,---,1986,10,9,1,300,*,*,*,,
Prawn,---,1986,10,12,1,5700,*,*,*,,
Prawn,---,1986,10,Total,2,27600,*,*,*,,
Prawn,---,1986,11,4,1,3350,*,*,*,,
Prawn,---,1986,11,5,2,2144,*,*,*,,
Prawn,---,1986,11,6,1,2100,*,*,*,,
Prawn,---,1986,11,7,1,5800,*,*,*,,
Prawn,---,1986,11,Total,2,13394,*,*,*,,
Prawn,---,1986,12,0,1,77400,*,*,*,,
Prawn,---,1986,12,1,1,180,*,*,*,,
Prawn,---,1986,12,2,2,7290,*,*,*,,
Prawn,---,1986,12,4,1,35,*,*,*,,
Prawn,---,1986,12,9,2,10360,*,*,*,,
Prawn,---,1986,12,10,1,160,*,*,*,,
Prawn,---,1986,12,12,3,15555,5728,0,0,,
Prawn,---,1986,12,14,1,3300,*,*,*,,
Prawn,---,1986,12,19,1,155,*,*,*,,
Prawn,---,1986,12,23,2,6192,*,*,*,,
Prawn,---,1986,12,25,1,560,*,*,*,,
Prawn,---,1986,12,26,17,119920,72427,48,49,,
Prawn,---,1986,12,27,7,34127,25675,52,69,,
Prawn,---,1986,12,28,2,4175,*,*,*,,
Prawn,---,1986,12,29,3,3448,2417,75,40,,
Prawn,---,1986,12,30,2,5442,*,*,*,,
Prawn,---,1986,12,31,1,4582,*,*,*,,
Prawn,---,1986,12,32,1,1350,*,*,*,,
Prawn,---,1986,12,35,12,45861,25774,79,154,,
Prawn,---,1986,12,36,9,10274,7214,133,246,,
Prawn,---,1986,12,37,6,4784,2707,0,0,,
Prawn,---,1986,12,38,3,2575,1022,0,0,,
Prawn,---,1986,12,40,13,47222,28456,18,217,,
Prawn,---,1986,12,41,6,18319,10185,0,1189,,
Prawn,---,1986,12,42,1,160,*,*,*,,
Prawn,---,1986,12,43,8,19530,12483,0,67,,
Prawn,---,1986,12,44,2,2235,*,*,*,,
Prawn,---,1986,12,45,3,10407,11164,0,279,,
Prawn,---,1986,12,46,2,940,*,*,*,,
Prawn,---,1986,12,47,2,2876,*,*,*,,
Prawn,---,1986,12,48,2,1089,*,*,*,,
Prawn,---,1986,12,Total,40,460503,303480,2142,2587,,
Prawn,---,1986,13,0,1,9800,*,*,*,,
Prawn,---,1986,13,1,1,392,*,*,*,,
Prawn,---,1986,13,12,4,987,853,0,0,,
Prawn,---,1986,13,13,2,320,*,*,*,,
Prawn,---,1986,13,14,3,4230,3504,0,0,,
Prawn,---,1986,13,16,3,2257,1530,0,0,,
Prawn,---,1986,13,17,3,6341,4831,0,0,,
Prawn,---,1986,13,18,3,12246,8671,0,0,,
Prawn,---,1986,13,19,5,8651,4864,0,0,,
Prawn,---,1986,13,20,2,5280,*,*,*,,
Prawn,---,1986,13,21,4,1568,1073,0,0,,
Prawn,---,1986,13,22,1,2200,*,*,*,,
Prawn,---,1986,13,23,3,1630,574,0,0,,
Prawn,---,1986,13,25,2,843,*,*,*,,
Prawn,---,1986,13,31,1,96,*,*,*,,
Prawn,---,1986,13,32,2,300,*,*,*,,
Prawn,---,1986,13,33,1,100,*,*,*,,
Prawn,---,1986,13,35,2,300,*,*,*,,
Prawn,---,1986,13,40,1,200,*,*,*,,
Prawn,---,1986,13,41,3,3110,1843,0,1,,
Prawn,---,1986,13,42,4,13971,4213,0,0,,
Prawn,---,1986,13,43,3,8834,2544,0,0,,
Prawn,---,1986,13,Total,22,83656,54104,0,1,,
Prawn,---,1986,14,0,2,2177,*,*,*,,
Prawn,---,1986,14,1,3,3299,1045,0,0,,
Prawn,---,1986,14,2,2,539,*,*,*,,
Prawn,---,1986,14,3,8,7455,2968,30,0,,
Prawn,---,1986,14,4,3,725,242,0,0,,
Prawn,---,1986,14,5,2,830,*,*,*,,
Prawn,---,1986,14,6,3,11090,4382,0,0,,
Prawn,---,1986,14,7,2,370,*,*,*,,
Prawn,---,1986,14,9,3,5450,2787,0,0,,
Prawn,---,1986,14,12,2,520,*,*,*,,
Prawn,---,1986,14,13,4,8838,6359,0,0,,
Prawn,---,1986,14,Total,15,41293,19327,30,0,,
Prawn,---,1986,15,0,1,264,*,*,*,,
Prawn,---,1986,15,1,7,75028,28422,0,85,,
Prawn,---,1986,15,2,10,26587,12815,2,85,,
Prawn,---,1986,15,3,11,12048,7780,0,0,,
Prawn,---,1986,15,5,17,88853,65021,0,0,,
Prawn,---,1986,15,6,1,600,*,*,*,,
Prawn,---,1986,15,Total,28,203380,114477,2,170,,
Prawn,---,1986,16,0,1,666,*,*,*,,
Prawn,---,1986,16,1,7,22405,10496,70,738,,
Prawn,---,1986,16,2,5,3807,2507,0,0,,
Prawn,---,1986,16,3,3,3920,2937,0,0,,
Prawn,---,1986,16,4,2,1050,*,*,*,,
Prawn,---,1986,16,5,5,11515,5304,0,0,,
Prawn,---,1986,16,6,6,16785,7586,0,0,,
Prawn,---,1986,16,7,4,5233,2852,0,0,,
Prawn,---,1986,16,8,3,2005,942,0,0,,
Prawn,---,1986,16,9,4,4782,3411,0,0,,
Prawn,---,1986,16,10,5,5993,3385,0,0,,
Prawn,---,1986,16,11,12,28033,16992,0,0,,
Prawn,---,1986,16,12,8,36092,13841,0,0,,
Prawn,---,1986,16,13,7,17561,7131,0,0,,
Prawn,---,1986,16,14,3,7748,3988,0,0,,
Prawn,---,1986,16,15,1,5823,*,*,*,,
Prawn,---,1986,16,16,4,21818,9641,0,0,,
Prawn,---,1986,16,17,5,8307,4358,0,0,,
Prawn,---,1986,16,18,7,11120,6936,0,0,,
Prawn,---,1986,16,19,3,6580,3445,0,0,,
Prawn,---,1986,16,20,2,3284,*,*,*,,
Prawn,---,1986,16,21,4,6331,1705,0,0,,
Prawn,---,1986,16,22,1,1100,*,*,*,,
Prawn,---,1986,16,Total,27,231958,113428,70,738,,
Prawn,---,1986,17,2,2,1013,*,*,*,,
Prawn,---,1986,17,3,2,2715,*,*,*,,
Prawn,---,1986,17,4,1,480,*,*,*,,
Prawn,---,1986,17,5,1,600,*,*,*,,
Prawn,---,1986,17,6,5,8821,2934,0,0,,
Prawn,---,1986,17,8,1,50,*,*,*,,
Prawn,---,1986,17,9,6,16420,6111,0,0,,
Prawn,---,1986,17,10,5,5743,1748,0,0,,
Prawn,---,1986,17,11,5,8261,2876,0,0,,
Prawn,---,1986,17,12,4,66801,19781,0,0,,
Prawn,---,1986,17,13,2,2450,*,*,*,,
Prawn,---,1986,17,14,2,2060,*,*,*,,
Prawn,---,1986,17,16,1,1980,*,*,*,,
Prawn,---,1986,17,17,1,540,*,*,*,,
Prawn,---,1986,17,18,2,7035,*,*,*,,
Prawn,---,1986,17,19,1,1100,*,*,*,,
Prawn,---,1986,17,Total,20,126069,40478,0,0,,
Prawn,---,1986,18,2,1,1140,*,*,*,,
Prawn,---,1986,18,4,1,180,*,*,*,,
Prawn,---,1986,18,6,1,180,*,*,*,,
Prawn,---,1986,18,7,1,180,*,*,*,,
Prawn,---,1986,18,9,1,500,*,*,*,,
Prawn,---,1986,18,Total,2,2180,*,*,*,,
Prawn,---,1986,19,4,1,40,*,*,*,,
Prawn,---,1986,19,5,1,46,*,*,*,,
Prawn,---,1986,19,7,2,2580,*,*,*,,
Prawn,---,1986,19,8,7,21407,18639,0,0,,
Prawn,---,1986,19,9,1,1225,*,*,*,,
Prawn,---,1986,19,10,2,632,*,*,*,,
Prawn,---,1986,19,11,1,1781,*,*,*,,
Prawn,---,1986,19,Total,10,27711,22731,0,50,,
Prawn,---,1986,20,7,7,4171,0,8,11694,,
Prawn,---,1986,20,Total,7,4171,0,8,11694,,
Prawn,---,1986,23,1,5,4763,822,0,0,,
Prawn,---,1986,23,2,6,21248,9060,0,0,,
Prawn,---,1986,23,3,7,22337,7387,0,0,,
Prawn,---,1986,23,4,7,17150,8563,0,0,,
Prawn,---,1986,23,5,2,1106,*,*,*,,
Prawn,---,1986,23,6,2,6735,*,*,*,,
Prawn,---,1986,23,7,2,1146,*,*,*,,
Prawn,---,1986,23,Total,13,74485,28900,0,0,,
Prawn,---,1986,24,3,2,1311,*,*,*,,
Prawn,---,1986,24,6,1,222,*,*,*,,
Prawn,---,1986,24,8,1,333,*,*,*,,
Prawn,---,1986,24,9,1,222,*,*,*,,
Prawn,---,1986,24,10,1,222,*,*,*,,
Prawn,---,1986,24,11,1,444,*,*,*,,
Prawn,---,1986,24,Total,2,2754,*,*,*,,
Prawn,---,1986,25,0,1,120,*,*,*,,
Prawn,---,1986,25,1,2,3010,*,*,*,,
Prawn,---,1986,25,2,1,320,*,*,*,,
Prawn,---,1986,25,3,1,3801,*,*,*,,
Prawn,---,1986,25,4,1,6514,*,*,*,,
Prawn,---,1986,25,5,1,600,*,*,*,,
Prawn,---,1986,25,Total,4,14365,7966,0,49,,
Prawn,---,1986,26,2,1,435,*,*,*,,
Prawn,---,1986,26,3,1,151,*,*,*,,
Prawn,---,1986,26,4,2,415,*,*,*,,
Prawn,---,1986,26,5,1,214,*,*,*,,
Prawn,---,1986,26,Total,2,1215,*,*,*,,
Prawn,---,1986,27,7,1,80,*,*,*,,
Prawn,---,1986,27,8,1,390,*,*,*,,
Prawn,---,1986,27,10,1,60,*,*,*,,
Prawn,---,1986,27,11,4,5026,1703,0,915,,
Prawn,---,1986,27,Total,4,5556,2216,0,915,,
Prawn,---,1986,28,0,1,1890,*,*,*,,
Prawn,---,1986,28,1,10,30624,19321,100,12,,
Prawn,---,1986,28,2,12,47468,22302,0,4,,
Prawn,---,1986,28,3,8,17882,11881,0,3,,
Prawn,---,1986,28,4,8,12469,7034,0,0,,
Prawn,---,1986,28,5,1,910,*,*,*,,
Prawn,---,1986,28,6,2,1168,*,*,*,,
Prawn,---,1986,28,7,2,1906,*,*,*,,
Prawn,---,1986,28,8,4,1505,446,0,0,,
Prawn,---,1986,28,9,1,395,*,*,*,,
Prawn,---,1986,28,12,1,222,*,*,*,,
Prawn,---,1986,28,Total,19,116439,64267,100,19,,
Prawn,---,1986,29,0,1,1900,*,*,*,,
Prawn,---,1986,29,1,3,3424,1755,0,0,,
Prawn,---,1986,29,2,3,12915,6550,0,9,,
Prawn,---,1986,29,3,4,2585,**,**,**,,
Prawn,---,1986,29,5,4,8260,2871,0,0,,
Prawn,---,1986,29,Total,10,29084,12997,0,9,,
Prawn,---,1987,1,1,2,1055,*,*,*,,
Prawn,---,1987,1,2,2,955,*,*,*,,
Prawn,---,1987,1,5,1,3100,*,*,*,,
Prawn,---,1987,1,6,3,5451,1351,1645,694,,
Prawn,---,1987,1,7,1,3610,*,*,*,,
Prawn,---,1987,1,Total,6,14171,5237,1645,694,,
Prawn,---,1987,2,1,1,63,*,*,*,,
Prawn,---,1987,2,2,1,373,*,*,*,,
Prawn,---,1987,2,3,1,65,*,*,*,,
Prawn,---,1987,2,6,1,280,*,*,*,,
Prawn,---,1987,2,7,2,1700,*,*,*,,
Prawn,---,1987,2,8,2,1500,*,*,*,,
Prawn,---,1987,2,11,3,1788,992,15,0,,
Prawn,---,1987,2,12,1,1000,*,*,*,,
Prawn,---,1987,2,13,2,2699,*,*,*,,
Prawn,---,1987,2,14,1,1470,*,*,*,,
Prawn,---,1987,2,34,1,6339,*,*,*,,
Prawn,---,1987,2,50,1,804,*,*,*,,
Prawn,---,1987,2,Total,7,18081,3055,231,600,,
Prawn,---,1987,3,1,2,1699,*,*,*,,
Prawn,---,1987,3,2,3,2080,1082,0,54,,
Prawn,---,1987,3,4,1,160,*,*,*,,
Prawn,---,1987,3,6,6,35837,23884,649,1,,
Prawn,---,1987,3,7,2,2055,*,*,*,,
Prawn,---,1987,3,10,2,2612,*,*,*,,
Prawn,---,1987,3,14,1,3430,*,*,*,,
Prawn,---,1987,3,15,1,970,*,*,*,,
Prawn,---,1987,3,16,1,2420,*,*,*,,
Prawn,---,1987,3,17,1,2400,*,*,*,,
Prawn,---,1987,3,Total,11,53663,29000,2977,121,,
Prawn,---,1987,4,0,1,80,*,*,*,,
Prawn,---,1987,4,1,3,627,432,22,60,,
Prawn,---,1987,4,2,2,1472,*,*,*,,
Prawn,---,1987,4,4,1,485,*,*,*,,
Prawn,---,1987,4,5,1,1942,*,*,*,,
Prawn,---,1987,4,7,1,255,*,*,*,,
Prawn,---,1987,4,11,1,10100,*,*,*,,
Prawn,---,1987,4,12,1,1457,*,*,*,,
Prawn,---,1987,4,Total,6,16418,1654,6775,185,,
Prawn,---,1987,5,0,2,324,*,*,*,,
Prawn,---,1987,5,1,3,2316,1367,0,30,,
Prawn,---,1987,5,2,2,437,*,*,*,,
Prawn,---,1987,5,3,1,1000,*,*,*,,
Prawn,---,1987,5,5,1,850,*,*,*,,
Prawn,---,1987,5,6,1,50,*,*,*,,
Prawn,---,1987,5,14,1,80,*,*,*,,
Prawn,---,1987,5,16,1,80,*,*,*,,
Prawn,---,1987,5,18,1,600,*,*,*,,
Prawn,---,1987,5,19,2,700,*,*,*,,
Prawn,---,1987,5,23,4,3486,691,8,51,,
Prawn,---,1987,5,24,1,1471,*,*,*,,
Prawn,---,1987,5,Total,11,11394,3282,23,153,,
Prawn,---,1987,6,0,1,1840,*,*,*,,
Prawn,---,1987,6,1,5,9356,5020,0,0,,
Prawn,---,1987,6,2,1,1317,*,*,*,,
Prawn,---,1987,6,3,3,1140,324,0,0,,
Prawn,---,1987,6,4,3,12016,3615,31,242,,
Prawn,---,1987,6,5,2,969,*,*,*,,
Prawn,---,1987,6,10,1,750,*,*,*,,
Prawn,---,1987,6,11,2,2750,*,*,*,,
Prawn,---,1987,6,12,3,10780,12824,25,3,,
Prawn,---,1987,6,13,1,3000,*,*,*,,
Prawn,---,1987,6,14,2,2810,*,*,*,,
Prawn,---,1987,6,15,2,2250,*,*,*,,
Prawn,---,1987,6,16,1,2000,*,*,*,,
Prawn,---,1987,6,17,2,2625,*,*,*,,
Prawn,---,1987,6,18,2,1750,*,*,*,,
Prawn,---,1987,6,19,4,13613,10486,0,0,,
Prawn,---,1987,6,20,2,635,*,*,*,,
Prawn,---,1987,6,21,1,38,*,*,*,,
Prawn,---,1987,6,23,2,643,*,*,*,,
Prawn,---,1987,6,24,1,140,*,*,*,,
Prawn,---,1987,6,25,1,2650,*,*,*,,
Prawn,---,1987,6,28,1,971,*,*,*,,
Prawn,---,1987,6,Total,17,74043,46385,143,487,,
Prawn,---,1987,7,1,1,472,*,*,*,,
Prawn,---,1987,7,2,2,1139,*,*,*,,
Prawn,---,1987,7,3,3,7745,8703,0,0,,
Prawn,---,1987,7,4,1,841,*,*,*,,
Prawn,---,1987,7,5,1,30,*,*,*,,
Prawn,---,1987,7,6,1,183,*,*,*,,
Prawn,---,1987,7,7,1,1594,*,*,*,,
Prawn,---,1987,7,8,1,400,*,*,*,,
Prawn,---,1987,7,9,4,23884,24756,0,0,,
Prawn,---,1987,7,10,4,15430,10086,0,0,,
Prawn,---,1987,7,11,1,4914,*,*,*,,
Prawn,---,1987,7,12,4,3213,1665,0,0,,
Prawn,---,1987,7,13,3,4722,2335,0,0,,
Prawn,---,1987,7,14,6,38952,26688,0,0,,
Prawn,---,1987,7,15,3,2233,894,0,0,,
Prawn,---,1987,7,16,5,13380,12360,0,0,,
Prawn,---,1987,7,17,1,218,*,*,*,,
Prawn,---,1987,7,18,1,9659,*,*,*,,
Prawn,---,1987,7,19,1,1209,*,*,*,,
Prawn,---,1987,7,22,2,260,*,*,*,,
Prawn,---,1987,7,24,2,2280,*,*,*,,
Prawn,---,1987,7,25,1,649,*,*,*,,
Prawn,---,1987,7,27,2,1725,*,*,*,,
Prawn,---,1987,7,29,1,1165,*,*,*,,
Prawn,---,1987,7,30,3,2763,1032,0,0,,
Prawn,---,1987,7,31,1,2872,*,*,*,,
Prawn,---,1987,7,Total,14,141932,115715,27,0,,
Prawn,---,1987,8,0,1,480,*,*,*,,
Prawn,---,1987,8,2,2,2418,*,*,*,,
Prawn,---,1987,8,3,2,978,*,*,*,,
Prawn,---,1987,8,4,4,11020,3983,0,0,,
Prawn,---,1987,8,5,4,9658,2703,0,0,,
Prawn,---,1987,8,6,3,4749,862,0,3,,
Prawn,---,1987,8,7,5,20339,10559,0,40,,
Prawn,---,1987,8,8,4,4185,1872,45,0,,
Prawn,---,1987,8,9,3,2010,1201,35,79,,
Prawn,---,1987,8,10,4,6624,4004,37,7,,
Prawn,---,1987,8,11,3,7630,2437,5,495,,
Prawn,---,1987,8,12,4,7950,5833,79,71,,
Prawn,---,1987,8,13,3,14694,5436,0,11,,
Prawn,---,1987,8,14,6,12519,5831,0,12,,
Prawn,---,1987,8,15,3,5959,2164,0,0,,
Prawn,---,1987,8,16,5,10296,3030,4,5,,
Prawn,---,1987,8,Total,15,121509,52268,205,723,,
Prawn,---,1987,9,1,3,9475,5190,0,0,,
Prawn,---,1987,9,2,4,5125,2882,0,0,,
Prawn,---,1987,9,3,3,3150,1086,2,0,,
Prawn,---,1987,9,4,4,3080,590,12,0,,
Prawn,---,1987,9,5,2,875,*,*,*,,
Prawn,---,1987,9,6,3,28310,8545,42,0,,
Prawn,---,1987,9,7,1,5550,*,*,*,,
Prawn,---,1987,9,8,1,2200,*,*,*,,
Prawn,---,1987,9,9,4,7740,1945,46,0,,
Prawn,---,1987,9,10,4,20998,6701,125,0,,
Prawn,---,1987,9,11,4,8925,3818,18,0,,
Prawn,---,1987,9,12,5,21531,12264,10,0,,
Prawn,---,1987,9,Total,9,116959,45493,274,0,,
Prawn,---,1987,10,0,2,3800,*,*,*,,
Prawn,---,1987,10,1,1,1580,*,*,*,,
Prawn,---,1987,10,2,2,1300,*,*,*,,
Prawn,---,1987,10,3,3,2411,787,0,0,,
Prawn,---,1987,10,4,3,9175,5805,0,0,,
Prawn,---,1987,10,5,4,4635,3021,0,0,,
Prawn,---,1987,10,6,4,4310,2831,0,0,,
Prawn,---,1987,10,7,3,5720,3471,24,0,,
Prawn,---,1987,10,8,2,1800,*,*,*,,
Prawn,---,1987,10,9,2,1375,*,*,*,,
Prawn,---,1987,10,10,2,4000,*,*,*,,
Prawn,---,1987,10,11,1,600,*,*,*,,
Prawn,---,1987,10,12,2,7450,*,*,*,,
Prawn,---,1987,10,Total,9,48156,25592,256,0,,
Prawn,---,1987,11,2,1,2100,*,*,*,,
Prawn,---,1987,11,3,5,12285,8547,0,21,,
Prawn,---,1987,11,4,6,15609,13303,0,28,,
Prawn,---,1987,11,5,7,23349,5343,1537,1,,
Prawn,---,1987,11,6,1,475,*,*,*,,
Prawn,---,1987,11,7,1,600,*,*,*,,
Prawn,---,1987,11,8,3,1150,416,0,0,,
Prawn,---,1987,11,9,1,690,*,*,*,,
Prawn,---,1987,11,10,2,14115,*,*,*,,
Prawn,---,1987,11,Total,10,70373,38942,1759,260,,
Prawn,---,1987,12,0,1,6600,*,*,*,,
Prawn,---,1987,12,1,1,420,*,*,*,,
Prawn,---,1987,12,2,1,2830,*,*,*,,
Prawn,---,1987,12,9,1,5600,*,*,*,,
Prawn,---,1987,12,11,1,7200,*,*,*,,
Prawn,---,1987,12,12,1,8496,*,*,*,,
Prawn,---,1987,12,13,1,11340,*,*,*,,
Prawn,---,1987,12,17,1,50,*,*,*,,
Prawn,---,1987,12,23,3,14814,6178,0,0,,
Prawn,---,1987,12,25,1,1160,*,*,*,,
Prawn,---,1987,12,26,9,29810,15301,49,61,,
Prawn,---,1987,12,27,4,7312,4487,35,62,,
Prawn,---,1987,12,28,2,3344,*,*,*,,
Prawn,---,1987,12,29,2,5544,*,*,*,,
Prawn,---,1987,12,30,2,3444,*,*,*,,
Prawn,---,1987,12,31,1,3524,*,*,*,,
Prawn,---,1987,12,32,1,1912,*,*,*,,
Prawn,---,1987,12,33,1,1600,*,*,*,,
Prawn,---,1987,12,34,1,2000,*,*,*,,
Prawn,---,1987,12,35,8,25612,14725,0,0,,
Prawn,---,1987,12,36,3,7397,4651,97,130,,
Prawn,---,1987,12,37,2,1317,*,*,*,,
Prawn,---,1987,12,38,3,1147,598,0,0,,
Prawn,---,1987,12,40,8,34040,14493,2720,131,,
Prawn,---,1987,12,41,4,9435,7172,0,0,,
Prawn,---,1987,12,42,1,9279,*,*,*,,
Prawn,---,1987,12,43,4,9955,6114,0,5,,
Prawn,---,1987,12,44,1,1200,*,*,*,,
Prawn,---,1987,12,45,4,9107,5056,0,63,,
Prawn,---,1987,12,46,2,3144,*,*,*,,
Prawn,---,1987,12,47,2,5945,*,*,*,,
Prawn,---,1987,12,48,2,819,*,*,*,,
Prawn,---,1987,12,Total,27,235397,131514,5582,2954,,
Prawn,---,1987,13,1,1,10500,*,*,*,,
Prawn,---,1987,13,4,1,1523,*,*,*,,
Prawn,---,1987,13,14,3,2729,1427,0,0,,
Prawn,---,1987,13,15,2,2729,*,*,*,,
Prawn,---,1987,13,16,2,3600,*,*,*,,
Prawn,---,1987,13,17,6,14819,9390,0,0,,
Prawn,---,1987,13,18,7,34557,20557,0,0,,
Prawn,---,1987,13,19,7,32297,16536,0,0,,
Prawn,---,1987,13,20,4,4720,3495,0,0,,
Prawn,---,1987,13,21,8,13560,12054,7,0,,
Prawn,---,1987,13,22,2,11500,*,*,*,,
Prawn,---,1987,13,23,1,80,*,*,*,,
Prawn,---,1987,13,25,2,2532,*,*,*,,
Prawn,---,1987,13,26,1,420,*,*,*,,
Prawn,---,1987,13,41,2,995,*,*,*,,
Prawn,---,1987,13,42,5,15955,4906,0,4,,
Prawn,---,1987,13,43,6,12918,4079,0,0,,
Prawn,---,1987,13,Total,25,165434,95899,669,4,,
Prawn,---,1987,14,0,2,7064,*,*,*,,
Prawn,---,1987,14,1,2,500,*,*,*,,
Prawn,---,1987,14,2,1,1700,*,*,*,,
Prawn,---,1987,14,3,11,27772,8955,0,0,,
Prawn,---,1987,14,4,3,2950,1262,0,0,,
Prawn,---,1987,14,5,3,1045,354,0,0,,
Prawn,---,1987,14,6,6,8992,4170,0,0,,
Prawn,---,1987,14,7,2,790,*,*,*,,
Prawn,---,1987,14,9,2,2935,*,*,*,,
Prawn,---,1987,14,11,1,5400,*,*,*,,
Prawn,---,1987,14,12,4,5308,3114,0,0,,
Prawn,---,1987,14,13,5,6935,5034,0,0,,
Prawn,---,1987,14,14,1,65,*,*,*,,
Prawn,---,1987,14,Total,24,71456,28971,0,25,,
Prawn,---,1987,15,0,2,3781,*,*,*,,
Prawn,---,1987,15,1,10,51973,25581,0,0,,
Prawn,---,1987,15,2,10,26845,15249,0,0,,
Prawn,---,1987,15,3,6,7210,**,**,**,,
Prawn,---,1987,15,5,19,99257,64961,0,0,,
Prawn,---,1987,15,6,6,26812,13149,0,0,,
Prawn,---,1987,15,Total,36,215878,125819,0,0,,
Prawn,---,1987,16,0,2,116,*,*,*,,
Prawn,---,1987,16,1,10,62578,31948,264,0,,
Prawn,---,1987,16,2,7,13735,7242,48,0,,
Prawn,---,1987,16,3,3,3018,2149,0,0,,
Prawn,---,1987,16,4,2,3113,*,*,*,,
Prawn,---,1987,16,5,6,10541,5715,0,0,,
Prawn,---,1987,16,6,7,29240,16180,0,0,,
Prawn,---,1987,16,7,5,20091,8026,0,0,,
Prawn,---,1987,16,8,4,9280,4893,0,0,,
Prawn,---,1987,16,9,4,3476,1539,0,0,,
Prawn,---,1987,16,10,9,35998,22850,0,0,,
Prawn,---,1987,16,11,12,97574,39594,0,0,,
Prawn,---,1987,16,12,5,11956,4340,0,0,,
Prawn,---,1987,16,13,3,45013,16642,0,0,,
Prawn,---,1987,16,14,3,3353,1342,0,0,,
Prawn,---,1987,16,15,4,22323,8976,0,0,,
Prawn,---,1987,16,16,7,28550,15305,0,0,,
Prawn,---,1987,16,17,10,24435,14843,0,0,,
Prawn,---,1987,16,18,9,21265,14741,0,0,,
Prawn,---,1987,16,19,8,20493,10540,0,0,,
Prawn,---,1987,16,20,7,13783,6872,0,0,,
Prawn,---,1987,16,21,3,6885,4088,0,0,,
Prawn,---,1987,16,Total,41,486816,238138,893,0,,
Prawn,---,1987,17,0,1,100,*,*,*,,
Prawn,---,1987,17,2,1,53,*,*,*,,
Prawn,---,1987,17,3,1,100,*,*,*,,
Prawn,---,1987,17,4,1,1520,*,*,*,,
Prawn,---,1987,17,5,2,370,*,*,*,,
Prawn,---,1987,17,6,5,47157,16649,0,0,,
Prawn,---,1987,17,7,1,560,*,*,*,,
Prawn,---,1987,17,8,1,1763,*,*,*,,
Prawn,---,1987,17,9,5,14067,3796,0,101,,
Prawn,---,1987,17,10,4,10697,3656,0,0,,
Prawn,---,1987,17,11,3,4660,2256,0,0,,
Prawn,---,1987,17,12,7,34040,9944,0,0,,
Prawn,---,1987,17,14,1,1391,*,*,*,,
Prawn,---,1987,17,16,1,2300,*,*,*,,
Prawn,---,1987,17,17,1,23,*,*,*,,
Prawn,---,1987,17,Total,22,118801,39420,0,101,,
Prawn,---,1987,18,1,1,2468,*,*,*,,
Prawn,---,1987,18,2,1,1529,*,*,*,,
Prawn,---,1987,18,5,1,39,*,*,*,,
Prawn,---,1987,18,7,1,34,*,*,*,,
Prawn,---,1987,18,9,1,1500,*,*,*,,
Prawn,---,1987,18,Total,4,5570,4392,0,0,,
Prawn,---,1987,19,7,2,2360,*,*,*,,
Prawn,---,1987,19,8,6,16226,6827,0,0,,
Prawn,---,1987,19,9,2,6245,*,*,*,,
Prawn,---,1987,19,10,2,256,*,*,*,,
Prawn,---,1987,19,12,3,3603,588,0,0,,
Prawn,---,1987,19,Total,9,28690,12533,0,0,,
Prawn,---,1987,20,7,8,7155,0,0,22655,,
Prawn,---,1987,20,Total,8,7155,0,0,22655,,
Prawn,---,1987,23,0,1,120,*,*,*,,
Prawn,---,1987,23,1,5,5993,2189,0,3,,
Prawn,---,1987,23,2,6,14845,8575,0,0,,
Prawn,---,1987,23,3,5,16387,7577,0,0,,
Prawn,---,1987,23,4,5,35742,14824,0,0,,
Prawn,---,1987,23,5,3,7015,2831,0,2,,
Prawn,---,1987,23,6,1,1781,*,*,*,,
Prawn,---,1987,23,7,4,4846,1535,0,0,,
Prawn,---,1987,23,8,1,967,*,*,*,,
Prawn,---,1987,23,Total,14,87696,39610,0,5,,
Prawn,---,1987,24,2,1,1565,*,*,*,,
Prawn,---,1987,24,3,1,7709,*,*,*,,
Prawn,---,1987,24,4,1,1270,*,*,*,,
Prawn,---,1987,24,Total,1,10544,*,*,*,,
Prawn,---,1987,25,1,4,10772,14571,0,0,,
Prawn,---,1987,25,2,1,150,*,*,*,,
Prawn,---,1987,25,3,2,2603,*,*,*,,
Prawn,---,1987,25,4,1,6578,*,*,*,,
Prawn,---,1987,25,5,1,5760,*,*,*,,
Prawn,---,1987,25,8,1,9000,*,*,*,,
Prawn,---,1987,25,9,2,186,*,*,*,,
Prawn,---,1987,25,10,1,120,*,*,*,,
Prawn,---,1987,25,11,1,180,*,*,*,,
Prawn,---,1987,25,13,1,66,*,*,*,,
Prawn,---,1987,25,Total,7,35415,28296,0,0,,
Prawn,---,1987,26,2,1,234,*,*,*,,
Prawn,---,1987,26,4,1,420,*,*,*,,
Prawn,---,1987,26,5,1,20,*,*,*,,
Prawn,---,1987,26,6,1,2887,*,*,*,,
Prawn,---,1987,26,Total,2,3561,*,*,*,,
Prawn,---,1987,27,1,1,224,*,*,*,,
Prawn,---,1987,27,11,3,4826,**,**,**,,
Prawn,---,1987,27,Total,4,5050,1947,455,380,,
Prawn,---,1987,28,1,11,26343,14445,15,5,,
Prawn,---,1987,28,2,20,51301,26775,0,0,,
Prawn,---,1987,28,3,11,28551,17700,0,10,,
Prawn,---,1987,28,4,10,12632,8396,0,0,,
Prawn,---,1987,28,5,1,151,*,*,*,,
Prawn,---,1987,28,6,1,425,*,*,*,,
Prawn,---,1987,28,7,2,1565,*,*,*,,
Prawn,---,1987,28,12,1,2729,*,*,*,,
Prawn,---,1987,28,13,2,828,*,*,*,,
Prawn,---,1987,28,Total,24,124525,70890,15,15,,
Prawn,---,1987,29,1,3,6472,2527,0,0,,
Prawn,---,1987,29,2,3,15350,8019,0,0,,
Prawn,---,1987,29,3,2,810,*,*,*,,
Prawn,---,1987,29,4,1,120,*,*,*,,
Prawn,---,1987,29,5,2,6420,*,*,*,,
Prawn,---,1987,29,12,1,100,*,*,*,,
Prawn,---,1987,29,Total,7,29272,12814,0,0,,
Prawn,---,1988,1,1,1,997,*,*,*,,
Prawn,---,1988,1,2,1,175,*,*,*,,
Prawn,---,1988,1,3,1,671,*,*,*,,
Prawn,---,1988,1,5,1,945,*,*,*,,
Prawn,---,1988,1,6,2,662,*,*,*,,
Prawn,---,1988,1,Total,5,3450,1113,788,644,,
Prawn,---,1988,2,1,1,1035,*,*,*,,
Prawn,---,1988,2,2,1,200,*,*,*,,
Prawn,---,1988,2,6,2,101,*,*,*,,
Prawn,---,1988,2,8,1,12,*,*,*,,
Prawn,---,1988,2,10,1,73,*,*,*,,
Prawn,---,1988,2,11,1,9,*,*,*,,
Prawn,---,1988,2,12,1,25,*,*,*,,
Prawn,---,1988,2,13,1,158,*,*,*,,
Prawn,---,1988,2,36,1,1070,*,*,*,,
Prawn,---,1988,2,39,1,1605,*,*,*,,
Prawn,---,1988,2,Total,4,4288,1109,720,0,,
Prawn,---,1988,3,0,1,150,*,*,*,,
Prawn,---,1988,3,1,2,247,*,*,*,,
Prawn,---,1988,3,3,2,260,*,*,*,,
Prawn,---,1988,3,4,1,60,*,*,*,,
Prawn,---,1988,3,6,8,51529,30288,250,0,,
Prawn,---,1988,3,7,1,500,*,*,*,,
Prawn,---,1988,3,10,8,10848,4179,54,127,,
Prawn,---,1988,3,11,3,8500,4110,210,0,,
Prawn,---,1988,3,12,2,475,*,*,*,,
Prawn,---,1988,3,13,1,600,*,*,*,,
Prawn,---,1988,3,14,2,275,*,*,*,,
Prawn,---,1988,3,15,2,2250,*,*,*,,
Prawn,---,1988,3,16,1,150,*,*,*,,
Prawn,---,1988,3,Total,14,75844,39841,1254,147,,
Prawn,---,1988,4,1,2,555,*,*,*,,
Prawn,---,1988,4,2,2,374,*,*,*,,
Prawn,---,1988,4,5,1,1250,*,*,*,,
Prawn,---,1988,4,9,2,900,*,*,*,,
Prawn,---,1988,4,10,3,6305,125,3769,63,,
Prawn,---,1988,4,11,1,10690,*,*,*,,
Prawn,---,1988,4,12,1,56,*,*,*,,
Prawn,---,1988,4,Total,8,20130,2007,11086,63,,
Prawn,---,1988,5,1,2,412,*,*,*,,
Prawn,---,1988,5,2,1,161,*,*,*,,
Prawn,---,1988,5,3,1,587,*,*,*,,
Prawn,---,1988,5,4,1,45,*,*,*,,
Prawn,---,1988,5,6,1,500,*,*,*,,
Prawn,---,1988,5,13,1,250,*,*,*,,
Prawn,---,1988,5,14,1,250,*,*,*,,
Prawn,---,1988,5,16,1,471,*,*,*,,
Prawn,---,1988,5,17,2,1115,*,*,*,,
Prawn,---,1988,5,18,1,447,*,*,*,,
Prawn,---,1988,5,19,1,180,*,*,*,,
Prawn,---,1988,5,23,3,1648,610,0,130,,
Prawn,---,1988,5,Total,9,6066,3093,85,130,,
Prawn,---,1988,6,1,6,22113,8934,100,275,,
Prawn,---,1988,6,2,3,1983,283,0,0,,
Prawn,---,1988,6,4,5,21364,6815,0,276,,
Prawn,---,1988,6,5,2,6460,*,*,*,,
Prawn,---,1988,6,6,2,2305,*,*,*,,
Prawn,---,1988,6,7,1,6006,*,*,*,,
Prawn,---,1988,6,10,2,2715,*,*,*,,
Prawn,---,1988,6,11,2,250,*,*,*,,
Prawn,---,1988,6,12,4,4672,2379,0,53,,
Prawn,---,1988,6,13,2,1905,*,*,*,,
Prawn,---,1988,6,14,1,247,*,*,*,,
Prawn,---,1988,6,15,1,50,*,*,*,,
Prawn,---,1988,6,16,2,1630,*,*,*,,
Prawn,---,1988,6,18,4,1105,146,0,0,,
Prawn,---,1988,6,19,7,63313,34208,1650,35,,
Prawn,---,1988,6,22,1,3100,*,*,*,,
Prawn,---,1988,6,23,2,2100,*,*,*,,
Prawn,---,1988,6,24,2,3460,*,*,*,,
Prawn,---,1988,6,25,4,7380,7393,0,0,,
Prawn,---,1988,6,28,1,1000,*,*,*,,
Prawn,---,1988,6,Total,24,153158,78278,1950,657,,
Prawn,---,1988,7,1,1,7746,*,*,*,,
Prawn,---,1988,7,2,3,1200,678,0,0,,
Prawn,---,1988,7,3,2,5931,*,*,*,,
Prawn,---,1988,7,4,2,3950,*,*,*,,
Prawn,---,1988,7,5,1,1800,*,*,*,,
Prawn,---,1988,7,6,2,1326,*,*,*,,
Prawn,---,1988,7,7,5,10163,7522,0,0,,
Prawn,---,1988,7,9,6,45678,38263,0,0,,
Prawn,---,1988,7,10,6,22219,15570,0,0,,
Prawn,---,1988,7,11,7,16139,14550,11,0,,
Prawn,---,1988,7,12,7,11166,6984,0,0,,
Prawn,---,1988,7,13,5,25066,11282,316,0,,
Prawn,---,1988,7,14,7,44798,29518,1034,0,,
Prawn,---,1988,7,15,3,2099,713,9,0,,
Prawn,---,1988,7,16,5,8731,3726,0,308,,
Prawn,---,1988,7,17,3,1369,358,0,0,,
Prawn,---,1988,7,18,1,1619,*,*,*,,
Prawn,---,1988,7,19,2,24482,*,*,*,,
Prawn,---,1988,7,22,2,1478,*,*,*,,
Prawn,---,1988,7,24,3,2690,2460,0,0,,
Prawn,---,1988,7,27,1,5460,*,*,*,,
Prawn,---,1988,7,28,1,6300,*,*,*,,
Prawn,---,1988,7,29,2,650,*,*,*,,
Prawn,---,1988,7,30,2,1859,*,*,*,,
Prawn,---,1988,7,31,2,17629,*,*,*,,
Prawn,---,1988,7,Total,22,271548,191107,1370,308,,
Prawn,---,1988,8,3,2,5111,*,*,*,,
Prawn,---,1988,8,4,4,13520,4837,0,0,,
Prawn,---,1988,8,5,3,14675,5660,0,0,,
Prawn,---,1988,8,6,1,500,*,*,*,,
Prawn,---,1988,8,7,6,21316,8889,0,80,,
Prawn,---,1988,8,8,3,6190,1227,0,519,,
Prawn,---,1988,8,9,1,2995,*,*,*,,
Prawn,---,1988,8,10,2,5170,*,*,*,,
Prawn,---,1988,8,11,1,9635,*,*,*,,
Prawn,---,1988,8,12,2,5080,*,*,*,,
Prawn,---,1988,8,13,6,13638,3934,0,30,,
Prawn,---,1988,8,14,8,19677,7788,0,15,,
Prawn,---,1988,8,15,3,2437,397,0,0,,
Prawn,---,1988,8,16,4,9714,4069,0,0,,
Prawn,---,1988,8,Total,18,129658,44799,0,1258,,
Prawn,---,1988,9,0,1,860,*,*,*,,
Prawn,---,1988,9,1,3,6220,2609,0,0,,
Prawn,---,1988,9,2,3,10530,4944,0,0,,
Prawn,---,1988,9,3,4,5150,3268,0,0,,
Prawn,---,1988,9,4,1,1470,*,*,*,,
Prawn,---,1988,9,5,1,920,*,*,*,,
Prawn,---,1988,9,6,4,22090,10672,0,0,,
Prawn,---,1988,9,7,3,2030,1144,0,0,,
Prawn,---,1988,9,8,2,2035,*,*,*,,
Prawn,---,1988,9,9,3,6610,3772,0,0,,
Prawn,---,1988,9,10,4,7921,2889,20,0,,
Prawn,---,1988,9,11,5,3930,1914,0,0,,
Prawn,---,1988,9,12,7,21396,14305,0,1578,,
Prawn,---,1988,9,Total,16,91162,49084,20,1578,,
Prawn,---,1988,10,4,1,2250,*,*,*,,
Prawn,---,1988,10,5,1,2100,*,*,*,,
Prawn,---,1988,10,6,2,3665,*,*,*,,
Prawn,---,1988,10,7,1,1200,*,*,*,,
Prawn,---,1988,10,8,4,9175,4494,0,0,,
Prawn,---,1988,10,9,1,150,*,*,*,,
Prawn,---,1988,10,10,4,45044,26152,39,0,,
Prawn,---,1988,10,12,4,8324,6756,238,0,,
Prawn,---,1988,10,Total,7,71908,47536,277,0,,
Prawn,---,1988,11,2,1,300,*,*,*,,
Prawn,---,1988,11,3,3,6590,7555,86,16,,
Prawn,---,1988,11,4,4,7867,6049,0,1,,
Prawn,---,1988,11,5,3,975,272,0,0,,
Prawn,---,1988,11,8,1,2455,*,*,*,,
Prawn,---,1988,11,9,1,3360,*,*,*,,
Prawn,---,1988,11,10,2,4470,*,*,*,,
Prawn,---,1988,11,Total,5,26017,21755,86,104,,
Prawn,---,1988,12,0,4,10775,7233,0,0,,
Prawn,---,1988,12,1,4,1565,830,0,0,,
Prawn,---,1988,12,2,2,995,*,*,*,,
Prawn,---,1988,12,3,2,770,*,*,*,,
Prawn,---,1988,12,4,1,410,*,*,*,,
Prawn,---,1988,12,5,1,2600,*,*,*,,
Prawn,---,1988,12,8,1,25,*,*,*,,
Prawn,---,1988,12,9,1,7454,*,*,*,,
Prawn,---,1988,12,10,1,1200,*,*,*,,
Prawn,---,1988,12,11,1,11264,*,*,*,,
Prawn,---,1988,12,12,2,3283,*,*,*,,
Prawn,---,1988,12,15,2,12414,*,*,*,,
Prawn,---,1988,12,18,1,25,*,*,*,,
Prawn,---,1988,12,20,3,471,328,0,0,,
Prawn,---,1988,12,21,1,25,*,*,*,,
Prawn,---,1988,12,22,1,100,*,*,*,,
Prawn,---,1988,12,23,7,38926,16239,0,0,,
Prawn,---,1988,12,25,1,880,*,*,*,,
Prawn,---,1988,12,26,18,135560,82505,200,323,,
Prawn,---,1988,12,27,10,23438,20391,84,138,,
Prawn,---,1988,12,28,3,4989,4030,94,122,,
Prawn,---,1988,12,29,4,7268,7639,100,146,,
Prawn,---,1988,12,30,4,14097,14289,138,428,,
Prawn,---,1988,12,31,2,2135,*,*,*,,
Prawn,---,1988,12,32,1,889,*,*,*,,
Prawn,---,1988,12,33,1,889,*,*,*,,
Prawn,---,1988,12,34,1,437,*,*,*,,
Prawn,---,1988,12,35,18,36167,21696,139,285,,
Prawn,---,1988,12,36,7,7203,5271,166,318,,
Prawn,---,1988,12,37,4,5460,2741,15,17,,
Prawn,---,1988,12,38,2,320,*,*,*,,
Prawn,---,1988,12,39,4,5071,2234,0,0,,
Prawn,---,1988,12,40,13,35877,21422,0,0,,
Prawn,---,1988,12,41,8,17626,10594,0,0,,
Prawn,---,1988,12,42,3,3745,2593,0,38,,
Prawn,---,1988,12,43,7,6665,5467,0,10,,
Prawn,---,1988,12,44,2,955,*,*,*,,
Prawn,---,1988,12,45,9,23153,13303,0,17,,
Prawn,---,1988,12,46,2,2579,*,*,*,,
Prawn,---,1988,12,47,6,6367,4005,0,21,,
Prawn,---,1988,12,48,1,220,*,*,*,,
Prawn,---,1988,12,Total,51,434292,278903,968,2178,,
Prawn,---,1988,13,1,1,40,*,*,*,,
Prawn,---,1988,13,8,1,950,*,*,*,,
Prawn,---,1988,13,9,1,1450,*,*,*,,
Prawn,---,1988,13,14,1,3950,*,*,*,,
Prawn,---,1988,13,15,3,3780,1158,0,0,,
Prawn,---,1988,13,17,8,13165,7257,0,0,,
Prawn,---,1988,13,18,4,22429,14878,0,0,,
Prawn,---,1988,13,19,9,12747,6400,0,0,,
Prawn,---,1988,13,20,5,3661,2749,0,0,,
Prawn,---,1988,13,21,6,13394,7394,0,14,,
Prawn,---,1988,13,22,5,11949,8212,0,0,,
Prawn,---,1988,13,23,1,628,*,*,*,,
Prawn,---,1988,13,24,1,44,*,*,*,,
Prawn,---,1988,13,25,2,1851,*,*,*,,
Prawn,---,1988,13,26,1,492,*,*,*,,
Prawn,---,1988,13,27,1,25,*,*,*,,
Prawn,---,1988,13,33,1,450,*,*,*,,
Prawn,---,1988,13,36,1,450,*,*,*,,
Prawn,---,1988,13,41,2,313,*,*,*,,
Prawn,---,1988,13,42,8,18534,6982,0,20,,
Prawn,---,1988,13,43,9,15081,5553,0,0,,
Prawn,---,1988,13,Total,32,125383,66199,0,34,,
Prawn,---,1988,14,0,1,2640,*,*,*,,
Prawn,---,1988,14,1,1,900,*,*,*,,
Prawn,---,1988,14,2,2,1450,*,*,*,,
Prawn,---,1988,14,3,10,19818,9117,0,0,,
Prawn,---,1988,14,4,3,4693,2310,0,0,,
Prawn,---,1988,14,5,4,2366,1514,0,0,,
Prawn,---,1988,14,6,5,14496,7251,0,0,,
Prawn,---,1988,14,7,1,1256,*,*,*,,
Prawn,---,1988,14,8,1,81,*,*,*,,
Prawn,---,1988,14,9,3,3500,1892,0,0,,
Prawn,---,1988,14,10,1,588,*,*,*,,
Prawn,---,1988,14,12,8,14995,8337,0,0,,
Prawn,---,1988,14,13,7,26921,15164,0,0,,
Prawn,---,1988,14,Total,26,93704,48779,0,0,,
Prawn,---,1988,15,1,12,26735,11545,0,0,,
Prawn,---,1988,15,2,14,50678,22108,0,0,,
Prawn,---,1988,15,3,11,10789,**,**,**,,
Prawn,---,1988,15,4,2,3823,*,*,*,,
Prawn,---,1988,15,5,29,141238,66146,0,0,,
Prawn,---,1988,15,6,7,12951,6841,0,0,,
Prawn,---,1988,15,Total,44,246214,113724,0,0,,
Prawn,---,1988,16,1,4,11911,4648,0,0,,
Prawn,---,1988,16,2,5,4507,2420,0,0,,
Prawn,---,1988,16,3,1,975,*,*,*,,
Prawn,---,1988,16,4,1,4683,*,*,*,,
Prawn,---,1988,16,5,5,7822,3305,0,0,,
Prawn,---,1988,16,6,10,19460,8900,0,0,,
Prawn,---,1988,16,7,9,30156,14952,0,0,,
Prawn,---,1988,16,8,4,4216,2299,0,0,,
Prawn,---,1988,16,9,1,549,*,*,*,,
Prawn,---,1988,16,10,7,30489,11988,76,0,,
Prawn,---,1988,16,11,13,40285,17970,0,276,,
Prawn,---,1988,16,12,6,20773,7158,0,0,,
Prawn,---,1988,16,13,5,29702,10827,0,0,,
Prawn,---,1988,16,14,4,4789,2443,0,0,,
Prawn,---,1988,16,15,4,10508,4617,0,0,,
Prawn,---,1988,16,16,8,23391,12056,0,0,,
Prawn,---,1988,16,17,9,19101,9417,24,0,,
Prawn,---,1988,16,18,10,21901,11239,0,0,,
Prawn,---,1988,16,19,5,9586,3458,0,0,,
Prawn,---,1988,16,20,6,9792,4384,0,0,,
Prawn,---,1988,16,21,10,33543,16514,0,0,,
Prawn,---,1988,16,22,2,11110,*,*,*,,
Prawn,---,1988,16,Total,52,349249,153760,1267,276,,
Prawn,---,1988,17,0,1,820,*,*,*,,
Prawn,---,1988,17,5,1,180,*,*,*,,
Prawn,---,1988,17,6,5,49134,12674,0,0,,
Prawn,---,1988,17,7,1,1261,*,*,*,,
Prawn,---,1988,17,9,5,14842,3294,0,0,,
Prawn,---,1988,17,10,5,14745,3939,0,0,,
Prawn,---,1988,17,11,6,3398,2047,0,0,,
Prawn,---,1988,17,12,9,29422,14061,0,3,,
Prawn,---,1988,17,13,1,300,*,*,*,,
Prawn,---,1988,17,14,1,100,*,*,*,,
Prawn,---,1988,17,17,1,300,*,*,*,,
Prawn,---,1988,17,Total,26,114502,37235,2,3,,
Prawn,---,1988,18,1,1,7914,*,*,*,,
Prawn,---,1988,18,7,1,100,*,*,*,,
Prawn,---,1988,18,9,1,960,*,*,*,,
Prawn,---,1988,18,11,1,1500,*,*,*,,
Prawn,---,1988,18,Total,4,10474,8080,0,0,,
Prawn,---,1988,19,8,7,19907,**,**,**,,
Prawn,---,1988,19,12,1,206,*,*,*,,
Prawn,---,1988,19,Total,8,20113,10153,0,0,,
Prawn,---,1988,20,7,8,5555,0,0,18444,,
Prawn,---,1988,20,Total,8,5555,0,0,18444,,
Prawn,---,1988,23,1,2,5611,*,*,*,,
Prawn,---,1988,23,2,2,14478,*,*,*,,
Prawn,---,1988,23,3,3,14435,8321,0,0,,
Prawn,---,1988,23,4,8,29307,13791,0,0,,
Prawn,---,1988,23,5,3,2335,1485,0,0,,
Prawn,---,1988,23,6,5,7422,3937,0,0,,
Prawn,---,1988,23,7,2,215,*,*,*,,
Prawn,---,1988,23,8,1,2110,*,*,*,,
Prawn,---,1988,23,Total,11,75913,38865,0,350,,
Prawn,---,1988,24,2,2,390,*,*,*,,
Prawn,---,1988,24,3,1,2025,*,*,*,,
Prawn,---,1988,24,4,1,1725,*,*,*,,
Prawn,---,1988,24,13,1,400,*,*,*,,
Prawn,---,1988,24,14,1,175,*,*,*,,
Prawn,---,1988,24,Total,2,4715,*,*,*,,
Prawn,---,1988,25,1,5,7118,7957,0,0,,
Prawn,---,1988,25,2,2,6691,*,*,*,,
Prawn,---,1988,25,3,4,3587,1835,0,0,,
Prawn,---,1988,25,4,5,23623,11192,0,0,,
Prawn,---,1988,25,5,3,4916,2152,0,0,,
Prawn,---,1988,25,6,4,14751,7456,0,0,,
Prawn,---,1988,25,8,1,9410,*,*,*,,
Prawn,---,1988,25,9,1,200,*,*,*,,
Prawn,---,1988,25,10,1,150,*,*,*,,
Prawn,---,1988,25,13,2,2770,*,*,*,,
Prawn,---,1988,25,15,3,6220,3281,0,0,,
Prawn,---,1988,25,16,1,50,*,*,*,,
Prawn,---,1988,25,Total,8,79486,50990,0,0,,
Prawn,---,1988,26,2,5,13972,15681,0,0,,
Prawn,---,1988,26,3,1,30,*,*,*,,
Prawn,---,1988,26,4,3,7958,10328,0,0,,
Prawn,---,1988,26,5,3,1874,**,**,**,,
Prawn,---,1988,26,Total,6,23834,27681,0,0,,
Prawn,---,1988,27,7,3,1115,612,0,0,,
Prawn,---,1988,27,8,2,3161,*,*,*,,
Prawn,---,1988,27,9,1,2148,*,*,*,,
Prawn,---,1988,27,11,2,599,*,*,*,,
Prawn,---,1988,27,Total,6,7023,3964,11,0,,
Prawn,---,1988,28,1,11,24129,11545,208,651,,
Prawn,---,1988,28,2,14,49069,18655,0,0,,
Prawn,---,1988,28,3,4,9984,5027,0,0,,
Prawn,---,1988,28,4,6,5280,2023,0,0,,
Prawn,---,1988,28,5,3,356,55,0,0,,
Prawn,---,1988,28,12,1,1692,*,*,*,,
Prawn,---,1988,28,13,2,714,*,*,*,,
Prawn,---,1988,28,Total,19,91224,39065,208,651,,
Prawn,---,1988,29,1,2,4769,*,*,*,,
Prawn,---,1988,29,2,2,10926,*,*,*,,
Prawn,---,1988,29,3,2,630,*,*,*,,
Prawn,---,1988,29,5,1,480,*,*,*,,
Prawn,---,1988,29,Total,5,16805,9168,0,0,,
Prawn,---,1989,1,6,3,3430,0,1399,5029,,
Prawn,---,1989,1,Total,3,3430,0,1399,5029,,
Prawn,---,1989,2,12,2,1076,*,*,*,,
Prawn,---,1989,2,13,1,124,*,*,*,,
Prawn,---,1989,2,43,1,102,*,*,*,,
Prawn,---,1989,2,45,1,511,*,*,*,,
Prawn,---,1989,2,46,1,207,*,*,*,,
Prawn,---,1989,2,Total,3,2020,163,0,0,,
Prawn,---,1989,3,3,1,750,*,*,*,,
Prawn,---,1989,3,6,8,32423,16161,50,51,,
Prawn,---,1989,3,7,3,1690,563,100,0,,
Prawn,---,1989,3,10,6,5375,1656,66,0,,
Prawn,---,1989,3,11,3,1725,282,15,0,,
Prawn,---,1989,3,12,1,1220,*,*,*,,
Prawn,---,1989,3,13,1,900,*,*,*,,
Prawn,---,1989,3,15,1,200,*,*,*,,
Prawn,---,1989,3,16,1,200,*,*,*,,
Prawn,---,1989,3,Total,11,44483,19361,875,51,,
Prawn,---,1989,4,1,1,100,*,*,*,,
Prawn,---,1989,4,5,1,500,*,*,*,,
Prawn,---,1989,4,10,2,27010,*,*,*,,
Prawn,---,1989,4,11,1,6718,*,*,*,,
Prawn,---,1989,4,Total,4,34328,29,26727,32,,
Prawn,---,1989,5,2,1,250,*,*,*,,
Prawn,---,1989,5,3,1,500,*,*,*,,
Prawn,---,1989,5,13,3,525,142,0,0,,
Prawn,---,1989,5,14,2,1750,*,*,*,,
Prawn,---,1989,5,15,1,700,*,*,*,,
Prawn,---,1989,5,17,4,1975,809,0,0,,
Prawn,---,1989,5,20,1,1000,*,*,*,,
Prawn,---,1989,5,23,2,3995,*,*,*,,
Prawn,---,1989,5,24,2,900,*,*,*,,
Prawn,---,1989,5,Total,8,11595,5500,221,0,,
Prawn,---,1989,6,1,7,15407,4779,2090,17,,
Prawn,---,1989,6,2,2,3400,*,*,*,,
Prawn,---,1989,6,3,5,7160,2822,8,4,,
Prawn,---,1989,6,4,5,76989,10112,2157,0,,
Prawn,---,1989,6,5,8,36785,49416,0,0,,
Prawn,---,1989,6,6,5,3970,1336,0,0,,
Prawn,---,1989,6,7,4,2335,1119,0,11,,
Prawn,---,1989,6,8,1,100,*,*,*,,
Prawn,---,1989,6,9,1,3150,*,*,*,,
Prawn,---,1989,6,10,1,150,*,*,*,,
Prawn,---,1989,6,12,6,14304,5727,1,68,,
Prawn,---,1989,6,13,2,3356,*,*,*,,
Prawn,---,1989,6,14,2,943,*,*,*,,
Prawn,---,1989,6,15,1,386,*,*,*,,
Prawn,---,1989,6,16,4,9245,2891,0,0,,
Prawn,---,1989,6,17,1,4900,*,*,*,,
Prawn,---,1989,6,18,3,1618,988,10,0,,
Prawn,---,1989,6,19,10,56631,15112,0,48,,
Prawn,---,1989,6,20,3,3600,1286,135,10,,
Prawn,---,1989,6,21,3,2848,1650,105,4,,
Prawn,---,1989,6,22,2,1784,*,*,*,,
Prawn,---,1989,6,23,1,1200,*,*,*,,
Prawn,---,1989,6,24,2,1212,*,*,*,,
Prawn,---,1989,6,25,6,13547,8850,5,126,,
Prawn,---,1989,6,27,1,295,*,*,*,,
Prawn,---,1989,6,28,1,295,*,*,*,,
Prawn,---,1989,6,Total,34,265610,111935,4513,429,,
Prawn,---,1989,7,1,3,27824,33619,0,0,,
Prawn,---,1989,7,2,2,1480,*,*,*,,
Prawn,---,1989,7,3,2,12568,*,*,*,,
Prawn,---,1989,7,4,5,5689,2170,4,0,,
Prawn,---,1989,7,5,1,7420,*,*,*,,
Prawn,---,1989,7,6,2,6090,*,*,*,,
Prawn,---,1989,7,7,8,13118,6220,0,0,,
Prawn,---,1989,7,8,2,490,*,*,*,,
Prawn,---,1989,7,9,8,35434,15566,0,190,,
Prawn,---,1989,7,10,6,13123,4960,15,0,,
Prawn,---,1989,7,11,6,19609,13986,83,0,,
Prawn,---,1989,7,12,4,4706,640,0,0,,
Prawn,---,1989,7,13,8,5176,1054,40,0,,
Prawn,---,1989,7,14,13,32713,8719,1910,37,,
Prawn,---,1989,7,15,4,3302,906,0,0,,
Prawn,---,1989,7,16,7,4952,1395,74,85,,
Prawn,---,1989,7,17,3,8630,4771,0,0,,
Prawn,---,1989,7,18,1,165,*,*,*,,
Prawn,---,1989,7,19,1,7271,*,*,*,,
Prawn,---,1989,7,23,1,1469,*,*,*,,
Prawn,---,1989,7,25,1,200,*,*,*,,
Prawn,---,1989,7,27,2,6300,*,*,*,,
Prawn,---,1989,7,28,1,1360,*,*,*,,
Prawn,---,1989,7,29,2,2166,*,*,*,,
Prawn,---,1989,7,30,2,3036,*,*,*,,
Prawn,---,1989,7,31,3,5366,4787,0,0,,
Prawn,---,1989,7,Total,31,229657,123407,2181,707,,
Prawn,---,1989,8,1,1,720,*,*,*,,
Prawn,---,1989,8,2,4,1950,730,10,0,,
Prawn,---,1989,8,3,5,2488,875,0,0,,
Prawn,---,1989,8,4,8,23390,8176,0,0,,
Prawn,---,1989,8,5,5,18197,11280,6,1331,,
Prawn,---,1989,8,6,2,260,*,*,*,,
Prawn,---,1989,8,7,13,35997,14953,1,117,,
Prawn,---,1989,8,8,8,23535,5699,684,1106,,
Prawn,---,1989,8,10,7,13095,3247,400,0,,
Prawn,---,1989,8,11,3,14520,6462,0,448,,
Prawn,---,1989,8,12,3,9120,4020,0,27,,
Prawn,---,1989,8,13,7,18745,6754,0,0,,
Prawn,---,1989,8,14,7,22165,7267,0,53,,
Prawn,---,1989,8,15,3,2890,697,0,0,,
Prawn,---,1989,8,16,6,18075,8309,26,24,,
Prawn,---,1989,8,Total,30,205147,78743,1127,3106,,
Prawn,---,1989,9,0,1,1200,*,*,*,,
Prawn,---,1989,9,1,3,4690,1782,0,0,,
Prawn,---,1989,9,2,3,9372,3836,0,0,,
Prawn,---,1989,9,3,2,675,*,*,*,,
Prawn,---,1989,9,4,4,2380,474,0,0,,
Prawn,---,1989,9,5,3,4660,1635,0,0,,
Prawn,---,1989,9,6,4,20130,8275,24,0,,
Prawn,---,1989,9,7,5,4426,1549,0,0,,
Prawn,---,1989,9,8,5,4531,1922,0,0,,
Prawn,---,1989,9,9,3,11679,4222,0,0,,
Prawn,---,1989,9,10,2,8000,*,*,*,,
Prawn,---,1989,9,11,3,3940,1292,0,2,,
Prawn,---,1989,9,12,10,21282,9567,0,653,,
Prawn,---,1989,9,Total,20,96965,36865,84,730,,
Prawn,---,1989,10,0,1,1500,*,*,*,,
Prawn,---,1989,10,1,1,193,*,*,*,,
Prawn,---,1989,10,4,4,8120,4234,0,0,,
Prawn,---,1989,10,5,4,8160,3642,0,11,,
Prawn,---,1989,10,6,2,4490,*,*,*,,
Prawn,---,1989,10,7,2,2520,*,*,*,,
Prawn,---,1989,10,8,5,12870,9634,432,0,,
Prawn,---,1989,10,9,2,7090,*,*,*,,
Prawn,---,1989,10,10,4,18740,11593,625,0,,
Prawn,---,1989,10,11,1,1827,*,*,*,,
Prawn,---,1989,10,12,3,4620,1962,70,75,,
Prawn,---,1989,10,Total,12,70130,40951,1127,100,,
Prawn,---,1989,11,1,1,4170,*,*,*,,
Prawn,---,1989,11,2,1,100,*,*,*,,
Prawn,---,1989,11,3,5,9532,7055,0,187,,
Prawn,---,1989,11,4,11,15024,5987,0,12,,
Prawn,---,1989,11,5,7,13585,4543,0,26,,
Prawn,---,1989,11,6,3,655,80,17,5,,
Prawn,---,1989,11,7,2,405,*,*,*,,
Prawn,---,1989,11,8,5,3291,2761,0,27,,
Prawn,---,1989,11,9,1,2100,*,*,*,,
Prawn,---,1989,11,10,7,20549,8431,0,0,,
Prawn,---,1989,11,Total,19,69411,31995,111,257,,
Prawn,---,1989,12,0,2,6355,*,*,*,,
Prawn,---,1989,12,1,4,7365,2975,0,0,,
Prawn,---,1989,12,2,4,2515,958,0,0,,
Prawn,---,1989,12,3,3,1780,783,0,0,,
Prawn,---,1989,12,5,1,225,*,*,*,,
Prawn,---,1989,12,6,2,1700,*,*,*,,
Prawn,---,1989,12,7,1,1165,*,*,*,,
Prawn,---,1989,12,11,1,9200,*,*,*,,
Prawn,---,1989,12,12,3,2677,1286,0,0,,
Prawn,---,1989,12,14,1,1400,*,*,*,,
Prawn,---,1989,12,15,2,13240,*,*,*,,
Prawn,---,1989,12,20,2,1505,*,*,*,,
Prawn,---,1989,12,23,8,58899,23130,0,0,,
Prawn,---,1989,12,24,1,30,*,*,*,,
Prawn,---,1989,12,25,3,1200,979,24,22,,
Prawn,---,1989,12,26,12,70306,39942,14,28,,
Prawn,---,1989,12,27,6,13663,7712,20,19,,
Prawn,---,1989,12,28,3,5870,3857,55,20,,
Prawn,---,1989,12,29,4,6762,3997,67,21,,
Prawn,---,1989,12,30,8,18466,11442,68,36,,
Prawn,---,1989,12,31,3,6919,4160,500,0,,
Prawn,---,1989,12,32,3,1619,1209,72,1,,
Prawn,---,1989,12,33,5,5735,2928,41,10,,
Prawn,---,1989,12,34,1,900,*,*,*,,
Prawn,---,1989,12,35,9,28585,18648,56,44,,
Prawn,---,1989,12,36,3,2190,1039,60,47,,
Prawn,---,1989,12,37,3,2256,1096,40,56,,
Prawn,---,1989,12,38,4,2198,668,0,0,,
Prawn,---,1989,12,39,2,2170,*,*,*,,
Prawn,---,1989,12,40,18,64705,35948,0,202,,
Prawn,---,1989,12,41,14,38479,18882,15,16,,
Prawn,---,1989,12,42,2,19940,*,*,*,,
Prawn,---,1989,12,43,7,8611,4321,0,98,,
Prawn,---,1989,12,44,3,1850,795,0,8,,
Prawn,---,1989,12,45,5,26832,14372,0,15,,
Prawn,---,1989,12,46,1,1050,*,*,*,,
Prawn,---,1989,12,47,5,5475,2670,0,56,,
Prawn,---,1989,12,48,3,2740,1385,0,45,,
Prawn,---,1989,12,Total,57,446577,242567,1123,749,,
Prawn,---,1989,13,0,1,70,*,*,*,,
Prawn,---,1989,13,3,1,8400,*,*,*,,
Prawn,---,1989,13,5,2,660,*,*,*,,
Prawn,---,1989,13,7,1,1600,*,*,*,,
Prawn,---,1989,13,8,1,10800,*,*,*,,
Prawn,---,1989,13,9,1,42,*,*,*,,
Prawn,---,1989,13,10,3,2134,1051,0,137,,
Prawn,---,1989,13,11,2,1026,*,*,*,,
Prawn,---,1989,13,12,6,28836,14984,0,0,,
Prawn,---,1989,13,13,1,100,*,*,*,,
Prawn,---,1989,13,14,5,11264,3920,0,0,,
Prawn,---,1989,13,15,5,16664,5466,0,0,,
Prawn,---,1989,13,16,4,10187,3222,0,0,,
Prawn,---,1989,13,17,7,35301,14260,0,0,,
Prawn,---,1989,13,18,11,35193,17723,0,0,,
Prawn,---,1989,13,19,9,28615,9260,0,0,,
Prawn,---,1989,13,20,6,8584,4041,0,0,,
Prawn,---,1989,13,21,13,13556,4589,0,0,,
Prawn,---,1989,13,22,10,32801,11234,0,0,,
Prawn,---,1989,13,23,2,1484,*,*,*,,
Prawn,---,1989,13,25,4,6316,2718,0,0,,
Prawn,---,1989,13,26,2,750,*,*,*,,
Prawn,---,1989,13,27,1,150,*,*,*,,
Prawn,---,1989,13,32,1,40,*,*,*,,
Prawn,---,1989,13,33,1,75,*,*,*,,
Prawn,---,1989,13,35,4,6765,2825,0,42,,
Prawn,---,1989,13,36,6,7474,4053,0,0,,
Prawn,---,1989,13,41,6,9394,2760,0,0,,
Prawn,---,1989,13,42,10,19946,6804,0,0,,
Prawn,---,1989,13,43,6,10379,4085,0,0,,
Prawn,---,1989,13,Total,54,308606,124287,1146,1352,,
Prawn,---,1989,14,0,1,1500,*,*,*,,
Prawn,---,1989,14,1,1,150,*,*,*,,
Prawn,---,1989,14,2,5,4633,1498,0,0,,
Prawn,---,1989,14,3,10,50043,15160,0,0,,
Prawn,---,1989,14,4,5,13642,4756,0,0,,
Prawn,---,1989,14,5,5,11858,5813,0,0,,
Prawn,---,1989,14,6,8,26116,9961,0,0,,
Prawn,---,1989,14,7,1,150,*,*,*,,
Prawn,---,1989,14,9,3,3650,2243,0,0,,
Prawn,---,1989,14,10,2,1669,*,*,*,,
Prawn,---,1989,14,11,1,400,*,*,*,,
Prawn,---,1989,14,12,10,40785,18676,0,98,,
Prawn,---,1989,14,13,11,18561,6689,0,0,,
Prawn,---,1989,14,14,1,500,*,*,*,,
Prawn,---,1989,14,Total,34,173657,66368,182,98,,
Prawn,---,1989,15,1,8,49613,20615,0,0,,
Prawn,---,1989,15,2,16,62248,23450,0,2242,,
Prawn,---,1989,15,3,10,44343,14997,0,653,,
Prawn,---,1989,15,4,1,140,*,*,*,,
Prawn,---,1989,15,5,30,266068,97469,0,325,,
Prawn,---,1989,15,6,7,8833,**,**,**,,
Prawn,---,1989,15,Total,48,431245,159363,0,3220,,
Prawn,---,1989,16,1,11,47124,17015,0,0,,
Prawn,---,1989,16,2,6,14016,5419,0,0,,
Prawn,---,1989,16,3,1,46,*,*,*,,
Prawn,---,1989,16,4,1,6454,*,*,*,,
Prawn,---,1989,16,5,7,11233,5538,0,0,,
Prawn,---,1989,16,6,9,18434,11117,0,0,,
Prawn,---,1989,16,7,8,36623,23787,0,0,,
Prawn,---,1989,16,8,5,3177,1826,0,0,,
Prawn,---,1989,16,9,3,1884,542,0,0,,
Prawn,---,1989,16,10,11,34764,14761,0,0,,
Prawn,---,1989,16,11,13,81764,39691,0,0,,
Prawn,---,1989,16,12,10,28096,11538,0,0,,
Prawn,---,1989,16,13,10,43624,23991,0,0,,
Prawn,---,1989,16,14,3,3075,2063,0,0,,
Prawn,---,1989,16,16,8,43386,21440,0,0,,
Prawn,---,1989,16,17,12,36245,17926,0,0,,
Prawn,---,1989,16,18,19,63361,31125,0,0,,
Prawn,---,1989,16,19,7,29374,9425,0,0,,
Prawn,---,1989,16,20,8,21180,8794,0,0,,
Prawn,---,1989,16,21,9,24206,9842,0,0,,
Prawn,---,1989,16,22,3,2333,1181,0,0,,
Prawn,---,1989,16,Total,62,550399,257398,1317,0,,
Prawn,---,1989,17,1,1,41,*,*,*,,
Prawn,---,1989,17,2,1,15,*,*,*,,
Prawn,---,1989,17,3,1,250,*,*,*,,
Prawn,---,1989,17,4,1,640,*,*,*,,
Prawn,---,1989,17,5,1,1200,*,*,*,,
Prawn,---,1989,17,6,5,37376,9033,0,0,,
Prawn,---,1989,17,7,1,50,*,*,*,,
Prawn,---,1989,17,9,6,21058,2555,0,0,,
Prawn,---,1989,17,10,4,18274,6704,0,0,,
Prawn,---,1989,17,11,8,18467,6464,0,787,,
Prawn,---,1989,17,12,15,96550,40297,0,0,,
Prawn,---,1989,17,13,2,1329,*,*,*,,
Prawn,---,1989,17,14,1,200,*,*,*,,
Prawn,---,1989,17,15,2,1920,*,*,*,,
Prawn,---,1989,17,16,1,798,*,*,*,,
Prawn,---,1989,17,17,1,320,*,*,*,,
Prawn,---,1989,17,Total,31,198488,66534,0,812,,
Prawn,---,1989,18,0,1,1080,*,*,*,,
Prawn,---,1989,18,1,4,2692,859,0,5,,
Prawn,---,1989,18,4,2,1040,*,*,*,,
Prawn,---,1989,18,5,3,513,93,0,0,,
Prawn,---,1989,18,7,2,3934,*,*,*,,
Prawn,---,1989,18,8,1,1040,*,*,*,,
Prawn,---,1989,18,9,1,9570,*,*,*,,
Prawn,---,1989,18,11,1,195,*,*,*,,
Prawn,---,1989,18,Total,9,20064,5407,0,27,,
Prawn,---,1989,19,7,3,2015,357,0,0,,
Prawn,---,1989,19,8,13,27000,7692,0,0,,
Prawn,---,1989,19,9,4,5120,1867,0,0,,
Prawn,---,1989,19,10,1,120,*,*,*,,
Prawn,---,1989,19,11,2,770,*,*,*,,
Prawn,---,1989,19,Total,13,35025,9919,0,0,,
Prawn,---,1989,20,2,1,184,*,*,*,,
Prawn,---,1989,20,5,1,505,*,*,*,,
Prawn,---,1989,20,6,1,168,*,*,*,,
Prawn,---,1989,20,7,6,4679,0,0,22111,,
Prawn,---,1989,20,Total,8,5536,0,0,26484,,
Prawn,---,1989,23,1,1,642,*,*,*,,
Prawn,---,1989,23,2,5,17136,8944,0,0,,
Prawn,---,1989,23,3,6,11937,5738,0,0,,
Prawn,---,1989,23,4,7,19511,8319,0,0,,
Prawn,---,1989,23,5,6,15332,6606,0,0,,
Prawn,---,1989,23,6,6,15997,6458,0,0,,
Prawn,---,1989,23,7,5,6710,4038,0,3,,
Prawn,---,1989,23,8,1,708,*,*,*,,
Prawn,---,1989,23,Total,13,87973,40502,0,3,,
Prawn,---,1989,24,2,2,1291,*,*,*,,
Prawn,---,1989,24,3,2,790,*,*,*,,
Prawn,---,1989,24,4,2,279,*,*,*,,
Prawn,---,1989,24,5,1,117,*,*,*,,
Prawn,---,1989,24,13,1,28,*,*,*,,
Prawn,---,1989,24,14,1,58,*,*,*,,
Prawn,---,1989,24,Total,4,2563,1306,0,0,,
Prawn,---,1989,25,1,2,5470,*,*,*,,
Prawn,---,1989,25,2,3,3182,2438,0,0,,
Prawn,---,1989,25,3,5,9647,7581,0,0,,
Prawn,---,1989,25,4,7,17594,10192,0,0,,
Prawn,---,1989,25,5,5,9125,3276,0,0,,
Prawn,---,1989,25,6,5,15950,7551,0,17,,
Prawn,---,1989,25,7,1,1192,*,*,*,,
Prawn,---,1989,25,8,3,26867,20237,0,21,,
Prawn,---,1989,25,9,2,11695,*,*,*,,
Prawn,---,1989,25,10,1,1280,*,*,*,,
Prawn,---,1989,25,11,4,5760,2332,0,0,,
Prawn,---,1989,25,13,1,925,*,*,*,,
Prawn,---,1989,25,15,3,4340,1495,0,0,,
Prawn,---,1989,25,16,2,1158,*,*,*,,
Prawn,---,1989,25,Total,12,114185,73615,0,38,,
Prawn,---,1989,26,1,2,404,*,*,*,,
Prawn,---,1989,26,2,9,57260,30812,0,0,,
Prawn,---,1989,26,3,2,2985,*,*,*,,
Prawn,---,1989,26,4,7,51073,37637,0,0,,
Prawn,---,1989,26,5,6,16401,9032,0,0,,
Prawn,---,1989,26,7,1,80,*,*,*,,
Prawn,---,1989,26,8,1,40,*,*,*,,
Prawn,---,1989,26,10,1,80,*,*,*,,
Prawn,---,1989,26,Total,12,128323,79250,115,0,,
Prawn,---,1989,27,2,3,1545,818,272,0,,
Prawn,---,1989,27,4,2,1006,*,*,*,,
Prawn,---,1989,27,5,1,40,*,*,*,,
Prawn,---,1989,27,7,4,20570,11511,0,0,,
Prawn,---,1989,27,8,3,7639,4162,0,0,,
Prawn,---,1989,27,9,1,11070,*,*,*,,
Prawn,---,1989,27,11,5,15971,6407,894,5,,
Prawn,---,1989,27,Total,14,57841,29332,1166,5,,
Prawn,---,1989,28,1,4,25612,14828,0,0,,
Prawn,---,1989,28,2,7,31194,15409,0,0,,
Prawn,---,1989,28,12,1,1149,*,*,*,,
Prawn,---,1989,28,13,2,2695,*,*,*,,
Prawn,---,1989,28,Total,10,60650,32447,0,0,,
Prawn,---,1989,29,1,1,1260,*,*,*,,
Prawn,---,1989,29,2,3,6682,2684,0,0,,
Prawn,---,1989,29,3,4,6554,2083,0,0,,
Prawn,---,1989,29,5,2,222,*,*,*,,
Prawn,---,1989,29,Total,8,14718,5474,0,0,,
Prawn,---,1990,1,5,1,1800,*,*,*,,
Prawn,---,1990,1,6,2,1455,*,*,*,,
Prawn,---,1990,1,Total,3,3255,682,387,3791,,
Prawn,---,1990,2,11,2,900,*,*,*,,
Prawn,---,1990,2,12,2,380,*,*,*,,
Prawn,---,1990,2,13,1,320,*,*,*,,
Prawn,---,1990,2,17,1,160,*,*,*,,
Prawn,---,1990,2,43,1,225,*,*,*,,
Prawn,---,1990,2,45,1,150,*,*,*,,
Prawn,---,1990,2,46,1,75,*,*,*,,
Prawn,---,1990,2,47,1,430,*,*,*,,
Prawn,---,1990,2,Total,2,2640,*,*,*,,
Prawn,---,1990,3,3,1,2700,*,*,*,,
Prawn,---,1990,3,6,4,38649,24328,0,190,,
Prawn,---,1990,3,11,1,450,*,*,*,,
Prawn,---,1990,3,12,1,150,*,*,*,,
Prawn,---,1990,3,13,1,150,*,*,*,,
Prawn,---,1990,3,14,1,50,*,*,*,,
Prawn,---,1990,3,15,1,150,*,*,*,,
Prawn,---,1990,3,16,1,200,*,*,*,,
Prawn,---,1990,3,17,1,150,*,*,*,,
Prawn,---,1990,3,Total,6,42649,25083,1937,190,,
Prawn,---,1990,4,10,2,16934,*,*,*,,
Prawn,---,1990,4,11,1,5120,*,*,*,,
Prawn,---,1990,4,Total,3,22054,2000,6797,7950,,
Prawn,---,1990,5,1,1,800,*,*,*,,
Prawn,---,1990,5,2,1,1500,*,*,*,,
Prawn,---,1990,5,15,1,2100,*,*,*,,
Prawn,---,1990,5,17,3,7623,2485,0,0,,
Prawn,---,1990,5,18,1,280,*,*,*,,
Prawn,---,1990,5,23,4,10461,6071,427,86,,
Prawn,---,1990,5,24,2,2045,*,*,*,,
Prawn,---,1990,5,Total,8,24809,10517,558,185,,
Prawn,---,1990,6,1,5,26213,8435,0,2753,,
Prawn,---,1990,6,2,1,1450,*,*,*,,
Prawn,---,1990,6,3,1,2000,*,*,*,,
Prawn,---,1990,6,4,5,26580,12576,1031,379,,
Prawn,---,1990,6,5,4,16135,5104,0,0,,
Prawn,---,1990,6,10,1,338,*,*,*,,
Prawn,---,1990,6,11,1,220,*,*,*,,
Prawn,---,1990,6,12,4,9842,4114,110,0,,
Prawn,---,1990,6,14,3,4420,2971,306,0,,
Prawn,---,1990,6,16,2,360,*,*,*,,
Prawn,---,1990,6,18,2,3934,*,*,*,,
Prawn,---,1990,6,19,6,10223,2686,1,114,,
Prawn,---,1990,6,20,2,1675,*,*,*,,
Prawn,---,1990,6,24,1,5000,*,*,*,,
Prawn,---,1990,6,25,5,6823,2345,0,50,,
Prawn,---,1990,6,Total,18,115213,43140,1448,3350,,
Prawn,---,1990,7,1,1,9658,*,*,*,,
Prawn,---,1990,7,2,2,5940,*,*,*,,
Prawn,---,1990,7,3,3,14794,7100,0,0,,
Prawn,---,1990,7,4,1,4800,*,*,*,,
Prawn,---,1990,7,5,1,2500,*,*,*,,
Prawn,---,1990,7,6,2,1766,*,*,*,,
Prawn,---,1990,7,7,2,580,*,*,*,,
Prawn,---,1990,7,9,7,10402,4624,0,2,,
Prawn,---,1990,7,10,3,4439,2186,0,0,,
Prawn,---,1990,7,11,2,4520,*,*,*,,
Prawn,---,1990,7,12,1,52,*,*,*,,
Prawn,---,1990,7,13,3,6745,2671,0,0,,
Prawn,---,1990,7,14,5,20617,12252,83,0,,
Prawn,---,1990,7,16,1,250,*,*,*,,
Prawn,---,1990,7,17,2,3110,*,*,*,,
Prawn,---,1990,7,18,2,6162,*,*,*,,
Prawn,---,1990,7,19,2,2431,*,*,*,,
Prawn,---,1990,7,20,1,4210,*,*,*,,
Prawn,---,1990,7,23,1,2234,*,*,*,,
Prawn,---,1990,7,24,1,1500,*,*,*,,
Prawn,---,1990,7,25,1,5600,*,*,*,,
Prawn,---,1990,7,27,1,3360,*,*,*,,
Prawn,---,1990,7,29,1,2500,*,*,*,,
Prawn,---,1990,7,30,3,2150,778,0,2,,
Prawn,---,1990,7,31,1,120,*,*,*,,
Prawn,---,1990,7,Total,13,120440,74971,102,198,,
Prawn,---,1990,8,3,2,2500,*,*,*,,
Prawn,---,1990,8,4,3,23150,10315,0,0,,
Prawn,---,1990,8,5,3,18450,7089,0,28,,
Prawn,---,1990,8,6,1,374,*,*,*,,
Prawn,---,1990,8,7,3,10556,4004,0,0,,
Prawn,---,1990,8,8,1,1750,*,*,*,,
Prawn,---,1990,8,9,1,1000,*,*,*,,
Prawn,---,1990,8,10,2,6930,*,*,*,,
Prawn,---,1990,8,11,1,9210,*,*,*,,
Prawn,---,1990,8,12,2,7580,*,*,*,,
Prawn,---,1990,8,13,3,13370,5647,0,464,,
Prawn,---,1990,8,14,4,6225,1410,0,9,,
Prawn,---,1990,8,15,2,6990,*,*,*,,
Prawn,---,1990,8,16,3,4550,2711,0,0,,
Prawn,---,1990,8,Total,10,112635,44794,0,2506,,
Prawn,---,1990,9,0,1,100,*,*,*,,
Prawn,---,1990,9,1,3,5570,2816,0,0,,
Prawn,---,1990,9,2,3,14371,5345,4,0,,
Prawn,---,1990,9,3,2,8640,*,*,*,,
Prawn,---,1990,9,4,1,3791,*,*,*,,
Prawn,---,1990,9,5,2,3046,*,*,*,,
Prawn,---,1990,9,6,2,23829,*,*,*,,
Prawn,---,1990,9,7,2,7215,*,*,*,,
Prawn,---,1990,9,8,1,300,*,*,*,,
Prawn,---,1990,9,9,1,10936,*,*,*,,
Prawn,---,1990,9,10,3,10455,4402,0,10,,
Prawn,---,1990,9,11,2,17244,*,*,*,,
Prawn,---,1990,9,12,3,7220,3145,0,2,,
Prawn,---,1990,9,Total,5,112717,48099,170,22,,
Prawn,---,1990,10,1,1,4620,*,*,*,,
Prawn,---,1990,10,4,2,10383,*,*,*,,
Prawn,---,1990,10,5,1,1175,*,*,*,,
Prawn,---,1990,10,6,1,1470,*,*,*,,
Prawn,---,1990,10,7,1,1564,*,*,*,,
Prawn,---,1990,10,8,3,4700,2452,0,0,,
Prawn,---,1990,10,10,2,5000,*,*,*,,
Prawn,---,1990,10,12,2,4600,*,*,*,,
Prawn,---,1990,10,Total,8,33512,26782,0,11,,
Prawn,---,1990,11,3,5,11882,5399,170,137,,
Prawn,---,1990,11,4,4,17029,8200,0,22,,
Prawn,---,1990,11,5,5,7052,2472,15,47,,
Prawn,---,1990,11,7,1,300,*,*,*,,
Prawn,---,1990,11,8,4,6193,2930,0,0,,
Prawn,---,1990,11,10,2,8900,*,*,*,,
Prawn,---,1990,11,Total,9,51356,22320,185,208,,
Prawn,---,1990,12,0,2,862,*,*,*,,
Prawn,---,1990,12,1,2,6280,*,*,*,,
Prawn,---,1990,12,2,4,2535,1434,0,0,,
Prawn,---,1990,12,3,3,2770,1342,0,0,,
Prawn,---,1990,12,9,1,30640,*,*,*,,
Prawn,---,1990,12,11,1,3150,*,*,*,,
Prawn,---,1990,12,12,1,3106,*,*,*,,
Prawn,---,1990,12,13,1,440,*,*,*,,
Prawn,---,1990,12,15,1,700,*,*,*,,
Prawn,---,1990,12,16,1,150,*,*,*,,
Prawn,---,1990,12,20,2,16250,*,*,*,,
Prawn,---,1990,12,23,12,60541,44601,0,0,,
Prawn,---,1990,12,24,1,1200,*,*,*,,
Prawn,---,1990,12,25,4,1400,1268,16,14,,
Prawn,---,1990,12,26,19,131034,96402,18,22,,
Prawn,---,1990,12,27,10,63900,55322,14,18,,
Prawn,---,1990,12,28,7,11092,7593,13,24,,
Prawn,---,1990,12,29,6,4347,1707,4,8,,
Prawn,---,1990,12,30,4,11941,7195,6,4,,
Prawn,---,1990,12,31,3,13894,7185,0,53,,
Prawn,---,1990,12,32,1,800,*,*,*,,
Prawn,---,1990,12,33,1,400,*,*,*,,
Prawn,---,1990,12,35,13,89428,64074,182,160,,
Prawn,---,1990,12,36,7,10269,8910,4,201,,
Prawn,---,1990,12,37,6,7886,7117,5,15,,
Prawn,---,1990,12,38,6,7353,3566,4,2,,
Prawn,---,1990,12,39,4,23605,18840,0,0,,
Prawn,---,1990,12,40,14,71860,40427,401,11,,
Prawn,---,1990,12,41,7,55908,23286,0,37,,
Prawn,---,1990,12,42,1,15050,*,*,*,,
Prawn,---,1990,12,43,6,9081,5806,111,14,,
Prawn,---,1990,12,44,1,1292,*,*,*,,
Prawn,---,1990,12,45,5,18996,10080,0,73,,
Prawn,---,1990,12,46,3,4000,1626,0,130,,
Prawn,---,1990,12,47,4,4016,2536,0,37,,
Prawn,---,1990,12,48,1,1164,*,*,*,,
Prawn,---,1990,12,Total,52,687340,475735,778,833,,
Prawn,---,1990,13,0,2,174,*,*,*,,
Prawn,---,1990,13,1,1,352,*,*,*,,
Prawn,---,1990,13,5,1,160,*,*,*,,
Prawn,---,1990,13,6,1,40,*,*,*,,
Prawn,---,1990,13,8,1,1091,*,*,*,,
Prawn,---,1990,13,11,2,2003,*,*,*,,
Prawn,---,1990,13,12,3,33305,17455,0,0,,
Prawn,---,1990,13,14,3,10622,5760,0,0,,
Prawn,---,1990,13,15,4,17871,7027,0,0,,
Prawn,---,1990,13,16,5,36364,15012,0,0,,
Prawn,---,1990,13,17,7,16481,6850,0,0,,
Prawn,---,1990,13,18,6,19810,10883,0,0,,
Prawn,---,1990,13,19,6,35827,9019,0,0,,
Prawn,---,1990,13,20,5,5830,1547,0,0,,
Prawn,---,1990,13,21,8,32589,13047,0,0,,
Prawn,---,1990,13,22,8,16654,6797,0,0,,
Prawn,---,1990,13,23,2,350,*,*,*,,
Prawn,---,1990,13,24,1,950,*,*,*,,
Prawn,---,1990,13,25,3,2045,468,0,0,,
Prawn,---,1990,13,26,1,10680,*,*,*,,
Prawn,---,1990,13,30,1,12,*,*,*,,
Prawn,---,1990,13,36,2,2637,*,*,*,,
Prawn,---,1990,13,40,1,3000,*,*,*,,
Prawn,---,1990,13,41,1,600,*,*,*,,
Prawn,---,1990,13,42,6,13999,8265,0,4,,
Prawn,---,1990,13,43,7,19417,6378,0,5,,
Prawn,---,1990,13,Total,41,282863,118745,3563,9,,
Prawn,---,1990,14,0,1,255,*,*,*,,
Prawn,---,1990,14,2,1,424,*,*,*,,
Prawn,---,1990,14,3,8,35065,9601,0,0,,
Prawn,---,1990,14,4,4,9690,3098,0,0,,
Prawn,---,1990,14,5,5,46077,18902,0,0,,
Prawn,---,1990,14,6,3,10831,5142,0,100,,
Prawn,---,1990,14,7,1,6600,*,*,*,,
Prawn,---,1990,14,9,4,2308,410,0,0,,
Prawn,---,1990,14,10,1,645,*,*,*,,
Prawn,---,1990,14,12,4,33782,16227,0,368,,
Prawn,---,1990,14,13,9,24767,11251,0,0,,
Prawn,---,1990,14,Total,23,170444,67792,0,468,,
Prawn,---,1990,15,0,1,50,*,*,*,,
Prawn,---,1990,15,1,10,71247,25579,0,0,,
Prawn,---,1990,15,2,13,72858,31893,0,0,,
Prawn,---,1990,15,3,8,34867,13967,0,0,,
Prawn,---,1990,15,5,27,229788,89756,0,0,,
Prawn,---,1990,15,6,11,25243,**,**,**,,
Prawn,---,1990,15,Total,41,434053,171655,0,0,,
Prawn,---,1990,16,1,13,56440,20611,122,1022,,
Prawn,---,1990,16,2,10,17855,7871,143,133,,
Prawn,---,1990,16,4,2,1530,*,*,*,,
Prawn,---,1990,16,5,3,755,154,0,0,,
Prawn,---,1990,16,6,14,23018,15487,0,0,,
Prawn,---,1990,16,7,16,28540,13634,0,0,,
Prawn,---,1990,16,8,4,2783,3478,0,0,,
Prawn,---,1990,16,10,8,19950,7611,0,2964,,
Prawn,---,1990,16,11,10,46629,19156,0,0,,
Prawn,---,1990,16,12,7,42004,17185,0,0,,
Prawn,---,1990,16,13,5,37268,18944,0,353,,
Prawn,---,1990,16,14,2,2280,*,*,*,,
Prawn,---,1990,16,15,2,1880,*,*,*,,
Prawn,---,1990,16,16,5,28482,14438,0,0,,
Prawn,---,1990,16,17,5,17192,7548,0,0,,
Prawn,---,1990,16,18,12,38852,15940,0,0,,
Prawn,---,1990,16,19,8,14592,6452,0,0,,
Prawn,---,1990,16,20,8,17580,6601,0,0,,
Prawn,---,1990,16,21,3,10478,4859,0,0,,
Prawn,---,1990,16,22,2,2884,*,*,*,,
Prawn,---,1990,16,Total,46,410992,183164,265,4472,,
Prawn,---,1990,17,1,1,41,*,*,*,,
Prawn,---,1990,17,6,3,33074,6752,0,0,,
Prawn,---,1990,17,9,3,15751,4086,0,0,,
Prawn,---,1990,17,10,1,6310,*,*,*,,
Prawn,---,1990,17,11,5,31116,16344,0,0,,
Prawn,---,1990,17,12,13,94247,34850,0,0,,
Prawn,---,1990,17,13,1,1698,*,*,*,,
Prawn,---,1990,17,14,1,3553,*,*,*,,
Prawn,---,1990,17,15,1,940,*,*,*,,
Prawn,---,1990,17,18,1,1886,*,*,*,,
Prawn,---,1990,17,21,1,1400,*,*,*,,
Prawn,---,1990,17,Total,23,190016,67108,0,0,,
Prawn,---,1990,18,1,1,1853,*,*,*,,
Prawn,---,1990,18,6,1,1115,*,*,*,,
Prawn,---,1990,18,7,1,192,*,*,*,,
Prawn,---,1990,18,9,2,13078,*,*,*,,
Prawn,---,1990,18,11,1,8200,*,*,*,,
Prawn,---,1990,18,Total,6,24438,8104,0,0,,
Prawn,---,1990,19,7,1,6338,*,*,*,,
Prawn,---,1990,19,8,8,25781,10781,0,0,,
Prawn,---,1990,19,9,3,280,**,**,**,,
Prawn,---,1990,19,Total,8,32399,14331,0,0,,
Prawn,---,1990,20,2,1,75,*,*,*,,
Prawn,---,1990,20,7,6,3423,0,0,10956,,
Prawn,---,1990,20,Total,7,3498,30,0,10956,,
Prawn,---,1990,23,0,1,15,*,*,*,,
Prawn,---,1990,23,1,1,2140,*,*,*,,
Prawn,---,1990,23,2,3,6095,3770,0,0,,
Prawn,---,1990,23,3,3,11021,6147,0,26,,
Prawn,---,1990,23,4,4,16007,7323,0,159,,
Prawn,---,1990,23,5,2,6507,*,*,*,,
Prawn,---,1990,23,6,3,12290,5556,0,0,,
Prawn,---,1990,23,7,2,4650,*,*,*,,
Prawn,---,1990,23,Total,7,58725,29464,0,225,,
Prawn,---,1990,24,2,1,700,*,*,*,,
Prawn,---,1990,24,3,1,2400,*,*,*,,
Prawn,---,1990,24,14,1,150,*,*,*,,
Prawn,---,1990,24,Total,1,3250,*,*,*,,
Prawn,---,1990,25,2,2,2150,*,*,*,,
Prawn,---,1990,25,3,5,7726,3869,0,0,,
Prawn,---,1990,25,4,6,18771,9041,0,0,,
Prawn,---,1990,25,5,4,5161,2195,0,0,,
Prawn,---,1990,25,6,7,16993,7470,0,0,,
Prawn,---,1990,25,7,1,120,*,*,*,,
Prawn,---,1990,25,8,5,18853,11680,0,0,,
Prawn,---,1990,25,9,4,10929,7089,0,0,,
Prawn,---,1990,25,10,1,1288,*,*,*,,
Prawn,---,1990,25,11,2,2480,*,*,*,,
Prawn,---,1990,25,13,3,2417,1640,0,0,,
Prawn,---,1990,25,15,4,6090,2786,0,0,,
Prawn,---,1990,25,16,1,840,*,*,*,,
Prawn,---,1990,25,Total,10,93818,50547,0,0,,
Prawn,---,1990,26,0,1,23,*,*,*,,
Prawn,---,1990,26,2,6,33760,20388,0,0,,
Prawn,---,1990,26,3,4,1959,1453,0,0,,
Prawn,---,1990,26,4,5,18337,11907,0,0,,
Prawn,---,1990,26,5,5,13828,9541,0,0,,
Prawn,---,1990,26,8,1,240,*,*,*,,
Prawn,---,1990,26,9,1,420,*,*,*,,
Prawn,---,1990,26,Total,6,68567,43770,0,0,,
Prawn,---,1990,27,5,2,12600,*,*,*,,
Prawn,---,1990,27,7,4,33992,21338,0,0,,
Prawn,---,1990,27,8,4,2336,618,0,0,,
Prawn,---,1990,27,9,1,7921,*,*,*,,
Prawn,---,1990,27,11,3,12678,7000,39,0,,
Prawn,---,1990,27,Total,8,69527,46824,39,0,,
Prawn,---,1990,28,1,10,21955,**,**,**,,
Prawn,---,1990,28,2,13,38440,22760,0,0,,
Prawn,---,1990,28,12,1,180,*,*,*,,
Prawn,---,1990,28,Total,18,60575,35935,0,0,,
Prawn,---,1990,29,1,4,5215,2863,0,0,,
Prawn,---,1990,29,2,6,31246,17448,0,0,,
Prawn,---,1990,29,3,8,11855,3292,0,0,,
Prawn,---,1990,29,Total,12,48316,23603,0,0,,
Prawn,---,1991,0,0,1,10879,*,*,*,,
Prawn,---,1991,0,Total,1,10879,*,*,*,,
Prawn,---,1991,1,6,2,4530,*,*,*,,
Prawn,---,1991,1,Total,2,4530,*,*,*,,
Prawn,---,1991,3,0,1,5125,*,*,*,,
Prawn,---,1991,3,3,1,1174,*,*,*,,
Prawn,---,1991,3,6,8,32845,21998,676,0,,
Prawn,---,1991,3,7,1,527,*,*,*,,
Prawn,---,1991,3,10,3,5010,1973,40,0,,
Prawn,---,1991,3,11,1,2405,*,*,*,,
Prawn,---,1991,3,14,1,600,*,*,*,,
Prawn,---,1991,3,15,1,98,*,*,*,,
Prawn,---,1991,3,17,1,40,*,*,*,,
Prawn,---,1991,3,Total,12,47824,25738,1187,0,,
Prawn,---,1991,4,1,1,60,*,*,*,,
Prawn,---,1991,4,2,1,62,*,*,*,,
Prawn,---,1991,4,9,1,55,*,*,*,,
Prawn,---,1991,4,10,1,15298,*,*,*,,
Prawn,---,1991,4,11,1,3900,*,*,*,,
Prawn,---,1991,4,12,1,2080,*,*,*,,
Prawn,---,1991,4,13,1,60,*,*,*,,
Prawn,---,1991,4,Total,4,21515,756,12060,44,,
Prawn,---,1991,5,1,1,2600,*,*,*,,
Prawn,---,1991,5,2,1,5720,*,*,*,,
Prawn,---,1991,5,14,1,425,*,*,*,,
Prawn,---,1991,5,15,2,350,*,*,*,,
Prawn,---,1991,5,18,2,2005,*,*,*,,
Prawn,---,1991,5,23,6,26548,32362,411,0,,
Prawn,---,1991,5,Total,8,37648,36556,1071,0,,
Prawn,---,1991,6,1,4,26682,6901,0,859,,
Prawn,---,1991,6,2,1,500,*,*,*,,
Prawn,---,1991,6,3,1,100,*,*,*,,
Prawn,---,1991,6,4,3,16831,7462,436,2,,
Prawn,---,1991,6,5,3,8503,4028,0,12,,
Prawn,---,1991,6,6,2,3100,*,*,*,,
Prawn,---,1991,6,9,2,5229,*,*,*,,
Prawn,---,1991,6,11,2,5997,*,*,*,,
Prawn,---,1991,6,12,5,20022,10556,12,1308,,
Prawn,---,1991,6,14,1,6048,*,*,*,,
Prawn,---,1991,6,16,3,3230,1944,0,0,,
Prawn,---,1991,6,17,1,360,*,*,*,,
Prawn,---,1991,6,18,3,1040,735,20,0,,
Prawn,---,1991,6,19,3,8798,3223,130,0,,
Prawn,---,1991,6,20,2,900,*,*,*,,
Prawn,---,1991,6,21,1,300,*,*,*,,
Prawn,---,1991,6,22,1,200,*,*,*,,
Prawn,---,1991,6,24,1,102,*,*,*,,
Prawn,---,1991,6,25,5,10170,7505,0,301,,
Prawn,---,1991,6,28,1,1900,*,*,*,,
Prawn,---,1991,6,Total,19,120012,54405,598,2520,,
Prawn,---,1991,7,0,3,19686,10718,0,0,,
Prawn,---,1991,7,1,2,9210,*,*,*,,
Prawn,---,1991,7,2,2,900,*,*,*,,
Prawn,---,1991,7,3,3,11679,10213,0,0,,
Prawn,---,1991,7,4,3,2010,1162,0,0,,
Prawn,---,1991,7,5,2,712,*,*,*,,
Prawn,---,1991,7,6,2,3295,*,*,*,,
Prawn,---,1991,7,7,4,8320,5716,0,0,,
Prawn,---,1991,7,9,9,20179,11973,0,0,,
Prawn,---,1991,7,10,3,3801,2221,0,0,,
Prawn,---,1991,7,11,4,11668,6338,0,0,,
Prawn,---,1991,7,12,4,5706,3213,0,0,,
Prawn,---,1991,7,13,2,14145,*,*,*,,
Prawn,---,1991,7,14,6,11167,5087,0,54,,
Prawn,---,1991,7,15,3,11605,7354,0,0,,
Prawn,---,1991,7,16,5,19635,6800,311,0,,
Prawn,---,1991,7,17,2,2665,*,*,*,,
Prawn,---,1991,7,18,1,1861,*,*,*,,
Prawn,---,1991,7,20,1,7994,*,*,*,,
Prawn,---,1991,7,23,2,5242,*,*,*,,
Prawn,---,1991,7,24,1,3017,*,*,*,,
Prawn,---,1991,7,25,2,780,*,*,*,,
Prawn,---,1991,7,27,3,5636,5232,0,83,,
Prawn,---,1991,7,28,2,3625,*,*,*,,
Prawn,---,1991,7,30,5,8278,5602,0,0,,
Prawn,---,1991,7,31,1,6644,*,*,*,,
Prawn,---,1991,7,Total,21,199460,125812,385,298,,
Prawn,---,1991,8,0,1,1440,*,*,*,,
Prawn,---,1991,8,3,2,4259,*,*,*,,
Prawn,---,1991,8,4,2,8900,*,*,*,,
Prawn,---,1991,8,5,3,3200,1567,0,0,,
Prawn,---,1991,8,6,2,2670,*,*,*,,
Prawn,---,1991,8,7,4,22008,13486,0,18,,
Prawn,---,1991,8,8,4,9042,4390,0,181,,
Prawn,---,1991,8,9,1,2880,*,*,*,,
Prawn,---,1991,8,10,2,1280,*,*,*,,
Prawn,---,1991,8,11,1,6240,*,*,*,,
Prawn,---,1991,8,12,2,5840,*,*,*,,
Prawn,---,1991,8,13,1,8344,*,*,*,,
Prawn,---,1991,8,14,2,4650,*,*,*,,
Prawn,---,1991,8,15,2,1800,*,*,*,,
Prawn,---,1991,8,16,4,6954,4658,0,0,,
Prawn,---,1991,8,Total,12,89507,47094,0,867,,
Prawn,---,1991,9,1,4,16051,9967,0,0,,
Prawn,---,1991,9,2,2,27150,*,*,*,,
Prawn,---,1991,9,3,2,7720,*,*,*,,
Prawn,---,1991,9,4,1,7930,*,*,*,,
Prawn,---,1991,9,5,2,3590,*,*,*,,
Prawn,---,1991,9,6,1,5758,*,*,*,,
Prawn,---,1991,9,7,2,10078,*,*,*,,
Prawn,---,1991,9,8,2,6315,*,*,*,,
Prawn,---,1991,9,9,2,10870,*,*,*,,
Prawn,---,1991,9,10,1,2400,*,*,*,,
Prawn,---,1991,9,11,3,20203,8621,102,91,,
Prawn,---,1991,9,12,5,22064,13158,0,33,,
Prawn,---,1991,9,Total,6,140129,67054,193,124,,
Prawn,---,1991,10,0,1,3053,*,*,*,,
Prawn,---,1991,10,3,1,3720,*,*,*,,
Prawn,---,1991,10,4,2,5963,*,*,*,,
Prawn,---,1991,10,5,2,1920,*,*,*,,
Prawn,---,1991,10,6,1,465,*,*,*,,
Prawn,---,1991,10,7,3,5028,2741,0,0,,
Prawn,---,1991,10,8,3,15040,9351,0,0,,
Prawn,---,1991,10,10,2,2820,*,*,*,,
Prawn,---,1991,10,11,2,4286,*,*,*,,
Prawn,---,1991,10,12,2,10710,*,*,*,,
Prawn,---,1991,10,Total,7,53005,35259,38,0,,
Prawn,---,1991,11,3,3,6884,4837,0,15,,
Prawn,---,1991,11,4,5,15904,10666,45,45,,
Prawn,---,1991,11,5,3,7596,4127,0,0,,
Prawn,---,1991,11,6,1,420,*,*,*,,
Prawn,---,1991,11,7,2,2010,*,*,*,,
Prawn,---,1991,11,8,2,1090,*,*,*,,
Prawn,---,1991,11,9,1,373,*,*,*,,
Prawn,---,1991,11,10,2,1100,*,*,*,,
Prawn,---,1991,11,Total,9,35377,23538,45,76,,
Prawn,---,1991,12,0,8,28697,22286,0,77,,
Prawn,---,1991,12,1,1,4800,*,*,*,,
Prawn,---,1991,12,2,4,8877,5700,0,0,,
Prawn,---,1991,12,3,3,7676,3246,0,0,,
Prawn,---,1991,12,4,1,212,*,*,*,,
Prawn,---,1991,12,5,1,45,*,*,*,,
Prawn,---,1991,12,6,2,5470,*,*,*,,
Prawn,---,1991,12,9,1,21100,*,*,*,,
Prawn,---,1991,12,10,1,1980,*,*,*,,
Prawn,---,1991,12,12,1,4191,*,*,*,,
Prawn,---,1991,12,13,1,6000,*,*,*,,
Prawn,---,1991,12,15,1,23400,*,*,*,,
Prawn,---,1991,12,19,1,45,*,*,*,,
Prawn,---,1991,12,20,2,95,*,*,*,,
Prawn,---,1991,12,21,1,139,*,*,*,,
Prawn,---,1991,12,23,9,59370,27246,0,0,,
Prawn,---,1991,12,25,1,50,*,*,*,,
Prawn,---,1991,12,26,25,206595,150482,0,105,,
Prawn,---,1991,12,27,8,42511,35498,45,1,,
Prawn,---,1991,12,28,3,6409,3644,0,0,,
Prawn,---,1991,12,29,3,7256,4733,26,0,,
Prawn,---,1991,12,30,2,5528,*,*,*,,
Prawn,---,1991,12,31,1,4888,*,*,*,,
Prawn,---,1991,12,32,1,700,*,*,*,,
Prawn,---,1991,12,33,2,2670,*,*,*,,
Prawn,---,1991,12,34,2,2200,*,*,*,,
Prawn,---,1991,12,35,13,61680,50066,7,12,,
Prawn,---,1991,12,36,4,10742,5298,0,0,,
Prawn,---,1991,12,37,5,7310,5683,64,10,,
Prawn,---,1991,12,38,2,6791,*,*,*,,
Prawn,---,1991,12,39,5,26571,20684,0,0,,
Prawn,---,1991,12,40,16,72601,50454,0,0,,
Prawn,---,1991,12,41,6,44316,24693,0,251,,
Prawn,---,1991,12,42,2,41485,*,*,*,,
Prawn,---,1991,12,43,8,9850,7173,0,0,,
Prawn,---,1991,12,44,3,8579,4901,0,0,,
Prawn,---,1991,12,45,6,15895,12355,0,24,,
Prawn,---,1991,12,46,2,514,*,*,*,,
Prawn,---,1991,12,47,4,8457,6885,0,22,,
Prawn,---,1991,12,Total,61,765695,517682,512,533,,
Prawn,---,1991,13,0,4,6090,3254,0,0,,
Prawn,---,1991,13,1,2,1911,*,*,*,,
Prawn,---,1991,13,6,1,1015,*,*,*,,
Prawn,---,1991,13,10,1,50,*,*,*,,
Prawn,---,1991,13,12,4,21737,13211,0,0,,
Prawn,---,1991,13,13,1,3285,*,*,*,,
Prawn,---,1991,13,14,3,18712,8699,0,0,,
Prawn,---,1991,13,15,3,2871,899,0,0,,
Prawn,---,1991,13,16,6,25547,8011,0,0,,
Prawn,---,1991,13,17,7,23003,7285,0,0,,
Prawn,---,1991,13,18,5,22740,13654,0,0,,
Prawn,---,1991,13,19,4,8180,4913,0,0,,
Prawn,---,1991,13,20,5,19400,14092,0,0,,
Prawn,---,1991,13,21,8,33823,13440,0,180,,
Prawn,---,1991,13,22,6,25460,10915,0,0,,
Prawn,---,1991,13,24,1,6265,*,*,*,,
Prawn,---,1991,13,25,2,13475,*,*,*,,
Prawn,---,1991,13,26,4,10934,4944,0,0,,
Prawn,---,1991,13,35,1,60,*,*,*,,
Prawn,---,1991,13,36,1,1640,*,*,*,,
Prawn,---,1991,13,37,1,75,*,*,*,,
Prawn,---,1991,13,41,3,1834,995,0,0,,
Prawn,---,1991,13,42,3,17138,6712,0,0,,
Prawn,---,1991,13,43,5,30022,12353,0,0,,
Prawn,---,1991,13,Total,39,295267,137113,0,180,,
Prawn,---,1991,14,0,5,39362,18834,0,0,,
Prawn,---,1991,14,1,2,1350,*,*,*,,
Prawn,---,1991,14,2,2,2374,*,*,*,,
Prawn,---,1991,14,3,7,41183,13143,0,0,,
Prawn,---,1991,14,4,2,31150,*,*,*,,
Prawn,---,1991,14,5,4,17907,7256,0,0,,
Prawn,---,1991,14,6,5,42595,19135,0,0,,
Prawn,---,1991,14,7,1,10000,*,*,*,,
Prawn,---,1991,14,12,3,23168,17385,0,0,,
Prawn,---,1991,14,13,6,24491,9480,0,300,,
Prawn,---,1991,14,Total,25,233580,103912,0,300,,
Prawn,---,1991,15,0,2,23850,*,*,*,,
Prawn,---,1991,15,1,8,62217,29151,0,0,,
Prawn,---,1991,15,2,14,89727,35332,0,0,,
Prawn,---,1991,15,3,9,25922,15271,0,0,,
Prawn,---,1991,15,4,3,10552,**,**,**,,
Prawn,---,1991,15,5,15,158842,69479,275,53,,
Prawn,---,1991,15,6,3,21505,10136,0,0,,
Prawn,---,1991,15,Total,32,392615,176630,275,53,,
Prawn,---,1991,16,0,6,43257,20677,0,0,,
Prawn,---,1991,16,1,12,70037,26554,0,0,,
Prawn,---,1991,16,2,6,27431,9641,0,0,,
Prawn,---,1991,16,4,1,300,*,*,*,,
Prawn,---,1991,16,5,5,6464,4783,0,0,,
Prawn,---,1991,16,6,9,26600,27771,0,0,,
Prawn,---,1991,16,7,9,28850,22603,0,0,,
Prawn,---,1991,16,8,3,10400,9385,0,0,,
Prawn,---,1991,16,9,3,7201,5788,0,0,,
Prawn,---,1991,16,10,5,30271,7991,0,0,,
Prawn,---,1991,16,11,13,113693,45380,0,0,,
Prawn,---,1991,16,12,7,31431,10398,0,0,,
Prawn,---,1991,16,13,7,45620,15393,0,0,,
Prawn,---,1991,16,14,2,10480,*,*,*,,
Prawn,---,1991,16,15,3,13650,6203,0,0,,
Prawn,---,1991,16,16,4,28003,9218,0,0,,
Prawn,---,1991,16,17,2,1993,*,*,*,,
Prawn,---,1991,16,18,15,37333,13860,0,0,,
Prawn,---,1991,16,19,10,36694,19316,35,390,,
Prawn,---,1991,16,20,6,33329,18534,0,0,,
Prawn,---,1991,16,21,5,23444,13725,0,0,,
Prawn,---,1991,16,22,1,200,*,*,*,,
Prawn,---,1991,16,Total,44,626681,293164,35,390,,
Prawn,---,1991,17,0,4,9219,2917,0,0,,
Prawn,---,1991,17,5,1,858,*,*,*,,
Prawn,---,1991,17,6,2,38846,*,*,*,,
Prawn,---,1991,17,9,2,15052,*,*,*,,
Prawn,---,1991,17,10,2,11705,*,*,*,,
Prawn,---,1991,17,11,5,11280,4177,0,0,,
Prawn,---,1991,17,12,13,107049,44865,0,10,,
Prawn,---,1991,17,13,2,4636,*,*,*,,
Prawn,---,1991,17,14,1,1654,*,*,*,,
Prawn,---,1991,17,15,1,180,*,*,*,,
Prawn,---,1991,17,16,1,300,*,*,*,,
Prawn,---,1991,17,Total,25,200779,76726,0,10,,
Prawn,---,1991,18,0,1,11200,*,*,*,,
Prawn,---,1991,18,1,2,11464,*,*,*,,
Prawn,---,1991,18,7,1,24,*,*,*,,
Prawn,---,1991,18,9,1,3920,*,*,*,,
Prawn,---,1991,18,Total,4,26608,9151,0,0,,
Prawn,---,1991,19,7,2,5784,*,*,*,,
Prawn,---,1991,19,8,5,12479,4095,0,0,,
Prawn,---,1991,19,9,2,950,*,*,*,,
Prawn,---,1991,19,Total,6,19213,7930,0,0,,
Prawn,---,1991,20,7,6,4985,0,0,21360,,
Prawn,---,1991,20,Total,6,4985,0,0,21360,,
Prawn,---,1991,23,0,2,900,*,*,*,,
Prawn,---,1991,23,1,2,6479,*,*,*,,
Prawn,---,1991,23,2,3,14712,11384,0,0,,
Prawn,---,1991,23,3,3,13927,5963,0,0,,
Prawn,---,1991,23,4,4,35932,17231,0,0,,
Prawn,---,1991,23,5,1,80,*,*,*,,
Prawn,---,1991,23,6,3,8274,2624,0,0,,
Prawn,---,1991,23,7,1,420,*,*,*,,
Prawn,---,1991,23,Total,7,80724,44372,0,0,,
Prawn,---,1991,24,0,2,875,*,*,*,,
Prawn,---,1991,24,2,2,485,*,*,*,,
Prawn,---,1991,24,3,1,225,*,*,*,,
Prawn,---,1991,24,4,1,40,*,*,*,,
Prawn,---,1991,24,5,1,160,*,*,*,,
Prawn,---,1991,24,12,1,160,*,*,*,,
Prawn,---,1991,24,13,2,324,*,*,*,,
Prawn,---,1991,24,Total,4,2269,1032,0,0,,
Prawn,---,1991,25,0,2,18990,*,*,*,,
Prawn,---,1991,25,2,1,2600,*,*,*,,
Prawn,---,1991,25,3,4,3786,2036,0,0,,
Prawn,---,1991,25,4,5,9582,4736,0,0,,
Prawn,---,1991,25,5,1,100,*,*,*,,
Prawn,---,1991,25,6,4,11300,4794,0,0,,
Prawn,---,1991,25,8,5,19378,11035,0,0,,
Prawn,---,1991,25,9,4,15985,9725,0,0,,
Prawn,---,1991,25,10,2,2100,*,*,*,,
Prawn,---,1991,25,11,2,4302,*,*,*,,
Prawn,---,1991,25,13,2,2189,*,*,*,,
Prawn,---,1991,25,15,2,4900,*,*,*,,
Prawn,---,1991,25,16,2,1537,*,*,*,,
Prawn,---,1991,25,Total,10,96749,51484,0,0,,
Prawn,---,1991,26,0,1,16050,*,*,*,,
Prawn,---,1991,26,2,6,11136,8066,0,0,,
Prawn,---,1991,26,3,5,2357,**,**,**,,
Prawn,---,1991,26,4,7,21508,12570,0,3,,
Prawn,---,1991,26,5,5,9377,7540,0,0,,
Prawn,---,1991,26,Total,7,60428,40246,0,3,,
Prawn,---,1991,27,2,3,2462,2340,0,0,,
Prawn,---,1991,27,5,2,4130,*,*,*,,
Prawn,---,1991,27,7,3,40599,27488,0,0,,
Prawn,---,1991,27,8,4,26965,18112,0,0,,
Prawn,---,1991,27,9,1,2712,*,*,*,,
Prawn,---,1991,27,10,1,64,*,*,*,,
Prawn,---,1991,27,11,4,37638,23771,0,0,,
Prawn,---,1991,27,Total,11,114570,77993,0,0,,
Prawn,---,1991,28,1,5,13851,**,**,**,,
Prawn,---,1991,28,2,8,30065,19690,2,0,,
Prawn,---,1991,28,3,1,1900,*,*,*,,
Prawn,---,1991,28,Total,10,45816,35162,2,0,,
Prawn,---,1991,29,1,2,3700,*,*,*,,
Prawn,---,1991,29,2,4,18664,8312,0,0,,
Prawn,---,1991,29,3,3,1930,521,0,0,,
Prawn,---,1991,29,5,1,3660,*,*,*,,
Prawn,---,1991,29,Total,6,27954,12195,0,0,,
Prawn,---,1991,121,3,1,100,*,*,*,,
Prawn,---,1991,121,Total,1,100,*,*,*,,
Prawn,---,1991,123,9,1,2115,*,*,*,,
Prawn,---,1991,123,Total,1,2115,*,*,*,,
Prawn,---,1991,124,2,1,1450,*,*,*,,
Prawn,---,1991,124,Total,1,1450,*,*,*,,
Prawn,---,1992,1,6,2,2620,*,*,*,,
Prawn,---,1992,1,Total,2,2620,*,*,*,,
Prawn,---,1992,2,2,1,75,*,*,*,,
Prawn,---,1992,2,4,1,30,*,*,*,,
Prawn,---,1992,2,8,1,1720,*,*,*,,
Prawn,---,1992,2,10,1,240,*,*,*,,
Prawn,---,1992,2,13,1,17130,*,*,*,,
Prawn,---,1992,2,51,1,480,*,*,*,,
Prawn,---,1992,2,53,1,780,*,*,*,,
Prawn,---,1992,2,54,1,840,*,*,*,,
Prawn,---,1992,2,55,1,800,*,*,*,,
Prawn,---,1992,2,60,1,600,*,*,*,,
Prawn,---,1992,2,76,1,840,*,*,*,,
Prawn,---,1992,2,Total,4,23535,19152,4,232,,
Prawn,---,1992,3,6,8,51354,28077,344,0,,
Prawn,---,1992,3,7,2,2648,*,*,*,,
Prawn,---,1992,3,10,3,11046,6363,14,18,,
Prawn,---,1992,3,11,2,5110,*,*,*,,
Prawn,---,1992,3,14,1,2872,*,*,*,,
Prawn,---,1992,3,15,1,400,*,*,*,,
Prawn,---,1992,3,16,1,450,*,*,*,,
Prawn,---,1992,3,17,1,100,*,*,*,,
Prawn,---,1992,3,Total,9,73980,40357,1015,18,,
Prawn,---,1992,4,5,1,240,*,*,*,,
Prawn,---,1992,4,10,1,26232,*,*,*,,
Prawn,---,1992,4,11,1,4400,*,*,*,,
Prawn,---,1992,4,12,1,1200,*,*,*,,
Prawn,---,1992,4,Total,4,32072,708,20157,129,,
Prawn,---,1992,5,1,1,1800,*,*,*,,
Prawn,---,1992,5,10,1,7350,*,*,*,,
Prawn,---,1992,5,17,2,750,*,*,*,,
Prawn,---,1992,5,23,3,39160,29079,460,0,,
Prawn,---,1992,5,24,1,600,*,*,*,,
Prawn,---,1992,5,Total,6,49660,37605,460,0,,
Prawn,---,1992,6,1,3,22755,9580,110,1302,,
Prawn,---,1992,6,3,3,4275,2920,0,0,,
Prawn,---,1992,6,4,2,8200,*,*,*,,
Prawn,---,1992,6,5,5,13485,8049,0,0,,
Prawn,---,1992,6,6,1,315,*,*,*,,
Prawn,---,1992,6,8,1,150,*,*,*,,
Prawn,---,1992,6,10,1,7150,*,*,*,,
Prawn,---,1992,6,12,4,5748,5577,0,0,,
Prawn,---,1992,6,13,1,600,*,*,*,,
Prawn,---,1992,6,15,1,3000,*,*,*,,
Prawn,---,1992,6,16,1,1800,*,*,*,,
Prawn,---,1992,6,19,5,43443,24528,110,0,,
Prawn,---,1992,6,20,1,1095,*,*,*,,
Prawn,---,1992,6,21,1,1200,*,*,*,,
Prawn,---,1992,6,22,3,4727,3741,0,0,,
Prawn,---,1992,6,23,5,2185,709,0,0,,
Prawn,---,1992,6,24,3,2795,1545,0,0,,
Prawn,---,1992,6,25,3,23200,20350,0,0,,
Prawn,---,1992,6,27,1,100,*,*,*,,
Prawn,---,1992,6,28,1,500,*,*,*,,
Prawn,---,1992,6,Total,15,146723,94355,280,1392,,
Prawn,---,1992,7,0,2,55697,*,*,*,,
Prawn,---,1992,7,1,1,18969,*,*,*,,
Prawn,---,1992,7,2,2,815,*,*,*,,
Prawn,---,1992,7,3,1,9700,*,*,*,,
Prawn,---,1992,7,4,1,840,*,*,*,,
Prawn,---,1992,7,5,1,1120,*,*,*,,
Prawn,---,1992,7,6,2,2390,*,*,*,,
Prawn,---,1992,7,7,3,2389,1451,1,0,,
Prawn,---,1992,7,9,5,28030,13093,0,0,,
Prawn,---,1992,7,10,2,7472,*,*,*,,
Prawn,---,1992,7,11,2,6269,*,*,*,,
Prawn,---,1992,7,12,3,7660,5893,0,0,,
Prawn,---,1992,7,13,2,9546,*,*,*,,
Prawn,---,1992,7,14,6,27040,13050,10,0,,
Prawn,---,1992,7,15,9,29827,17163,30,101,,
Prawn,---,1992,7,16,2,10075,*,*,*,,
Prawn,---,1992,7,17,4,8577,6423,0,0,,
Prawn,---,1992,7,18,2,5562,*,*,*,,
Prawn,---,1992,7,19,1,3780,*,*,*,,
Prawn,---,1992,7,20,1,11880,*,*,*,,
Prawn,---,1992,7,22,2,6329,*,*,*,,
Prawn,---,1992,7,23,2,9266,*,*,*,,
Prawn,---,1992,7,25,1,720,*,*,*,,
Prawn,---,1992,7,26,1,990,*,*,*,,
Prawn,---,1992,7,27,2,4290,*,*,*,,
Prawn,---,1992,7,28,2,9680,*,*,*,,
Prawn,---,1992,7,30,1,270,*,*,*,,
Prawn,---,1992,7,31,1,3483,*,*,*,,
Prawn,---,1992,7,Total,26,282666,188065,151,241,,
Prawn,---,1992,8,3,2,2200,*,*,*,,
Prawn,---,1992,8,4,9,31670,23797,0,0,,
Prawn,---,1992,8,5,5,3053,1994,32,0,,
Prawn,---,1992,8,6,3,4605,4174,0,0,,
Prawn,---,1992,8,7,7,31445,18218,0,299,,
Prawn,---,1992,8,8,3,15254,9304,0,2177,,
Prawn,---,1992,8,9,4,4347,1729,0,278,,
Prawn,---,1992,8,10,2,5880,*,*,*,,
Prawn,---,1992,8,11,2,5000,*,*,*,,
Prawn,---,1992,8,12,4,4361,2530,0,368,,
Prawn,---,1992,8,13,2,6300,*,*,*,,
Prawn,---,1992,8,14,1,1300,*,*,*,,
Prawn,---,1992,8,15,2,4580,*,*,*,,
Prawn,---,1992,8,16,3,6100,3947,0,0,,
Prawn,---,1992,8,Total,19,126095,77813,32,3465,,
Prawn,---,1992,9,0,1,6290,*,*,*,,
Prawn,---,1992,9,1,2,12525,*,*,*,,
Prawn,---,1992,9,2,3,10090,6330,0,0,,
Prawn,---,1992,9,3,1,1050,*,*,*,,
Prawn,---,1992,9,4,3,44946,23659,0,10,,
Prawn,---,1992,9,5,1,4284,*,*,*,,
Prawn,---,1992,9,6,2,3258,*,*,*,,
Prawn,---,1992,9,7,2,6016,*,*,*,,
Prawn,---,1992,9,8,2,10655,*,*,*,,
Prawn,---,1992,9,9,4,8983,6489,0,0,,
Prawn,---,1992,9,10,2,5092,*,*,*,,
Prawn,---,1992,9,11,2,8315,*,*,*,,
Prawn,---,1992,9,12,8,37401,24783,0,10,,
Prawn,---,1992,9,Total,13,158905,93094,0,20,,
Prawn,---,1992,10,0,3,8165,2381,0,0,,
Prawn,---,1992,10,1,1,4075,*,*,*,,
Prawn,---,1992,10,2,1,5200,*,*,*,,
Prawn,---,1992,10,3,1,725,*,*,*,,
Prawn,---,1992,10,4,2,9748,*,*,*,,
Prawn,---,1992,10,5,1,3732,*,*,*,,
Prawn,---,1992,10,6,1,2961,*,*,*,,
Prawn,---,1992,10,7,2,5075,*,*,*,,
Prawn,---,1992,10,8,2,4910,*,*,*,,
Prawn,---,1992,10,9,2,495,*,*,*,,
Prawn,---,1992,10,10,2,2150,*,*,*,,
Prawn,---,1992,10,11,1,8260,*,*,*,,
Prawn,---,1992,10,12,2,2600,*,*,*,,
Prawn,---,1992,10,Total,11,58096,36928,0,16,,
Prawn,---,1992,11,3,2,3362,*,*,*,,
Prawn,---,1992,11,4,4,15530,10549,0,105,,
Prawn,---,1992,11,5,3,5502,4343,0,345,,
Prawn,---,1992,11,6,1,731,*,*,*,,
Prawn,---,1992,11,8,1,240,*,*,*,,
Prawn,---,1992,11,9,2,280,*,*,*,,
Prawn,---,1992,11,10,2,1610,*,*,*,,
Prawn,---,1992,11,Total,5,27255,21214,0,480,,
Prawn,---,1992,12,0,2,8950,*,*,*,,
Prawn,---,1992,12,1,1,12460,*,*,*,,
Prawn,---,1992,12,2,6,24969,15607,0,0,,
Prawn,---,1992,12,3,3,5022,2435,0,0,,
Prawn,---,1992,12,4,1,4150,*,*,*,,
Prawn,---,1992,12,6,2,2200,*,*,*,,
Prawn,---,1992,12,9,3,13800,14428,0,0,,
Prawn,---,1992,12,11,1,7200,*,*,*,,
Prawn,---,1992,12,13,1,2750,*,*,*,,
Prawn,---,1992,12,15,1,14850,*,*,*,,
Prawn,---,1992,12,20,1,3750,*,*,*,,
Prawn,---,1992,12,22,2,610,*,*,*,,
Prawn,---,1992,12,23,7,66032,45915,0,7,,
Prawn,---,1992,12,26,27,198588,192564,0,0,,
Prawn,---,1992,12,27,5,23421,18414,0,0,,
Prawn,---,1992,12,28,2,10145,*,*,*,,
Prawn,---,1992,12,29,3,3070,1848,20,0,,
Prawn,---,1992,12,30,1,390,*,*,*,,
Prawn,---,1992,12,31,1,390,*,*,*,,
Prawn,---,1992,12,32,1,390,*,*,*,,
Prawn,---,1992,12,33,1,100,*,*,*,,
Prawn,---,1992,12,34,1,790,*,*,*,,
Prawn,---,1992,12,35,16,113524,85705,0,0,,
Prawn,---,1992,12,36,5,8781,6112,0,46,,
Prawn,---,1992,12,37,3,10142,8358,47,0,,
Prawn,---,1992,12,38,3,12732,11561,0,0,,
Prawn,---,1992,12,39,2,5360,*,*,*,,
Prawn,---,1992,12,40,10,71642,53908,0,3,,
Prawn,---,1992,12,41,7,31118,14917,0,0,,
Prawn,---,1992,12,42,1,28800,*,*,*,,
Prawn,---,1992,12,43,7,12723,9046,0,25,,
Prawn,---,1992,12,44,4,5011,3544,0,0,,
Prawn,---,1992,12,45,5,9378,8398,0,0,,
Prawn,---,1992,12,46,2,2800,*,*,*,,
Prawn,---,1992,12,47,4,1542,1031,0,0,,
Prawn,---,1992,12,48,3,4412,2730,0,0,,
Prawn,---,1992,12,Total,60,721992,563050,127,81,,
Prawn,---,1992,13,0,3,5160,3197,0,0,,
Prawn,---,1992,13,1,3,7520,4911,0,0,,
Prawn,---,1992,13,2,1,1305,*,*,*,,
Prawn,---,1992,13,4,2,6200,*,*,*,,
Prawn,---,1992,13,10,1,120,*,*,*,,
Prawn,---,1992,13,11,1,5320,*,*,*,,
Prawn,---,1992,13,12,4,17243,10688,0,0,,
Prawn,---,1992,13,13,2,3322,*,*,*,,
Prawn,---,1992,13,14,3,15174,11809,4,0,,
Prawn,---,1992,13,15,4,20565,11113,0,0,,
Prawn,---,1992,13,16,9,25074,9859,0,0,,
Prawn,---,1992,13,17,5,21942,10447,0,0,,
Prawn,---,1992,13,18,5,11815,6196,0,0,,
Prawn,---,1992,13,19,9,13851,5426,0,0,,
Prawn,---,1992,13,20,4,21734,13778,0,0,,
Prawn,---,1992,13,21,8,29493,11391,0,0,,
Prawn,---,1992,13,22,5,36082,13053,0,0,,
Prawn,---,1992,13,24,1,1000,*,*,*,,
Prawn,---,1992,13,25,2,7030,*,*,*,,
Prawn,---,1992,13,35,1,108,*,*,*,,
Prawn,---,1992,13,36,1,1172,*,*,*,,
Prawn,---,1992,13,37,1,5280,*,*,*,,
Prawn,---,1992,13,40,2,904,*,*,*,,
Prawn,---,1992,13,41,2,4350,*,*,*,,
Prawn,---,1992,13,42,5,14937,7572,0,0,,
Prawn,---,1992,13,43,7,25809,12920,0,0,,
Prawn,---,1992,13,Total,42,302510,151866,4,2,,
Prawn,---,1992,14,0,1,4700,*,*,*,,
Prawn,---,1992,14,1,1,6645,*,*,*,,
Prawn,---,1992,14,2,2,877,*,*,*,,
Prawn,---,1992,14,3,7,42661,13809,0,0,,
Prawn,---,1992,14,4,4,13015,4859,0,0,,
Prawn,---,1992,14,5,3,20029,6989,0,0,,
Prawn,---,1992,14,6,6,103874,40099,500,0,,
Prawn,---,1992,14,7,1,672,*,*,*,,
Prawn,---,1992,14,9,2,263,*,*,*,,
Prawn,---,1992,14,10,1,1673,*,*,*,,
Prawn,---,1992,14,12,5,41880,30250,0,0,,
Prawn,---,1992,14,13,6,58262,35368,0,0,,
Prawn,---,1992,14,Total,22,294551,136113,500,0,,
Prawn,---,1992,15,0,2,4806,*,*,*,,
Prawn,---,1992,15,1,13,48681,22272,0,0,,
Prawn,---,1992,15,2,12,103554,64754,0,0,,
Prawn,---,1992,15,3,7,39100,24370,0,0,,
Prawn,---,1992,15,4,3,35200,30913,0,0,,
Prawn,---,1992,15,5,25,193376,122754,0,0,,
Prawn,---,1992,15,6,4,26352,**,**,**,,
Prawn,---,1992,15,Total,40,451069,283242,0,0,,
Prawn,---,1992,16,0,6,6402,2757,0,0,,
Prawn,---,1992,16,1,8,58663,28486,0,0,,
Prawn,---,1992,16,2,6,45874,22751,0,0,,
Prawn,---,1992,16,3,2,2258,*,*,*,,
Prawn,---,1992,16,4,1,2520,*,*,*,,
Prawn,---,1992,16,5,3,1150,1089,0,0,,
Prawn,---,1992,16,6,15,25140,22865,0,0,,
Prawn,---,1992,16,7,8,31419,20909,0,0,,
Prawn,---,1992,16,8,2,4250,*,*,*,,
Prawn,---,1992,16,9,2,167,*,*,*,,
Prawn,---,1992,16,10,8,81613,29128,0,0,,
Prawn,---,1992,16,11,9,99221,43836,0,0,,
Prawn,---,1992,16,12,7,49704,22420,0,0,,
Prawn,---,1992,16,13,8,22956,6347,0,0,,
Prawn,---,1992,16,14,2,896,*,*,*,,
Prawn,---,1992,16,15,2,6211,*,*,*,,
Prawn,---,1992,16,16,4,24850,16634,0,0,,
Prawn,---,1992,16,17,2,5840,*,*,*,,
Prawn,---,1992,16,18,9,31941,17527,0,0,,
Prawn,---,1992,16,19,6,25809,12702,0,1000,,
Prawn,---,1992,16,20,7,29824,16320,0,0,,
Prawn,---,1992,16,21,4,28580,14605,0,0,,
Prawn,---,1992,16,22,3,1230,465,0,0,,
Prawn,---,1992,16,Total,55,586518,291275,0,1000,,
Prawn,---,1992,17,0,1,2081,*,*,*,,
Prawn,---,1992,17,1,2,1205,*,*,*,,
Prawn,---,1992,17,3,3,371,25,0,0,,
Prawn,---,1992,17,4,2,994,*,*,*,,
Prawn,---,1992,17,5,2,814,*,*,*,,
Prawn,---,1992,17,6,3,21989,4349,0,0,,
Prawn,---,1992,17,9,5,44029,14443,0,0,,
Prawn,---,1992,17,10,3,24268,9663,0,0,,
Prawn,---,1992,17,11,4,2977,1761,0,0,,
Prawn,---,1992,17,12,12,127712,55659,0,0,,
Prawn,---,1992,17,13,2,7096,*,*,*,,
Prawn,---,1992,17,16,1,35,*,*,*,,
Prawn,---,1992,17,17,2,383,*,*,*,,
Prawn,---,1992,17,18,1,6000,*,*,*,,
Prawn,---,1992,17,Total,26,239954,92609,0,1,,
Prawn,---,1992,18,0,1,2800,*,*,*,,
Prawn,---,1992,18,1,2,16534,*,*,*,,
Prawn,---,1992,18,3,1,61,*,*,*,,
Prawn,---,1992,18,7,1,104,*,*,*,,
Prawn,---,1992,18,8,1,50,*,*,*,,
Prawn,---,1992,18,9,1,7560,*,*,*,,
Prawn,---,1992,18,Total,5,27109,14545,0,0,,
Prawn,---,1992,19,6,2,750,*,*,*,,
Prawn,---,1992,19,7,4,12043,9848,0,0,,
Prawn,---,1992,19,8,7,22558,19099,0,0,,
Prawn,---,1992,19,9,2,200,*,*,*,,
Prawn,---,1992,19,11,1,50,*,*,*,,
Prawn,---,1992,19,12,1,86,*,*,*,,
Prawn,---,1992,19,Total,9,35687,30004,0,0,,
Prawn,---,1992,20,7,5,2828,0,0,6877,,
Prawn,---,1992,20,Total,5,2828,0,0,6877,,
Prawn,---,1992,23,0,2,1580,*,*,*,,
Prawn,---,1992,23,1,5,11602,9750,0,0,,
Prawn,---,1992,23,2,6,20482,16687,0,0,,
Prawn,---,1992,23,3,2,13180,*,*,*,,
Prawn,---,1992,23,4,5,30639,12551,0,0,,
Prawn,---,1992,23,5,3,15704,7724,0,0,,
Prawn,---,1992,23,6,4,21745,7517,0,0,,
Prawn,---,1992,23,Total,9,114932,61888,0,0,,
Prawn,---,1992,24,0,1,2800,*,*,*,,
Prawn,---,1992,24,2,1,160,*,*,*,,
Prawn,---,1992,24,3,1,600,*,*,*,,
Prawn,---,1992,24,13,1,120,*,*,*,,
Prawn,---,1992,24,Total,2,3680,*,*,*,,
Prawn,---,1992,25,1,1,2220,*,*,*,,
Prawn,---,1992,25,2,3,4328,5563,0,0,,
Prawn,---,1992,25,3,4,5787,7188,0,0,,
Prawn,---,1992,25,4,5,9218,5791,0,0,,
Prawn,---,1992,25,5,3,775,670,0,0,,
Prawn,---,1992,25,6,4,15670,7455,0,0,,
Prawn,---,1992,25,8,2,8444,*,*,*,,
Prawn,---,1992,25,9,3,7871,5949,0,0,,
Prawn,---,1992,25,10,3,2358,1590,0,0,,
Prawn,---,1992,25,11,2,6880,*,*,*,,
Prawn,---,1992,25,13,2,3780,*,*,*,,
Prawn,---,1992,25,15,4,9963,4049,0,0,,
Prawn,---,1992,25,16,2,1908,*,*,*,,
Prawn,---,1992,25,Total,10,79202,56459,0,0,,
Prawn,---,1992,26,0,1,16500,*,*,*,,
Prawn,---,1992,26,1,1,800,*,*,*,,
Prawn,---,1992,26,2,5,16584,9770,0,0,,
Prawn,---,1992,26,3,2,587,*,*,*,,
Prawn,---,1992,26,4,5,47034,29523,0,0,,
Prawn,---,1992,26,5,4,7869,8051,0,0,,
Prawn,---,1992,26,Total,6,89374,59950,0,0,,
Prawn,---,1992,27,0,1,1707,*,*,*,,
Prawn,---,1992,27,1,1,236,*,*,*,,
Prawn,---,1992,27,2,3,10144,16744,0,0,,
Prawn,---,1992,27,5,1,5840,*,*,*,,
Prawn,---,1992,27,7,5,41003,40596,0,0,,
Prawn,---,1992,27,8,3,25049,16144,0,0,,
Prawn,---,1992,27,11,2,20309,*,*,*,,
Prawn,---,1992,27,Total,11,104288,91690,80,0,,
Prawn,---,1992,28,0,1,50,*,*,*,,
Prawn,---,1992,28,1,8,12350,9862,0,20,,
Prawn,---,1992,28,2,11,31597,23242,0,14,,
Prawn,---,1992,28,3,3,4700,1951,0,0,,
Prawn,---,1992,28,4,1,350,*,*,*,,
Prawn,---,1992,28,12,3,4850,414,1665,2200,,
Prawn,---,1992,28,13,2,700,*,*,*,,
Prawn,---,1992,28,Total,15,54597,36668,1665,2234,,
Prawn,---,1992,29,0,2,1485,*,*,*,,
Prawn,---,1992,29,1,3,10336,4725,0,0,,
Prawn,---,1992,29,2,4,23880,12581,0,0,,
Prawn,---,1992,29,3,1,6250,*,*,*,,
Prawn,---,1992,29,4,1,575,*,*,*,,
Prawn,---,1992,29,5,3,2207,713,0,0,,
Prawn,---,1992,29,Total,7,44733,22829,0,0,,
Prawn,---,1993,0,0,1,1000,*,*,*,,
Prawn,---,1993,0,Total,1,1000,*,*,*,,
Prawn,---,1993,1,2,1,40,*,*,*,,
Prawn,---,1993,1,6,2,2550,*,*,*,,
Prawn,---,1993,1,7,1,100,*,*,*,,
Prawn,---,1993,1,Total,4,2690,305,675,4725,,
Prawn,---,1993,2,13,2,4175,*,*,*,,
Prawn,---,1993,2,Total,2,4175,*,*,*,,
Prawn,---,1993,3,1,1,186,*,*,*,,
Prawn,---,1993,3,6,5,13886,4889,63,0,,
Prawn,---,1993,3,10,1,2450,*,*,*,,
Prawn,---,1993,3,11,1,3000,*,*,*,,
Prawn,---,1993,3,16,1,1497,*,*,*,,
Prawn,---,1993,3,17,1,447,*,*,*,,
Prawn,---,1993,3,Total,6,21466,6287,426,30,,
Prawn,---,1993,4,1,1,7000,*,*,*,,
Prawn,---,1993,4,9,1,200,*,*,*,,
Prawn,---,1993,4,10,1,18631,*,*,*,,
Prawn,---,1993,4,11,2,2153,*,*,*,,
Prawn,---,1993,4,12,1,400,*,*,*,,
Prawn,---,1993,4,13,1,384,*,*,*,,
Prawn,---,1993,4,Total,5,28768,5588,20776,303,,
Prawn,---,1993,5,0,1,2500,*,*,*,,
Prawn,---,1993,5,2,2,4100,*,*,*,,
Prawn,---,1993,5,3,2,8160,*,*,*,,
Prawn,---,1993,5,9,1,1080,*,*,*,,
Prawn,---,1993,5,15,1,4380,*,*,*,,
Prawn,---,1993,5,16,1,2700,*,*,*,,
Prawn,---,1993,5,17,1,10000,*,*,*,,
Prawn,---,1993,5,18,1,370,*,*,*,,
Prawn,---,1993,5,19,2,2380,*,*,*,,
Prawn,---,1993,5,23,3,14279,5979,375,0,,
Prawn,---,1993,5,Total,8,49949,39790,375,0,,
Prawn,---,1993,6,1,4,28300,10226,9,1790,,
Prawn,---,1993,6,2,1,1384,*,*,*,,
Prawn,---,1993,6,3,5,15435,5990,124,0,,
Prawn,---,1993,6,4,3,38794,31877,1361,0,,
Prawn,---,1993,6,5,4,30840,22289,0,0,,
Prawn,---,1993,6,6,2,16851,*,*,*,,
Prawn,---,1993,6,10,2,8270,*,*,*,,
Prawn,---,1993,6,12,2,4260,*,*,*,,
Prawn,---,1993,6,14,1,3800,*,*,*,,
Prawn,---,1993,6,18,2,9600,*,*,*,,
Prawn,---,1993,6,19,4,14924,7772,220,0,,
Prawn,---,1993,6,20,5,22855,25966,0,0,,
Prawn,---,1993,6,21,1,600,*,*,*,,
Prawn,---,1993,6,22,1,1800,*,*,*,,
Prawn,---,1993,6,23,2,6974,*,*,*,,
Prawn,---,1993,6,24,4,6881,5644,60,0,,
Prawn,---,1993,6,25,2,5815,*,*,*,,
Prawn,---,1993,6,28,2,1368,*,*,*,,
Prawn,---,1993,6,Total,20,218751,164650,2507,1790,,
Prawn,---,1993,7,1,1,1800,*,*,*,,
Prawn,---,1993,7,2,1,846,*,*,*,,
Prawn,---,1993,7,3,4,5661,5357,0,0,,
Prawn,---,1993,7,4,3,3883,4719,0,0,,
Prawn,---,1993,7,5,1,3100,*,*,*,,
Prawn,---,1993,7,6,1,990,*,*,*,,
Prawn,---,1993,7,7,6,19812,14783,716,0,,
Prawn,---,1993,7,9,7,51509,31996,0,0,,
Prawn,---,1993,7,10,8,20063,10469,0,2,,
Prawn,---,1993,7,11,4,12135,9165,0,0,,
Prawn,---,1993,7,12,4,15330,10382,0,0,,
Prawn,---,1993,7,13,6,15493,10874,0,0,,
Prawn,---,1993,7,14,6,30178,26086,0,3,,
Prawn,---,1993,7,15,5,27497,25855,0,0,,
Prawn,---,1993,7,16,5,18440,18851,0,354,,
Prawn,---,1993,7,17,3,4317,4442,0,0,,
Prawn,---,1993,7,18,4,14595,9712,6,0,,
Prawn,---,1993,7,19,3,10988,8039,0,0,,
Prawn,---,1993,7,20,1,8030,*,*,*,,
Prawn,---,1993,7,21,2,5902,*,*,*,,
Prawn,---,1993,7,23,3,15925,12963,154,0,,
Prawn,---,1993,7,24,2,5700,*,*,*,,
Prawn,---,1993,7,25,2,1463,*,*,*,,
Prawn,---,1993,7,27,3,16070,15623,0,0,,
Prawn,---,1993,7,28,2,6010,*,*,*,,
Prawn,---,1993,7,29,2,1660,*,*,*,,
Prawn,---,1993,7,30,3,850,604,0,0,,
Prawn,---,1993,7,Total,31,318247,254781,876,359,,
Prawn,---,1993,8,1,1,60,*,*,*,,
Prawn,---,1993,8,3,2,2140,*,*,*,,
Prawn,---,1993,8,4,6,23360,16403,0,0,,
Prawn,---,1993,8,5,2,3960,*,*,*,,
Prawn,---,1993,8,6,2,8225,*,*,*,,
Prawn,---,1993,8,7,8,40190,23527,389,11,,
Prawn,---,1993,8,8,5,11120,9291,146,829,,
Prawn,---,1993,8,9,2,472,*,*,*,,
Prawn,---,1993,8,10,3,1860,1605,0,0,,
Prawn,---,1993,8,11,1,5550,*,*,*,,
Prawn,---,1993,8,12,2,11620,*,*,*,,
Prawn,---,1993,8,13,3,6198,4985,0,0,,
Prawn,---,1993,8,14,5,5520,3099,0,0,,
Prawn,---,1993,8,15,2,4390,*,*,*,,
Prawn,---,1993,8,16,4,4400,1818,0,0,,
Prawn,---,1993,8,Total,21,129065,81059,535,5429,,
Prawn,---,1993,9,1,2,12600,*,*,*,,
Prawn,---,1993,9,2,3,29035,18187,0,0,,
Prawn,---,1993,9,3,1,4300,*,*,*,,
Prawn,---,1993,9,4,2,6170,*,*,*,,
Prawn,---,1993,9,5,3,6410,2502,0,0,,
Prawn,---,1993,9,6,2,11935,*,*,*,,
Prawn,---,1993,9,7,3,9240,6362,0,0,,
Prawn,---,1993,9,8,2,2190,*,*,*,,
Prawn,---,1993,9,9,6,11970,4360,0,0,,
Prawn,---,1993,9,10,2,8720,*,*,*,,
Prawn,---,1993,9,11,4,33540,18643,140,0,,
Prawn,---,1993,9,12,5,39410,20805,50,0,,
Prawn,---,1993,9,Total,12,175520,94282,261,0,,
Prawn,---,1993,10,0,2,2950,*,*,*,,
Prawn,---,1993,10,1,1,500,*,*,*,,
Prawn,---,1993,10,3,1,2000,*,*,*,,
Prawn,---,1993,10,4,2,2820,*,*,*,,
Prawn,---,1993,10,5,2,3870,*,*,*,,
Prawn,---,1993,10,6,4,5296,2700,0,0,,
Prawn,---,1993,10,8,3,17700,13131,0,0,,
Prawn,---,1993,10,9,2,3240,*,*,*,,
Prawn,---,1993,10,10,2,8960,*,*,*,,
Prawn,---,1993,10,11,3,8020,11428,0,15,,
Prawn,---,1993,10,12,2,10340,*,*,*,,
Prawn,---,1993,10,Total,10,65696,53964,0,15,,
Prawn,---,1993,11,1,1,2600,*,*,*,,
Prawn,---,1993,11,3,4,7465,3404,120,0,,
Prawn,---,1993,11,4,6,13847,10743,45,0,,
Prawn,---,1993,11,5,4,8081,6197,39,0,,
Prawn,---,1993,11,6,1,399,*,*,*,,
Prawn,---,1993,11,7,5,5282,3364,0,26,,
Prawn,---,1993,11,8,2,2898,*,*,*,,
Prawn,---,1993,11,10,7,29438,18986,18,128,,
Prawn,---,1993,11,Total,16,70010,47277,222,154,,
Prawn,---,1993,12,1,1,9600,*,*,*,,
Prawn,---,1993,12,2,3,10605,5690,0,0,,
Prawn,---,1993,12,3,4,6450,3934,0,0,,
Prawn,---,1993,12,4,1,100,*,*,*,,
Prawn,---,1993,12,6,1,670,*,*,*,,
Prawn,---,1993,12,9,3,10690,14341,0,0,,
Prawn,---,1993,12,12,1,2700,*,*,*,,
Prawn,---,1993,12,15,2,10180,*,*,*,,
Prawn,---,1993,12,16,1,1400,*,*,*,,
Prawn,---,1993,12,20,1,50,*,*,*,,
Prawn,---,1993,12,22,1,2752,*,*,*,,
Prawn,---,1993,12,23,8,60577,31744,0,0,,
Prawn,---,1993,12,26,19,143599,104470,90,37,,
Prawn,---,1993,12,27,8,62077,57731,0,0,,
Prawn,---,1993,12,28,3,9966,8239,0,0,,
Prawn,---,1993,12,29,2,3151,*,*,*,,
Prawn,---,1993,12,30,4,14105,13347,0,0,,
Prawn,---,1993,12,31,1,1872,*,*,*,,
Prawn,---,1993,12,32,1,816,*,*,*,,
Prawn,---,1993,12,33,2,909,*,*,*,,
Prawn,---,1993,12,34,2,2375,*,*,*,,
Prawn,---,1993,12,35,14,56834,32210,0,0,,
Prawn,---,1993,12,36,7,7990,4140,0,0,,
Prawn,---,1993,12,37,3,6674,3427,0,0,,
Prawn,---,1993,12,38,4,6929,3566,15,57,,
Prawn,---,1993,12,39,2,5310,*,*,*,,
Prawn,---,1993,12,40,9,45855,25813,0,134,,
Prawn,---,1993,12,41,5,25854,15716,14,390,,
Prawn,---,1993,12,42,1,16800,*,*,*,,
Prawn,---,1993,12,43,4,11616,6435,0,0,,
Prawn,---,1993,12,44,1,1990,*,*,*,,
Prawn,---,1993,12,45,5,12569,8482,0,6,,
Prawn,---,1993,12,46,2,1350,*,*,*,,
Prawn,---,1993,12,47,6,5256,3241,0,10,,
Prawn,---,1993,12,48,1,1100,*,*,*,,
Prawn,---,1993,12,Total,56,560771,379759,119,829,,
Prawn,---,1993,13,1,1,1100,*,*,*,,
Prawn,---,1993,13,4,1,9450,*,*,*,,
Prawn,---,1993,13,11,1,50,*,*,*,,
Prawn,---,1993,13,12,4,16616,10530,0,0,,
Prawn,---,1993,13,13,3,1879,706,0,0,,
Prawn,---,1993,13,14,9,52054,30949,0,431,,
Prawn,---,1993,13,15,4,29308,17390,0,0,,
Prawn,---,1993,13,16,9,33615,15896,0,0,,
Prawn,---,1993,13,17,11,34333,16719,8,0,,
Prawn,---,1993,13,18,10,20268,8719,0,0,,
Prawn,---,1993,13,19,10,19019,9014,0,0,,
Prawn,---,1993,13,20,7,14271,7664,0,0,,
Prawn,---,1993,13,21,10,47225,26889,0,0,,
Prawn,---,1993,13,22,4,14154,5466,0,0,,
Prawn,---,1993,13,23,1,120,*,*,*,,
Prawn,---,1993,13,24,1,200,*,*,*,,
Prawn,---,1993,13,25,2,12063,*,*,*,,
Prawn,---,1993,13,26,3,3835,2515,0,95,,
Prawn,---,1993,13,33,1,2800,*,*,*,,
Prawn,---,1993,13,35,1,475,*,*,*,,
Prawn,---,1993,13,36,2,8883,*,*,*,,
Prawn,---,1993,13,40,1,65,*,*,*,,
Prawn,---,1993,13,41,2,932,*,*,*,,
Prawn,---,1993,13,42,5,26860,12086,0,0,,
Prawn,---,1993,13,43,7,63787,33540,0,0,,
Prawn,---,1993,13,Total,43,413362,218742,75,526,,
Prawn,---,1993,14,0,2,5435,*,*,*,,
Prawn,---,1993,14,1,1,11747,*,*,*,,
Prawn,---,1993,14,2,1,100,*,*,*,,
Prawn,---,1993,14,3,8,32953,19316,0,0,,
Prawn,---,1993,14,4,2,28799,*,*,*,,
Prawn,---,1993,14,5,1,1000,*,*,*,,
Prawn,---,1993,14,6,3,28843,15719,0,0,,
Prawn,---,1993,14,7,1,27090,*,*,*,,
Prawn,---,1993,14,9,2,30561,*,*,*,,
Prawn,---,1993,14,10,1,4100,*,*,*,,
Prawn,---,1993,14,12,4,24751,19363,0,0,,
Prawn,---,1993,14,13,5,50241,44782,0,10,,
Prawn,---,1993,14,Total,20,245620,151847,12,10,,
Prawn,---,1993,15,1,9,60719,43402,0,0,,
Prawn,---,1993,15,2,12,94872,70410,0,0,,
Prawn,---,1993,15,3,8,88236,52733,0,0,,
Prawn,---,1993,15,4,2,3491,*,*,*,,
Prawn,---,1993,15,5,24,180273,106665,0,0,,
Prawn,---,1993,15,6,6,22685,**,**,**,,
Prawn,---,1993,15,Total,43,450276,288450,0,24,,
Prawn,---,1993,16,1,7,45725,19477,12,0,,
Prawn,---,1993,16,2,8,34785,16837,0,0,,
Prawn,---,1993,16,3,2,2050,*,*,*,,
Prawn,---,1993,16,5,3,4080,1809,0,0,,
Prawn,---,1993,16,6,8,14650,10633,0,0,,
Prawn,---,1993,16,7,4,7550,6848,0,0,,
Prawn,---,1993,16,8,2,3300,*,*,*,,
Prawn,---,1993,16,9,1,1575,*,*,*,,
Prawn,---,1993,16,10,5,63096,25547,0,0,,
Prawn,---,1993,16,11,12,96805,57122,0,7,,
Prawn,---,1993,16,12,7,32464,15378,0,0,,
Prawn,---,1993,16,13,5,33371,15647,0,0,,
Prawn,---,1993,16,14,3,29834,13365,0,0,,
Prawn,---,1993,16,15,1,4970,*,*,*,,
Prawn,---,1993,16,16,3,17070,16005,0,0,,
Prawn,---,1993,16,17,1,38800,*,*,*,,
Prawn,---,1993,16,18,13,81575,44447,0,0,,
Prawn,---,1993,16,19,5,58576,39468,0,0,,
Prawn,---,1993,16,20,4,29210,22015,0,0,,
Prawn,---,1993,16,21,3,67650,33419,0,0,,
Prawn,---,1993,16,Total,39,667136,367270,30,107,,
Prawn,---,1993,17,5,1,789,*,*,*,,
Prawn,---,1993,17,6,2,32450,*,*,*,,
Prawn,---,1993,17,7,1,150,*,*,*,,
Prawn,---,1993,17,9,6,25251,7644,0,0,,
Prawn,---,1993,17,10,5,19395,7526,0,0,,
Prawn,---,1993,17,11,2,2481,*,*,*,,
Prawn,---,1993,17,12,10,125853,47876,0,0,,
Prawn,---,1993,17,13,4,13680,10147,0,0,,
Prawn,---,1993,17,15,1,1800,*,*,*,,
Prawn,---,1993,17,17,3,752,440,0,0,,
Prawn,---,1993,17,18,1,900,*,*,*,,
Prawn,---,1993,17,Total,26,223501,83976,0,0,,
Prawn,---,1993,18,0,1,4200,*,*,*,,
Prawn,---,1993,18,1,6,12654,5853,0,0,,
Prawn,---,1993,18,4,1,440,*,*,*,,
Prawn,---,1993,18,5,1,220,*,*,*,,
Prawn,---,1993,18,6,1,132,*,*,*,,
Prawn,---,1993,18,7,2,592,*,*,*,,
Prawn,---,1993,18,9,1,8400,*,*,*,,
Prawn,---,1993,18,11,1,45,*,*,*,,
Prawn,---,1993,18,Total,10,26683,12550,0,0,,
Prawn,---,1993,19,7,4,6874,**,**,**,,
Prawn,---,1993,19,8,7,22416,24370,0,0,,
Prawn,---,1993,19,11,1,200,*,*,*,,
Prawn,---,1993,19,Total,8,29490,29946,0,0,,
Prawn,---,1993,20,7,3,2000,0,0,5156,,
Prawn,---,1993,20,Total,3,2000,0,0,5156,,
Prawn,---,1993,23,0,1,1120,*,*,*,,
Prawn,---,1993,23,1,3,5264,9129,0,0,,
Prawn,---,1993,23,2,4,19279,9367,0,0,,
Prawn,---,1993,23,3,5,22754,16868,0,0,,
Prawn,---,1993,23,4,3,11841,5481,0,0,,
Prawn,---,1993,23,5,4,15345,6142,0,0,,
Prawn,---,1993,23,6,6,19572,8986,0,0,,
Prawn,---,1993,23,7,4,21844,14551,0,0,,
Prawn,---,1993,23,8,1,1605,*,*,*,,
Prawn,---,1993,23,Total,13,118624,71664,0,0,,
Prawn,---,1993,24,3,2,2000,*,*,*,,
Prawn,---,1993,24,4,1,250,*,*,*,,
Prawn,---,1993,24,13,2,1300,*,*,*,,
Prawn,---,1993,24,14,2,1200,*,*,*,,
Prawn,---,1993,24,Total,2,4750,*,*,*,,
Prawn,---,1993,25,2,3,1083,877,0,0,,
Prawn,---,1993,25,3,3,2277,1698,0,0,,
Prawn,---,1993,25,4,4,8580,6567,0,0,,
Prawn,---,1993,25,5,1,1570,*,*,*,,
Prawn,---,1993,25,6,5,11676,8057,0,0,,
Prawn,---,1993,25,8,3,14929,18967,0,0,,
Prawn,---,1993,25,9,3,14178,15895,0,0,,
Prawn,---,1993,25,10,2,1595,*,*,*,,
Prawn,---,1993,25,11,1,5792,*,*,*,,
Prawn,---,1993,25,13,2,9506,*,*,*,,
Prawn,---,1993,25,15,3,7915,7069,0,0,,
Prawn,---,1993,25,16,2,290,*,*,*,,
Prawn,---,1993,25,Total,7,79391,69016,0,0,,
Prawn,---,1993,26,2,3,16773,11163,0,0,,
Prawn,---,1993,26,3,3,1437,1253,0,0,,
Prawn,---,1993,26,4,4,43372,23582,0,0,,
Prawn,---,1993,26,5,3,8276,7518,0,0,,
Prawn,---,1993,26,6,1,1550,*,*,*,,
Prawn,---,1993,26,7,1,400,*,*,*,,
Prawn,---,1993,26,8,1,100,*,*,*,,
Prawn,---,1993,26,9,1,600,*,*,*,,
Prawn,---,1993,26,Total,6,72508,47066,0,0,,
Prawn,---,1993,27,2,3,2129,1545,0,0,,
Prawn,---,1993,27,4,1,1600,*,*,*,,
Prawn,---,1993,27,5,4,26293,30380,0,0,,
Prawn,---,1993,27,7,5,23823,14964,0,32,,
Prawn,---,1993,27,8,4,33221,14043,0,621,,
Prawn,---,1993,27,9,1,840,*,*,*,,
Prawn,---,1993,27,11,2,20102,*,*,*,,
Prawn,---,1993,27,Total,9,108008,70956,0,653,,
Prawn,---,1993,28,1,7,8352,**,**,**,,
Prawn,---,1993,28,2,8,16215,14072,0,0,,
Prawn,---,1993,28,12,1,13760,*,*,*,,
Prawn,---,1993,28,Total,12,38327,31409,0,0,,
Prawn,---,1993,29,1,3,5492,2279,0,0,,
Prawn,---,1993,29,2,4,17228,13841,0,0,,
Prawn,---,1993,29,3,4,1400,**,**,**,,
Prawn,---,1993,29,4,1,5790,*,*,*,,
Prawn,---,1993,29,5,5,28931,29242,0,0,,
Prawn,---,1993,29,Total,12,58841,48179,0,0,,
Prawn,---,1994,1,6,2,1350,*,*,*,,
Prawn,---,1994,1,Total,2,1350,*,*,*,,
Prawn,---,1994,3,0,1,500,*,*,*,,
Prawn,---,1994,3,6,5,32626,30200,113,209,,
Prawn,---,1994,3,8,1,2750,*,*,*,,
Prawn,---,1994,3,9,1,2500,*,*,*,,
Prawn,---,1994,3,10,1,2500,*,*,*,,
Prawn,---,1994,3,11,2,5087,*,*,*,,
Prawn,---,1994,3,13,1,1950,*,*,*,,
Prawn,---,1994,3,14,1,1680,*,*,*,,
Prawn,---,1994,3,15,2,1232,*,*,*,,
Prawn,---,1994,3,16,1,892,*,*,*,,
Prawn,---,1994,3,17,2,2542,*,*,*,,
Prawn,---,1994,3,Total,7,54259,38723,422,390,,
Prawn,---,1994,4,9,1,8500,*,*,*,,
Prawn,---,1994,4,10,3,43148,7440,21997,526,,
Prawn,---,1994,4,11,1,2250,*,*,*,,
Prawn,---,1994,4,12,2,3246,*,*,*,,
Prawn,---,1994,4,Total,5,57144,23755,24116,1230,,
Prawn,---,1994,5,2,2,460,*,*,*,,
Prawn,---,1994,5,3,1,11200,*,*,*,,
Prawn,---,1994,5,5,1,1400,*,*,*,,
Prawn,---,1994,5,6,2,950,*,*,*,,
Prawn,---,1994,5,9,2,7300,*,*,*,,
Prawn,---,1994,5,15,2,5150,*,*,*,,
Prawn,---,1994,5,16,1,2500,*,*,*,,
Prawn,---,1994,5,17,2,7550,*,*,*,,
Prawn,---,1994,5,19,1,15100,*,*,*,,
Prawn,---,1994,5,23,5,30600,31538,653,1386,,
Prawn,---,1994,5,Total,12,82210,73541,655,1386,,
Prawn,---,1994,6,1,8,78180,32155,181,70,,
Prawn,---,1994,6,3,5,13005,6229,351,0,,
Prawn,---,1994,6,4,9,41963,29367,331,562,,
Prawn,---,1994,6,5,5,23610,18379,0,0,,
Prawn,---,1994,6,6,1,11000,*,*,*,,
Prawn,---,1994,6,7,1,120,*,*,*,,
Prawn,---,1994,6,9,4,1850,1076,0,0,,
Prawn,---,1994,6,10,1,1110,*,*,*,,
Prawn,---,1994,6,12,6,11639,7232,0,0,,
Prawn,---,1994,6,13,1,300,*,*,*,,
Prawn,---,1994,6,14,1,2250,*,*,*,,
Prawn,---,1994,6,16,3,1880,1417,0,0,,
Prawn,---,1994,6,17,1,180,*,*,*,,
Prawn,---,1994,6,18,2,11510,*,*,*,,
Prawn,---,1994,6,19,8,32547,17180,1408,0,,
Prawn,---,1994,6,20,5,14050,9132,0,0,,
Prawn,---,1994,6,21,2,450,*,*,*,,
Prawn,---,1994,6,22,3,6470,5158,191,0,,
Prawn,---,1994,6,23,5,13699,13474,49,0,,
Prawn,---,1994,6,24,3,4484,2890,0,0,,
Prawn,---,1994,6,25,3,13900,11566,0,0,,
Prawn,---,1994,6,28,1,720,*,*,*,,
Prawn,---,1994,6,Total,26,284917,179417,2511,632,,
Prawn,---,1994,7,0,1,2630,*,*,*,,
Prawn,---,1994,7,1,4,2940,2510,0,0,,
Prawn,---,1994,7,2,3,1068,832,0,0,,
Prawn,---,1994,7,3,3,11007,7497,0,0,,
Prawn,---,1994,7,4,6,12172,8270,0,0,,
Prawn,---,1994,7,5,8,25260,14838,0,0,,
Prawn,---,1994,7,6,5,7100,4091,0,0,,
Prawn,---,1994,7,7,7,10662,5492,0,0,,
Prawn,---,1994,7,8,1,12660,*,*,*,,
Prawn,---,1994,7,9,7,59560,48034,0,0,,
Prawn,---,1994,7,10,12,63659,36077,0,0,,
Prawn,---,1994,7,11,3,13780,7995,0,0,,
Prawn,---,1994,7,12,5,8762,4355,0,0,,
Prawn,---,1994,7,13,9,33891,19387,78,0,,
Prawn,---,1994,7,14,11,44349,21624,186,56,,
Prawn,---,1994,7,15,7,34532,21078,0,416,,
Prawn,---,1994,7,16,10,24848,13237,501,70,,
Prawn,---,1994,7,17,5,3311,1400,0,0,,
Prawn,---,1994,7,18,7,13000,4814,0,16,,
Prawn,---,1994,7,19,2,1610,*,*,*,,
Prawn,---,1994,7,20,2,9312,*,*,*,,
Prawn,---,1994,7,21,2,1232,*,*,*,,
Prawn,---,1994,7,22,1,408,*,*,*,,
Prawn,---,1994,7,23,3,11341,6767,0,0,,
Prawn,---,1994,7,24,4,5386,3471,0,0,,
Prawn,---,1994,7,25,4,9221,20953,0,0,,
Prawn,---,1994,7,27,3,1710,1323,0,0,,
Prawn,---,1994,7,28,3,4700,4377,0,0,,
Prawn,---,1994,7,29,4,9428,4718,0,0,,
Prawn,---,1994,7,30,5,4507,2813,0,0,,
Prawn,---,1994,7,31,3,7015,5428,0,0,,
Prawn,---,1994,7,Total,41,451061,287525,765,558,,
Prawn,---,1994,8,1,1,586,*,*,*,,
Prawn,---,1994,8,2,1,800,*,*,*,,
Prawn,---,1994,8,3,2,3980,*,*,*,,
Prawn,---,1994,8,4,6,32040,22466,222,0,,
Prawn,---,1994,8,5,6,20361,12440,0,0,,
Prawn,---,1994,8,6,5,6935,3387,87,2,,
Prawn,---,1994,8,7,12,40724,21305,70,8,,
Prawn,---,1994,8,8,8,25542,12719,0,1102,,
Prawn,---,1994,8,9,3,8252,4604,0,40,,
Prawn,---,1994,8,10,3,14003,9180,0,0,,
Prawn,---,1994,8,11,2,7744,*,*,*,,
Prawn,---,1994,8,12,3,18526,9493,992,3316,,
Prawn,---,1994,8,13,6,19746,11267,0,10,,
Prawn,---,1994,8,14,5,6661,2660,12,74,,
Prawn,---,1994,8,15,3,8620,4337,0,9,,
Prawn,---,1994,8,16,6,8680,4244,0,0,,
Prawn,---,1994,8,Total,29,223200,125560,1383,4826,,
Prawn,---,1994,9,1,1,9490,*,*,*,,
Prawn,---,1994,9,2,4,33026,19771,10,0,,
Prawn,---,1994,9,3,4,10392,4654,0,0,,
Prawn,---,1994,9,4,4,10222,6697,128,0,,
Prawn,---,1994,9,5,3,11670,5434,0,0,,
Prawn,---,1994,9,6,2,15080,*,*,*,,
Prawn,---,1994,9,7,4,15370,6237,0,0,,
Prawn,---,1994,9,8,3,6455,2021,0,0,,
Prawn,---,1994,9,9,3,9800,5189,0,0,,
Prawn,---,1994,9,10,4,7889,3636,384,0,,
Prawn,---,1994,9,11,3,25420,12535,0,0,,
Prawn,---,1994,9,12,7,32405,16600,0,35,,
Prawn,---,1994,9,Total,15,187219,93891,522,35,,
Prawn,---,1994,10,0,1,1100,*,*,*,,
Prawn,---,1994,10,3,1,9650,*,*,*,,
Prawn,---,1994,10,4,3,8840,6077,0,0,,
Prawn,---,1994,10,5,4,7390,6354,0,0,,
Prawn,---,1994,10,6,5,7646,5959,0,0,,
Prawn,---,1994,10,7,4,12940,9424,0,30,,
Prawn,---,1994,10,9,1,100,*,*,*,,
Prawn,---,1994,10,10,3,7975,4784,0,1,,
Prawn,---,1994,10,11,3,4925,2639,0,0,,
Prawn,---,1994,10,12,3,11600,9456,0,354,,
Prawn,---,1994,10,Total,10,72166,50849,0,425,,
Prawn,---,1994,11,2,1,1200,*,*,*,,
Prawn,---,1994,11,3,4,11769,5066,0,10,,
Prawn,---,1994,11,4,5,24353,11550,0,33,,
Prawn,---,1994,11,5,1,1610,*,*,*,,
Prawn,---,1994,11,7,2,5510,*,*,*,,
Prawn,---,1994,11,8,3,2146,746,0,2,,
Prawn,---,1994,11,10,5,13060,5705,0,33,,
Prawn,---,1994,11,Total,11,59648,27764,0,78,,
Prawn,---,1994,12,1,2,9300,*,*,*,,
Prawn,---,1994,12,2,6,11926,6015,0,0,,
Prawn,---,1994,12,3,3,10136,5064,0,0,,
Prawn,---,1994,12,7,1,3120,*,*,*,,
Prawn,---,1994,12,9,1,8120,*,*,*,,
Prawn,---,1994,12,10,1,2100,*,*,*,,
Prawn,---,1994,12,15,1,17850,*,*,*,,
Prawn,---,1994,12,16,1,1000,*,*,*,,
Prawn,---,1994,12,21,1,1600,*,*,*,,
Prawn,---,1994,12,23,7,51920,25741,0,0,,
Prawn,---,1994,12,25,1,294,*,*,*,,
Prawn,---,1994,12,26,18,85452,64597,0,0,,
Prawn,---,1994,12,27,14,77573,46689,40,0,,
Prawn,---,1994,12,28,8,22400,13184,0,21,,
Prawn,---,1994,12,29,7,6857,3041,0,0,,
Prawn,---,1994,12,30,5,6325,3542,50,0,,
Prawn,---,1994,12,31,3,4568,3316,74,14,,
Prawn,---,1994,12,32,3,1718,952,228,6,,
Prawn,---,1994,12,33,3,2294,1486,170,32,,
Prawn,---,1994,12,34,2,1714,*,*,*,,
Prawn,---,1994,12,35,9,51930,29799,115,0,,
Prawn,---,1994,12,36,6,6868,3926,55,0,,
Prawn,---,1994,12,37,1,3920,*,*,*,,
Prawn,---,1994,12,38,4,4252,2335,0,128,,
Prawn,---,1994,12,39,2,4218,*,*,*,,
Prawn,---,1994,12,40,6,42914,32460,10,168,,
Prawn,---,1994,12,41,8,49850,35903,0,404,,
Prawn,---,1994,12,42,1,7000,*,*,*,,
Prawn,---,1994,12,43,2,7580,*,*,*,,
Prawn,---,1994,12,44,1,40,*,*,*,,
Prawn,---,1994,12,45,2,5647,*,*,*,,
Prawn,---,1994,12,46,2,6534,*,*,*,,
Prawn,---,1994,12,47,1,2980,*,*,*,,
Prawn,---,1994,12,48,3,7520,5371,0,34,,
Prawn,---,1994,12,Total,56,527520,337835,846,1163,,
Prawn,---,1994,13,1,5,9697,3988,0,15,,
Prawn,---,1994,13,2,1,610,*,*,*,,
Prawn,---,1994,13,3,1,3720,*,*,*,,
Prawn,---,1994,13,4,1,930,*,*,*,,
Prawn,---,1994,13,5,1,930,*,*,*,,
Prawn,---,1994,13,8,1,1860,*,*,*,,
Prawn,---,1994,13,9,1,50,*,*,*,,
Prawn,---,1994,13,10,1,68,*,*,*,,
Prawn,---,1994,13,11,1,1440,*,*,*,,
Prawn,---,1994,13,12,4,37174,12323,0,0,,
Prawn,---,1994,13,13,3,3867,1231,0,0,,
Prawn,---,1994,13,14,10,27759,11488,0,100,,
Prawn,---,1994,13,15,8,31406,13205,0,10,,
Prawn,---,1994,13,16,8,37605,14246,0,0,,
Prawn,---,1994,13,17,11,33951,13975,0,0,,
Prawn,---,1994,13,18,10,12418,5472,0,0,,
Prawn,---,1994,13,19,11,20214,9495,0,0,,
Prawn,---,1994,13,20,8,20317,11258,0,0,,
Prawn,---,1994,13,21,11,68359,39573,0,0,,
Prawn,---,1994,13,22,10,42298,38164,0,0,,
Prawn,---,1994,13,23,1,1800,*,*,*,,
Prawn,---,1994,13,24,2,522,*,*,*,,
Prawn,---,1994,13,25,2,9120,*,*,*,,
Prawn,---,1994,13,26,2,1900,*,*,*,,
Prawn,---,1994,13,32,1,5300,*,*,*,,
Prawn,---,1994,13,35,1,600,*,*,*,,
Prawn,---,1994,13,36,4,10192,6219,118,0,,
Prawn,---,1994,13,39,1,28,*,*,*,,
Prawn,---,1994,13,41,2,413,*,*,*,,
Prawn,---,1994,13,42,2,19948,*,*,*,,
Prawn,---,1994,13,43,7,64078,33508,0,0,,
Prawn,---,1994,13,Total,43,468574,235280,118,125,,
Prawn,---,1994,14,1,2,1140,*,*,*,,
Prawn,---,1994,14,3,9,48232,30377,0,0,,
Prawn,---,1994,14,4,3,6160,3271,0,0,,
Prawn,---,1994,14,5,3,35300,14977,0,0,,
Prawn,---,1994,14,6,5,61637,26816,0,0,,
Prawn,---,1994,14,7,3,29152,11658,0,0,,
Prawn,---,1994,14,8,1,1820,*,*,*,,
Prawn,---,1994,14,9,3,8228,3870,0,0,,
Prawn,---,1994,14,10,1,1400,*,*,*,,
Prawn,---,1994,14,12,7,47578,35171,0,0,,
Prawn,---,1994,14,13,11,46806,28287,0,0,,
Prawn,---,1994,14,Total,28,287453,155928,0,0,,
Prawn,---,1994,15,1,11,68444,37304,0,0,,
Prawn,---,1994,15,2,12,139857,82396,0,0,,
Prawn,---,1994,15,3,12,86867,51183,0,115,,
Prawn,---,1994,15,4,2,6280,*,*,*,,
Prawn,---,1994,15,5,27,228194,122650,0,0,,
Prawn,---,1994,15,6,7,30558,**,**,**,,
Prawn,---,1994,15,Total,41,560200,314166,0,115,,
Prawn,---,1994,16,1,11,50236,26701,0,0,,
Prawn,---,1994,16,2,9,35176,18731,0,0,,
Prawn,---,1994,16,3,3,3370,2685,0,0,,
Prawn,---,1994,16,5,2,2350,*,*,*,,
Prawn,---,1994,16,6,7,30846,20708,0,60,,
Prawn,---,1994,16,7,6,21580,14553,0,1191,,
Prawn,---,1994,16,8,1,3278,*,*,*,,
Prawn,---,1994,16,9,2,1259,*,*,*,,
Prawn,---,1994,16,10,5,48417,15031,0,0,,
Prawn,---,1994,16,11,11,75112,33241,0,0,,
Prawn,---,1994,16,12,6,70798,32851,0,0,,
Prawn,---,1994,16,13,7,49230,16225,0,0,,
Prawn,---,1994,16,14,3,10565,5214,0,0,,
Prawn,---,1994,16,15,4,31620,23886,0,0,,
Prawn,---,1994,16,16,6,23127,12145,0,0,,
Prawn,---,1994,16,17,5,37311,14137,0,0,,
Prawn,---,1994,16,18,10,79507,45987,0,0,,
Prawn,---,1994,16,19,10,37452,22311,52,0,,
Prawn,---,1994,16,20,8,52510,36220,0,0,,
Prawn,---,1994,16,21,7,31181,20841,0,0,,
Prawn,---,1994,16,22,4,2557,1485,0,0,,
Prawn,---,1994,16,Total,42,697482,366711,52,1251,,
Prawn,---,1994,17,0,1,280,*,*,*,,
Prawn,---,1994,17,2,1,4000,*,*,*,,
Prawn,---,1994,17,5,1,2890,*,*,*,,
Prawn,---,1994,17,6,4,42983,14609,0,0,,
Prawn,---,1994,17,7,2,335,*,*,*,,
Prawn,---,1994,17,8,1,3000,*,*,*,,
Prawn,---,1994,17,9,7,24791,9515,0,0,,
Prawn,---,1994,17,10,2,16525,*,*,*,,
Prawn,---,1994,17,11,4,11495,6464,0,0,,
Prawn,---,1994,17,12,10,151972,55394,0,0,,
Prawn,---,1994,17,13,3,5706,3972,0,0,,
Prawn,---,1994,17,16,2,156,*,*,*,,
Prawn,---,1994,17,Total,28,264133,110149,0,0,,
Prawn,---,1994,18,1,4,27348,15457,0,0,,
Prawn,---,1994,18,2,1,1300,*,*,*,,
Prawn,---,1994,18,5,1,100,*,*,*,,
Prawn,---,1994,18,6,2,1301,*,*,*,,
Prawn,---,1994,18,7,2,13400,*,*,*,,
Prawn,---,1994,18,9,1,15120,*,*,*,,
Prawn,---,1994,18,Total,10,58569,22202,0,0,,
Prawn,---,1994,19,7,8,11043,**,**,**,,
Prawn,---,1994,19,8,13,18312,12836,0,0,,
Prawn,---,1994,19,9,2,1900,*,*,*,,
Prawn,---,1994,19,Total,17,31255,21772,0,0,,
Prawn,---,1994,20,7,4,3835,190,0,14713,,
Prawn,---,1994,20,Total,4,3835,190,0,14713,,
Prawn,---,1994,23,1,4,19760,26000,0,0,,
Prawn,---,1994,23,2,4,15240,20379,0,0,,
Prawn,---,1994,23,3,5,12786,10545,0,0,,
Prawn,---,1994,23,4,4,17895,7808,0,0,,
Prawn,---,1994,23,5,5,25503,12034,0,0,,
Prawn,---,1994,23,6,7,23121,12085,0,0,,
Prawn,---,1994,23,7,5,19568,11805,0,0,,
Prawn,---,1994,23,8,1,556,*,*,*,,
Prawn,---,1994,23,9,1,600,*,*,*,,
Prawn,---,1994,23,10,1,80,*,*,*,,
Prawn,---,1994,23,11,1,28,*,*,*,,
Prawn,---,1994,23,Total,12,135137,101096,0,0,,
Prawn,---,1994,24,2,1,3824,*,*,*,,
Prawn,---,1994,24,3,1,3010,*,*,*,,
Prawn,---,1994,24,4,1,550,*,*,*,,
Prawn,---,1994,24,5,1,36,*,*,*,,
Prawn,---,1994,24,7,1,109,*,*,*,,
Prawn,---,1994,24,10,1,303,*,*,*,,
Prawn,---,1994,24,12,1,300,*,*,*,,
Prawn,---,1994,24,13,2,1088,*,*,*,,
Prawn,---,1994,24,14,1,797,*,*,*,,
Prawn,---,1994,24,Total,2,10017,*,*,*,,
Prawn,---,1994,25,0,1,1700,*,*,*,,
Prawn,---,1994,25,2,4,6274,3478,0,0,,
Prawn,---,1994,25,3,6,13085,6178,0,0,,
Prawn,---,1994,25,4,7,23451,13351,0,0,,
Prawn,---,1994,25,5,5,9716,6287,0,0,,
Prawn,---,1994,25,6,7,16369,7985,0,0,,
Prawn,---,1994,25,7,2,5860,*,*,*,,
Prawn,---,1994,25,8,7,21155,15995,0,0,,
Prawn,---,1994,25,9,6,22285,17061,0,0,,
Prawn,---,1994,25,10,3,4339,2795,0,0,,
Prawn,---,1994,25,11,3,12778,7515,0,0,,
Prawn,---,1994,25,13,3,6856,4560,0,0,,
Prawn,---,1994,25,15,4,5690,3611,0,0,,
Prawn,---,1994,25,16,2,2191,*,*,*,,
Prawn,---,1994,25,Total,11,151749,94070,0,0,,
Prawn,---,1994,26,2,4,11083,6340,0,0,,
Prawn,---,1994,26,3,3,4617,2054,0,0,,
Prawn,---,1994,26,4,3,14438,9735,0,0,,
Prawn,---,1994,26,5,4,17524,9023,0,0,,
Prawn,---,1994,26,7,1,680,*,*,*,,
Prawn,---,1994,26,9,2,10936,*,*,*,,
Prawn,---,1994,26,Total,5,59278,39504,0,0,,
Prawn,---,1994,27,2,4,13257,10263,0,4,,
Prawn,---,1994,27,5,1,7092,*,*,*,,
Prawn,---,1994,27,7,5,33991,19354,0,39,,
Prawn,---,1994,27,8,2,4523,*,*,*,,
Prawn,---,1994,27,11,2,19965,*,*,*,,
Prawn,---,1994,27,Total,9,78828,44311,0,43,,
Prawn,---,1994,28,1,4,6894,6250,0,0,,
Prawn,---,1994,28,2,6,11712,9420,0,0,,
Prawn,---,1994,28,3,1,210,*,*,*,,
Prawn,---,1994,28,4,1,200,*,*,*,,
Prawn,---,1994,28,12,4,51255,12566,2259,1680,,
Prawn,---,1994,28,Total,9,70271,28746,2259,1680,,
Prawn,---,1994,29,1,3,9805,5021,0,0,,
Prawn,---,1994,29,2,4,37776,18995,0,0,,
Prawn,---,1994,29,3,2,9100,*,*,*,,
Prawn,---,1994,29,4,1,430,*,*,*,,
Prawn,---,1994,29,5,7,19905,8173,0,0,,
Prawn,---,1994,29,Total,9,77016,37623,0,0,,
Prawn,---,1995,1,6,2,750,*,*,*,,
Prawn,---,1995,1,Total,2,750,*,*,*,,
Prawn,---,1995,2,10,1,430,*,*,*,,
Prawn,---,1995,2,13,1,8445,*,*,*,,
Prawn,---,1995,2,15,1,98,*,*,*,,
Prawn,---,1995,2,Total,2,8973,*,*,*,,
Prawn,---,1995,3,1,1,297,*,*,*,,
Prawn,---,1995,3,4,1,2603,*,*,*,,
Prawn,---,1995,3,6,10,44860,35757,2217,201,,
Prawn,---,1995,3,7,8,26262,17456,579,714,,
Prawn,---,1995,3,8,4,1997,1307,15,0,,
Prawn,---,1995,3,9,5,8172,4958,2,4,,
Prawn,---,1995,3,10,10,25208,15698,1361,1,,
Prawn,---,1995,3,11,6,6257,3351,8,0,,
Prawn,---,1995,3,12,6,1870,968,51,8,,
Prawn,---,1995,3,13,4,3396,731,527,0,,
Prawn,---,1995,3,14,4,6610,1901,718,0,,
Prawn,---,1995,3,15,3,2420,1158,96,0,,
Prawn,---,1995,3,16,2,1550,*,*,*,,
Prawn,---,1995,3,17,4,650,464,0,10,,
Prawn,---,1995,3,Total,20,132152,86588,5991,938,,
Prawn,---,1995,4,0,1,12600,*,*,*,,
Prawn,---,1995,4,1,1,300,*,*,*,,
Prawn,---,1995,4,3,1,50,*,*,*,,
Prawn,---,1995,4,5,3,14568,13686,172,0,,
Prawn,---,1995,4,9,7,65469,92069,4071,41704,,
Prawn,---,1995,4,10,8,76913,7697,54449,9659,,
Prawn,---,1995,4,11,4,1200,31,105,0,,
Prawn,---,1995,4,12,5,12410,7517,1223,0,,
Prawn,---,1995,4,13,1,294,*,*,*,,
Prawn,---,1995,4,15,1,3860,*,*,*,,
Prawn,---,1995,4,Total,14,187664,131967,60185,52309,,
Prawn,---,1995,5,1,2,9772,*,*,*,,
Prawn,---,1995,5,2,4,10571,8222,15,0,,
Prawn,---,1995,5,3,2,600,*,*,*,,
Prawn,---,1995,5,6,1,880,*,*,*,,
Prawn,---,1995,5,9,4,7931,3310,2,0,,
Prawn,---,1995,5,15,3,6354,6360,0,0,,
Prawn,---,1995,5,16,4,36090,32196,109,0,,
Prawn,---,1995,5,17,3,11880,6349,0,0,,
Prawn,---,1995,5,18,2,1230,*,*,*,,
Prawn,---,1995,5,19,4,4180,3065,0,0,,
Prawn,---,1995,5,23,6,45856,40241,3378,12910,,
Prawn,---,1995,5,24,1,3288,*,*,*,,
Prawn,---,1995,5,Total,14,138632,114882,4128,12910,,
Prawn,---,1995,6,0,1,500,*,*,*,,
Prawn,---,1995,6,1,20,70908,23836,11474,415,,
Prawn,---,1995,6,2,6,8606,4933,15,0,,
Prawn,---,1995,6,3,12,22341,14051,166,10,,
Prawn,---,1995,6,4,16,50295,30925,1966,4559,,
Prawn,---,1995,6,5,14,59244,45547,29,289,,
Prawn,---,1995,6,6,9,13366,6713,0,0,,
Prawn,---,1995,6,7,4,4240,2544,2,0,,
Prawn,---,1995,6,9,2,950,*,*,*,,
Prawn,---,1995,6,10,7,11284,5416,0,0,,
Prawn,---,1995,6,12,5,4200,2412,0,0,,
Prawn,---,1995,6,13,1,2065,*,*,*,,
Prawn,---,1995,6,14,4,2872,2043,0,0,,
Prawn,---,1995,6,15,1,263,*,*,*,,
Prawn,---,1995,6,16,5,3455,1486,0,0,,
Prawn,---,1995,6,17,2,1950,*,*,*,,
Prawn,---,1995,6,18,4,1578,715,0,0,,
Prawn,---,1995,6,19,18,18102,6336,314,16,,
Prawn,---,1995,6,20,9,20244,16463,6,396,,
Prawn,---,1995,6,21,3,6492,2397,49,0,,
Prawn,---,1995,6,22,3,4099,3452,115,0,,
Prawn,---,1995,6,23,5,7446,6065,0,0,,
Prawn,---,1995,6,24,2,1288,*,*,*,,
Prawn,---,1995,6,25,5,8911,5692,0,0,,
Prawn,---,1995,6,26,2,1764,*,*,*,,
Prawn,---,1995,6,27,2,845,*,*,*,,
Prawn,---,1995,6,28,6,14287,7845,0,0,,
Prawn,---,1995,6,Total,47,341595,192736,14136,5685,,
Prawn,---,1995,7,0,3,1190,541,0,0,,
Prawn,---,1995,7,1,4,22563,21583,0,0,,
Prawn,---,1995,7,2,3,4036,3374,0,0,,
Prawn,---,1995,7,3,3,6548,4559,0,0,,
Prawn,---,1995,7,4,5,9688,5889,0,0,,
Prawn,---,1995,7,5,3,5062,3894,0,0,,
Prawn,---,1995,7,6,1,598,*,*,*,,
Prawn,---,1995,7,7,5,8507,4635,1661,0,,
Prawn,---,1995,7,9,15,32201,20991,0,0,,
Prawn,---,1995,7,10,8,19259,13457,576,0,,
Prawn,---,1995,7,11,8,11873,7220,797,0,,
Prawn,---,1995,7,12,3,2047,983,0,0,,
Prawn,---,1995,7,13,4,9344,4833,0,0,,
Prawn,---,1995,7,14,7,24222,14800,2114,23,,
Prawn,---,1995,7,15,6,23340,13195,0,2,,
Prawn,---,1995,7,16,4,6161,3515,111,0,,
Prawn,---,1995,7,17,1,3256,*,*,*,,
Prawn,---,1995,7,18,5,3590,1893,0,0,,
Prawn,---,1995,7,20,2,21989,*,*,*,,
Prawn,---,1995,7,22,1,150,*,*,*,,
Prawn,---,1995,7,23,2,7300,*,*,*,,
Prawn,---,1995,7,24,1,850,*,*,*,,
Prawn,---,1995,7,25,4,5796,6410,0,0,,
Prawn,---,1995,7,26,2,900,*,*,*,,
Prawn,---,1995,7,27,3,11900,9325,0,15,,
Prawn,---,1995,7,28,2,10189,*,*,*,,
Prawn,---,1995,7,29,6,18404,13593,0,0,,
Prawn,---,1995,7,30,3,5616,1873,310,0,,
Prawn,---,1995,7,31,2,3718,*,*,*,,
Prawn,---,1995,7,Total,44,280297,190769,5577,40,,
Prawn,---,1995,8,0,1,900,*,*,*,,
Prawn,---,1995,8,2,3,677,333,0,0,,
Prawn,---,1995,8,3,4,4648,3075,0,0,,
Prawn,---,1995,8,4,6,17329,8732,0,0,,
Prawn,---,1995,8,5,11,9608,5012,0,0,,
Prawn,---,1995,8,6,8,4547,2097,12,0,,
Prawn,---,1995,8,7,11,36213,21804,1611,0,,
Prawn,---,1995,8,8,7,9259,5405,0,654,,
Prawn,---,1995,8,9,4,4046,1857,19,105,,
Prawn,---,1995,8,10,3,7726,7412,0,0,,
Prawn,---,1995,8,11,2,7450,*,*,*,,
Prawn,---,1995,8,12,5,14340,5804,498,3227,,
Prawn,---,1995,8,13,5,14433,8498,0,0,,
Prawn,---,1995,8,14,6,7208,3592,0,0,,
Prawn,---,1995,8,15,2,799,*,*,*,,
Prawn,---,1995,8,16,12,28960,17449,0,281,,
Prawn,---,1995,8,Total,29,168143,96327,2538,4488,,
Prawn,---,1995,9,0,2,4650,*,*,*,,
Prawn,---,1995,9,1,7,17381,12168,0,0,,
Prawn,---,1995,9,2,8,46766,25540,111,13,,
Prawn,---,1995,9,3,4,8343,4726,43,0,,
Prawn,---,1995,9,4,4,7999,4598,182,0,,
Prawn,---,1995,9,5,2,1199,*,*,*,,
Prawn,---,1995,9,6,4,7095,3821,7,129,,
Prawn,---,1995,9,7,3,7268,6367,0,0,,
Prawn,---,1995,9,8,2,3201,*,*,*,,
Prawn,---,1995,9,9,4,5003,2532,42,0,,
Prawn,---,1995,9,10,2,700,*,*,*,,
Prawn,---,1995,9,11,4,16645,10469,219,8,,
Prawn,---,1995,9,12,10,22228,14072,14,33,,
Prawn,---,1995,9,Total,23,148478,89878,649,191,,
Prawn,---,1995,10,0,1,100,*,*,*,,
Prawn,---,1995,10,1,4,5278,3814,0,0,,
Prawn,---,1995,10,2,3,4503,3387,0,0,,
Prawn,---,1995,10,3,1,349,*,*,*,,
Prawn,---,1995,10,4,4,7710,6139,0,0,,
Prawn,---,1995,10,5,3,3228,1928,0,0,,
Prawn,---,1995,10,6,3,2213,1255,0,0,,
Prawn,---,1995,10,7,5,7963,5328,0,0,,
Prawn,---,1995,10,10,1,500,*,*,*,,
Prawn,---,1995,10,11,1,1385,*,*,*,,
Prawn,---,1995,10,12,4,7756,5953,128,236,,
Prawn,---,1995,10,Total,14,40985,28903,128,236,,
Prawn,---,1995,11,0,1,1200,*,*,*,,
Prawn,---,1995,11,3,5,11658,5692,178,18,,
Prawn,---,1995,11,4,11,20480,7685,310,8,,
Prawn,---,1995,11,5,3,5496,2084,330,35,,
Prawn,---,1995,11,6,6,7488,2002,146,0,,
Prawn,---,1995,11,7,2,600,*,*,*,,
Prawn,---,1995,11,8,7,8323,3524,2,64,,
Prawn,---,1995,11,10,5,8423,4552,128,76,,
Prawn,---,1995,11,Total,20,63668,25883,1094,201,,
Prawn,---,1995,12,0,3,1535,1330,0,0,,
Prawn,---,1995,12,1,6,5494,2082,0,15,,
Prawn,---,1995,12,2,4,6310,3444,0,0,,
Prawn,---,1995,12,3,4,1539,528,0,0,,
Prawn,---,1995,12,4,2,4857,*,*,*,,
Prawn,---,1995,12,6,4,5381,2132,0,31,,
Prawn,---,1995,12,7,4,16288,13097,0,0,,
Prawn,---,1995,12,8,1,50,*,*,*,,
Prawn,---,1995,12,9,1,1500,*,*,*,,
Prawn,---,1995,12,10,3,650,155,0,0,,
Prawn,---,1995,12,11,2,964,*,*,*,,
Prawn,---,1995,12,13,1,300,*,*,*,,
Prawn,---,1995,12,15,1,299,*,*,*,,
Prawn,---,1995,12,16,1,200,*,*,*,,
Prawn,---,1995,12,18,1,760,*,*,*,,
Prawn,---,1995,12,20,1,200,*,*,*,,
Prawn,---,1995,12,22,3,6614,6675,0,0,,
Prawn,---,1995,12,23,8,46361,30898,0,70,,
Prawn,---,1995,12,24,2,896,*,*,*,,
Prawn,---,1995,12,26,27,133512,100260,31,0,,
Prawn,---,1995,12,27,14,36860,26210,0,0,,
Prawn,---,1995,12,28,4,11816,4472,10,0,,
Prawn,---,1995,12,29,3,2681,1775,54,0,,
Prawn,---,1995,12,30,2,4574,*,*,*,,
Prawn,---,1995,12,31,3,3400,1734,52,0,,
Prawn,---,1995,12,32,3,1391,684,43,0,,
Prawn,---,1995,12,33,4,1408,434,25,0,,
Prawn,---,1995,12,34,4,2862,1047,0,22,,
Prawn,---,1995,12,35,15,38408,25972,0,0,,
Prawn,---,1995,12,36,7,6314,5623,77,0,,
Prawn,---,1995,12,37,2,3443,*,*,*,,
Prawn,---,1995,12,38,9,8439,4770,0,83,,
Prawn,---,1995,12,39,10,16639,14659,0,311,,
Prawn,---,1995,12,40,12,72751,61022,84,332,,
Prawn,---,1995,12,41,7,34815,34514,0,698,,
Prawn,---,1995,12,42,1,40997,*,*,*,,
Prawn,---,1995,12,43,6,12833,10616,0,73,,
Prawn,---,1995,12,44,1,298,*,*,*,,
Prawn,---,1995,12,45,6,21270,14091,0,544,,
Prawn,---,1995,12,46,2,8072,*,*,*,,
Prawn,---,1995,12,47,2,2450,*,*,*,,
Prawn,---,1995,12,Total,68,565431,397776,442,2321,,
Prawn,---,1995,13,0,3,775,252,0,0,,
Prawn,---,1995,13,1,8,24087,12040,0,0,,
Prawn,---,1995,13,2,1,400,*,*,*,,
Prawn,---,1995,13,3,1,1600,*,*,*,,
Prawn,---,1995,13,5,1,76,*,*,*,,
Prawn,---,1995,13,11,1,50,*,*,*,,
Prawn,---,1995,13,12,6,26032,13896,0,0,,
Prawn,---,1995,13,13,3,4450,1690,113,0,,
Prawn,---,1995,13,14,10,48439,21490,0,0,,
Prawn,---,1995,13,15,5,28183,17291,0,0,,
Prawn,---,1995,13,16,11,22912,9256,0,0,,
Prawn,---,1995,13,17,20,56757,23323,0,0,,
Prawn,---,1995,13,18,12,25066,10528,0,0,,
Prawn,---,1995,13,19,19,35958,15143,0,0,,
Prawn,---,1995,13,20,7,23959,13504,0,0,,
Prawn,---,1995,13,21,16,69864,40814,0,0,,
Prawn,---,1995,13,22,13,93709,45230,0,2,,
Prawn,---,1995,13,24,1,92,*,*,*,,
Prawn,---,1995,13,25,3,12312,5949,0,0,,
Prawn,---,1995,13,26,3,835,67,0,0,,
Prawn,---,1995,13,33,1,300,*,*,*,,
Prawn,---,1995,13,35,4,1080,371,0,76,,
Prawn,---,1995,13,36,5,7887,3770,0,111,,
Prawn,---,1995,13,41,4,1749,529,0,0,,
Prawn,---,1995,13,42,9,21210,8938,0,0,,
Prawn,---,1995,13,43,14,56648,26033,0,0,,
Prawn,---,1995,13,Total,66,564430,271021,113,189,,
Prawn,---,1995,14,1,1,200,*,*,*,,
Prawn,---,1995,14,2,4,2529,1227,0,0,,
Prawn,---,1995,14,3,18,62375,35923,0,0,,
Prawn,---,1995,14,4,7,9400,5168,0,0,,
Prawn,---,1995,14,5,6,33750,21608,0,0,,
Prawn,---,1995,14,6,9,27503,19241,0,0,,
Prawn,---,1995,14,7,2,17701,*,*,*,,
Prawn,---,1995,14,9,8,21200,10940,0,0,,
Prawn,---,1995,14,11,1,7080,*,*,*,,
Prawn,---,1995,14,12,10,46494,28725,0,0,,
Prawn,---,1995,14,13,9,46012,31546,0,0,,
Prawn,---,1995,14,Total,34,274244,168845,0,0,,
Prawn,---,1995,15,0,1,0,*,*,*,,
Prawn,---,1995,15,1,12,76677,37479,0,0,,
Prawn,---,1995,15,2,22,128928,69378,0,0,,
Prawn,---,1995,15,3,11,88459,57994,0,0,,
Prawn,---,1995,15,4,1,3000,*,*,*,,
Prawn,---,1995,15,5,34,238672,125529,0,0,,
Prawn,---,1995,15,6,10,27105,18380,0,0,,
Prawn,---,1995,15,Total,52,562841,311207,0,0,,
Prawn,---,1995,16,0,5,2595,898,0,0,,
Prawn,---,1995,16,1,11,22359,9492,0,20,,
Prawn,---,1995,16,2,5,7390,2576,0,0,,
Prawn,---,1995,16,3,3,370,70,75,0,,
Prawn,---,1995,16,4,2,150,*,*,*,,
Prawn,---,1995,16,5,6,4850,1359,0,0,,
Prawn,---,1995,16,6,23,44591,21669,0,2,,
Prawn,---,1995,16,7,18,26818,17895,0,0,,
Prawn,---,1995,16,8,6,5676,1772,0,0,,
Prawn,---,1995,16,9,2,1379,*,*,*,,
Prawn,---,1995,16,10,5,37679,13971,0,0,,
Prawn,---,1995,16,11,8,34208,17686,0,0,,
Prawn,---,1995,16,12,6,6314,2420,0,0,,
Prawn,---,1995,16,13,4,23006,9299,0,0,,
Prawn,---,1995,16,14,4,2155,1135,0,0,,
Prawn,---,1995,16,15,2,9850,*,*,*,,
Prawn,---,1995,16,16,3,8250,4140,0,0,,
Prawn,---,1995,16,17,3,4900,2632,0,0,,
Prawn,---,1995,16,18,13,31360,15325,0,0,,
Prawn,---,1995,16,19,12,26595,15175,0,0,,
Prawn,---,1995,16,20,7,19414,15297,0,0,,
Prawn,---,1995,16,21,13,30290,22415,0,0,,
Prawn,---,1995,16,22,3,350,187,0,0,,
Prawn,---,1995,16,Total,56,350549,181928,75,22,,
Prawn,---,1995,17,0,2,2577,*,*,*,,
Prawn,---,1995,17,1,2,330,*,*,*,,
Prawn,---,1995,17,2,1,150,*,*,*,,
Prawn,---,1995,17,3,1,250,*,*,*,,
Prawn,---,1995,17,4,2,690,*,*,*,,
Prawn,---,1995,17,5,4,23094,16880,0,0,,
Prawn,---,1995,17,6,5,21104,15273,0,0,,
Prawn,---,1995,17,8,1,50,*,*,*,,
Prawn,---,1995,17,9,6,32673,23035,49,0,,
Prawn,---,1995,17,10,6,7125,4376,0,0,,
Prawn,---,1995,17,11,10,12094,4849,0,0,,
Prawn,---,1995,17,12,13,108470,45836,0,0,,
Prawn,---,1995,17,13,2,3707,*,*,*,,
Prawn,---,1995,17,14,3,5090,1440,0,0,,
Prawn,---,1995,17,15,2,1584,*,*,*,,
Prawn,---,1995,17,16,3,990,25,0,0,,
Prawn,---,1995,17,17,3,4500,2118,0,0,,
Prawn,---,1995,17,18,5,6850,3461,0,0,,
Prawn,---,1995,17,19,1,200,*,*,*,,
Prawn,---,1995,17,Total,33,231528,119592,49,0,,
Prawn,---,1995,18,0,2,11077,*,*,*,,
Prawn,---,1995,18,1,4,24764,11899,0,0,,
Prawn,---,1995,18,3,1,150,*,*,*,,
Prawn,---,1995,18,4,2,3550,*,*,*,,
Prawn,---,1995,18,6,1,510,*,*,*,,
Prawn,---,1995,18,7,1,3900,*,*,*,,
Prawn,---,1995,18,11,2,4200,*,*,*,,
Prawn,---,1995,18,Total,9,48151,24515,10,1,,
Prawn,---,1995,19,0,1,2733,*,*,*,,
Prawn,---,1995,19,3,1,200,*,*,*,,
Prawn,---,1995,19,7,4,750,566,0,0,,
Prawn,---,1995,19,8,13,32230,31849,0,0,,
Prawn,---,1995,19,9,2,250,*,*,*,,
Prawn,---,1995,19,10,3,650,503,0,0,,
Prawn,---,1995,19,11,1,700,*,*,*,,
Prawn,---,1995,19,12,1,50,*,*,*,,
Prawn,---,1995,19,Total,16,37563,34861,0,0,,
Prawn,---,1995,20,5,1,400,*,*,*,,
Prawn,---,1995,20,7,3,3837,0,0,10272,,
Prawn,---,1995,20,Total,3,4237,0,0,10272,,
Prawn,---,1995,23,0,2,7998,*,*,*,,
Prawn,---,1995,23,1,8,24698,21820,0,0,,
Prawn,---,1995,23,2,14,42033,49064,0,0,,
Prawn,---,1995,23,3,6,10370,9653,0,0,,
Prawn,---,1995,23,4,7,38293,22804,0,0,,
Prawn,---,1995,23,5,2,3535,*,*,*,,
Prawn,---,1995,23,6,6,16635,10182,0,0,,
Prawn,---,1995,23,7,4,25392,16931,0,0,,
Prawn,---,1995,23,8,1,1022,*,*,*,,
Prawn,---,1995,23,Total,23,169976,140558,0,0,,
Prawn,---,1995,24,0,1,150,*,*,*,,
Prawn,---,1995,24,2,3,5149,2679,0,0,,
Prawn,---,1995,24,3,2,1814,*,*,*,,
Prawn,---,1995,24,4,1,49,*,*,*,,
Prawn,---,1995,24,12,1,141,*,*,*,,
Prawn,---,1995,24,13,2,1181,*,*,*,,
Prawn,---,1995,24,14,1,384,*,*,*,,
Prawn,---,1995,24,Total,3,8868,4161,0,0,,
Prawn,---,1995,25,1,13,28404,31675,0,0,,
Prawn,---,1995,25,2,7,9069,7833,0,0,,
Prawn,---,1995,25,3,8,6739,6207,0,0,,
Prawn,---,1995,25,4,8,15435,8705,0,0,,
Prawn,---,1995,25,5,5,7030,4086,0,0,,
Prawn,---,1995,25,6,7,9550,7191,0,0,,
Prawn,---,1995,25,8,5,10043,7069,0,0,,
Prawn,---,1995,25,9,4,6453,3842,0,0,,
Prawn,---,1995,25,10,4,1490,792,0,0,,
Prawn,---,1995,25,11,4,6130,3770,0,0,,
Prawn,---,1995,25,13,5,6378,3005,0,0,,
Prawn,---,1995,25,15,4,3365,2646,0,0,,
Prawn,---,1995,25,16,3,1950,1225,0,0,,
Prawn,---,1995,25,Total,21,112036,88046,0,0,,
Prawn,---,1995,26,0,1,300,*,*,*,,
Prawn,---,1995,26,2,4,6816,4023,0,0,,
Prawn,---,1995,26,3,2,340,*,*,*,,
Prawn,---,1995,26,4,4,6943,4139,0,0,,
Prawn,---,1995,26,5,2,3116,*,*,*,,
Prawn,---,1995,26,6,3,1576,1132,0,0,,
Prawn,---,1995,26,7,2,2784,*,*,*,,
Prawn,---,1995,26,8,1,50,*,*,*,,
Prawn,---,1995,26,9,2,8698,*,*,*,,
Prawn,---,1995,26,10,2,2270,*,*,*,,
Prawn,---,1995,26,Total,5,32893,20963,0,0,,
Prawn,---,1995,27,0,1,560,*,*,*,,
Prawn,---,1995,27,2,1,350,*,*,*,,
Prawn,---,1995,27,5,3,6100,2868,0,0,,
Prawn,---,1995,27,7,6,41845,15122,0,0,,
Prawn,---,1995,27,8,3,9476,3949,0,0,,
Prawn,---,1995,27,10,2,84,*,*,*,,
Prawn,---,1995,27,11,3,9049,3394,0,0,,
Prawn,---,1995,27,Total,8,67464,25628,0,0,,
Prawn,---,1995,28,0,1,2100,*,*,*,,
Prawn,---,1995,28,1,27,42945,32232,0,40,,
Prawn,---,1995,28,2,36,28945,15672,9,0,,
Prawn,---,1995,28,3,21,32125,28199,0,0,,
Prawn,---,1995,28,4,27,42012,36821,379,7,,
Prawn,---,1995,28,5,13,9141,6803,312,0,,
Prawn,---,1995,28,6,2,1850,*,*,*,,
Prawn,---,1995,28,9,1,1850,*,*,*,,
Prawn,---,1995,28,13,1,150,*,*,*,,
Prawn,---,1995,28,Total,82,161118,125297,700,87,,
Prawn,---,1995,29,1,4,3200,**,**,**,,
Prawn,---,1995,29,2,10,33556,15216,0,0,,
Prawn,---,1995,29,3,6,7731,3924,0,0,,
Prawn,---,1995,29,4,1,50,*,*,*,,
Prawn,---,1995,29,5,9,38812,23957,0,0,,
Prawn,---,1995,29,Total,16,83349,44347,0,0,,
Prawn,---,1995,106,1,1,1089,*,*,*,,
Prawn,---,1995,106,2,1,150,*,*,*,,
Prawn,---,1995,106,Total,2,1239,*,*,*,,
Prawn,---,1995,107,2,1,2220,*,*,*,,
Prawn,---,1995,107,Total,1,2220,*,*,*,,
Prawn,---,1995,108,1,1,150,*,*,*,,
Prawn,---,1995,108,Total,1,150,*,*,*,,
Prawn,---,1996,1,6,1,2900,*,*,*,,
Prawn,---,1996,1,Total,1,2900,*,*,*,,
Prawn,---,1996,2,2,1,600,*,*,*,,
Prawn,---,1996,2,3,1,200,*,*,*,,
Prawn,---,1996,2,4,1,350,*,*,*,,
Prawn,---,1996,2,6,5,9200,12847,0,0,,
Prawn,---,1996,2,7,1,150,*,*,*,,
Prawn,---,1996,2,8,7,24950,29614,0,0,,
Prawn,---,1996,2,9,3,12225,34793,4,0,,
Prawn,---,1996,2,10,2,1850,*,*,*,,
Prawn,---,1996,2,11,4,6389,2949,0,0,,
Prawn,---,1996,2,12,3,3000,1143,0,0,,
Prawn,---,1996,2,15,1,750,*,*,*,,
Prawn,---,1996,2,42,2,1850,*,*,*,,
Prawn,---,1996,2,43,1,650,*,*,*,,
Prawn,---,1996,2,45,1,350,*,*,*,,
Prawn,---,1996,2,46,1,50,*,*,*,,
Prawn,---,1996,2,47,1,350,*,*,*,,
Prawn,---,1996,2,50,1,50,*,*,*,,
Prawn,---,1996,2,53,1,50,*,*,*,,
Prawn,---,1996,2,54,1,150,*,*,*,,
Prawn,---,1996,2,55,1,50,*,*,*,,
Prawn,---,1996,2,59,1,42,*,*,*,,
Prawn,---,1996,2,60,1,100,*,*,*,,
Prawn,---,1996,2,63,1,1800,*,*,*,,
Prawn,---,1996,2,Total,8,65156,86572,24,0,,
Prawn,---,1996,3,0,1,6300,*,*,*,,
Prawn,---,1996,3,1,2,2550,*,*,*,,
Prawn,---,1996,3,2,1,450,*,*,*,,
Prawn,---,1996,3,3,2,1050,*,*,*,,
Prawn,---,1996,3,5,1,1350,*,*,*,,
Prawn,---,1996,3,6,7,36234,26581,2863,27,,
Prawn,---,1996,3,7,5,15788,11395,133,0,,
Prawn,---,1996,3,8,3,4685,3005,16,0,,
Prawn,---,1996,3,9,1,3300,*,*,*,,
Prawn,---,1996,3,10,4,7565,4654,685,0,,
Prawn,---,1996,3,11,3,7814,5201,565,0,,
Prawn,---,1996,3,12,2,700,*,*,*,,
Prawn,---,1996,3,13,1,150,*,*,*,,
Prawn,---,1996,3,14,2,900,*,*,*,,
Prawn,---,1996,3,15,1,2250,*,*,*,,
Prawn,---,1996,3,Total,11,91086,63885,5382,27,,
Prawn,---,1996,4,5,1,600,*,*,*,,
Prawn,---,1996,4,9,3,7600,5568,146,0,,
Prawn,---,1996,4,10,10,135824,9070,36605,13985,,
Prawn,---,1996,4,11,2,1050,*,*,*,,
Prawn,---,1996,4,12,3,2100,1122,341,0,,
Prawn,---,1996,4,Total,13,147174,16635,37482,13985,,
Prawn,---,1996,5,1,6,41702,45473,14200,100,,
Prawn,---,1996,5,2,6,27047,19836,252,61,,
Prawn,---,1996,5,9,2,4655,*,*,*,,
Prawn,---,1996,5,10,1,1800,*,*,*,,
Prawn,---,1996,5,13,1,200,*,*,*,,
Prawn,---,1996,5,14,4,14441,9131,392,12,,
Prawn,---,1996,5,15,4,7092,6035,0,250,,
Prawn,---,1996,5,16,8,63260,59176,395,75,,
Prawn,---,1996,5,17,9,27471,19017,2,0,,
Prawn,---,1996,5,18,4,3051,2108,0,0,,
Prawn,---,1996,5,19,8,15861,18037,295,0,,
Prawn,---,1996,5,23,10,57203,33522,15090,566,,
Prawn,---,1996,5,24,5,20622,18695,192,0,,
Prawn,---,1996,5,Total,28,284405,235324,30915,1344,,
Prawn,---,1996,6,1,13,53046,32132,6231,1175,,
Prawn,---,1996,6,2,5,2831,1607,13,0,,
Prawn,---,1996,6,3,10,16860,12035,74,0,,
Prawn,---,1996,6,4,9,41925,22255,8734,162,,
Prawn,---,1996,6,5,19,100078,98960,2101,109,,
Prawn,---,1996,6,6,12,33865,23419,0,0,,
Prawn,---,1996,6,7,6,7734,5100,0,0,,
Prawn,---,1996,6,8,1,300,*,*,*,,
Prawn,---,1996,6,9,5,4505,3477,0,0,,
Prawn,---,1996,6,10,7,5077,2287,0,0,,
Prawn,---,1996,6,11,1,220,*,*,*,,
Prawn,---,1996,6,12,10,26480,15715,104,0,,
Prawn,---,1996,6,13,2,1600,*,*,*,,
Prawn,---,1996,6,14,2,1360,*,*,*,,
Prawn,---,1996,6,15,1,600,*,*,*,,
Prawn,---,1996,6,16,4,2271,1163,0,0,,
Prawn,---,1996,6,17,3,1444,1281,0,0,,
Prawn,---,1996,6,18,2,6150,*,*,*,,
Prawn,---,1996,6,19,9,17242,8157,79,0,,
Prawn,---,1996,6,20,14,32248,24208,64,0,,
Prawn,---,1996,6,21,2,5750,*,*,*,,
Prawn,---,1996,6,22,7,14091,10700,605,0,,
Prawn,---,1996,6,23,7,12752,10934,19,0,,
Prawn,---,1996,6,24,5,6323,4874,4,0,,
Prawn,---,1996,6,25,2,5900,*,*,*,,
Prawn,---,1996,6,26,3,2566,1405,0,0,,
Prawn,---,1996,6,27,4,2834,2311,0,0,,
Prawn,---,1996,6,28,9,12723,10846,4,0,,
Prawn,---,1996,6,Total,45,418775,309490,18509,1446,,
Prawn,---,1996,7,1,4,17472,20049,0,0,,
Prawn,---,1996,7,2,5,5324,5137,0,0,,
Prawn,---,1996,7,3,7,30956,24561,2,0,,
Prawn,---,1996,7,4,9,12656,7420,2,0,,
Prawn,---,1996,7,5,6,5425,2948,0,0,,
Prawn,---,1996,7,6,8,11510,7237,0,0,,
Prawn,---,1996,7,7,12,28617,23221,500,36,,
Prawn,---,1996,7,8,1,2100,*,*,*,,
Prawn,---,1996,7,9,14,50932,40056,0,77,,
Prawn,---,1996,7,10,10,24242,22018,26,0,,
Prawn,---,1996,7,11,5,28374,23907,41,0,,
Prawn,---,1996,7,12,9,15517,14441,4,0,,
Prawn,---,1996,7,13,7,19399,14035,21,0,,
Prawn,---,1996,7,14,9,35384,26550,229,0,,
Prawn,---,1996,7,15,13,38729,28448,532,0,,
Prawn,---,1996,7,16,7,22737,13779,541,0,,
Prawn,---,1996,7,17,8,14770,11783,43,0,,
Prawn,---,1996,7,18,5,15414,13717,0,190,,
Prawn,---,1996,7,19,2,5250,*,*,*,,
Prawn,---,1996,7,20,1,8912,*,*,*,,
Prawn,---,1996,7,22,1,1248,*,*,*,,
Prawn,---,1996,7,23,5,9388,5620,46,0,,
Prawn,---,1996,7,24,5,8442,7094,0,0,,
Prawn,---,1996,7,25,5,8358,5750,32,0,,
Prawn,---,1996,7,26,1,7250,*,*,*,,
Prawn,---,1996,7,27,3,5186,3125,0,0,,
Prawn,---,1996,7,28,2,18600,*,*,*,,
Prawn,---,1996,7,29,6,9072,8973,2,0,,
Prawn,---,1996,7,30,7,10747,9384,479,0,,
Prawn,---,1996,7,31,2,1041,*,*,*,,
Prawn,---,1996,7,Total,48,473052,380444,2541,303,,
Prawn,---,1996,8,2,2,3300,*,*,*,,
Prawn,---,1996,8,3,2,1400,*,*,*,,
Prawn,---,1996,8,4,5,17378,16687,6,0,,
Prawn,---,1996,8,5,6,5176,3977,0,0,,
Prawn,---,1996,8,6,2,3000,*,*,*,,
Prawn,---,1996,8,7,6,29261,28180,0,0,,
Prawn,---,1996,8,8,4,6163,3915,0,1683,,
Prawn,---,1996,8,9,3,5273,3546,0,2233,,
Prawn,---,1996,8,10,3,3025,2466,0,12,,
Prawn,---,1996,8,11,4,11241,7819,0,2409,,
Prawn,---,1996,8,12,4,13940,12615,0,1796,,
Prawn,---,1996,8,13,4,17143,19310,2,3,,
Prawn,---,1996,8,14,3,4720,5052,20,20,,
Prawn,---,1996,8,15,2,4431,*,*,*,,
Prawn,---,1996,8,16,5,7075,4354,22,0,,
Prawn,---,1996,8,Total,22,132526,116644,52,8212,,
Prawn,---,1996,9,1,6,28097,23165,0,0,,
Prawn,---,1996,9,2,7,23614,16673,0,0,,
Prawn,---,1996,9,3,6,16733,16379,716,0,,
Prawn,---,1996,9,4,3,3355,3226,440,26,,
Prawn,---,1996,9,5,2,3538,*,*,*,,
Prawn,---,1996,9,6,2,5175,*,*,*,,
Prawn,---,1996,9,7,2,6028,*,*,*,,
Prawn,---,1996,9,8,1,4590,*,*,*,,
Prawn,---,1996,9,9,2,8464,*,*,*,,
Prawn,---,1996,9,10,3,10027,8335,862,40,,
Prawn,---,1996,9,11,5,9948,9132,297,0,,
Prawn,---,1996,9,12,8,25009,15310,0,0,,
Prawn,---,1996,9,Total,16,144578,120015,2735,66,,
Prawn,---,1996,10,1,3,1455,1290,0,0,,
Prawn,---,1996,10,2,1,60,*,*,*,,
Prawn,---,1996,10,3,3,3090,1610,18,0,,
Prawn,---,1996,10,4,6,17835,14820,74,2,,
Prawn,---,1996,10,5,4,4294,3085,0,4,,
Prawn,---,1996,10,6,4,4571,3838,0,0,,
Prawn,---,1996,10,7,2,515,*,*,*,,
Prawn,---,1996,10,8,3,3230,3659,0,0,,
Prawn,---,1996,10,9,1,402,*,*,*,,
Prawn,---,1996,10,10,2,2840,*,*,*,,
Prawn,---,1996,10,12,3,4577,3674,219,155,,
Prawn,---,1996,10,Total,8,42869,34658,311,161,,
Prawn,---,1996,11,2,4,19641,14924,0,0,,
Prawn,---,1996,11,3,7,8310,4393,22,0,,
Prawn,---,1996,11,4,7,6899,3464,15,0,,
Prawn,---,1996,11,5,5,4407,2249,0,0,,
Prawn,---,1996,11,7,1,1728,*,*,*,,
Prawn,---,1996,11,8,3,2235,1773,78,0,,
Prawn,---,1996,11,9,2,520,*,*,*,,
Prawn,---,1996,11,10,5,10143,2848,14,0,,
Prawn,---,1996,11,Total,17,53883,30703,129,0,,
Prawn,---,1996,12,1,3,3100,2017,0,0,,
Prawn,---,1996,12,2,7,17591,8960,0,0,,
Prawn,---,1996,12,3,2,2400,*,*,*,,
Prawn,---,1996,12,4,1,5250,*,*,*,,
Prawn,---,1996,12,5,1,100,*,*,*,,
Prawn,---,1996,12,6,9,20662,22795,0,0,,
Prawn,---,1996,12,7,14,65961,59748,0,0,,
Prawn,---,1996,12,8,2,1744,*,*,*,,
Prawn,---,1996,12,9,5,10315,9254,0,0,,
Prawn,---,1996,12,10,1,100,*,*,*,,
Prawn,---,1996,12,11,4,3147,1606,0,0,,
Prawn,---,1996,12,13,9,18346,11881,0,0,,
Prawn,---,1996,12,14,1,50,*,*,*,,
Prawn,---,1996,12,15,2,550,*,*,*,,
Prawn,---,1996,12,16,4,1670,420,0,0,,
Prawn,---,1996,12,18,1,2905,*,*,*,,
Prawn,---,1996,12,19,1,600,*,*,*,,
Prawn,---,1996,12,22,4,6413,5371,0,0,,
Prawn,---,1996,12,23,7,97158,81065,0,0,,
Prawn,---,1996,12,26,25,238839,203535,79,50,,
Prawn,---,1996,12,27,21,92110,74128,128,86,,
Prawn,---,1996,12,28,4,5687,4202,25,0,,
Prawn,---,1996,12,29,5,2958,2088,58,0,,
Prawn,---,1996,12,30,3,2150,1242,15,0,,
Prawn,---,1996,12,31,2,717,*,*,*,,
Prawn,---,1996,12,32,2,580,*,*,*,,
Prawn,---,1996,12,33,1,140,*,*,*,,
Prawn,---,1996,12,34,2,580,*,*,*,,
Prawn,---,1996,12,35,31,105894,88292,103,11,,
Prawn,---,1996,12,36,10,16582,15353,339,239,,
Prawn,---,1996,12,37,8,11006,10337,238,12,,
Prawn,---,1996,12,38,13,25987,21062,0,0,,
Prawn,---,1996,12,39,18,51877,47437,0,0,,
Prawn,---,1996,12,40,14,70522,66672,10,0,,
Prawn,---,1996,12,41,7,50675,39832,0,4,,
Prawn,---,1996,12,42,2,2245,*,*,*,,
Prawn,---,1996,12,43,7,10776,8805,4,303,,
Prawn,---,1996,12,45,6,20598,16972,40,17,,
Prawn,---,1996,12,46,3,4095,4603,0,0,,
Prawn,---,1996,12,47,6,6509,5064,4,0,,
Prawn,---,1996,12,48,1,50,*,*,*,,
Prawn,---,1996,12,Total,71,978639,826509,1362,722,,
Prawn,---,1996,13,1,4,5380,3075,0,0,,
Prawn,---,1996,13,3,1,697,*,*,*,,
Prawn,---,1996,13,5,2,5998,*,*,*,,
Prawn,---,1996,13,6,1,696,*,*,*,,
Prawn,---,1996,13,12,4,12035,8529,0,0,,
Prawn,---,1996,13,13,1,600,*,*,*,,
Prawn,---,1996,13,14,9,24859,14945,0,0,,
Prawn,---,1996,13,15,10,22470,13501,0,134,,
Prawn,---,1996,13,16,11,25504,13611,0,0,,
Prawn,---,1996,13,17,13,31254,19071,0,0,,
Prawn,---,1996,13,18,10,28281,15877,0,0,,
Prawn,---,1996,13,19,11,25190,14245,0,0,,
Prawn,---,1996,13,20,11,30404,19018,0,0,,
Prawn,---,1996,13,21,15,65494,38140,0,0,,
Prawn,---,1996,13,22,11,31176,14238,0,0,,
Prawn,---,1996,13,23,3,2890,2138,0,0,,
Prawn,---,1996,13,24,2,8900,*,*,*,,
Prawn,---,1996,13,35,3,2229,1196,0,0,,
Prawn,---,1996,13,36,5,11676,8167,0,780,,
Prawn,---,1996,13,40,1,300,*,*,*,,
Prawn,---,1996,13,41,2,750,*,*,*,,
Prawn,---,1996,13,42,8,25457,10488,4,0,,
Prawn,---,1996,13,43,10,42009,18433,14,0,,
Prawn,---,1996,13,Total,51,404249,222194,18,914,,
Prawn,---,1996,14,1,2,3173,*,*,*,,
Prawn,---,1996,14,2,3,4053,2285,0,0,,
Prawn,---,1996,14,3,16,39107,28810,0,0,,
Prawn,---,1996,14,4,6,13427,11713,0,0,,
Prawn,---,1996,14,5,5,23446,14490,0,0,,
Prawn,---,1996,14,6,15,36509,28404,0,0,,
Prawn,---,1996,14,7,2,1000,*,*,*,,
Prawn,---,1996,14,9,5,18421,11697,31,4,,
Prawn,---,1996,14,12,9,47817,30168,0,0,,
Prawn,---,1996,14,13,10,49252,37957,0,0,,
Prawn,---,1996,14,Total,37,236205,169088,31,4,,
Prawn,---,1996,15,1,13,91744,51410,0,0,,
Prawn,---,1996,15,2,21,91889,52613,0,0,,
Prawn,---,1996,15,3,17,119968,86274,0,0,,
Prawn,---,1996,15,4,3,7230,5235,0,0,,
Prawn,---,1996,15,5,30,228426,123793,0,0,,
Prawn,---,1996,15,6,6,26580,16608,0,0,,
Prawn,---,1996,15,Total,53,565837,335933,0,0,,
Prawn,---,1996,16,0,1,500,*,*,*,,
Prawn,---,1996,16,1,10,49149,29105,0,0,,
Prawn,---,1996,16,2,6,15930,9642,0,0,,
Prawn,---,1996,16,3,3,4850,2674,0,0,,
Prawn,---,1996,16,5,5,1498,356,0,0,,
Prawn,---,1996,16,6,18,15740,6934,0,0,,
Prawn,---,1996,16,7,14,14733,6947,0,0,,
Prawn,---,1996,16,8,8,5553,1589,0,0,,
Prawn,---,1996,16,9,2,2683,*,*,*,,
Prawn,---,1996,16,10,6,29126,14647,0,0,,
Prawn,---,1996,16,11,14,40498,20424,0,0,,
Prawn,---,1996,16,12,7,24761,12468,0,0,,
Prawn,---,1996,16,13,8,42815,18768,0,0,,
Prawn,---,1996,16,14,5,8232,3888,0,0,,
Prawn,---,1996,16,15,3,15457,8076,0,0,,
Prawn,---,1996,16,16,3,10861,8550,0,0,,
Prawn,---,1996,16,17,3,12033,6929,0,0,,
Prawn,---,1996,16,18,13,50711,40885,0,0,,
Prawn,---,1996,16,19,8,21674,15628,0,0,,
Prawn,---,1996,16,20,7,17050,12525,0,0,,
Prawn,---,1996,16,21,11,24480,19738,0,0,,
Prawn,---,1996,16,22,1,935,*,*,*,,
Prawn,---,1996,16,Total,59,409269,241442,0,0,,
Prawn,---,1996,17,1,2,8028,*,*,*,,
Prawn,---,1996,17,2,2,124,*,*,*,,
Prawn,---,1996,17,4,1,873,*,*,*,,
Prawn,---,1996,17,5,5,23430,27476,0,0,,
Prawn,---,1996,17,6,8,43894,39100,42,0,,
Prawn,---,1996,17,9,5,37968,24450,31,15,,
Prawn,---,1996,17,10,5,9010,7415,0,0,,
Prawn,---,1996,17,11,11,15525,8697,0,0,,
Prawn,---,1996,17,12,9,103810,62545,0,0,,
Prawn,---,1996,17,13,2,3100,*,*,*,,
Prawn,---,1996,17,16,1,97,*,*,*,,
Prawn,---,1996,17,17,3,4199,2564,0,0,,
Prawn,---,1996,17,18,5,29265,17613,0,0,,
Prawn,---,1996,17,Total,34,279323,198200,73,15,,
Prawn,---,1996,18,1,3,28110,15026,0,0,,
Prawn,---,1996,18,6,1,881,*,*,*,,
Prawn,---,1996,18,8,1,1346,*,*,*,,
Prawn,---,1996,18,11,3,2653,1516,0,0,,
Prawn,---,1996,18,Total,6,32990,17773,0,0,,
Prawn,---,1996,19,3,1,150,*,*,*,,
Prawn,---,1996,19,7,8,10776,7123,95,0,,
Prawn,---,1996,19,8,15,25883,25593,0,0,,
Prawn,---,1996,19,9,1,2250,*,*,*,,
Prawn,---,1996,19,10,4,2127,1342,0,0,,
Prawn,---,1996,19,11,2,94,*,*,*,,
Prawn,---,1996,19,12,1,568,*,*,*,,
Prawn,---,1996,19,Total,24,41848,37444,95,0,,
Prawn,---,1996,20,4,1,150,*,*,*,,
Prawn,---,1996,20,7,3,2415,0,0,7350,,
Prawn,---,1996,20,Total,4,2565,100,0,7350,,
Prawn,---,1996,23,1,11,26534,21386,0,0,,
Prawn,---,1996,23,2,18,45186,39794,0,0,,
Prawn,---,1996,23,3,5,7431,3849,0,0,,
Prawn,---,1996,23,4,4,27000,15202,0,0,,
Prawn,---,1996,23,5,3,7096,1635,0,0,,
Prawn,---,1996,23,6,5,12392,6141,0,15,,
Prawn,---,1996,23,7,1,27100,*,*,*,,
Prawn,---,1996,23,8,1,643,*,*,*,,
Prawn,---,1996,23,Total,32,153382,107510,0,15,,
Prawn,---,1996,24,2,1,750,*,*,*,,
Prawn,---,1996,24,3,2,1250,*,*,*,,
Prawn,---,1996,24,13,1,1300,*,*,*,,
Prawn,---,1996,24,14,2,300,*,*,*,,
Prawn,---,1996,24,Total,2,3600,*,*,*,,
Prawn,---,1996,25,1,10,17094,9335,0,0,,
Prawn,---,1996,25,2,3,4748,2775,0,0,,
Prawn,---,1996,25,3,4,5414,3240,0,0,,
Prawn,---,1996,25,4,5,6712,4169,0,0,,
Prawn,---,1996,25,5,2,6936,*,*,*,,
Prawn,---,1996,25,6,5,18523,13432,0,0,,
Prawn,---,1996,25,8,3,11589,8193,0,0,,
Prawn,---,1996,25,9,3,6225,6560,0,0,,
Prawn,---,1996,25,10,1,3110,*,*,*,,
Prawn,---,1996,25,11,2,5033,*,*,*,,
Prawn,---,1996,25,13,3,5432,5071,0,0,,
Prawn,---,1996,25,15,4,3671,1731,0,0,,
Prawn,---,1996,25,16,2,1050,*,*,*,,
Prawn,---,1996,25,Total,13,95537,69399,0,0,,
Prawn,---,1996,26,2,3,4150,2606,0,0,,
Prawn,---,1996,26,3,1,250,*,*,*,,
Prawn,---,1996,26,4,3,13600,9654,0,0,,
Prawn,---,1996,26,5,2,4650,*,*,*,,
Prawn,---,1996,26,9,1,3650,*,*,*,,
Prawn,---,1996,26,10,1,500,*,*,*,,
Prawn,---,1996,26,Total,3,26800,18705,0,0,,
Prawn,---,1996,27,2,2,6650,*,*,*,,
Prawn,---,1996,27,5,2,4000,*,*,*,,
Prawn,---,1996,27,7,4,18949,12076,0,0,,
Prawn,---,1996,27,8,3,5100,2524,0,0,,
Prawn,---,1996,27,9,1,2050,*,*,*,,
Prawn,---,1996,27,10,1,265,*,*,*,,
Prawn,---,1996,27,11,3,9216,6260,0,0,,
Prawn,---,1996,27,Total,5,46230,28794,0,0,,
Prawn,---,1996,28,0,1,400,*,*,*,,
Prawn,---,1996,28,1,6,4719,2533,0,0,,
Prawn,---,1996,28,2,21,30373,20459,22,2,,
Prawn,---,1996,28,3,13,13770,9314,0,15,,
Prawn,---,1996,28,4,18,19288,9093,0,6,,
Prawn,---,1996,28,5,5,4333,2008,0,0,,
Prawn,---,1996,28,6,1,55,*,*,*,,
Prawn,---,1996,28,12,2,1050,*,*,*,,
Prawn,---,1996,28,13,2,1779,*,*,*,,
Prawn,---,1996,28,Total,45,75767,45654,22,23,,
Prawn,---,1996,29,1,2,1691,*,*,*,,
Prawn,---,1996,29,2,8,33417,19648,0,0,,
Prawn,---,1996,29,3,4,2225,1643,0,0,,
Prawn,---,1996,29,4,1,100,*,*,*,,
Prawn,---,1996,29,5,9,31850,25267,0,0,,
Prawn,---,1996,29,7,1,300,*,*,*,,
Prawn,---,1996,29,Total,17,69583,47357,0,0,,
Prawn,---,1996,102,2,1,450,*,*,*,,
Prawn,---,1996,102,Total,1,450,*,*,*,,
Prawn,---,1996,107,2,2,7366,*,*,*,,
Prawn,---,1996,107,Total,2,7366,*,*,*,,
Prawn,---,1997,0,0,1,200,*,*,*,,
Prawn,---,1997,0,Total,1,200,*,*,*,,
Prawn,---,1997,1,6,1,4170,*,*,*,,
Prawn,---,1997,1,Total,1,4170,*,*,*,,
Prawn,---,1997,2,3,1,2400,*,*,*,,
Prawn,---,1997,2,4,1,2100,*,*,*,,
Prawn,---,1997,2,6,2,8350,*,*,*,,
Prawn,---,1997,2,8,4,13950,23008,8,0,,
Prawn,---,1997,2,9,3,5849,12367,0,0,,
Prawn,---,1997,2,10,3,3500,4509,0,0,,
Prawn,---,1997,2,11,1,550,*,*,*,,
Prawn,---,1997,2,12,1,600,*,*,*,,
Prawn,---,1997,2,13,1,1900,*,*,*,,
Prawn,---,1997,2,Total,6,39199,69423,272,0,,
Prawn,---,1997,3,1,1,2700,*,*,*,,
Prawn,---,1997,3,2,1,150,*,*,*,,
Prawn,---,1997,3,3,3,15225,6687,300,0,,
Prawn,---,1997,3,4,2,1650,*,*,*,,
Prawn,---,1997,3,6,8,49561,37492,2267,0,,
Prawn,---,1997,3,7,5,8375,4914,661,0,,
Prawn,---,1997,3,8,1,1000,*,*,*,,
Prawn,---,1997,3,9,3,2225,852,71,0,,
Prawn,---,1997,3,10,7,11920,5731,1293,11,,
Prawn,---,1997,3,11,3,8850,4107,552,0,,
Prawn,---,1997,3,13,1,400,*,*,*,,
Prawn,---,1997,3,14,1,3150,*,*,*,,
Prawn,---,1997,3,15,2,2681,*,*,*,,
Prawn,---,1997,3,17,1,1250,*,*,*,,
Prawn,---,1997,3,Total,15,109137,65475,6874,11,,
Prawn,---,1997,4,5,7,43844,17481,10,0,,
Prawn,---,1997,4,9,7,28300,16057,728,0,,
Prawn,---,1997,4,10,7,149165,20,55597,145,,
Prawn,---,1997,4,11,4,54350,0,22709,3587,,
Prawn,---,1997,4,12,7,15450,9465,542,0,,
Prawn,---,1997,4,Total,15,291109,43023,79586,3732,,
Prawn,---,1997,5,1,4,9355,5140,484,0,,
Prawn,---,1997,5,2,6,5250,3866,0,0,,
Prawn,---,1997,5,12,1,1200,*,*,*,,
Prawn,---,1997,5,14,3,5211,2200,57,0,,
Prawn,---,1997,5,15,2,7289,*,*,*,,
Prawn,---,1997,5,16,5,12498,6066,45,0,,
Prawn,---,1997,5,17,6,7078,3613,50,0,,
Prawn,---,1997,5,18,3,3295,970,10,0,,
Prawn,---,1997,5,19,3,1550,534,26,0,,
Prawn,---,1997,5,23,6,44805,14465,2898,0,,
Prawn,---,1997,5,24,5,10950,8851,0,0,,
Prawn,---,1997,5,Total,23,108481,51289,3966,0,,
Prawn,---,1997,6,1,10,53090,23580,5468,0,,
Prawn,---,1997,6,2,4,3000,1122,18,0,,
Prawn,---,1997,6,3,12,27620,13067,430,0,,
Prawn,---,1997,6,4,14,42541,19078,3384,0,,
Prawn,---,1997,6,5,16,58905,33325,1990,0,,
Prawn,---,1997,6,6,6,9650,5934,0,0,,
Prawn,---,1997,6,7,3,2450,920,0,0,,
Prawn,---,1997,6,8,1,2700,*,*,*,,
Prawn,---,1997,6,9,2,1500,*,*,*,,
Prawn,---,1997,6,11,1,300,*,*,*,,
Prawn,---,1997,6,12,5,8700,4319,35,0,,
Prawn,---,1997,6,13,1,300,*,*,*,,
Prawn,---,1997,6,14,2,1300,*,*,*,,
Prawn,---,1997,6,15,1,600,*,*,*,,
Prawn,---,1997,6,16,2,2450,*,*,*,,
Prawn,---,1997,6,17,2,5200,*,*,*,,
Prawn,---,1997,6,18,2,6000,*,*,*,,
Prawn,---,1997,6,19,3,9850,5119,132,0,,
Prawn,---,1997,6,20,8,12364,7619,0,0,,
Prawn,---,1997,6,21,2,1050,*,*,*,,
Prawn,---,1997,6,22,3,9650,4681,18,0,,
Prawn,---,1997,6,23,2,7200,*,*,*,,
Prawn,---,1997,6,24,3,3230,2006,0,0,,
Prawn,---,1997,6,25,5,7050,4907,77,0,,
Prawn,---,1997,6,26,1,600,*,*,*,,
Prawn,---,1997,6,27,1,100,*,*,*,,
Prawn,---,1997,6,28,5,7570,4602,0,0,,
Prawn,---,1997,6,Total,35,284970,150695,11727,0,,
Prawn,---,1997,7,1,1,6650,*,*,*,,
Prawn,---,1997,7,2,1,300,*,*,*,,
Prawn,---,1997,7,3,3,14150,7457,24,9,,
Prawn,---,1997,7,4,2,2830,*,*,*,,
Prawn,---,1997,7,5,2,560,*,*,*,,
Prawn,---,1997,7,6,3,1570,545,0,0,,
Prawn,---,1997,7,7,4,7075,3256,13,0,,
Prawn,---,1997,7,8,1,1200,*,*,*,,
Prawn,---,1997,7,9,8,24640,19670,44,0,,
Prawn,---,1997,7,10,4,5800,5384,0,0,,
Prawn,---,1997,7,11,4,15340,9622,0,0,,
Prawn,---,1997,7,12,7,12887,9202,2,0,,
Prawn,---,1997,7,13,5,6740,5170,0,0,,
Prawn,---,1997,7,14,4,15590,9808,0,0,,
Prawn,---,1997,7,15,9,14787,7757,132,0,,
Prawn,---,1997,7,16,7,19050,9524,1613,0,,
Prawn,---,1997,7,17,1,850,*,*,*,,
Prawn,---,1997,7,18,2,3700,*,*,*,,
Prawn,---,1997,7,19,2,2300,*,*,*,,
Prawn,---,1997,7,20,1,3250,*,*,*,,
Prawn,---,1997,7,22,1,150,*,*,*,,
Prawn,---,1997,7,23,1,3250,*,*,*,,
Prawn,---,1997,7,24,1,1350,*,*,*,,
Prawn,---,1997,7,25,1,1400,*,*,*,,
Prawn,---,1997,7,27,2,1200,*,*,*,,
Prawn,---,1997,7,28,2,3400,*,*,*,,
Prawn,---,1997,7,29,5,1450,594,0,0,,
Prawn,---,1997,7,30,6,4300,3763,146,0,,
Prawn,---,1997,7,31,2,3180,*,*,*,,
Prawn,---,1997,7,Total,35,178949,117650,2184,9,,
Prawn,---,1997,8,0,1,150,*,*,*,,
Prawn,---,1997,8,1,1,53,*,*,*,,
Prawn,---,1997,8,2,5,1645,468,0,0,,
Prawn,---,1997,8,3,3,5900,3559,17,0,,
Prawn,---,1997,8,4,10,28800,16852,100,0,,
Prawn,---,1997,8,5,8,15760,9813,8,0,,
Prawn,---,1997,8,6,4,5400,3700,18,0,,
Prawn,---,1997,8,7,6,31609,25894,57,0,,
Prawn,---,1997,8,8,7,9482,7461,1245,0,,
Prawn,---,1997,8,9,1,869,*,*,*,,
Prawn,---,1997,8,10,3,2700,1897,0,0,,
Prawn,---,1997,8,11,3,6403,5083,1106,90,,
Prawn,---,1997,8,12,3,13184,7601,2605,134,,
Prawn,---,1997,8,13,8,27448,16031,12,0,,
Prawn,---,1997,8,14,7,14850,6766,372,0,,
Prawn,---,1997,8,15,4,11498,7873,33,0,,
Prawn,---,1997,8,16,9,12940,6905,130,0,,
Prawn,---,1997,8,Total,29,188691,121283,5703,268,,
Prawn,---,1997,9,1,6,25826,17502,4,0,,
Prawn,---,1997,9,2,5,16905,16009,70,0,,
Prawn,---,1997,9,3,3,3840,1869,5,0,,
Prawn,---,1997,9,4,2,1800,*,*,*,,
Prawn,---,1997,9,5,3,1980,1480,2,0,,
Prawn,---,1997,9,6,3,6060,4957,45,0,,
Prawn,---,1997,9,8,2,5115,*,*,*,,
Prawn,---,1997,9,9,2,6000,*,*,*,,
Prawn,---,1997,9,10,2,10500,*,*,*,,
Prawn,---,1997,9,11,6,8465,5890,300,0,,
Prawn,---,1997,9,12,8,34767,24840,204,0,,
Prawn,---,1997,9,Total,14,121258,88496,800,6,,
Prawn,---,1997,10,1,2,1450,*,*,*,,
Prawn,---,1997,10,3,2,5970,*,*,*,,
Prawn,---,1997,10,4,10,13048,12521,0,0,,
Prawn,---,1997,10,5,5,4070,3134,0,0,,
Prawn,---,1997,10,6,5,6712,5181,22,0,,
Prawn,---,1997,10,7,7,9680,5338,15,0,,
Prawn,---,1997,10,8,7,4541,3450,0,0,,
Prawn,---,1997,10,9,5,12750,6675,4,0,,
Prawn,---,1997,10,10,5,5744,5937,0,0,,
Prawn,---,1997,10,12,4,25198,28687,213,0,,
Prawn,---,1997,10,Total,23,89163,76110,284,0,,
Prawn,---,1997,11,2,4,14050,16010,0,0,,
Prawn,---,1997,11,3,5,11119,8286,20,0,,
Prawn,---,1997,11,4,7,18308,10466,316,0,,
Prawn,---,1997,11,5,4,3266,**,**,**,,
Prawn,---,1997,11,6,3,3220,1578,26,0,,
Prawn,---,1997,11,7,2,3400,*,*,*,,
Prawn,---,1997,11,8,5,11520,7337,449,0,,
Prawn,---,1997,11,10,6,17727,7576,163,0,,
Prawn,---,1997,11,Total,16,82610,54317,1047,0,,
Prawn,---,1997,12,0,1,100,*,*,*,,
Prawn,---,1997,12,1,3,12920,9056,0,0,,
Prawn,---,1997,12,2,6,11271,8202,0,0,,
Prawn,---,1997,12,3,8,16812,13605,0,0,,
Prawn,---,1997,12,4,4,10450,5951,0,0,,
Prawn,---,1997,12,5,2,1350,*,*,*,,
Prawn,---,1997,12,6,10,53238,48927,0,7,,
Prawn,---,1997,12,7,18,102040,84424,163,0,,
Prawn,---,1997,12,8,3,7770,3910,0,0,,
Prawn,---,1997,12,9,1,1500,*,*,*,,
Prawn,---,1997,12,10,3,575,360,0,0,,
Prawn,---,1997,12,11,4,3995,1024,0,0,,
Prawn,---,1997,12,12,1,200,*,*,*,,
Prawn,---,1997,12,13,8,27191,17451,6,0,,
Prawn,---,1997,12,15,1,820,*,*,*,,
Prawn,---,1997,12,16,2,3050,*,*,*,,
Prawn,---,1997,12,18,2,7350,*,*,*,,
Prawn,---,1997,12,21,1,1800,*,*,*,,
Prawn,---,1997,12,22,1,300,*,*,*,,
Prawn,---,1997,12,23,10,69840,67903,0,0,,
Prawn,---,1997,12,25,3,1995,1471,0,0,,
Prawn,---,1997,12,26,27,199868,156130,206,10,,
Prawn,---,1997,12,27,21,85639,56435,99,0,,
Prawn,---,1997,12,28,5,10656,7261,6,0,,
Prawn,---,1997,12,29,5,8585,6333,72,0,,
Prawn,---,1997,12,30,2,18600,*,*,*,,
Prawn,---,1997,12,31,4,6590,4092,456,0,,
Prawn,---,1997,12,32,4,8765,4420,145,0,,
Prawn,---,1997,12,33,2,2160,*,*,*,,
Prawn,---,1997,12,34,1,2850,*,*,*,,
Prawn,---,1997,12,35,24,116356,104312,453,0,,
Prawn,---,1997,12,36,6,17241,13335,594,0,,
Prawn,---,1997,12,37,5,9238,10148,40,0,,
Prawn,---,1997,12,38,12,60281,55821,0,0,,
Prawn,---,1997,12,39,20,81441,74265,383,0,,
Prawn,---,1997,12,40,18,85114,79447,255,0,,
Prawn,---,1997,12,41,18,118772,119565,1033,0,,
Prawn,---,1997,12,42,2,11150,*,*,*,,
Prawn,---,1997,12,43,15,25899,23349,86,0,,
Prawn,---,1997,12,45,11,30195,22728,0,0,,
Prawn,---,1997,12,46,3,4300,3136,6,0,,
Prawn,---,1997,12,47,4,3200,2751,0,0,,
Prawn,---,1997,12,48,2,350,*,*,*,,
Prawn,---,1997,12,Total,89,1241817,1043143,4532,17,,
Prawn,---,1997,13,1,5,1850,1355,0,0,,
Prawn,---,1997,13,3,1,1830,*,*,*,,
Prawn,---,1997,13,12,6,22666,20131,0,0,,
Prawn,---,1997,13,13,4,3703,1580,0,0,,
Prawn,---,1997,13,14,8,18263,14067,0,0,,
Prawn,---,1997,13,15,10,37397,29726,27,15,,
Prawn,---,1997,13,16,9,40624,22773,4,0,,
Prawn,---,1997,13,17,12,17083,10410,0,0,,
Prawn,---,1997,13,18,11,23186,14104,0,0,,
Prawn,---,1997,13,19,9,19580,9667,0,0,,
Prawn,---,1997,13,20,9,20250,12850,0,0,,
Prawn,---,1997,13,21,9,27278,22768,0,0,,
Prawn,---,1997,13,22,4,22650,14943,0,0,,
Prawn,---,1997,13,23,3,765,423,0,0,,
Prawn,---,1997,13,24,2,3300,*,*,*,,
Prawn,---,1997,13,25,2,1450,*,*,*,,
Prawn,---,1997,13,26,2,650,*,*,*,,
Prawn,---,1997,13,32,1,11250,*,*,*,,
Prawn,---,1997,13,34,1,3250,*,*,*,,
Prawn,---,1997,13,35,1,1800,*,*,*,,
Prawn,---,1997,13,36,6,14187,13009,126,0,,
Prawn,---,1997,13,37,2,2250,*,*,*,,
Prawn,---,1997,13,40,1,150,*,*,*,,
Prawn,---,1997,13,41,1,1750,*,*,*,,
Prawn,---,1997,13,42,4,23000,10703,0,0,,
Prawn,---,1997,13,43,5,38850,18393,0,0,,
Prawn,---,1997,13,Total,49,359012,239405,157,15,,
Prawn,---,1997,14,1,4,5789,4014,0,0,,
Prawn,---,1997,14,2,7,3452,1455,0,0,,
Prawn,---,1997,14,3,14,61488,60757,0,0,,
Prawn,---,1997,14,4,4,7496,10334,0,0,,
Prawn,---,1997,14,5,6,28450,29903,0,0,,
Prawn,---,1997,14,6,13,27550,25320,0,0,,
Prawn,---,1997,14,7,1,100,*,*,*,,
Prawn,---,1997,14,8,1,2700,*,*,*,,
Prawn,---,1997,14,9,5,5570,4277,0,0,,
Prawn,---,1997,14,10,2,350,*,*,*,,
Prawn,---,1997,14,12,11,44742,32949,0,0,,
Prawn,---,1997,14,13,13,54630,43203,0,0,,
Prawn,---,1997,14,15,1,3600,*,*,*,,
Prawn,---,1997,14,Total,43,245917,220564,0,0,,
Prawn,---,1997,15,0,1,50,*,*,*,,
Prawn,---,1997,15,1,7,47713,54820,0,0,,
Prawn,---,1997,15,2,19,161639,141488,0,0,,
Prawn,---,1997,15,3,18,118555,95821,0,5,,
Prawn,---,1997,15,4,1,5379,*,*,*,,
Prawn,---,1997,15,5,25,184946,124599,0,0,,
Prawn,---,1997,15,6,3,7762,4222,0,0,,
Prawn,---,1997,15,Total,47,526044,424899,0,5,,
Prawn,---,1997,16,1,13,57006,40858,0,0,,
Prawn,---,1997,16,2,11,66570,66174,0,0,,
Prawn,---,1997,16,3,1,60,*,*,*,,
Prawn,---,1997,16,5,4,13099,11331,0,0,,
Prawn,---,1997,16,6,9,25532,16350,0,0,,
Prawn,---,1997,16,7,7,8082,6039,0,0,,
Prawn,---,1997,16,8,3,3511,1840,0,0,,
Prawn,---,1997,16,9,2,3776,*,*,*,,
Prawn,---,1997,16,10,11,44836,33309,0,0,,
Prawn,---,1997,16,11,10,45547,33377,0,0,,
Prawn,---,1997,16,12,5,14793,10472,0,0,,
Prawn,---,1997,16,13,5,35184,18796,0,0,,
Prawn,---,1997,16,14,1,13650,*,*,*,,
Prawn,---,1997,16,15,1,5850,*,*,*,,
Prawn,---,1997,16,16,1,9600,*,*,*,,
Prawn,---,1997,16,17,5,30388,30204,0,0,,
Prawn,---,1997,16,18,11,30415,37806,0,0,,
Prawn,---,1997,16,19,13,25475,39950,0,0,,
Prawn,---,1997,16,20,13,23121,20838,0,0,,
Prawn,---,1997,16,21,12,51706,45965,0,0,,
Prawn,---,1997,16,Total,47,508201,435477,0,0,,
Prawn,---,1997,17,1,1,7995,*,*,*,,
Prawn,---,1997,17,2,2,150,*,*,*,,
Prawn,---,1997,17,3,2,750,*,*,*,,
Prawn,---,1997,17,4,5,14770,22560,4,0,,
Prawn,---,1997,17,5,8,51883,59204,0,0,,
Prawn,---,1997,17,6,10,90851,73685,0,0,,
Prawn,---,1997,17,7,1,900,*,*,*,,
Prawn,---,1997,17,8,1,300,*,*,*,,
Prawn,---,1997,17,9,6,24844,19627,12,0,,
Prawn,---,1997,17,10,6,10037,5920,0,0,,
Prawn,---,1997,17,11,10,18783,15710,0,0,,
Prawn,---,1997,17,12,15,83491,63701,0,0,,
Prawn,---,1997,17,13,4,9026,8298,0,0,,
Prawn,---,1997,17,14,1,1600,*,*,*,,
Prawn,---,1997,17,15,2,2484,*,*,*,,
Prawn,---,1997,17,17,3,500,314,0,0,,
Prawn,---,1997,17,18,6,32597,27697,0,0,,
Prawn,---,1997,17,20,1,0,*,*,*,,
Prawn,---,1997,17,Total,34,350961,304809,16,0,,
Prawn,---,1997,18,1,4,24844,17738,0,0,,
Prawn,---,1997,18,4,1,3540,*,*,*,,
Prawn,---,1997,18,5,1,60,*,*,*,,
Prawn,---,1997,18,6,1,120,*,*,*,,
Prawn,---,1997,18,7,1,50,*,*,*,,
Prawn,---,1997,18,9,1,60,*,*,*,,
Prawn,---,1997,18,11,1,2100,*,*,*,,
Prawn,---,1997,18,Total,6,30774,23371,0,0,,
Prawn,---,1997,19,2,1,4800,*,*,*,,
Prawn,---,1997,19,5,1,300,*,*,*,,
Prawn,---,1997,19,6,1,3360,*,*,*,,
Prawn,---,1997,19,7,2,1450,*,*,*,,
Prawn,---,1997,19,8,7,20747,30400,28,0,,
Prawn,---,1997,19,10,1,400,*,*,*,,
Prawn,---,1997,19,Total,10,31057,40663,38,0,,
Prawn,---,1997,20,7,1,1220,*,*,*,,
Prawn,---,1997,20,Total,1,1220,*,*,*,,
Prawn,---,1997,23,1,4,20631,21244,0,0,,
Prawn,---,1997,23,2,10,24070,26370,0,0,,
Prawn,---,1997,23,3,6,13685,13537,0,0,,
Prawn,---,1997,23,4,7,26655,29330,0,0,,
Prawn,---,1997,23,5,2,150,*,*,*,,
Prawn,---,1997,23,6,5,8400,7954,0,0,,
Prawn,---,1997,23,7,6,20775,12452,0,0,,
Prawn,---,1997,23,8,1,180,*,*,*,,
Prawn,---,1997,23,Total,13,114546,111449,0,0,,
Prawn,---,1997,24,2,1,2700,*,*,*,,
Prawn,---,1997,24,3,1,3250,*,*,*,,
Prawn,---,1997,24,13,1,50,*,*,*,,
Prawn,---,1997,24,14,1,300,*,*,*,,
Prawn,---,1997,24,Total,1,6300,*,*,*,,
Prawn,---,1997,25,0,1,50,*,*,*,,
Prawn,---,1997,25,1,3,18691,10593,0,0,,
Prawn,---,1997,25,2,3,5400,3247,0,0,,
Prawn,---,1997,25,3,6,5919,4516,0,0,,
Prawn,---,1997,25,4,5,7669,6171,0,0,,
Prawn,---,1997,25,5,5,6970,5364,0,0,,
Prawn,---,1997,25,6,7,16328,13475,0,0,,
Prawn,---,1997,25,8,7,12393,11122,0,0,,
Prawn,---,1997,25,9,6,14257,11501,0,0,,
Prawn,---,1997,25,10,3,2298,2178,0,0,,
Prawn,---,1997,25,11,4,6887,4946,0,0,,
Prawn,---,1997,25,13,5,8837,6412,0,0,,
Prawn,---,1997,25,15,3,2650,2294,0,0,,
Prawn,---,1997,25,16,3,921,**,**,**,,
Prawn,---,1997,25,Total,11,109270,82647,0,0,,
Prawn,---,1997,26,1,1,2800,*,*,*,,
Prawn,---,1997,26,2,4,6430,4020,0,0,,
Prawn,---,1997,26,3,2,570,*,*,*,,
Prawn,---,1997,26,4,3,14005,10521,0,0,,
Prawn,---,1997,26,5,3,5460,3276,0,0,,
Prawn,---,1997,26,9,1,4995,*,*,*,,
Prawn,---,1997,26,10,1,360,*,*,*,,
Prawn,---,1997,26,Total,5,34620,24085,0,0,,
Prawn,---,1997,27,2,4,2990,1561,21,0,,
Prawn,---,1997,27,4,1,100,*,*,*,,
Prawn,---,1997,27,5,3,2060,1365,0,0,,
Prawn,---,1997,27,7,6,14440,10591,57,0,,
Prawn,---,1997,27,8,3,2050,1295,11,0,,
Prawn,---,1997,27,11,1,3915,*,*,*,,
Prawn,---,1997,27,Total,6,25555,17465,89,0,,
Prawn,---,1997,28,0,1,150,*,*,*,,
Prawn,---,1997,28,1,8,25543,34333,0,0,,
Prawn,---,1997,28,2,9,20202,24985,4,0,,
Prawn,---,1997,28,3,5,7250,6865,0,0,,
Prawn,---,1997,28,4,5,2682,2450,0,0,,
Prawn,---,1997,28,5,1,342,*,*,*,,
Prawn,---,1997,28,7,3,1910,685,0,0,,
Prawn,---,1997,28,12,1,300,*,*,*,,
Prawn,---,1997,28,Total,11,58379,69878,4,0,,
Prawn,---,1997,29,1,2,6750,*,*,*,,
Prawn,---,1997,29,2,9,27130,16767,0,0,,
Prawn,---,1997,29,3,5,4259,3696,0,0,,
Prawn,---,1997,29,4,1,200,*,*,*,,
Prawn,---,1997,29,5,9,17725,8991,2,0,,
Prawn,---,1997,29,Total,17,56064,35592,2,0,,
Prawn,---,1997,106,1,1,7300,*,*,*,,
Prawn,---,1997,106,2,2,3100,*,*,*,,
Prawn,---,1997,106,Total,3,10400,7260,0,0,,
Prawn,---,1997,107,2,1,900,*,*,*,,
Prawn,---,1997,107,3,1,7900,*,*,*,,
Prawn,---,1997,107,Total,2,8800,*,*,*,,
Prawn,---,1997,110,0,1,150,*,*,*,,
Prawn,---,1997,110,Total,1,150,*,*,*,,
Prawn,---,1997,111,0,2,3936,*,*,*,,
Prawn,---,1997,111,Total,2,3936,*,*,*,,
Prawn,---,1997,127,1,1,300,*,*,*,,
Prawn,---,1997,127,Total,1,300,*,*,*,,
Prawn,---,1998,1,6,1,4590,*,*,*,,
Prawn,---,1998,1,Total,1,4590,*,*,*,,
Prawn,---,1998,2,3,2,10320,*,*,*,,
Prawn,---,1998,2,4,2,8890,*,*,*,,
Prawn,---,1998,2,6,4,14769,30969,840,0,,
Prawn,---,1998,2,8,4,19743,33009,180,0,,
Prawn,---,1998,2,9,1,2745,*,*,*,,
Prawn,---,1998,2,10,1,10001,*,*,*,,
Prawn,---,1998,2,11,2,290,*,*,*,,
Prawn,---,1998,2,12,1,300,*,*,*,,
Prawn,---,1998,2,13,1,4260,*,*,*,,
Prawn,---,1998,2,14,1,300,*,*,*,,
Prawn,---,1998,2,65,1,300,*,*,*,,
Prawn,---,1998,2,68,1,3120,*,*,*,,
Prawn,---,1998,2,Total,9,75038,149445,1553,161,,
Prawn,---,1998,3,1,1,300,*,*,*,,
Prawn,---,1998,3,4,3,2950,2717,0,0,,
Prawn,---,1998,3,6,5,17300,14971,409,0,,
Prawn,---,1998,3,7,2,6480,*,*,*,,
Prawn,---,1998,3,9,1,2450,*,*,*,,
Prawn,---,1998,3,10,3,5700,2761,693,0,,
Prawn,---,1998,3,11,1,1900,*,*,*,,
Prawn,---,1998,3,Total,7,37080,25511,1337,0,,
Prawn,---,1998,4,5,2,3900,*,*,*,,
Prawn,---,1998,4,9,2,10850,*,*,*,,
Prawn,---,1998,4,10,10,276341,12,121327,3395,,
Prawn,---,1998,4,11,5,97480,0,49753,0,,
Prawn,---,1998,4,12,1,900,*,*,*,,
Prawn,---,1998,4,Total,12,389471,6431,171224,3395,,
Prawn,---,1998,5,1,5,13130,8773,172,0,,
Prawn,---,1998,5,2,6,10050,11213,27,0,,
Prawn,---,1998,5,4,2,350,*,*,*,,
Prawn,---,1998,5,9,4,16250,12289,90,0,,
Prawn,---,1998,5,13,1,224,*,*,*,,
Prawn,---,1998,5,14,5,3823,1875,0,0,,
Prawn,---,1998,5,15,4,10050,4976,66,0,,
Prawn,---,1998,5,16,7,26870,13643,132,0,,
Prawn,---,1998,5,17,8,27922,11686,10,0,,
Prawn,---,1998,5,18,1,353,*,*,*,,
Prawn,---,1998,5,19,2,480,*,*,*,,
Prawn,---,1998,5,23,6,34625,19290,764,0,,
Prawn,---,1998,5,24,3,12900,5985,0,0,,
Prawn,---,1998,5,Total,20,157027,90314,1261,0,,
Prawn,---,1998,6,0,1,600,*,*,*,,
Prawn,---,1998,6,1,6,17550,6429,1645,0,,
Prawn,---,1998,6,2,1,600,*,*,*,,
Prawn,---,1998,6,3,5,7706,1389,59,0,,
Prawn,---,1998,6,4,4,9810,4835,547,0,,
Prawn,---,1998,6,5,13,70585,36969,1637,0,,
Prawn,---,1998,6,6,4,10200,5144,0,0,,
Prawn,---,1998,6,7,2,4136,*,*,*,,
Prawn,---,1998,6,9,1,1350,*,*,*,,
Prawn,---,1998,6,10,1,450,*,*,*,,
Prawn,---,1998,6,11,1,900,*,*,*,,
Prawn,---,1998,6,12,9,16273,9233,26,0,,
Prawn,---,1998,6,13,2,750,*,*,*,,
Prawn,---,1998,6,14,4,4275,4490,33,0,,
Prawn,---,1998,6,15,1,120,*,*,*,,
Prawn,---,1998,6,16,3,6350,3864,53,0,,
Prawn,---,1998,6,17,1,800,*,*,*,,
Prawn,---,1998,6,18,2,2050,*,*,*,,
Prawn,---,1998,6,19,6,12900,6801,121,0,,
Prawn,---,1998,6,20,7,3330,1174,55,0,,
Prawn,---,1998,6,21,3,1500,664,18,0,,
Prawn,---,1998,6,22,5,4290,1234,0,0,,
Prawn,---,1998,6,23,3,11880,9709,2,0,,
Prawn,---,1998,6,24,3,1920,1116,0,0,,
Prawn,---,1998,6,25,4,7120,6572,261,0,,
Prawn,---,1998,6,28,2,3000,*,*,*,,
Prawn,---,1998,6,Total,35,200445,107073,4582,0,,
Prawn,---,1998,7,1,4,16250,18523,0,0,,
Prawn,---,1998,7,2,2,4350,*,*,*,,
Prawn,---,1998,7,3,9,21100,11637,0,0,,
Prawn,---,1998,7,4,5,15705,9066,2,0,,
Prawn,---,1998,7,5,1,1350,*,*,*,,
Prawn,---,1998,7,6,3,5200,2427,0,0,,
Prawn,---,1998,7,7,3,1300,548,0,0,,
Prawn,---,1998,7,8,1,568,*,*,*,,
Prawn,---,1998,7,9,3,10040,12604,0,0,,
Prawn,---,1998,7,10,1,7715,*,*,*,,
Prawn,---,1998,7,11,3,4000,2549,0,0,,
Prawn,---,1998,7,12,7,11925,9802,7,0,,
Prawn,---,1998,7,13,4,16250,9643,40,0,,
Prawn,---,1998,7,14,8,21698,14149,7,0,,
Prawn,---,1998,7,15,10,17500,11576,304,0,,
Prawn,---,1998,7,16,3,10800,5151,1487,0,,
Prawn,---,1998,7,17,5,2200,2046,0,0,,
Prawn,---,1998,7,18,8,13060,7223,21,0,,
Prawn,---,1998,7,19,2,5500,*,*,*,,
Prawn,---,1998,7,20,2,6150,*,*,*,,
Prawn,---,1998,7,22,2,3000,*,*,*,,
Prawn,---,1998,7,23,4,5250,4199,0,0,,
Prawn,---,1998,7,24,5,6200,2119,0,0,,
Prawn,---,1998,7,25,12,18253,8983,38,0,,
Prawn,---,1998,7,26,1,50,*,*,*,,
Prawn,---,1998,7,27,14,18800,9935,69,60,,
Prawn,---,1998,7,28,5,6270,7337,4,0,,
Prawn,---,1998,7,29,3,2450,915,0,0,,
Prawn,---,1998,7,30,5,4500,2474,335,0,,
Prawn,---,1998,7,31,3,11800,14447,0,0,,
Prawn,---,1998,7,Total,43,269234,191818,2430,60,,
Prawn,---,1998,8,1,2,500,*,*,*,,
Prawn,---,1998,8,2,2,1600,*,*,*,,
Prawn,---,1998,8,3,2,3900,*,*,*,,
Prawn,---,1998,8,4,14,26691,12825,6,0,,
Prawn,---,1998,8,5,10,13100,7563,20,0,,
Prawn,---,1998,8,6,2,2000,*,*,*,,
Prawn,---,1998,8,7,12,40202,23459,194,0,,
Prawn,---,1998,8,8,5,12859,6645,3545,0,,
Prawn,---,1998,8,9,4,8054,3663,3370,0,,
Prawn,---,1998,8,10,3,3685,2803,16,0,,
Prawn,---,1998,8,11,2,5066,*,*,*,,
Prawn,---,1998,8,12,3,10900,4916,1916,453,,
Prawn,---,1998,8,13,2,3450,*,*,*,,
Prawn,---,1998,8,14,2,2150,*,*,*,,
Prawn,---,1998,8,15,3,9126,5193,91,0,,
Prawn,---,1998,8,16,4,6100,2796,36,0,,
Prawn,---,1998,8,Total,33,149383,80155,11277,453,,
Prawn,---,1998,9,1,7,23420,13837,6,0,,
Prawn,---,1998,9,2,9,18826,15916,29,0,,
Prawn,---,1998,9,3,4,13318,8776,118,0,,
Prawn,---,1998,9,4,2,3270,*,*,*,,
Prawn,---,1998,9,5,2,1440,*,*,*,,
Prawn,---,1998,9,6,2,10830,*,*,*,,
Prawn,---,1998,9,7,1,3150,*,*,*,,
Prawn,---,1998,9,8,2,7230,*,*,*,,
Prawn,---,1998,9,9,3,9255,9377,44,0,,
Prawn,---,1998,9,10,6,14041,7710,1393,0,,
Prawn,---,1998,9,11,8,12198,11942,192,0,,
Prawn,---,1998,9,12,10,19470,12560,8,0,,
Prawn,---,1998,9,Total,18,136448,99762,2078,0,,
Prawn,---,1998,10,1,1,900,*,*,*,,
Prawn,---,1998,10,2,1,150,*,*,*,,
Prawn,---,1998,10,4,3,7790,3790,0,0,,
Prawn,---,1998,10,5,3,1700,812,0,0,,
Prawn,---,1998,10,6,1,2500,*,*,*,,
Prawn,---,1998,10,10,3,3732,1630,0,0,,
Prawn,---,1998,10,Total,9,16772,8290,0,0,,
Prawn,---,1998,11,2,7,35140,29284,0,0,,
Prawn,---,1998,11,3,8,13436,8125,337,0,,
Prawn,---,1998,11,4,6,12965,7246,202,0,,
Prawn,---,1998,11,5,3,3950,**,**,**,,
Prawn,---,1998,11,6,1,450,*,*,*,,
Prawn,---,1998,11,7,3,9400,5535,0,0,,
Prawn,---,1998,11,8,5,4995,2843,73,0,,
Prawn,---,1998,11,10,6,20460,7789,173,119,,
Prawn,---,1998,11,Total,17,100796,62406,960,119,,
Prawn,---,1998,12,0,2,540,*,*,*,,
Prawn,---,1998,12,1,2,10500,*,*,*,,
Prawn,---,1998,12,2,8,26601,13864,0,0,,
Prawn,---,1998,12,3,8,8337,4250,0,0,,
Prawn,---,1998,12,4,2,2390,*,*,*,,
Prawn,---,1998,12,5,1,100,*,*,*,,
Prawn,---,1998,12,6,12,52920,36947,0,0,,
Prawn,---,1998,12,7,17,61981,53114,5,0,,
Prawn,---,1998,12,8,3,850,432,0,0,,
Prawn,---,1998,12,9,1,1600,*,*,*,,
Prawn,---,1998,12,11,3,5560,2287,12,0,,
Prawn,---,1998,12,12,1,90,*,*,*,,
Prawn,---,1998,12,13,7,26340,16262,0,0,,
Prawn,---,1998,12,15,1,443,*,*,*,,
Prawn,---,1998,12,16,5,4700,1851,0,0,,
Prawn,---,1998,12,18,3,5550,3364,0,0,,
Prawn,---,1998,12,19,2,200,*,*,*,,
Prawn,---,1998,12,20,1,100,*,*,*,,
Prawn,---,1998,12,22,1,1800,*,*,*,,
Prawn,---,1998,12,23,12,108427,83030,0,18,,
Prawn,---,1998,12,25,1,200,*,*,*,,
Prawn,---,1998,12,26,20,82791,84952,15,0,,
Prawn,---,1998,12,27,12,83167,67668,774,0,,
Prawn,---,1998,12,28,3,9243,6895,50,0,,
Prawn,---,1998,12,29,4,17646,11065,145,0,,
Prawn,---,1998,12,30,3,17465,9133,269,0,,
Prawn,---,1998,12,31,2,3000,*,*,*,,
Prawn,---,1998,12,32,3,1300,537,128,0,,
Prawn,---,1998,12,33,2,1500,*,*,*,,
Prawn,---,1998,12,34,2,2100,*,*,*,,
Prawn,---,1998,12,35,20,70615,63670,508,0,,
Prawn,---,1998,12,36,4,2741,2151,24,0,,
Prawn,---,1998,12,37,4,6296,5328,99,0,,
Prawn,---,1998,12,38,9,13150,14524,0,0,,
Prawn,---,1998,12,39,16,44658,35045,4,0,,
Prawn,---,1998,12,40,19,63235,63889,214,0,,
Prawn,---,1998,12,41,19,63274,53354,1079,28,,
Prawn,---,1998,12,42,2,8300,*,*,*,,
Prawn,---,1998,12,43,10,18300,17670,363,0,,
Prawn,---,1998,12,45,6,5336,4867,108,0,,
Prawn,---,1998,12,46,1,2000,*,*,*,,
Prawn,---,1998,12,47,3,2484,1669,62,0,,
Prawn,---,1998,12,48,1,332,*,*,*,,
Prawn,---,1998,12,Total,76,838162,685590,5250,46,,
Prawn,---,1998,13,0,1,300,*,*,*,,
Prawn,---,1998,13,1,9,8300,7616,6,0,,
Prawn,---,1998,13,5,1,100,*,*,*,,
Prawn,---,1998,13,7,1,45,*,*,*,,
Prawn,---,1998,13,8,1,350,*,*,*,,
Prawn,---,1998,13,9,2,295,*,*,*,,
Prawn,---,1998,13,10,3,295,0,0,0,,
Prawn,---,1998,13,11,2,195,*,*,*,,
Prawn,---,1998,13,12,5,24067,27161,0,0,,
Prawn,---,1998,13,13,4,3150,1552,0,0,,
Prawn,---,1998,13,14,11,37550,32630,12,2,,
Prawn,---,1998,13,15,9,41900,32323,13,0,,
Prawn,---,1998,13,16,10,40427,26693,0,0,,
Prawn,---,1998,13,17,16,23330,15543,0,0,,
Prawn,---,1998,13,18,13,25590,20542,0,0,,
Prawn,---,1998,13,19,11,19459,9449,0,0,,
Prawn,---,1998,13,20,7,21931,15874,0,0,,
Prawn,---,1998,13,21,11,31743,23673,0,0,,
Prawn,---,1998,13,22,7,38042,26676,0,0,,
Prawn,---,1998,13,23,6,7775,5260,0,0,,
Prawn,---,1998,13,24,1,100,*,*,*,,
Prawn,---,1998,13,25,3,6165,1606,0,0,,
Prawn,---,1998,13,26,3,2585,198,0,0,,
Prawn,---,1998,13,28,1,6000,*,*,*,,
Prawn,---,1998,13,35,5,10493,4063,0,0,,
Prawn,---,1998,13,36,3,17900,21449,0,0,,
Prawn,---,1998,13,37,2,2855,*,*,*,,
Prawn,---,1998,13,39,1,50,*,*,*,,
Prawn,---,1998,13,40,1,135,*,*,*,,
Prawn,---,1998,13,41,4,4020,965,0,0,,
Prawn,---,1998,13,42,3,19540,11045,1,4,,
Prawn,---,1998,13,43,7,19380,10319,0,0,,
Prawn,---,1998,13,Total,59,414067,302347,32,6,,
Prawn,---,1998,14,1,1,100,*,*,*,,
Prawn,---,1998,14,2,4,10041,4726,0,0,,
Prawn,---,1998,14,3,18,64050,55579,0,0,,
Prawn,---,1998,14,4,6,22265,21738,0,0,,
Prawn,---,1998,14,5,9,28815,28999,0,0,,
Prawn,---,1998,14,6,15,46964,43396,15,152,,
Prawn,---,1998,14,7,3,7982,5635,0,0,,
Prawn,---,1998,14,8,2,10098,*,*,*,,
Prawn,---,1998,14,9,11,7550,4063,0,0,,
Prawn,---,1998,14,10,1,50,*,*,*,,
Prawn,---,1998,14,12,14,47899,34268,0,0,,
Prawn,---,1998,14,13,17,76390,57195,0,0,,
Prawn,---,1998,14,15,1,250,*,*,*,,
Prawn,---,1998,14,Total,49,322454,269448,15,152,,
Prawn,---,1998,15,0,1,600,*,*,*,,
Prawn,---,1998,15,1,13,115228,100996,0,0,,
Prawn,---,1998,15,2,26,219458,182757,0,0,,
Prawn,---,1998,15,3,20,135924,116059,0,10,,
Prawn,---,1998,15,4,2,4984,*,*,*,,
Prawn,---,1998,15,5,36,246576,177511,0,0,,
Prawn,---,1998,15,6,9,9555,7569,0,0,,
Prawn,---,1998,15,Total,66,732325,588247,0,10,,
Prawn,---,1998,16,0,1,4200,*,*,*,,
Prawn,---,1998,16,1,14,73012,39644,0,0,,
Prawn,---,1998,16,2,11,55737,41709,0,0,,
Prawn,---,1998,16,3,1,45,*,*,*,,
Prawn,---,1998,16,4,1,400,*,*,*,,
Prawn,---,1998,16,5,4,43600,27544,0,0,,
Prawn,---,1998,16,6,6,22275,13771,0,0,,
Prawn,---,1998,16,7,3,10350,5690,0,0,,
Prawn,---,1998,16,8,2,1600,*,*,*,,
Prawn,---,1998,16,9,2,3593,*,*,*,,
Prawn,---,1998,16,10,9,54668,32698,0,0,,
Prawn,---,1998,16,11,12,38955,23987,0,0,,
Prawn,---,1998,16,12,8,35281,23667,0,0,,
Prawn,---,1998,16,13,8,38845,20928,0,0,,
Prawn,---,1998,16,14,4,3300,1595,0,0,,
Prawn,---,1998,16,15,2,13700,*,*,*,,
Prawn,---,1998,16,16,5,18524,14382,0,0,,
Prawn,---,1998,16,17,6,9941,5879,0,0,,
Prawn,---,1998,16,18,17,75339,46851,0,0,,
Prawn,---,1998,16,19,12,44476,41628,0,0,,
Prawn,---,1998,16,20,10,14173,14737,0,0,,
Prawn,---,1998,16,21,18,76154,59235,0,0,,
Prawn,---,1998,16,22,1,400,*,*,*,,
Prawn,---,1998,16,Total,58,638568,431455,0,0,,
Prawn,---,1998,17,0,1,1800,*,*,*,,
Prawn,---,1998,17,1,2,4690,*,*,*,,
Prawn,---,1998,17,2,1,2622,*,*,*,,
Prawn,---,1998,17,3,3,10850,7212,0,0,,
Prawn,---,1998,17,4,2,400,*,*,*,,
Prawn,---,1998,17,5,7,70925,66761,0,0,,
Prawn,---,1998,17,6,9,43095,35604,0,0,,
Prawn,---,1998,17,7,2,1575,*,*,*,,
Prawn,---,1998,17,8,4,22151,15302,0,0,,
Prawn,---,1998,17,9,8,51111,38812,49,0,,
Prawn,---,1998,17,10,7,17062,16632,0,0,,
Prawn,---,1998,17,11,10,34963,11527,0,0,,
Prawn,---,1998,17,12,16,61001,43720,0,0,,
Prawn,---,1998,17,13,6,7750,5506,0,0,,
Prawn,---,1998,17,14,1,4550,*,*,*,,
Prawn,---,1998,17,15,2,300,*,*,*,,
Prawn,---,1998,17,16,1,250,*,*,*,,
Prawn,---,1998,17,17,2,6550,*,*,*,,
Prawn,---,1998,17,18,7,48150,33468,0,0,,
Prawn,---,1998,17,Total,44,389795,300339,49,0,,
Prawn,---,1998,18,1,4,7744,3623,0,0,,
Prawn,---,1998,18,4,3,14020,13035,0,0,,
Prawn,---,1998,18,5,1,300,*,*,*,,
Prawn,---,1998,18,6,3,820,498,0,0,,
Prawn,---,1998,18,7,3,460,10,0,0,,
Prawn,---,1998,18,8,2,110,*,*,*,,
Prawn,---,1998,18,9,2,600,*,*,*,,
Prawn,---,1998,18,10,2,920,*,*,*,,
Prawn,---,1998,18,11,2,4800,*,*,*,,
Prawn,---,1998,18,Total,11,29774,19992,0,0,,
Prawn,---,1998,19,5,2,1560,*,*,*,,
Prawn,---,1998,19,6,2,2400,*,*,*,,
Prawn,---,1998,19,7,2,2189,*,*,*,,
Prawn,---,1998,19,8,7,20794,21197,0,0,,
Prawn,---,1998,19,9,1,450,*,*,*,,
Prawn,---,1998,19,10,2,1450,*,*,*,,
Prawn,---,1998,19,11,1,1000,*,*,*,,
Prawn,---,1998,19,Total,10,29843,27822,0,0,,
Prawn,---,1998,20,5,1,300,*,*,*,,
Prawn,---,1998,20,7,2,1287,*,*,*,,
Prawn,---,1998,20,Total,3,1587,0,0,3039,,
Prawn,---,1998,23,1,3,12110,10861,0,0,,
Prawn,---,1998,23,2,7,24737,19394,0,0,,
Prawn,---,1998,23,3,7,12312,9550,0,0,,
Prawn,---,1998,23,4,9,44464,33172,0,0,,
Prawn,---,1998,23,5,8,7415,6133,0,0,,
Prawn,---,1998,23,6,7,26913,15070,0,3,,
Prawn,---,1998,23,7,5,8927,4554,0,0,,
Prawn,---,1998,23,8,2,520,*,*,*,,
Prawn,---,1998,23,11,1,50,*,*,*,,
Prawn,---,1998,23,Total,11,137448,98977,0,3,,
Prawn,---,1998,24,2,1,302,*,*,*,,
Prawn,---,1998,24,3,3,4537,2056,0,0,,
Prawn,---,1998,24,4,1,248,*,*,*,,
Prawn,---,1998,24,5,2,145,*,*,*,,
Prawn,---,1998,24,7,1,45,*,*,*,,
Prawn,---,1998,24,10,1,50,*,*,*,,
Prawn,---,1998,24,13,2,2553,*,*,*,,
Prawn,---,1998,24,14,1,1360,*,*,*,,
Prawn,---,1998,24,Total,3,9240,4170,0,0,,
Prawn,---,1998,25,1,4,16783,10747,0,0,,
Prawn,---,1998,25,2,5,5960,4102,0,0,,
Prawn,---,1998,25,3,5,7990,7030,0,0,,
Prawn,---,1998,25,4,5,8775,7913,0,0,,
Prawn,---,1998,25,5,2,3170,*,*,*,,
Prawn,---,1998,25,6,4,20391,19356,0,0,,
Prawn,---,1998,25,8,4,10180,7257,0,0,,
Prawn,---,1998,25,9,4,9750,6672,0,0,,
Prawn,---,1998,25,10,2,800,*,*,*,,
Prawn,---,1998,25,11,3,6500,3157,0,0,,
Prawn,---,1998,25,13,3,5800,3000,0,0,,
Prawn,---,1998,25,15,4,4975,3705,0,0,,
Prawn,---,1998,25,16,2,900,*,*,*,,
Prawn,---,1998,25,Total,9,101974,76959,0,0,,
Prawn,---,1998,26,2,2,4500,*,*,*,,
Prawn,---,1998,26,3,1,250,*,*,*,,
Prawn,---,1998,26,4,2,8000,*,*,*,,
Prawn,---,1998,26,5,1,5310,*,*,*,,
Prawn,---,1998,26,9,2,3290,*,*,*,,
Prawn,---,1998,26,10,1,270,*,*,*,,
Prawn,---,1998,26,Total,2,21620,*,*,*,,
Prawn,---,1998,27,2,2,2280,*,*,*,,
Prawn,---,1998,27,4,1,120,*,*,*,,
Prawn,---,1998,27,5,2,3285,*,*,*,,
Prawn,---,1998,27,7,5,19579,16804,0,28,,
Prawn,---,1998,27,8,2,9555,*,*,*,,
Prawn,---,1998,27,11,1,720,*,*,*,,
Prawn,---,1998,27,Total,5,35539,30700,0,28,,
Prawn,---,1998,28,1,9,27035,22628,29,4,,
Prawn,---,1998,28,2,13,29859,22815,2,0,,
Prawn,---,1998,28,3,5,8445,7331,0,0,,
Prawn,---,1998,28,4,11,13650,11439,0,0,,
Prawn,---,1998,28,5,2,1725,*,*,*,,
Prawn,---,1998,28,12,2,2250,*,*,*,,
Prawn,---,1998,28,Total,18,82964,66548,31,4,,
Prawn,---,1998,29,1,4,32050,4578,0,0,,
Prawn,---,1998,29,2,12,45094,17314,0,0,,
Prawn,---,1998,29,3,8,11128,10260,0,0,,
Prawn,---,1998,29,4,1,1500,*,*,*,,
Prawn,---,1998,29,5,11,33922,17639,0,0,,
Prawn,---,1998,29,7,1,250,*,*,*,,
Prawn,---,1998,29,Total,26,123944,50736,0,0,,
Prawn,---,1998,105,2,1,1200,*,*,*,,
Prawn,---,1998,105,Total,1,1200,*,*,*,,
Prawn,---,1998,106,1,2,2700,*,*,*,,
Prawn,---,1998,106,2,2,2650,*,*,*,,
Prawn,---,1998,106,Total,3,5350,2845,0,0,,
Prawn,---,1998,107,1,2,3600,*,*,*,,
Prawn,---,1998,107,2,5,21550,26418,0,0,,
Prawn,---,1998,107,3,1,300,*,*,*,,
Prawn,---,1998,107,Total,6,25450,29436,0,0,,
Prawn,---,1998,108,1,1,300,*,*,*,,
Prawn,---,1998,108,Total,1,300,*,*,*,,
Prawn,---,1998,110,0,1,275,*,*,*,,
Prawn,---,1998,110,Total,1,275,*,*,*,,
Prawn,---,1998,111,0,1,500,*,*,*,,
Prawn,---,1998,111,Total,1,500,*,*,*,,
Prawn,---,1998,123,3,1,132,*,*,*,,
Prawn,---,1998,123,Total,1,132,*,*,*,,
Prawn,---,1998,127,2,1,240,*,*,*,,
Prawn,---,1998,127,3,1,60,*,*,*,,
Prawn,---,1998,127,Total,1,300,*,*,*,,
Prawn,---,1999,2,3,4,40180,33769,2133,21,,
Prawn,---,1999,2,4,2,14750,*,*,*,,
Prawn,---,1999,2,5,1,600,*,*,*,,
Prawn,---,1999,2,6,4,20500,23025,1229,0,,
Prawn,---,1999,2,8,9,33973,37966,391,0,,
Prawn,---,1999,2,9,5,6599,8941,24,0,,
Prawn,---,1999,2,10,7,29078,37226,36,79,,
Prawn,---,1999,2,11,4,3940,4000,0,0,,
Prawn,---,1999,2,12,1,200,*,*,*,,
Prawn,---,1999,2,13,2,8350,*,*,*,,
Prawn,---,1999,2,17,1,300,*,*,*,,
Prawn,---,1999,2,31,1,100,*,*,*,,
Prawn,---,1999,2,32,2,2200,*,*,*,,
Prawn,---,1999,2,33,2,1600,*,*,*,,
Prawn,---,1999,2,35,1,180,*,*,*,,
Prawn,---,1999,2,36,2,720,*,*,*,,
Prawn,---,1999,2,38,1,720,*,*,*,,
Prawn,---,1999,2,39,1,90,*,*,*,,
Prawn,---,1999,2,40,1,90,*,*,*,,
Prawn,---,1999,2,47,1,300,*,*,*,,
Prawn,---,1999,2,49,1,150,*,*,*,,
Prawn,---,1999,2,50,1,150,*,*,*,,
Prawn,---,1999,2,54,1,100,*,*,*,,
Prawn,---,1999,2,55,1,100,*,*,*,,
Prawn,---,1999,2,58,1,100,*,*,*,,
Prawn,---,1999,2,Total,18,165070,169967,8213,134,,
Prawn,---,1999,3,3,2,2700,*,*,*,,
Prawn,---,1999,3,4,2,4500,*,*,*,,
Prawn,---,1999,3,6,6,46465,40390,644,0,,
Prawn,---,1999,3,7,1,3300,*,*,*,,
Prawn,---,1999,3,9,1,3000,*,*,*,,
Prawn,---,1999,3,10,2,10200,*,*,*,,
Prawn,---,1999,3,11,7,21700,10462,976,0,,
Prawn,---,1999,3,13,3,3200,1793,128,0,,
Prawn,---,1999,3,14,3,10510,1083,8648,0,,
Prawn,---,1999,3,15,3,10350,3192,839,0,,
Prawn,---,1999,3,16,1,600,*,*,*,,
Prawn,---,1999,3,Total,11,116525,78354,13220,0,,
Prawn,---,1999,4,5,4,14925,9605,0,0,,
Prawn,---,1999,4,9,5,28800,15591,1064,0,,
Prawn,---,1999,4,10,6,112650,0,32044,5,,
Prawn,---,1999,4,11,3,76000,0,19501,0,,
Prawn,---,1999,4,12,4,31000,18130,2164,0,,
Prawn,---,1999,4,Total,10,263375,43326,54773,5,,
Prawn,---,1999,5,1,4,9150,6286,511,0,,
Prawn,---,1999,5,2,4,21015,12734,44,0,,
Prawn,---,1999,5,7,1,300,*,*,*,,
Prawn,---,1999,5,9,3,5950,3761,135,0,,
Prawn,---,1999,5,14,1,150,*,*,*,,
Prawn,---,1999,5,15,3,2776,1683,58,0,,
Prawn,---,1999,5,16,4,8730,9320,126,0,,
Prawn,---,1999,5,17,4,8820,3656,0,0,,
Prawn,---,1999,5,18,4,3450,1850,12,0,,
Prawn,---,1999,5,19,3,2946,1586,0,0,,
Prawn,---,1999,5,23,6,42360,21820,1328,0,,
Prawn,---,1999,5,24,2,7500,*,*,*,,
Prawn,---,1999,5,Total,15,113147,66978,2214,0,,
Prawn,---,1999,6,1,8,33676,27399,2306,0,,
Prawn,---,1999,6,3,2,5550,*,*,*,,
Prawn,---,1999,6,4,6,27250,22726,1628,0,,
Prawn,---,1999,6,5,9,31410,16363,133,0,,
Prawn,---,1999,6,6,3,8985,6032,0,0,,
Prawn,---,1999,6,7,5,5935,3882,0,0,,
Prawn,---,1999,6,8,3,2190,828,2,0,,
Prawn,---,1999,6,9,1,2300,*,*,*,,
Prawn,---,1999,6,10,3,4780,2811,0,0,,
Prawn,---,1999,6,11,1,200,*,*,*,,
Prawn,---,1999,6,12,5,5880,3997,2,0,,
Prawn,---,1999,6,13,1,298,*,*,*,,
Prawn,---,1999,6,14,2,2050,*,*,*,,
Prawn,---,1999,6,16,3,4380,1762,0,20,,
Prawn,---,1999,6,17,1,780,*,*,*,,
Prawn,---,1999,6,19,9,12480,6767,16,29,,
Prawn,---,1999,6,20,9,22600,9027,0,0,,
Prawn,---,1999,6,21,3,2250,926,0,0,,
Prawn,---,1999,6,22,3,3450,1984,0,0,,
Prawn,---,1999,6,23,4,15780,13400,0,0,,
Prawn,---,1999,6,24,5,3870,1754,0,0,,
Prawn,---,1999,6,25,5,5400,4728,0,58,,
Prawn,---,1999,6,26,1,2250,*,*,*,,
Prawn,---,1999,6,27,2,300,*,*,*,,
Prawn,---,1999,6,28,2,2700,*,*,*,,
Prawn,---,1999,6,Total,30,206744,134865,4091,119,,
Prawn,---,1999,7,1,3,12700,11314,8,0,,
Prawn,---,1999,7,2,3,2700,1185,0,0,,
Prawn,---,1999,7,3,5,19140,9809,4,0,,
Prawn,---,1999,7,4,5,10150,3679,0,0,,
Prawn,---,1999,7,5,4,3900,1261,0,0,,
Prawn,---,1999,7,6,5,13800,5955,0,0,,
Prawn,---,1999,7,7,2,2450,*,*,*,,
Prawn,---,1999,7,9,9,33258,27091,0,0,,
Prawn,---,1999,7,10,6,20800,11867,0,0,,
Prawn,---,1999,7,11,5,7744,6161,0,0,,
Prawn,---,1999,7,12,7,11450,6386,0,0,,
Prawn,---,1999,7,13,3,4600,2525,0,0,,
Prawn,---,1999,7,14,6,11100,6161,2,0,,
Prawn,---,1999,7,15,8,10487,5887,257,0,,
Prawn,---,1999,7,16,5,16404,9008,611,0,,
Prawn,---,1999,7,17,5,4900,1549,0,0,,
Prawn,---,1999,7,18,9,9996,6761,0,0,,
Prawn,---,1999,7,19,4,6950,5402,0,0,,
Prawn,---,1999,7,20,1,950,*,*,*,,
Prawn,---,1999,7,23,5,6849,4303,22,16,,
Prawn,---,1999,7,24,3,5100,1664,0,0,,
Prawn,---,1999,7,25,8,10600,3743,0,0,,
Prawn,---,1999,7,27,8,12400,7591,129,10,,
Prawn,---,1999,7,28,3,1900,761,0,0,,
Prawn,---,1999,7,29,4,1500,572,0,0,,
Prawn,---,1999,7,30,3,2750,1448,47,0,,
Prawn,---,1999,7,31,3,22760,19251,23,0,,
Prawn,---,1999,7,Total,43,267338,163630,1103,26,,
Prawn,---,1999,8,2,3,3150,1030,0,0,,
Prawn,---,1999,8,3,2,720,*,*,*,,
Prawn,---,1999,8,4,6,8485,4013,0,0,,
Prawn,---,1999,8,5,4,2750,1189,0,0,,
Prawn,---,1999,8,6,5,3200,1914,7,0,,
Prawn,---,1999,8,7,7,27612,20338,43,0,,
Prawn,---,1999,8,8,5,10528,8140,851,0,,
Prawn,---,1999,8,9,1,2250,*,*,*,,
Prawn,---,1999,8,10,4,3492,2253,8,0,,
Prawn,---,1999,8,11,3,4079,2226,1110,0,,
Prawn,---,1999,8,12,3,8853,5857,2088,35,,
Prawn,---,1999,8,13,4,10440,7092,0,0,,
Prawn,---,1999,8,14,2,10440,*,*,*,,
Prawn,---,1999,8,15,3,6607,4471,18,0,,
Prawn,---,1999,8,16,9,6395,3038,0,0,,
Prawn,---,1999,8,Total,22,109001,71882,4571,35,,
Prawn,---,1999,9,1,5,35110,17026,2,0,,
Prawn,---,1999,9,2,9,23202,17256,12,0,,
Prawn,---,1999,9,3,2,3540,*,*,*,,
Prawn,---,1999,9,4,2,10025,*,*,*,,
Prawn,---,1999,9,5,1,900,*,*,*,,
Prawn,---,1999,9,6,2,11290,*,*,*,,
Prawn,---,1999,9,7,2,4485,*,*,*,,
Prawn,---,1999,9,8,1,4315,*,*,*,,
Prawn,---,1999,9,9,3,5490,4179,54,0,,
Prawn,---,1999,9,10,2,6815,*,*,*,,
Prawn,---,1999,9,11,5,13980,10022,120,0,,
Prawn,---,1999,9,12,12,11630,8500,0,0,,
Prawn,---,1999,9,Total,16,130782,84895,1061,0,,
Prawn,---,1999,10,1,3,4200,3047,0,0,,
Prawn,---,1999,10,2,2,10550,*,*,*,,
Prawn,---,1999,10,4,4,13050,9872,0,0,,
Prawn,---,1999,10,5,2,2600,*,*,*,,
Prawn,---,1999,10,6,2,3140,*,*,*,,
Prawn,---,1999,10,7,1,600,*,*,*,,
Prawn,---,1999,10,8,2,900,*,*,*,,
Prawn,---,1999,10,9,1,1450,*,*,*,,
Prawn,---,1999,10,10,3,5550,5011,0,0,,
Prawn,---,1999,10,12,2,730,*,*,*,,
Prawn,---,1999,10,Total,11,42770,36106,0,0,,
Prawn,---,1999,11,0,2,4500,*,*,*,,
Prawn,---,1999,11,2,7,31500,19594,0,0,,
Prawn,---,1999,11,3,6,6148,3155,76,0,,
Prawn,---,1999,11,4,4,18208,10661,275,0,,
Prawn,---,1999,11,5,1,400,*,*,*,,
Prawn,---,1999,11,6,1,50,*,*,*,,
Prawn,---,1999,11,7,1,4400,*,*,*,,
Prawn,---,1999,11,8,6,2286,732,4,0,,
Prawn,---,1999,11,9,1,1710,*,*,*,,
Prawn,---,1999,11,10,4,11791,7143,39,0,,
Prawn,---,1999,11,Total,19,80993,47978,408,0,,
Prawn,---,1999,12,1,2,3435,*,*,*,,
Prawn,---,1999,12,2,4,2595,1407,0,0,,
Prawn,---,1999,12,3,4,4050,1772,0,0,,
Prawn,---,1999,12,4,2,10114,*,*,*,,
Prawn,---,1999,12,6,10,23436,15959,0,0,,
Prawn,---,1999,12,7,17,52155,38603,4,0,,
Prawn,---,1999,12,8,2,3150,*,*,*,,
Prawn,---,1999,12,9,5,7450,5034,0,0,,
Prawn,---,1999,12,10,5,1835,762,0,0,,
Prawn,---,1999,12,11,1,1200,*,*,*,,
Prawn,---,1999,12,13,7,17320,10508,0,0,,
Prawn,---,1999,12,18,1,300,*,*,*,,
Prawn,---,1999,12,20,1,1450,*,*,*,,
Prawn,---,1999,12,22,1,900,*,*,*,,
Prawn,---,1999,12,23,9,117340,88819,0,0,,
Prawn,---,1999,12,24,1,150,*,*,*,,
Prawn,---,1999,12,26,21,196901,198635,505,0,,
Prawn,---,1999,12,27,16,51151,37486,58,31,,
Prawn,---,1999,12,28,4,10803,6721,38,4,,
Prawn,---,1999,12,29,5,8700,5843,22,0,,
Prawn,---,1999,12,30,8,16889,11117,472,0,,
Prawn,---,1999,12,31,5,8155,3887,747,0,,
Prawn,---,1999,12,32,3,3600,6119,0,0,,
Prawn,---,1999,12,33,3,2200,913,4,0,,
Prawn,---,1999,12,34,5,12650,6889,308,0,,
Prawn,---,1999,12,35,19,67446,51928,178,0,,
Prawn,---,1999,12,36,6,6850,5742,197,0,,
Prawn,---,1999,12,37,2,8500,*,*,*,,
Prawn,---,1999,12,38,17,57804,51415,44,0,,
Prawn,---,1999,12,39,19,56583,47879,0,10,,
Prawn,---,1999,12,40,18,48001,43265,91,36,,
Prawn,---,1999,12,41,22,92277,82074,16,222,,
Prawn,---,1999,12,42,1,17700,*,*,*,,
Prawn,---,1999,12,43,12,25176,21470,82,0,,
Prawn,---,1999,12,44,1,100,*,*,*,,
Prawn,---,1999,12,45,7,12600,9202,130,0,,
Prawn,---,1999,12,46,4,7350,8015,0,0,,
Prawn,---,1999,12,47,8,7900,7143,20,0,,
Prawn,---,1999,12,48,3,2099,1757,0,0,,
Prawn,---,1999,12,Total,76,968315,813421,5514,303,,
Prawn,---,1999,13,0,1,900,*,*,*,,
Prawn,---,1999,13,1,9,7998,5472,0,0,,
Prawn,---,1999,13,3,1,4800,*,*,*,,
Prawn,---,1999,13,4,3,1750,959,0,0,,
Prawn,---,1999,13,5,1,300,*,*,*,,
Prawn,---,1999,13,6,1,9650,*,*,*,,
Prawn,---,1999,13,12,6,29660,21727,0,0,,
Prawn,---,1999,13,13,4,2800,1328,0,0,,
Prawn,---,1999,13,14,12,25476,15308,0,0,,
Prawn,---,1999,13,15,11,60877,43190,38,0,,
Prawn,---,1999,13,16,13,42008,24684,0,0,,
Prawn,---,1999,13,17,21,71440,45960,0,0,,
Prawn,---,1999,13,18,16,30788,20149,0,0,,
Prawn,---,1999,13,19,13,21647,14308,0,0,,
Prawn,---,1999,13,20,10,31863,21186,0,0,,
Prawn,---,1999,13,21,10,36155,34477,0,0,,
Prawn,---,1999,13,22,6,38920,28939,0,0,,
Prawn,---,1999,13,23,3,3715,2510,0,0,,
Prawn,---,1999,13,24,2,950,*,*,*,,
Prawn,---,1999,13,25,2,935,*,*,*,,
Prawn,---,1999,13,26,2,435,*,*,*,,
Prawn,---,1999,13,35,1,377,*,*,*,,
Prawn,---,1999,13,36,7,18841,9625,0,0,,
Prawn,---,1999,13,39,1,850,*,*,*,,
Prawn,---,1999,13,40,1,200,*,*,*,,
Prawn,---,1999,13,41,2,1900,*,*,*,,
Prawn,---,1999,13,42,4,17602,11440,0,0,,
Prawn,---,1999,13,43,2,15250,*,*,*,,
Prawn,---,1999,13,Total,62,478087,326777,295,0,,
Prawn,---,1999,14,0,1,100,*,*,*,,
Prawn,---,1999,14,1,4,750,300,0,0,,
Prawn,---,1999,14,2,5,3600,1684,0,0,,
Prawn,---,1999,14,3,16,48174,35516,0,0,,
Prawn,---,1999,14,4,6,26730,19493,0,0,,
Prawn,---,1999,14,5,8,12860,8185,0,0,,
Prawn,---,1999,14,6,16,31176,17724,0,0,,
Prawn,---,1999,14,7,3,2250,1405,0,0,,
Prawn,---,1999,14,8,2,10838,*,*,*,,
Prawn,---,1999,14,9,5,5210,1835,0,0,,
Prawn,---,1999,14,12,10,39779,24007,0,0,,
Prawn,---,1999,14,13,19,61200,32575,0,0,,
Prawn,---,1999,14,15,1,1950,*,*,*,,
Prawn,---,1999,14,Total,40,244617,155123,0,0,,
Prawn,---,1999,15,1,12,60650,47803,0,0,,
Prawn,---,1999,15,2,19,77430,66963,0,0,,
Prawn,---,1999,15,3,14,93627,69532,0,0,,
Prawn,---,1999,15,4,6,11851,10695,0,0,,
Prawn,---,1999,15,5,29,183326,123298,0,0,,
Prawn,---,1999,15,6,8,19752,11798,0,0,,
Prawn,---,1999,15,Total,51,446636,330089,0,0,,
Prawn,---,1999,16,0,2,1550,*,*,*,,
Prawn,---,1999,16,1,10,27874,15392,0,0,,
Prawn,---,1999,16,2,6,14510,6431,0,0,,
Prawn,---,1999,16,5,4,22100,12949,0,0,,
Prawn,---,1999,16,6,7,9780,3751,0,0,,
Prawn,---,1999,16,7,2,4650,*,*,*,,
Prawn,---,1999,16,8,1,500,*,*,*,,
Prawn,---,1999,16,9,3,2800,1306,0,0,,
Prawn,---,1999,16,10,6,30252,12406,0,0,,
Prawn,---,1999,16,11,11,37247,23884,0,0,,
Prawn,---,1999,16,12,5,23950,12910,0,0,,
Prawn,---,1999,16,13,10,36950,17490,0,0,,
Prawn,---,1999,16,14,3,8300,6943,0,0,,
Prawn,---,1999,16,15,3,14050,8334,0,0,,
Prawn,---,1999,16,16,4,2850,1254,0,0,,
Prawn,---,1999,16,17,3,7000,3125,0,0,,
Prawn,---,1999,16,18,13,40121,21940,0,0,,
Prawn,---,1999,16,19,12,39724,25156,0,0,,
Prawn,---,1999,16,20,10,20110,13221,0,0,,
Prawn,---,1999,16,21,14,48439,36082,0,0,,
Prawn,---,1999,16,22,2,350,*,*,*,,
Prawn,---,1999,16,Total,49,393107,225692,0,0,,
Prawn,---,1999,17,0,1,250,*,*,*,,
Prawn,---,1999,17,1,1,4042,*,*,*,,
Prawn,---,1999,17,4,1,5100,*,*,*,,
Prawn,---,1999,17,5,4,46233,35127,0,0,,
Prawn,---,1999,17,6,3,35054,19511,0,0,,
Prawn,---,1999,17,7,1,246,*,*,*,,
Prawn,---,1999,17,8,2,16350,*,*,*,,
Prawn,---,1999,17,9,9,44715,23536,0,0,,
Prawn,---,1999,17,10,6,9229,5322,0,0,,
Prawn,---,1999,17,11,8,10286,7193,0,0,,
Prawn,---,1999,17,12,11,52470,32126,0,0,,
Prawn,---,1999,17,13,6,4922,1835,0,0,,
Prawn,---,1999,17,14,1,16600,*,*,*,,
Prawn,---,1999,17,15,2,3362,*,*,*,,
Prawn,---,1999,17,16,2,780,*,*,*,,
Prawn,---,1999,17,17,2,8700,*,*,*,,
Prawn,---,1999,17,18,9,17800,14999,0,0,,
Prawn,---,1999,17,Total,34,276139,184533,0,0,,
Prawn,---,1999,18,0,1,316,*,*,*,,
Prawn,---,1999,18,1,4,4757,1520,0,3,,
Prawn,---,1999,18,2,1,100,*,*,*,,
Prawn,---,1999,18,4,5,23832,18871,0,0,,
Prawn,---,1999,18,5,1,50,*,*,*,,
Prawn,---,1999,18,6,3,3966,1988,0,0,,
Prawn,---,1999,18,7,4,4830,1828,0,0,,
Prawn,---,1999,18,8,1,2346,*,*,*,,
Prawn,---,1999,18,11,3,3592,1606,0,3,,
Prawn,---,1999,18,Total,13,43789,27484,0,6,,
Prawn,---,1999,19,0,3,3890,1810,0,0,,
Prawn,---,1999,19,3,1,100,*,*,*,,
Prawn,---,1999,19,4,1,150,*,*,*,,
Prawn,---,1999,19,5,5,12600,10020,0,357,,
Prawn,---,1999,19,6,1,300,*,*,*,,
Prawn,---,1999,19,7,1,2050,*,*,*,,
Prawn,---,1999,19,8,8,16648,13468,9,0,,
Prawn,---,1999,19,9,1,100,*,*,*,,
Prawn,---,1999,19,10,2,600,*,*,*,,
Prawn,---,1999,19,11,1,200,*,*,*,,
Prawn,---,1999,19,Total,13,36638,27447,9,357,,
Prawn,---,1999,20,7,1,1614,*,*,*,,
Prawn,---,1999,20,Total,1,1614,*,*,*,,
Prawn,---,1999,23,1,5,14315,11052,0,0,,
Prawn,---,1999,23,2,6,35155,23181,0,0,,
Prawn,---,1999,23,3,5,5914,2957,0,0,,
Prawn,---,1999,23,4,6,18118,9695,0,0,,
Prawn,---,1999,23,5,6,9437,6929,0,0,,
Prawn,---,1999,23,6,6,12216,4638,0,0,,
Prawn,---,1999,23,7,3,3502,**,**,**,,
Prawn,---,1999,23,8,2,7050,*,*,*,,
Prawn,---,1999,23,Total,8,105707,64816,0,0,,
Prawn,---,1999,24,2,1,1000,*,*,*,,
Prawn,---,1999,24,3,3,1247,319,0,0,,
Prawn,---,1999,24,12,1,3150,*,*,*,,
Prawn,---,1999,24,13,2,193,*,*,*,,
Prawn,---,1999,24,14,1,94,*,*,*,,
Prawn,---,1999,24,Total,3,5684,1950,0,0,,
Prawn,---,1999,25,0,1,0,*,*,*,,
Prawn,---,1999,25,1,4,20050,12730,0,0,,
Prawn,---,1999,25,2,3,3750,2837,0,0,,
Prawn,---,1999,25,3,7,6200,5480,0,0,,
Prawn,---,1999,25,4,5,6573,5252,0,0,,
Prawn,---,1999,25,5,3,3600,2539,0,0,,
Prawn,---,1999,25,6,6,19916,17972,0,0,,
Prawn,---,1999,25,8,5,13764,8533,0,0,,
Prawn,---,1999,25,9,4,7200,4664,0,0,,
Prawn,---,1999,25,10,3,2850,2337,0,0,,
Prawn,---,1999,25,11,2,1950,*,*,*,,
Prawn,---,1999,25,13,3,3900,2026,0,0,,
Prawn,---,1999,25,15,5,4100,4578,0,0,,
Prawn,---,1999,25,16,1,50,*,*,*,,
Prawn,---,1999,25,Total,9,93903,69933,0,0,,
Prawn,---,1999,26,2,2,4350,*,*,*,,
Prawn,---,1999,26,3,1,200,*,*,*,,
Prawn,---,1999,26,4,2,7400,*,*,*,,
Prawn,---,1999,26,5,2,3210,*,*,*,,
Prawn,---,1999,26,9,2,2050,*,*,*,,
Prawn,---,1999,26,Total,2,17210,*,*,*,,
Prawn,---,1999,27,5,1,950,*,*,*,,
Prawn,---,1999,27,7,2,7470,*,*,*,,
Prawn,---,1999,27,8,1,5400,*,*,*,,
Prawn,---,1999,27,11,1,150,*,*,*,,
Prawn,---,1999,27,Total,2,13970,*,*,*,,
Prawn,---,1999,28,1,7,12300,9962,0,0,,
Prawn,---,1999,28,2,9,9500,5823,0,0,,
Prawn,---,1999,28,3,2,5200,*,*,*,,
Prawn,---,1999,28,4,4,6100,3778,0,0,,
Prawn,---,1999,28,5,1,200,*,*,*,,
Prawn,---,1999,28,6,1,1950,*,*,*,,
Prawn,---,1999,28,12,1,900,*,*,*,,
Prawn,---,1999,28,Total,9,36150,24673,0,0,,
Prawn,---,1999,29,1,3,5500,**,**,**,,
Prawn,---,1999,29,2,6,7500,4255,0,0,,
Prawn,---,1999,29,3,5,5450,4675,0,0,,
Prawn,---,1999,29,4,1,1127,*,*,*,,
Prawn,---,1999,29,5,8,25754,16815,0,0,,
Prawn,---,1999,29,Total,17,45331,29150,0,0,,
Prawn,---,1999,106,2,1,4320,*,*,*,,
Prawn,---,1999,106,Total,1,4320,*,*,*,,
Prawn,---,1999,107,1,1,3150,*,*,*,,
Prawn,---,1999,107,2,3,12050,**,**,**,,
Prawn,---,1999,107,Total,3,15200,13544,0,0,,
Prawn,---,1999,108,1,1,300,*,*,*,,
Prawn,---,1999,108,Total,1,300,*,*,*,,
Prawn,---,1999,110,0,1,5400,*,*,*,,
Prawn,---,1999,110,Total,1,5400,*,*,*,,
Prawn,---,2000,2,3,4,48005,39011,1124,4194,,
Prawn,---,2000,2,4,2,13825,*,*,*,,
Prawn,---,2000,2,6,4,19800,23691,2364,0,,
Prawn,---,2000,2,7,1,1400,*,*,*,,
Prawn,---,2000,2,8,4,21425,20668,795,0,,
Prawn,---,2000,2,9,2,7700,*,*,*,,
Prawn,---,2000,2,10,3,23100,26806,966,0,,
Prawn,---,2000,2,11,1,50,*,*,*,,
Prawn,---,2000,2,13,1,8700,*,*,*,,
Prawn,---,2000,2,42,1,6300,*,*,*,,
Prawn,---,2000,2,43,1,300,*,*,*,,
Prawn,---,2000,2,45,1,150,*,*,*,,
Prawn,---,2000,2,47,1,300,*,*,*,,
Prawn,---,2000,2,49,1,150,*,*,*,,
Prawn,---,2000,2,55,1,75,*,*,*,,
Prawn,---,2000,2,56,1,350,*,*,*,,
Prawn,---,2000,2,57,2,675,*,*,*,,
Prawn,---,2000,2,58,2,275,*,*,*,,
Prawn,---,2000,2,59,1,75,*,*,*,,
Prawn,---,2000,2,60,1,1550,*,*,*,,
Prawn,---,2000,2,65,3,2750,2388,0,0,,
Prawn,---,2000,2,68,2,2350,*,*,*,,
Prawn,---,2000,2,Total,14,159305,155528,18551,4196,,
Prawn,---,2000,3,1,3,4050,3437,0,0,,
Prawn,---,2000,3,2,3,3600,5072,12,0,,
Prawn,---,2000,3,3,2,4500,*,*,*,,
Prawn,---,2000,3,4,2,5400,*,*,*,,
Prawn,---,2000,3,6,5,27248,22937,768,0,,
Prawn,---,2000,3,7,5,9080,10613,91,0,,
Prawn,---,2000,3,8,1,2900,*,*,*,,
Prawn,---,2000,3,9,1,3000,*,*,*,,
Prawn,---,2000,3,10,2,5500,*,*,*,,
Prawn,---,2000,3,11,3,9240,7094,379,0,,
Prawn,---,2000,3,12,3,6200,3328,9,0,,
Prawn,---,2000,3,13,3,8480,4149,116,239,,
Prawn,---,2000,3,14,1,900,*,*,*,,
Prawn,---,2000,3,15,3,18380,10337,1216,1365,,
Prawn,---,2000,3,16,1,1000,*,*,*,,
Prawn,---,2000,3,17,2,2800,*,*,*,,
Prawn,---,2000,3,Total,14,112278,93753,5949,1604,,
Prawn,---,2000,4,3,1,11700,*,*,*,,
Prawn,---,2000,4,5,5,8640,11671,247,0,,
Prawn,---,2000,4,9,9,47490,42133,4852,664,,
Prawn,---,2000,4,10,6,150970,0,40760,181,,
Prawn,---,2000,4,11,3,27300,**,**,**,,
Prawn,---,2000,4,12,5,20850,20613,1163,388,,
Prawn,---,2000,4,Total,18,266950,85755,53515,1256,,
Prawn,---,2000,5,1,4,5850,6831,524,0,,
Prawn,---,2000,5,2,8,10100,10664,186,0,,
Prawn,---,2000,5,9,3,2250,1606,138,0,,
Prawn,---,2000,5,13,1,1400,*,*,*,,
Prawn,---,2000,5,14,1,300,*,*,*,,
Prawn,---,2000,5,15,3,6950,2727,11,0,,
Prawn,---,2000,5,16,5,9900,4511,119,0,,
Prawn,---,2000,5,17,6,15730,6673,20,0,,
Prawn,---,2000,5,18,3,2500,1144,0,0,,
Prawn,---,2000,5,19,2,7650,*,*,*,,
Prawn,---,2000,5,22,1,500,*,*,*,,
Prawn,---,2000,5,23,7,27350,19955,2984,0,,
Prawn,---,2000,5,24,3,2700,1282,4,0,,
Prawn,---,2000,5,Total,22,93180,63287,3986,0,,
Prawn,---,2000,6,1,10,53831,37151,6389,0,,
Prawn,---,2000,6,2,2,4630,*,*,*,,
Prawn,---,2000,6,3,8,28490,16402,2605,0,,
Prawn,---,2000,6,4,10,36744,23754,3629,0,,
Prawn,---,2000,6,5,7,18500,10443,63,0,,
Prawn,---,2000,6,6,8,9156,4888,0,0,,
Prawn,---,2000,6,7,5,4147,1846,0,0,,
Prawn,---,2000,6,8,2,2100,*,*,*,,
Prawn,---,2000,6,9,3,3500,1928,0,0,,
Prawn,---,2000,6,10,3,2650,1364,0,0,,
Prawn,---,2000,6,12,3,3900,4206,0,0,,
Prawn,---,2000,6,14,2,5400,*,*,*,,
Prawn,---,2000,6,16,2,3150,*,*,*,,
Prawn,---,2000,6,17,2,2100,*,*,*,,
Prawn,---,2000,6,18,2,1500,*,*,*,,
Prawn,---,2000,6,19,5,4800,2793,12,0,,
Prawn,---,2000,6,20,7,6050,2134,0,0,,
Prawn,---,2000,6,21,3,6300,2784,375,0,,
Prawn,---,2000,6,22,3,3300,1258,39,0,,
Prawn,---,2000,6,23,4,13250,8396,28,0,,
Prawn,---,2000,6,24,3,5509,1957,35,0,,
Prawn,---,2000,6,25,3,4450,5674,20,0,,
Prawn,---,2000,6,26,2,1600,*,*,*,,
Prawn,---,2000,6,27,1,1200,*,*,*,,
Prawn,---,2000,6,28,1,600,*,*,*,,
Prawn,---,2000,6,Total,27,226857,142453,13260,0,,
Prawn,---,2000,7,0,1,300,*,*,*,,
Prawn,---,2000,7,1,2,11400,*,*,*,,
Prawn,---,2000,7,2,3,1500,514,0,0,,
Prawn,---,2000,7,3,5,12550,6249,0,0,,
Prawn,---,2000,7,4,5,8700,4588,0,0,,
Prawn,---,2000,7,6,4,5800,2852,0,0,,
Prawn,---,2000,7,7,5,6900,3868,79,0,,
Prawn,---,2000,7,9,15,43925,39028,40,20,,
Prawn,---,2000,7,10,7,15400,10725,6,0,,
Prawn,---,2000,7,11,5,18620,13998,8,0,,
Prawn,---,2000,7,12,7,18200,10735,0,0,,
Prawn,---,2000,7,13,9,14230,7356,0,0,,
Prawn,---,2000,7,14,7,18930,13665,0,0,,
Prawn,---,2000,7,15,4,9290,5331,0,0,,
Prawn,---,2000,7,16,7,16280,8559,1388,0,,
Prawn,---,2000,7,17,5,18180,8146,0,0,,
Prawn,---,2000,7,18,4,4050,3056,0,0,,
Prawn,---,2000,7,19,4,9900,8421,0,0,,
Prawn,---,2000,7,20,1,180,*,*,*,,
Prawn,---,2000,7,23,3,6450,5108,0,0,,
Prawn,---,2000,7,24,5,5230,2138,0,0,,
Prawn,---,2000,7,25,4,4950,2185,0,0,,
Prawn,---,2000,7,27,4,9100,6434,0,0,,
Prawn,---,2000,7,28,2,2350,*,*,*,,
Prawn,---,2000,7,29,4,2000,634,11,0,,
Prawn,---,2000,7,30,1,2450,*,*,*,,
Prawn,---,2000,7,31,3,13800,11999,0,0,,
Prawn,---,2000,7,Total,35,280665,188923,1577,20,,
Prawn,---,2000,8,1,2,450,*,*,*,,
Prawn,---,2000,8,2,3,1000,266,0,0,,
Prawn,---,2000,8,3,2,1100,*,*,*,,
Prawn,---,2000,8,4,11,19760,11302,0,0,,
Prawn,---,2000,8,5,6,8350,6911,0,0,,
Prawn,---,2000,8,6,4,3900,1871,0,0,,
Prawn,---,2000,8,7,7,15103,8812,16,0,,
Prawn,---,2000,8,8,4,8137,6211,1069,0,,
Prawn,---,2000,8,9,2,1550,*,*,*,,
Prawn,---,2000,8,10,3,1848,1564,26,6,,
Prawn,---,2000,8,11,1,1572,*,*,*,,
Prawn,---,2000,8,12,2,6450,*,*,*,,
Prawn,---,2000,8,13,3,10200,6481,9,0,,
Prawn,---,2000,8,14,1,4560,*,*,*,,
Prawn,---,2000,8,15,5,6241,4452,25,11,,
Prawn,---,2000,8,16,5,7480,3373,0,0,,
Prawn,---,2000,8,Total,19,97701,61847,3787,60,,
Prawn,---,2000,9,1,8,32550,18000,0,0,,
Prawn,---,2000,9,2,6,25680,18888,509,0,,
Prawn,---,2000,9,3,4,2840,1649,119,0,,
Prawn,---,2000,9,4,3,2980,1910,149,0,,
Prawn,---,2000,9,6,2,1770,*,*,*,,
Prawn,---,2000,9,7,2,3100,*,*,*,,
Prawn,---,2000,9,8,1,1800,*,*,*,,
Prawn,---,2000,9,9,2,4200,*,*,*,,
Prawn,---,2000,9,10,2,7680,*,*,*,,
Prawn,---,2000,9,11,2,3960,*,*,*,,
Prawn,---,2000,9,12,7,22150,17937,489,0,,
Prawn,---,2000,9,Total,14,108710,81378,2538,0,,
Prawn,---,2000,10,0,1,1800,*,*,*,,
Prawn,---,2000,10,1,2,2100,*,*,*,,
Prawn,---,2000,10,2,1,3400,*,*,*,,
Prawn,---,2000,10,4,3,20250,11526,0,0,,
Prawn,---,2000,10,5,2,2350,*,*,*,,
Prawn,---,2000,10,6,2,11350,*,*,*,,
Prawn,---,2000,10,7,3,4150,2450,0,0,,
Prawn,---,2000,10,8,3,3540,1837,0,0,,
Prawn,---,2000,10,9,3,3750,2616,0,0,,
Prawn,---,2000,10,10,1,6900,*,*,*,,
Prawn,---,2000,10,12,3,30440,32946,1961,122,,
Prawn,---,2000,10,Total,11,90030,69944,1994,122,,
Prawn,---,2000,11,0,1,1500,*,*,*,,
Prawn,---,2000,11,2,6,23420,16008,0,0,,
Prawn,---,2000,11,3,3,6900,6285,0,0,,
Prawn,---,2000,11,4,8,27139,15690,1174,0,,
Prawn,---,2000,11,5,2,1128,*,*,*,,
Prawn,---,2000,11,7,1,350,*,*,*,,
Prawn,---,2000,11,8,1,2100,*,*,*,,
Prawn,---,2000,11,10,4,8980,8117,12,0,,
Prawn,---,2000,11,Total,12,71517,48728,1188,0,,
Prawn,---,2000,12,1,4,5906,3713,35,0,,
Prawn,---,2000,12,2,5,6337,3674,0,0,,
Prawn,---,2000,12,3,5,7950,4797,0,0,,
Prawn,---,2000,12,4,1,6841,*,*,*,,
Prawn,---,2000,12,5,1,6100,*,*,*,,
Prawn,---,2000,12,6,13,40111,32880,0,88,,
Prawn,---,2000,12,7,14,60141,41438,4,87,,
Prawn,---,2000,12,8,2,4750,*,*,*,,
Prawn,---,2000,12,9,2,840,*,*,*,,
Prawn,---,2000,12,10,1,43,*,*,*,,
Prawn,---,2000,12,13,3,8448,6340,0,0,,
Prawn,---,2000,12,14,1,3300,*,*,*,,
Prawn,---,2000,12,16,1,318,*,*,*,,
Prawn,---,2000,12,23,4,58400,61968,0,2,,
Prawn,---,2000,12,24,1,43,*,*,*,,
Prawn,---,2000,12,26,20,149402,142992,517,121,,
Prawn,---,2000,12,27,9,43268,31499,447,77,,
Prawn,---,2000,12,28,5,5400,3762,2,0,,
Prawn,---,2000,12,29,4,5500,4655,9,0,,
Prawn,---,2000,12,30,3,5950,4028,181,0,,
Prawn,---,2000,12,31,3,3550,2038,443,0,,
Prawn,---,2000,12,32,2,1100,*,*,*,,
Prawn,---,2000,12,33,2,850,*,*,*,,
Prawn,---,2000,12,34,3,1650,1010,174,0,,
Prawn,---,2000,12,35,14,50400,40781,96,11,,
Prawn,---,2000,12,36,3,10750,6407,410,0,,
Prawn,---,2000,12,37,2,5000,*,*,*,,
Prawn,---,2000,12,38,10,41069,34177,82,0,,
Prawn,---,2000,12,39,17,86820,67190,228,2,,
Prawn,---,2000,12,40,19,92307,84674,378,113,,
Prawn,---,2000,12,41,14,72942,76834,55,70,,
Prawn,---,2000,12,42,3,34430,48216,4006,0,,
Prawn,---,2000,12,43,10,33700,34607,0,205,,
Prawn,---,2000,12,45,3,6050,5994,0,0,,
Prawn,---,2000,12,46,2,3050,*,*,*,,
Prawn,---,2000,12,47,4,11100,10896,0,0,,
Prawn,---,2000,12,48,2,2850,*,*,*,,
Prawn,---,2000,12,Total,61,876666,780630,7310,776,,
Prawn,---,2000,13,0,1,450,*,*,*,,
Prawn,---,2000,13,1,6,9150,4350,0,0,,
Prawn,---,2000,13,3,1,50,*,*,*,,
Prawn,---,2000,13,4,1,500,*,*,*,,
Prawn,---,2000,13,8,1,150,*,*,*,,
Prawn,---,2000,13,9,1,200,*,*,*,,
Prawn,---,2000,13,12,5,35126,24350,0,0,,
Prawn,---,2000,13,13,3,5524,2156,0,0,,
Prawn,---,2000,13,14,9,16550,11058,0,0,,
Prawn,---,2000,13,15,7,27950,20392,75,0,,
Prawn,---,2000,13,16,9,27793,18480,0,0,,
Prawn,---,2000,13,17,9,40105,15620,0,0,,
Prawn,---,2000,13,18,6,8319,4123,0,0,,
Prawn,---,2000,13,19,3,6470,3108,0,0,,
Prawn,---,2000,13,20,3,30250,18124,0,0,,
Prawn,---,2000,13,21,7,18167,15631,0,0,,
Prawn,---,2000,13,22,4,18072,13253,0,0,,
Prawn,---,2000,13,23,3,773,105,0,0,,
Prawn,---,2000,13,25,4,3350,701,0,0,,
Prawn,---,2000,13,32,1,100,*,*,*,,
Prawn,---,2000,13,35,2,4100,*,*,*,,
Prawn,---,2000,13,36,4,26228,25744,0,0,,
Prawn,---,2000,13,37,2,145,*,*,*,,
Prawn,---,2000,13,41,1,1442,*,*,*,,
Prawn,---,2000,13,42,3,19875,15265,15,0,,
Prawn,---,2000,13,43,4,16896,12616,124,0,,
Prawn,---,2000,13,Total,37,317735,207619,214,0,,
Prawn,---,2000,14,1,4,638,542,0,0,,
Prawn,---,2000,14,2,8,9895,8859,0,0,,
Prawn,---,2000,14,3,12,29730,29263,0,0,,
Prawn,---,2000,14,4,8,14847,16177,0,0,,
Prawn,---,2000,14,5,9,23408,20238,0,0,,
Prawn,---,2000,14,6,13,32098,31528,0,0,,
Prawn,---,2000,14,7,2,4200,*,*,*,,
Prawn,---,2000,14,8,3,15500,15282,0,0,,
Prawn,---,2000,14,9,10,22390,17829,0,0,,
Prawn,---,2000,14,12,12,64786,58428,0,0,,
Prawn,---,2000,14,13,18,49700,33180,0,0,,
Prawn,---,2000,14,15,1,6000,*,*,*,,
Prawn,---,2000,14,Total,40,273192,241367,0,0,,
Prawn,---,2000,15,1,18,88598,85510,0,0,,
Prawn,---,2000,15,2,26,133828,115156,0,0,,
Prawn,---,2000,15,3,18,81216,64900,0,0,,
Prawn,---,2000,15,4,5,14564,**,**,**,,
Prawn,---,2000,15,5,10,95206,67460,0,0,,
Prawn,---,2000,15,6,1,2100,*,*,*,,
Prawn,---,2000,15,Total,37,415512,349270,0,0,,
Prawn,---,2000,16,1,13,40022,31978,0,0,,
Prawn,---,2000,16,2,8,27111,21562,0,0,,
Prawn,---,2000,16,3,1,50,*,*,*,,
Prawn,---,2000,16,4,1,50,*,*,*,,
Prawn,---,2000,16,5,7,16199,10224,0,0,,
Prawn,---,2000,16,6,6,10446,9376,0,0,,
Prawn,---,2000,16,7,4,4549,4179,0,0,,
Prawn,---,2000,16,8,3,950,729,0,0,,
Prawn,---,2000,16,9,3,2348,2196,0,0,,
Prawn,---,2000,16,10,8,31304,17965,0,0,,
Prawn,---,2000,16,11,15,33717,21954,0,0,,
Prawn,---,2000,16,12,7,22292,16744,0,0,,
Prawn,---,2000,16,13,4,14750,10197,0,0,,
Prawn,---,2000,16,14,2,3900,*,*,*,,
Prawn,---,2000,16,15,2,9600,*,*,*,,
Prawn,---,2000,16,16,7,1617,996,0,0,,
Prawn,---,2000,16,17,8,15305,9875,0,0,,
Prawn,---,2000,16,18,17,49301,46190,0,0,,
Prawn,---,2000,16,19,8,28696,28898,0,0,,
Prawn,---,2000,16,20,9,5949,6543,0,0,,
Prawn,---,2000,16,21,13,48933,54998,0,0,,
Prawn,---,2000,16,22,3,4000,2372,0,0,,
Prawn,---,2000,16,Total,45,371089,306587,0,0,,
Prawn,---,2000,17,1,1,5250,*,*,*,,
Prawn,---,2000,17,2,2,300,*,*,*,,
Prawn,---,2000,17,3,2,850,*,*,*,,
Prawn,---,2000,17,4,3,850,435,0,0,,
Prawn,---,2000,17,5,4,30850,28603,0,0,,
Prawn,---,2000,17,6,10,70071,61772,28,0,,
Prawn,---,2000,17,7,1,1500,*,*,*,,
Prawn,---,2000,17,9,9,54623,61133,54,0,,
Prawn,---,2000,17,10,8,30518,38697,20,0,,
Prawn,---,2000,17,11,12,13385,13493,0,0,,
Prawn,---,2000,17,12,13,41031,37036,0,0,,
Prawn,---,2000,17,13,7,15903,14922,0,0,,
Prawn,---,2000,17,14,1,550,*,*,*,,
Prawn,---,2000,17,16,3,12050,14868,0,0,,
Prawn,---,2000,17,17,2,5700,*,*,*,,
Prawn,---,2000,17,18,8,15738,13594,0,0,,
Prawn,---,2000,17,Total,33,299169,298832,182,30,,
Prawn,---,2000,18,0,1,460,*,*,*,,
Prawn,---,2000,18,1,4,14619,17113,0,20,,
Prawn,---,2000,18,4,5,38971,66488,0,0,,
Prawn,---,2000,18,5,1,333,*,*,*,,
Prawn,---,2000,18,6,4,5361,6408,0,0,,
Prawn,---,2000,18,7,2,600,*,*,*,,
Prawn,---,2000,18,8,3,8200,10412,0,0,,
Prawn,---,2000,18,10,1,100,*,*,*,,
Prawn,---,2000,18,11,3,7371,7365,0,16,,
Prawn,---,2000,18,Total,14,76015,109452,0,36,,
Prawn,---,2000,19,0,1,1267,*,*,*,,
Prawn,---,2000,19,1,1,50,*,*,*,,
Prawn,---,2000,19,5,4,25399,45633,0,0,,
Prawn,---,2000,19,6,2,450,*,*,*,,
Prawn,---,2000,19,7,4,10400,13630,0,0,,
Prawn,---,2000,19,8,9,29996,46993,0,0,,
Prawn,---,2000,19,9,1,900,*,*,*,,
Prawn,---,2000,19,10,2,447,*,*,*,,
Prawn,---,2000,19,Total,14,68909,110556,22,1,,
Prawn,---,2000,20,7,2,1120,*,*,*,,
Prawn,---,2000,20,Total,2,1120,*,*,*,,
Prawn,---,2000,23,1,5,4450,2979,0,0,,
Prawn,---,2000,23,2,7,18550,17512,0,0,,
Prawn,---,2000,23,3,3,4550,4567,0,0,,
Prawn,---,2000,23,4,7,40100,33376,0,0,,
Prawn,---,2000,23,5,6,7950,6561,0,0,,
Prawn,---,2000,23,6,8,18350,15365,0,0,,
Prawn,---,2000,23,7,3,14350,9076,5,0,,
Prawn,---,2000,23,Total,9,108300,89436,5,0,,
Prawn,---,2000,24,2,1,1450,*,*,*,,
Prawn,---,2000,24,3,1,1450,*,*,*,,
Prawn,---,2000,24,4,1,50,*,*,*,,
Prawn,---,2000,24,12,1,1350,*,*,*,,
Prawn,---,2000,24,13,1,100,*,*,*,,
Prawn,---,2000,24,14,1,50,*,*,*,,
Prawn,---,2000,24,Total,2,4450,*,*,*,,
Prawn,---,2000,25,1,4,9350,7669,0,0,,
Prawn,---,2000,25,2,4,4700,4950,0,0,,
Prawn,---,2000,25,3,4,5950,5726,0,0,,
Prawn,---,2000,25,4,5,7650,7362,0,0,,
Prawn,---,2000,25,5,2,2350,*,*,*,,
Prawn,---,2000,25,6,5,14950,15263,0,0,,
Prawn,---,2000,25,7,1,600,*,*,*,,
Prawn,---,2000,25,8,5,11660,9549,0,0,,
Prawn,---,2000,25,9,4,9100,6675,0,0,,
Prawn,---,2000,25,10,3,2250,2050,0,0,,
Prawn,---,2000,25,11,4,3950,3074,0,0,,
Prawn,---,2000,25,12,1,750,*,*,*,,
Prawn,---,2000,25,13,4,7500,5758,0,0,,
Prawn,---,2000,25,14,1,150,*,*,*,,
Prawn,---,2000,25,15,3,4200,5049,0,0,,
Prawn,---,2000,25,16,2,3700,*,*,*,,
Prawn,---,2000,25,Total,8,88810,80713,0,0,,
Prawn,---,2000,26,2,3,8300,5528,0,0,,
Prawn,---,2000,26,3,2,600,*,*,*,,
Prawn,---,2000,26,4,3,5500,4418,0,0,,
Prawn,---,2000,26,5,3,4600,2613,0,0,,
Prawn,---,2000,26,6,1,100,*,*,*,,
Prawn,---,2000,26,9,2,2350,*,*,*,,
Prawn,---,2000,26,Total,3,21450,14946,0,0,,
Prawn,---,2000,27,2,1,2100,*,*,*,,
Prawn,---,2000,27,3,1,150,*,*,*,,
Prawn,---,2000,27,5,1,900,*,*,*,,
Prawn,---,2000,27,7,3,12510,8115,0,0,,
Prawn,---,2000,27,8,2,8100,*,*,*,,
Prawn,---,2000,27,10,1,400,*,*,*,,
Prawn,---,2000,27,11,2,13700,*,*,*,,
Prawn,---,2000,27,Total,5,37860,29050,0,52,,
Prawn,---,2000,28,0,1,300,*,*,*,,
Prawn,---,2000,28,1,7,18998,25466,0,0,,
Prawn,---,2000,28,2,10,38682,61711,11,0,,
Prawn,---,2000,28,3,5,5050,8271,0,0,,
Prawn,---,2000,28,4,6,13050,19591,0,0,,
Prawn,---,2000,28,5,2,600,*,*,*,,
Prawn,---,2000,28,8,1,100,*,*,*,,
Prawn,---,2000,28,9,1,200,*,*,*,,
Prawn,---,2000,28,12,2,600,*,*,*,,
Prawn,---,2000,28,Total,12,77580,117186,11,0,,
Prawn,---,2000,29,1,4,8299,**,**,**,,
Prawn,---,2000,29,2,9,44429,42362,0,0,,
Prawn,---,2000,29,3,9,22650,23449,0,0,,
Prawn,---,2000,29,4,1,1618,*,*,*,,
Prawn,---,2000,29,5,6,13350,12403,0,0,,
Prawn,---,2000,29,Total,18,90346,89783,2,6,,
Prawn,---,2000,101,9,1,900,*,*,*,,
Prawn,---,2000,101,Total,1,900,*,*,*,,
Prawn,---,2000,105,2,2,7620,*,*,*,,
Prawn,---,2000,105,Total,2,7620,*,*,*,,
Prawn,---,2000,106,1,3,5520,**,**,**,,
Prawn,---,2000,106,2,1,300,*,*,*,,
Prawn,---,2000,106,Total,4,5820,3505,0,0,,
Prawn,---,2000,107,1,2,1560,*,*,*,,
Prawn,---,2000,107,2,4,15336,**,**,**,,
Prawn,---,2000,107,Total,4,16896,16714,0,0,,
Prawn,---,2000,110,0,1,650,*,*,*,,
Prawn,---,2000,110,Total,1,650,*,*,*,,
Prawn,---,2000,111,0,1,4800,*,*,*,,
Prawn,---,2000,111,Total,1,4800,*,*,*,,
Prawn,---,2000,123,3,1,600,*,*,*,,
Prawn,---,2000,123,Total,1,600,*,*,*,,
Prawn,---,2000,124,2,1,300,*,*,*,,
Prawn,---,2000,124,Total,1,300,*,*,*,,
Prawn,---,2001,1,6,1,4425,*,*,*,,
Prawn,---,2001,1,Total,1,4425,*,*,*,,
Prawn,---,2001,2,3,3,1050,696,72,0,,
Prawn,---,2001,2,4,5,12100,8823,1881,0,,
Prawn,---,2001,2,5,2,350,*,*,*,,
Prawn,---,2001,2,6,4,16648,19214,1248,0,,
Prawn,---,2001,2,8,5,14550,21050,493,0,,
Prawn,---,2001,2,9,2,1450,*,*,*,,
Prawn,---,2001,2,10,3,13100,16564,267,0,,
Prawn,---,2001,2,11,2,300,*,*,*,,
Prawn,---,2001,2,12,1,50,*,*,*,,
Prawn,---,2001,2,13,2,7050,*,*,*,,
Prawn,---,2001,2,14,1,100,*,*,*,,
Prawn,---,2001,2,15,1,200,*,*,*,,
Prawn,---,2001,2,36,1,2820,*,*,*,,
Prawn,---,2001,2,42,1,50,*,*,*,,
Prawn,---,2001,2,43,1,150,*,*,*,,
Prawn,---,2001,2,45,1,800,*,*,*,,
Prawn,---,2001,2,46,1,3100,*,*,*,,
Prawn,---,2001,2,47,1,900,*,*,*,,
Prawn,---,2001,2,54,1,50,*,*,*,,
Prawn,---,2001,2,57,1,150,*,*,*,,
Prawn,---,2001,2,58,1,450,*,*,*,,
Prawn,---,2001,2,59,1,950,*,*,*,,
Prawn,---,2001,2,60,1,200,*,*,*,,
Prawn,---,2001,2,65,1,2580,*,*,*,,
Prawn,---,2001,2,67,1,60,*,*,*,,
Prawn,---,2001,2,68,1,660,*,*,*,,
Prawn,---,2001,2,89,1,50,*,*,*,,
Prawn,---,2001,2,90,1,1550,*,*,*,,
Prawn,---,2001,2,91,1,200,*,*,*,,
Prawn,---,2001,2,Total,9,81668,94572,4524,0,,
Prawn,---,2001,3,1,3,5100,4345,0,0,,
Prawn,---,2001,3,2,3,1500,1300,0,0,,
Prawn,---,2001,3,3,5,2700,3026,53,0,,
Prawn,---,2001,3,4,3,4300,5099,12,0,,
Prawn,---,2001,3,6,7,12124,10304,1026,0,,
Prawn,---,2001,3,7,3,1950,2582,80,0,,
Prawn,---,2001,3,8,3,1375,2221,308,0,,
Prawn,---,2001,3,9,2,1800,*,*,*,,
Prawn,---,2001,3,10,3,4225,6444,1025,0,,
Prawn,---,2001,3,11,3,6750,7068,856,0,,
Prawn,---,2001,3,12,1,100,*,*,*,,
Prawn,---,2001,3,13,1,2500,*,*,*,,
Prawn,---,2001,3,14,3,6750,2879,8344,0,,
Prawn,---,2001,3,15,3,6000,5625,567,0,,
Prawn,---,2001,3,16,1,1425,*,*,*,,
Prawn,---,2001,3,17,3,950,1084,52,0,,
Prawn,---,2001,3,18,1,50,*,*,*,,
Prawn,---,2001,3,Total,10,59599,59169,12555,0,,
Prawn,---,2001,4,2,1,300,*,*,*,,
Prawn,---,2001,4,5,7,12955,14924,72,0,,
Prawn,---,2001,4,9,8,22186,26197,1696,36,,
Prawn,---,2001,4,10,8,123907,2,45318,0,,
Prawn,---,2001,4,11,5,18150,0,7424,0,,
Prawn,---,2001,4,12,8,17230,16910,1330,30,,
Prawn,---,2001,4,13,1,300,*,*,*,,
Prawn,---,2001,4,Total,15,195028,58077,55840,66,,
Prawn,---,2001,5,1,6,13200,13709,3488,0,,
Prawn,---,2001,5,2,10,18350,19848,182,0,,
Prawn,---,2001,5,3,1,150,*,*,*,,
Prawn,---,2001,5,9,1,2100,*,*,*,,
Prawn,---,2001,5,10,1,50,*,*,*,,
Prawn,---,2001,5,14,6,1950,1167,8,0,,
Prawn,---,2001,5,15,6,2550,2620,22,0,,
Prawn,---,2001,5,16,4,6200,5996,95,15,,
Prawn,---,2001,5,17,5,5850,3772,37,0,,
Prawn,---,2001,5,18,3,2300,1439,0,0,,
Prawn,---,2001,5,19,3,1500,1008,6,0,,
Prawn,---,2001,5,23,6,37125,47483,5351,0,,
Prawn,---,2001,5,24,6,7238,8147,323,0,,
Prawn,---,2001,5,Total,17,98563,108934,9655,15,,
Prawn,---,2001,6,1,6,19685,15261,4544,763,,
Prawn,---,2001,6,2,3,5212,5451,4,0,,
Prawn,---,2001,6,3,5,10165,6539,7,0,,
Prawn,---,2001,6,4,5,18694,21360,1281,0,,
Prawn,---,2001,6,5,8,34002,27094,695,0,,
Prawn,---,2001,6,6,6,8770,6796,47,0,,
Prawn,---,2001,6,7,4,2510,1726,0,0,,
Prawn,---,2001,6,8,2,2380,*,*,*,,
Prawn,---,2001,6,9,1,1050,*,*,*,,
Prawn,---,2001,6,10,1,446,*,*,*,,
Prawn,---,2001,6,12,1,3895,*,*,*,,
Prawn,---,2001,6,14,1,350,*,*,*,,
Prawn,---,2001,6,16,2,400,*,*,*,,
Prawn,---,2001,6,17,1,250,*,*,*,,
Prawn,---,2001,6,18,2,350,*,*,*,,
Prawn,---,2001,6,19,2,6250,*,*,*,,
Prawn,---,2001,6,20,7,3149,1579,0,0,,
Prawn,---,2001,6,21,2,460,*,*,*,,
Prawn,---,2001,6,22,4,1900,1458,4,0,,
Prawn,---,2001,6,23,1,3550,*,*,*,,
Prawn,---,2001,6,24,2,1000,*,*,*,,
Prawn,---,2001,6,25,2,3700,*,*,*,,
Prawn,---,2001,6,26,1,775,*,*,*,,
Prawn,---,2001,6,27,2,150,*,*,*,,
Prawn,---,2001,6,28,3,840,892,10,0,,
Prawn,---,2001,6,Total,18,129933,111239,6683,763,,
Prawn,---,2001,7,1,3,3020,2972,0,0,,
Prawn,---,2001,7,2,3,2210,1421,0,0,,
Prawn,---,2001,7,3,3,6350,5168,0,0,,
Prawn,---,2001,7,4,5,5550,4067,0,0,,
Prawn,---,2001,7,5,2,700,*,*,*,,
Prawn,---,2001,7,6,3,2630,1455,0,0,,
Prawn,---,2001,7,7,2,5000,*,*,*,,
Prawn,---,2001,7,9,12,35340,37419,19,0,,
Prawn,---,2001,7,10,2,1250,*,*,*,,
Prawn,---,2001,7,11,5,7490,6329,0,0,,
Prawn,---,2001,7,12,8,3150,2255,0,0,,
Prawn,---,2001,7,13,5,5530,3766,0,0,,
Prawn,---,2001,7,14,8,21181,21613,0,0,,
Prawn,---,2001,7,15,8,12611,7800,31,0,,
Prawn,---,2001,7,16,5,8218,4269,265,0,,
Prawn,---,2001,7,17,3,1250,787,0,0,,
Prawn,---,2001,7,18,4,4180,3548,0,0,,
Prawn,---,2001,7,19,3,8338,8336,0,0,,
Prawn,---,2001,7,20,1,500,*,*,*,,
Prawn,---,2001,7,21,3,1290,1401,0,0,,
Prawn,---,2001,7,22,1,60,*,*,*,,
Prawn,---,2001,7,23,4,3210,3308,0,0,,
Prawn,---,2001,7,24,3,2350,1257,0,0,,
Prawn,---,2001,7,25,4,3670,1666,0,0,,
Prawn,---,2001,7,26,3,220,82,0,0,,
Prawn,---,2001,7,27,4,5000,2313,18,0,,
Prawn,---,2001,7,28,4,1500,840,17,0,,
Prawn,---,2001,7,29,3,1390,732,0,0,,
Prawn,---,2001,7,30,8,5503,3956,39,0,,
Prawn,---,2001,7,31,1,2650,*,*,*,,
Prawn,---,2001,7,32,2,630,*,*,*,,
Prawn,---,2001,7,Total,25,161971,134944,391,0,,
Prawn,---,2001,8,1,1,50,*,*,*,,
Prawn,---,2001,8,2,2,3133,*,*,*,,
Prawn,---,2001,8,3,4,978,481,0,0,,
Prawn,---,2001,8,4,7,8103,7394,0,0,,
Prawn,---,2001,8,5,5,4900,3050,0,0,,
Prawn,---,2001,8,6,3,2000,1525,10,0,,
Prawn,---,2001,8,7,5,16670,15116,80,33,,
Prawn,---,2001,8,8,4,11750,8534,891,0,,
Prawn,---,2001,8,9,3,3480,2045,1084,0,,
Prawn,---,2001,8,10,2,3640,*,*,*,,
Prawn,---,2001,8,11,2,1700,*,*,*,,
Prawn,---,2001,8,12,1,2900,*,*,*,,
Prawn,---,2001,8,13,2,3310,*,*,*,,
Prawn,---,2001,8,14,2,4130,*,*,*,,
Prawn,---,2001,8,15,2,1370,*,*,*,,
Prawn,---,2001,8,16,6,5066,3361,6,0,,
Prawn,---,2001,8,Total,13,73180,60521,2527,33,,
Prawn,---,2001,9,1,4,9500,7799,0,0,,
Prawn,---,2001,9,2,6,12376,14310,20,0,,
Prawn,---,2001,9,3,3,3491,4259,30,2,,
Prawn,---,2001,9,4,3,2865,3641,63,0,,
Prawn,---,2001,9,5,3,2359,2898,0,0,,
Prawn,---,2001,9,6,2,8140,*,*,*,,
Prawn,---,2001,9,7,2,5602,*,*,*,,
Prawn,---,2001,9,8,1,1934,*,*,*,,
Prawn,---,2001,9,9,2,6810,*,*,*,,
Prawn,---,2001,9,10,1,5436,*,*,*,,
Prawn,---,2001,9,11,8,5535,7717,28,0,,
Prawn,---,2001,9,12,5,10450,8312,46,0,,
Prawn,---,2001,9,Total,10,74498,84603,395,2,,
Prawn,---,2001,10,1,1,2500,*,*,*,,
Prawn,---,2001,10,2,1,3800,*,*,*,,
Prawn,---,2001,10,3,1,150,*,*,*,,
Prawn,---,2001,10,4,4,5800,4165,6,0,,
Prawn,---,2001,10,5,5,2800,2345,1,0,,
Prawn,---,2001,10,6,3,3950,4079,0,0,,
Prawn,---,2001,10,7,3,550,472,1,0,,
Prawn,---,2001,10,8,2,1250,*,*,*,,
Prawn,---,2001,10,9,2,1250,*,*,*,,
Prawn,---,2001,10,10,3,4300,3211,0,0,,
Prawn,---,2001,10,12,3,6600,7489,33,0,,
Prawn,---,2001,10,Total,8,32950,26621,53,0,,
Prawn,---,2001,11,1,1,50,*,*,*,,
Prawn,---,2001,11,2,9,14750,15091,0,0,,
Prawn,---,2001,11,3,6,16301,16389,8,0,,
Prawn,---,2001,11,4,3,7650,7912,0,0,,
Prawn,---,2001,11,5,2,2050,*,*,*,,
Prawn,---,2001,11,6,2,450,*,*,*,,
Prawn,---,2001,11,7,2,550,*,*,*,,
Prawn,---,2001,11,8,1,1817,*,*,*,,
Prawn,---,2001,11,9,2,250,*,*,*,,
Prawn,---,2001,11,10,3,3481,1811,0,0,,
Prawn,---,2001,11,Total,13,47349,45716,133,0,,
Prawn,---,2001,12,1,4,3700,2670,0,0,,
Prawn,---,2001,12,2,7,4800,4390,0,0,,
Prawn,---,2001,12,3,5,7333,5740,0,0,,
Prawn,---,2001,12,4,2,2779,*,*,*,,
Prawn,---,2001,12,5,1,50,*,*,*,,
Prawn,---,2001,12,6,10,33546,27142,7,2,,
Prawn,---,2001,12,7,19,46518,40047,2,0,,
Prawn,---,2001,12,8,1,55,*,*,*,,
Prawn,---,2001,12,9,7,2127,1695,0,0,,
Prawn,---,2001,12,10,3,1000,575,0,0,,
Prawn,---,2001,12,11,7,5946,5497,0,0,,
Prawn,---,2001,12,13,9,15448,14141,0,0,,
Prawn,---,2001,12,15,1,50,*,*,*,,
Prawn,---,2001,12,16,2,600,*,*,*,,
Prawn,---,2001,12,18,2,410,*,*,*,,
Prawn,---,2001,12,22,4,5050,4144,0,0,,
Prawn,---,2001,12,23,8,50400,60365,0,0,,
Prawn,---,2001,12,24,3,350,235,0,0,,
Prawn,---,2001,12,26,17,127658,137839,14,0,,
Prawn,---,2001,12,27,9,42618,38096,31,0,,
Prawn,---,2001,12,28,6,3641,2955,13,0,,
Prawn,---,2001,12,29,5,4589,3498,77,0,,
Prawn,---,2001,12,30,2,5879,*,*,*,,
Prawn,---,2001,12,31,2,1410,*,*,*,,
Prawn,---,2001,12,32,2,200,*,*,*,,
Prawn,---,2001,12,33,1,100,*,*,*,,
Prawn,---,2001,12,34,2,800,*,*,*,,
Prawn,---,2001,12,35,26,69419,72179,160,0,,
Prawn,---,2001,12,36,5,4554,3996,31,0,,
Prawn,---,2001,12,37,4,5349,6413,13,0,,
Prawn,---,2001,12,38,16,23117,23055,0,9,,
Prawn,---,2001,12,39,21,66635,72492,4,22,,
Prawn,---,2001,12,40,23,80325,92740,46,8,,
Prawn,---,2001,12,41,17,78710,94104,8,670,,
Prawn,---,2001,12,42,4,20370,28543,3443,828,,
Prawn,---,2001,12,43,13,29389,30684,0,6,,
Prawn,---,2001,12,44,3,692,1066,0,2,,
Prawn,---,2001,12,45,7,27289,29258,0,25,,
Prawn,---,2001,12,46,4,6697,6677,0,13,,
Prawn,---,2001,12,47,6,5730,8769,0,1,,
Prawn,---,2001,12,48,4,5159,6000,0,0,,
Prawn,---,2001,12,Total,62,790492,833474,3989,1586,,
Prawn,---,2001,13,1,15,16650,13148,0,0,,
Prawn,---,2001,13,2,1,1400,*,*,*,,
Prawn,---,2001,13,10,1,150,*,*,*,,
Prawn,---,2001,13,12,14,39716,51880,0,0,,
Prawn,---,2001,13,13,9,5642,5665,0,0,,
Prawn,---,2001,13,14,21,30506,24784,15,0,,
Prawn,---,2001,13,15,16,23089,18521,133,0,,
Prawn,---,2001,13,16,16,34030,36402,0,0,,
Prawn,---,2001,13,17,19,42419,40864,0,0,,
Prawn,---,2001,13,18,20,15248,14101,0,0,,
Prawn,---,2001,13,19,11,24140,20412,0,0,,
Prawn,---,2001,13,20,9,11696,12231,0,0,,
Prawn,---,2001,13,21,8,37646,42505,0,0,,
Prawn,---,2001,13,22,5,31707,32222,0,0,,
Prawn,---,2001,13,23,5,1199,788,0,0,,
Prawn,---,2001,13,24,2,100,*,*,*,,
Prawn,---,2001,13,25,1,500,*,*,*,,
Prawn,---,2001,13,26,1,300,*,*,*,,
Prawn,---,2001,13,31,1,1150,*,*,*,,
Prawn,---,2001,13,32,2,250,*,*,*,,
Prawn,---,2001,13,33,1,100,*,*,*,,
Prawn,---,2001,13,35,4,4850,6620,0,0,,
Prawn,---,2001,13,36,5,26700,32252,0,0,,
Prawn,---,2001,13,37,1,500,*,*,*,,
Prawn,---,2001,13,39,2,400,*,*,*,,
Prawn,---,2001,13,41,1,550,*,*,*,,
Prawn,---,2001,13,42,6,22400,25329,0,0,,
Prawn,---,2001,13,43,5,24850,38233,0,0,,
Prawn,---,2001,13,Total,49,397888,419648,148,0,,
Prawn,---,2001,14,1,8,2995,3521,0,0,,
Prawn,---,2001,14,2,11,6895,8342,0,0,,
Prawn,---,2001,14,3,20,50434,56834,0,0,,
Prawn,---,2001,14,4,12,21044,24836,0,0,,
Prawn,---,2001,14,5,16,35400,35183,0,0,,
Prawn,---,2001,14,6,23,47807,53746,0,0,,
Prawn,---,2001,14,7,7,4650,4848,0,0,,
Prawn,---,2001,14,8,5,22421,28784,253,0,,
Prawn,---,2001,14,9,18,20550,15532,0,0,,
Prawn,---,2001,14,10,1,50,*,*,*,,
Prawn,---,2001,14,11,4,950,739,0,10,,
Prawn,---,2001,14,12,26,73077,72201,0,0,,
Prawn,---,2001,14,13,31,76675,72258,0,0,,
Prawn,---,2001,14,15,2,650,*,*,*,,
Prawn,---,2001,14,Total,61,363598,377484,253,10,,
Prawn,---,2001,15,1,15,40930,42588,0,0,,
Prawn,---,2001,15,2,27,109258,132865,0,0,,
Prawn,---,2001,15,3,22,73967,97063,0,0,,
Prawn,---,2001,15,4,8,12749,23057,0,0,,
Prawn,---,2001,15,5,25,141458,182516,0,0,,
Prawn,---,2001,15,6,5,11005,11430,0,0,,
Prawn,---,2001,15,Total,50,389367,489519,0,0,,
Prawn,---,2001,16,0,2,800,*,*,*,,
Prawn,---,2001,16,1,18,38293,33613,0,0,,
Prawn,---,2001,16,2,12,17815,13141,0,0,,
Prawn,---,2001,16,4,2,100,*,*,*,,
Prawn,---,2001,16,5,7,6148,7768,224,0,,
Prawn,---,2001,16,6,10,20848,25502,609,0,,
Prawn,---,2001,16,7,7,12350,15421,870,0,,
Prawn,---,2001,16,8,7,2000,1988,90,0,,
Prawn,---,2001,16,9,5,4200,3607,587,0,,
Prawn,---,2001,16,10,9,36139,21391,520,0,,
Prawn,---,2001,16,11,17,33705,23056,175,0,,
Prawn,---,2001,16,12,11,28332,20060,0,0,,
Prawn,---,2001,16,13,7,14275,11637,185,0,,
Prawn,---,2001,16,14,2,1050,*,*,*,,
Prawn,---,2001,16,15,2,2650,*,*,*,,
Prawn,---,2001,16,16,4,3800,4543,0,0,,
Prawn,---,2001,16,17,4,5300,4224,0,0,,
Prawn,---,2001,16,18,15,29350,31869,0,0,,
Prawn,---,2001,16,19,14,17165,21113,0,0,,
Prawn,---,2001,16,20,3,350,537,0,0,,
Prawn,---,2001,16,21,25,62321,72296,0,0,,
Prawn,---,2001,16,22,9,2350,1396,0,0,,
Prawn,---,2001,16,Total,50,339341,317141,3290,0,,
Prawn,---,2001,17,0,1,50,*,*,*,,
Prawn,---,2001,17,1,3,3350,1900,0,0,,
Prawn,---,2001,17,2,8,1081,887,0,0,,
Prawn,---,2001,17,3,4,6665,5960,0,0,,
Prawn,---,2001,17,4,8,14650,11595,15,0,,
Prawn,---,2001,17,5,9,46710,50207,0,0,,
Prawn,---,2001,17,6,12,98402,100572,0,0,,
Prawn,---,2001,17,7,2,100,*,*,*,,
Prawn,---,2001,17,9,10,26568,25159,70,0,,
Prawn,---,2001,17,10,13,19568,22179,0,0,,
Prawn,---,2001,17,11,31,60763,67810,0,0,,
Prawn,---,2001,17,12,19,87495,103688,0,0,,
Prawn,---,2001,17,13,11,9014,7151,0,0,,
Prawn,---,2001,17,14,2,90,*,*,*,,
Prawn,---,2001,17,15,9,5580,4131,0,0,,
Prawn,---,2001,17,16,10,12220,15209,0,0,,
Prawn,---,2001,17,17,6,15978,19188,264,0,,
Prawn,---,2001,17,18,12,6070,7196,0,0,,
Prawn,---,2001,17,19,2,100,*,*,*,,
Prawn,---,2001,17,Total,49,414454,443222,349,0,,
Prawn,---,2001,18,1,4,20558,20385,0,43,,
Prawn,---,2001,18,2,6,5546,4379,0,0,,
Prawn,---,2001,18,3,5,698,**,**,**,,
Prawn,---,2001,18,4,14,59744,75346,0,21,,
Prawn,---,2001,18,5,6,8394,7377,0,0,,
Prawn,---,2001,18,6,12,32106,36753,0,0,,
Prawn,---,2001,18,7,8,22155,20252,0,0,,
Prawn,---,2001,18,8,4,2200,1861,0,0,,
Prawn,---,2001,18,9,5,1455,1372,0,1,,
Prawn,---,2001,18,10,2,100,*,*,*,,
Prawn,---,2001,18,11,4,13446,14136,0,35,,
Prawn,---,2001,18,Total,21,166402,182031,0,100,,
Prawn,---,2001,19,1,1,63,*,*,*,,
Prawn,---,2001,19,3,5,21523,63822,0,0,,
Prawn,---,2001,19,5,13,81607,111829,0,76,,
Prawn,---,2001,19,6,2,2500,*,*,*,,
Prawn,---,2001,19,7,11,19303,25324,0,0,,
Prawn,---,2001,19,8,9,35943,41709,0,0,,
Prawn,---,2001,19,9,2,297,*,*,*,,
Prawn,---,2001,19,10,4,1998,1790,0,0,,
Prawn,---,2001,19,11,2,400,*,*,*,,
Prawn,---,2001,19,Total,19,163634,245653,0,76,,
Prawn,---,2001,20,6,1,100,*,*,*,,
Prawn,---,2001,20,7,2,1750,*,*,*,,
Prawn,---,2001,20,Total,2,1850,*,*,*,,
Prawn,---,2001,23,1,3,4050,4102,0,0,,
Prawn,---,2001,23,2,5,12950,16629,0,0,,
Prawn,---,2001,23,3,6,9725,11396,0,0,,
Prawn,---,2001,23,4,5,32464,41627,0,0,,
Prawn,---,2001,23,5,6,9671,8052,0,0,,
Prawn,---,2001,23,6,6,26305,22644,0,0,,
Prawn,---,2001,23,7,4,10237,10867,0,0,,
Prawn,---,2001,23,8,2,446,*,*,*,,
Prawn,---,2001,23,9,1,50,*,*,*,,
Prawn,---,2001,23,Total,6,105898,115842,0,0,,
Prawn,---,2001,24,2,1,650,*,*,*,,
Prawn,---,2001,24,3,2,1300,*,*,*,,
Prawn,---,2001,24,4,1,450,*,*,*,,
Prawn,---,2001,24,13,1,1300,*,*,*,,
Prawn,---,2001,24,14,2,3250,*,*,*,,
Prawn,---,2001,24,Total,2,6950,*,*,*,,
Prawn,---,2001,25,1,4,19125,29457,0,0,,
Prawn,---,2001,25,2,5,6230,6610,0,0,,
Prawn,---,2001,25,3,6,9571,10707,0,0,,
Prawn,---,2001,25,4,8,11073,13781,0,0,,
Prawn,---,2001,25,5,4,4070,5323,0,0,,
Prawn,---,2001,25,6,8,25482,28784,0,0,,
Prawn,---,2001,25,7,2,150,*,*,*,,
Prawn,---,2001,25,8,5,8315,7965,0,0,,
Prawn,---,2001,25,9,4,9480,8809,0,0,,
Prawn,---,2001,25,10,3,4170,4018,0,0,,
Prawn,---,2001,25,11,2,5700,*,*,*,,
Prawn,---,2001,25,12,1,100,*,*,*,,
Prawn,---,2001,25,13,3,8030,8050,0,0,,
Prawn,---,2001,25,15,6,6025,7841,0,0,,
Prawn,---,2001,25,16,2,1450,*,*,*,,
Prawn,---,2001,25,Total,9,118971,138774,0,0,,
Prawn,---,2001,26,2,2,3390,*,*,*,,
Prawn,---,2001,26,3,1,200,*,*,*,,
Prawn,---,2001,26,4,2,6300,*,*,*,,
Prawn,---,2001,26,5,2,3560,*,*,*,,
Prawn,---,2001,26,6,1,190,*,*,*,,
Prawn,---,2001,26,7,1,550,*,*,*,,
Prawn,---,2001,26,9,1,850,*,*,*,,
Prawn,---,2001,26,Total,2,15040,*,*,*,,
Prawn,---,2001,27,2,2,200,*,*,*,,
Prawn,---,2001,27,5,1,2300,*,*,*,,
Prawn,---,2001,27,7,2,6232,*,*,*,,
Prawn,---,2001,27,8,2,11140,*,*,*,,
Prawn,---,2001,27,9,1,50,*,*,*,,
Prawn,---,2001,27,10,1,100,*,*,*,,
Prawn,---,2001,27,11,1,5400,*,*,*,,
Prawn,---,2001,27,Total,2,25422,*,*,*,,
Prawn,---,2001,28,1,12,18552,24748,35,0,,
Prawn,---,2001,28,2,10,28041,39646,0,0,,
Prawn,---,2001,28,3,8,9600,12846,0,0,,
Prawn,---,2001,28,4,8,7536,10550,0,0,,
Prawn,---,2001,28,5,5,2950,3783,0,0,,
Prawn,---,2001,28,6,2,400,*,*,*,,
Prawn,---,2001,28,7,4,1600,1565,0,0,,
Prawn,---,2001,28,9,1,950,*,*,*,,
Prawn,---,2001,28,12,3,4100,4928,20,0,,
Prawn,---,2001,28,13,2,1250,*,*,*,,
Prawn,---,2001,28,Total,12,74979,101676,55,0,,
Prawn,---,2001,29,1,7,5565,**,**,**,,
Prawn,---,2001,29,2,20,34882,44723,0,0,,
Prawn,---,2001,29,3,19,31553,38133,0,0,,
Prawn,---,2001,29,4,10,8289,8415,0,14,,
Prawn,---,2001,29,5,12,22793,26846,0,4,,
Prawn,---,2001,29,10,1,100,*,*,*,,
Prawn,---,2001,29,Total,26,103182,123296,0,18,,
Prawn,---,2001,102,2,1,75,*,*,*,,
Prawn,---,2001,102,Total,1,75,*,*,*,,
Prawn,---,2001,107,2,3,320,**,**,**,,
Prawn,---,2001,107,3,1,900,*,*,*,,
Prawn,---,2001,107,Total,3,1220,573,0,0,,
Prawn,---,2001,123,3,1,50,*,*,*,,
Prawn,---,2001,123,Total,1,50,*,*,*,,
Prawn,---,2002,2,3,1,3720,*,*,*,,
Prawn,---,2002,2,4,2,1430,*,*,*,,
Prawn,---,2002,2,6,3,9150,22081,1363,0,,
Prawn,---,2002,2,8,4,13548,35446,894,0,,
Prawn,---,2002,2,9,2,1700,*,*,*,,
Prawn,---,2002,2,10,4,7648,20324,506,0,,
Prawn,---,2002,2,11,1,150,*,*,*,,
Prawn,---,2002,2,12,2,2825,*,*,*,,
Prawn,---,2002,2,13,2,4825,*,*,*,,
Prawn,---,2002,2,46,1,2898,*,*,*,,
Prawn,---,2002,2,65,2,4345,*,*,*,,
Prawn,---,2002,2,89,1,600,*,*,*,,
Prawn,---,2002,2,90,1,300,*,*,*,,
Prawn,---,2002,2,Total,9,53139,117886,2855,0,,
Prawn,---,2002,3,1,1,1299,*,*,*,,
Prawn,---,2002,3,2,2,650,*,*,*,,
Prawn,---,2002,3,3,2,950,*,*,*,,
Prawn,---,2002,3,4,3,1400,924,13,0,,
Prawn,---,2002,3,6,3,19333,19937,558,4,,
Prawn,---,2002,3,7,2,4850,*,*,*,,
Prawn,---,2002,3,8,3,2450,3156,341,0,,
Prawn,---,2002,3,9,2,2900,*,*,*,,
Prawn,---,2002,3,10,4,8265,11131,1239,0,,
Prawn,---,2002,3,11,4,3700,3316,191,0,,
Prawn,---,2002,3,12,3,1385,1231,85,0,,
Prawn,---,2002,3,13,3,2685,2679,0,44,,
Prawn,---,2002,3,14,1,900,*,*,*,,
Prawn,---,2002,3,15,3,4315,4875,306,140,,
Prawn,---,2002,3,17,3,2510,2453,105,0,,
Prawn,---,2002,3,18,1,100,*,*,*,,
Prawn,---,2002,3,Total,7,57692,61366,3653,188,,
Prawn,---,2002,4,5,5,5475,3867,2,0,,
Prawn,---,2002,4,9,9,23200,21393,571,0,,
Prawn,---,2002,4,10,6,108554,395,37712,0,,
Prawn,---,2002,4,11,3,25224,0,10195,0,,
Prawn,---,2002,4,12,6,14025,15217,215,0,,
Prawn,---,2002,4,13,1,50,*,*,*,,
Prawn,---,2002,4,15,1,75,*,*,*,,
Prawn,---,2002,4,Total,12,176603,40989,48695,0,,
Prawn,---,2002,5,1,6,7050,5342,244,0,,
Prawn,---,2002,5,2,6,7055,8179,15,0,,
Prawn,---,2002,5,9,2,2900,*,*,*,,
Prawn,---,2002,5,11,1,150,*,*,*,,
Prawn,---,2002,5,13,1,75,*,*,*,,
Prawn,---,2002,5,14,3,900,657,0,0,,
Prawn,---,2002,5,15,4,2875,2358,0,0,,
Prawn,---,2002,5,16,6,11432,9861,18,0,,
Prawn,---,2002,5,17,5,2298,1639,0,0,,
Prawn,---,2002,5,18,1,150,*,*,*,,
Prawn,---,2002,5,19,3,1950,1285,0,0,,
Prawn,---,2002,5,23,5,14175,12970,456,0,,
Prawn,---,2002,5,24,3,2420,1868,0,0,,
Prawn,---,2002,5,Total,14,53430,46171,869,0,,
Prawn,---,2002,6,1,6,43097,25543,8002,56,,
Prawn,---,2002,6,2,4,2225,941,18,0,,
Prawn,---,2002,6,3,4,3505,1176,0,0,,
Prawn,---,2002,6,4,3,12700,21777,1597,0,,
Prawn,---,2002,6,5,7,18110,14143,32,132,,
Prawn,---,2002,6,6,5,3250,1635,0,0,,
Prawn,---,2002,6,7,1,550,*,*,*,,
Prawn,---,2002,6,8,2,2325,*,*,*,,
Prawn,---,2002,6,9,1,50,*,*,*,,
Prawn,---,2002,6,10,3,700,295,0,0,,
Prawn,---,2002,6,12,5,6945,7739,0,0,,
Prawn,---,2002,6,14,1,1560,*,*,*,,
Prawn,---,2002,6,15,1,120,*,*,*,,
Prawn,---,2002,6,16,3,700,547,0,0,,
Prawn,---,2002,6,17,1,300,*,*,*,,
Prawn,---,2002,6,18,3,1650,1202,0,0,,
Prawn,---,2002,6,19,3,5150,2820,0,0,,
Prawn,---,2002,6,20,4,800,657,0,0,,
Prawn,---,2002,6,22,2,1260,*,*,*,,
Prawn,---,2002,6,23,2,7140,*,*,*,,
Prawn,---,2002,6,25,4,7050,8174,0,0,,
Prawn,---,2002,6,26,1,300,*,*,*,,
Prawn,---,2002,6,27,1,50,*,*,*,,
Prawn,---,2002,6,28,3,1600,681,0,0,,
Prawn,---,2002,6,Total,18,121137,104954,9715,188,,
Prawn,---,2002,7,1,2,8387,*,*,*,,
Prawn,---,2002,7,2,4,2410,3486,0,0,,
Prawn,---,2002,7,3,6,13450,18632,0,0,,
Prawn,---,2002,7,4,5,5630,4570,0,0,,
Prawn,---,2002,7,5,4,750,645,0,0,,
Prawn,---,2002,7,6,2,8720,*,*,*,,
Prawn,---,2002,7,7,3,4110,3692,0,0,,
Prawn,---,2002,7,9,10,25755,35370,0,0,,
Prawn,---,2002,7,10,4,3300,2239,0,0,,
Prawn,---,2002,7,11,4,8037,6135,12,0,,
Prawn,---,2002,7,12,9,4750,2999,2,0,,
Prawn,---,2002,7,13,6,2820,1670,6,0,,
Prawn,---,2002,7,14,6,10940,8210,4,0,,
Prawn,---,2002,7,15,4,4100,2963,0,0,,
Prawn,---,2002,7,16,1,3400,*,*,*,,
Prawn,---,2002,7,17,4,700,353,0,0,,
Prawn,---,2002,7,18,4,4480,4712,0,0,,
Prawn,---,2002,7,19,2,3550,*,*,*,,
Prawn,---,2002,7,21,2,750,*,*,*,,
Prawn,---,2002,7,22,1,50,*,*,*,,
Prawn,---,2002,7,23,4,4450,4652,0,0,,
Prawn,---,2002,7,24,6,4650,2595,0,0,,
Prawn,---,2002,7,25,2,800,*,*,*,,
Prawn,---,2002,7,27,3,1850,1150,0,0,,
Prawn,---,2002,7,28,3,4650,4110,0,0,,
Prawn,---,2002,7,29,2,3326,*,*,*,,
Prawn,---,2002,7,30,3,1600,771,0,0,,
Prawn,---,2002,7,31,2,6800,*,*,*,,
Prawn,---,2002,7,32,1,60,*,*,*,,
Prawn,---,2002,7,Total,25,144275,157536,24,0,,
Prawn,---,2002,8,2,2,650,*,*,*,,
Prawn,---,2002,8,3,4,300,149,0,0,,
Prawn,---,2002,8,4,6,11100,10562,0,0,,
Prawn,---,2002,8,5,4,4000,3549,0,0,,
Prawn,---,2002,8,6,3,2400,1530,0,0,,
Prawn,---,2002,8,7,3,17681,21244,27,0,,
Prawn,---,2002,8,8,6,16822,16031,405,8,,
Prawn,---,2002,8,9,4,6486,4083,426,0,,
Prawn,---,2002,8,10,4,3477,4270,27,0,,
Prawn,---,2002,8,11,3,2350,2795,469,0,,
Prawn,---,2002,8,12,2,4550,*,*,*,,
Prawn,---,2002,8,13,4,11000,10644,2,0,,
Prawn,---,2002,8,14,4,9260,10172,240,0,,
Prawn,---,2002,8,15,3,6550,10483,165,0,,
Prawn,---,2002,8,16,5,4050,3414,0,0,,
Prawn,---,2002,8,Total,12,100676,104151,1852,8,,
Prawn,---,2002,9,1,5,11052,13171,0,0,,
Prawn,---,2002,9,2,6,12367,12798,22,0,,
Prawn,---,2002,9,3,6,4422,4800,85,0,,
Prawn,---,2002,9,4,5,4321,5207,127,23,,
Prawn,---,2002,9,5,2,1327,*,*,*,,
Prawn,---,2002,9,6,2,8229,*,*,*,,
Prawn,---,2002,9,7,2,4943,*,*,*,,
Prawn,---,2002,9,8,1,3319,*,*,*,,
Prawn,---,2002,9,9,2,3886,*,*,*,,
Prawn,---,2002,9,10,1,9003,*,*,*,,
Prawn,---,2002,9,11,7,7066,8316,328,67,,
Prawn,---,2002,9,12,6,13050,14153,20,0,,
Prawn,---,2002,9,Total,10,82985,91975,2158,98,,
Prawn,---,2002,10,2,2,450,*,*,*,,
Prawn,---,2002,10,3,2,660,*,*,*,,
Prawn,---,2002,10,4,4,3921,3661,0,0,,
Prawn,---,2002,10,5,4,2725,3455,0,0,,
Prawn,---,2002,10,6,3,2550,3052,0,0,,
Prawn,---,2002,10,7,4,2442,2425,0,0,,
Prawn,---,2002,10,8,2,1415,*,*,*,,
Prawn,---,2002,10,9,1,2035,*,*,*,,
Prawn,---,2002,10,10,1,2736,*,*,*,,
Prawn,---,2002,10,11,1,65,*,*,*,,
Prawn,---,2002,10,12,3,12430,26641,144,0,,
Prawn,---,2002,10,Total,6,31429,46829,144,0,,
Prawn,---,2002,11,2,4,5445,4076,0,0,,
Prawn,---,2002,11,3,3,9898,10183,0,0,,
Prawn,---,2002,11,4,4,9750,9578,0,0,,
Prawn,---,2002,11,5,2,1250,*,*,*,,
Prawn,---,2002,11,6,2,1500,*,*,*,,
Prawn,---,2002,11,7,2,1150,*,*,*,,
Prawn,---,2002,11,8,1,1250,*,*,*,,
Prawn,---,2002,11,10,1,1600,*,*,*,,
Prawn,---,2002,11,Total,6,31843,29825,4,0,,
Prawn,---,2002,12,1,2,5150,*,*,*,,
Prawn,---,2002,12,2,3,10500,11135,0,0,,
Prawn,---,2002,12,3,4,7350,7535,0,0,,
Prawn,---,2002,12,5,1,50,*,*,*,,
Prawn,---,2002,12,6,12,41667,58528,11,9,,
Prawn,---,2002,12,7,12,9870,6768,0,0,,
Prawn,---,2002,12,8,1,50,*,*,*,,
Prawn,---,2002,12,9,1,100,*,*,*,,
Prawn,---,2002,12,10,1,50,*,*,*,,
Prawn,---,2002,12,11,3,950,446,0,0,,
Prawn,---,2002,12,13,6,3380,1498,0,0,,
Prawn,---,2002,12,16,1,50,*,*,*,,
Prawn,---,2002,12,22,4,16050,25749,0,0,,
Prawn,---,2002,12,23,7,64450,87897,0,0,,
Prawn,---,2002,12,24,1,150,*,*,*,,
Prawn,---,2002,12,26,14,122011,137243,46,24,,
Prawn,---,2002,12,27,8,14453,19717,4,0,,
Prawn,---,2002,12,28,4,3150,2590,0,0,,
Prawn,---,2002,12,29,4,2400,1757,58,0,,
Prawn,---,2002,12,30,5,3500,2745,22,0,,
Prawn,---,2002,12,31,2,2550,*,*,*,,
Prawn,---,2002,12,32,2,450,*,*,*,,
Prawn,---,2002,12,33,1,750,*,*,*,,
Prawn,---,2002,12,34,1,800,*,*,*,,
Prawn,---,2002,12,35,22,58519,66115,614,0,,
Prawn,---,2002,12,36,3,7000,7008,315,0,,
Prawn,---,2002,12,37,1,3750,*,*,*,,
Prawn,---,2002,12,38,13,19926,23021,0,7,,
Prawn,---,2002,12,39,14,51085,69220,27,0,,
Prawn,---,2002,12,40,16,81209,98168,7,5,,
Prawn,---,2002,12,41,16,80841,96845,0,4,,
Prawn,---,2002,12,42,6,19299,19875,0,1,,
Prawn,---,2002,12,43,10,21100,22738,37,12,,
Prawn,---,2002,12,44,2,350,*,*,*,,
Prawn,---,2002,12,45,5,23466,25380,13,63,,
Prawn,---,2002,12,46,2,5500,*,*,*,,
Prawn,---,2002,12,47,4,4800,7472,4,1,,
Prawn,---,2002,12,48,4,5200,7172,16,0,,
Prawn,---,2002,12,Total,48,691926,826783,1251,188,,
Prawn,---,2002,13,1,14,7980,7833,0,0,,
Prawn,---,2002,13,10,1,150,*,*,*,,
Prawn,---,2002,13,12,10,45966,55701,206,0,,
Prawn,---,2002,13,13,8,13700,16220,0,0,,
Prawn,---,2002,13,14,17,20070,20305,0,0,,
Prawn,---,2002,13,15,16,17929,19156,573,0,,
Prawn,---,2002,13,16,16,32197,39443,0,0,,
Prawn,---,2002,13,17,20,44289,48804,0,0,,
Prawn,---,2002,13,18,11,14965,13120,0,0,,
Prawn,---,2002,13,19,9,13050,11729,0,0,,
Prawn,---,2002,13,20,9,7050,8563,0,0,,
Prawn,---,2002,13,21,8,17900,17002,0,0,,
Prawn,---,2002,13,22,3,17100,14696,0,0,,
Prawn,---,2002,13,23,3,2200,1521,0,0,,
Prawn,---,2002,13,25,2,250,*,*,*,,
Prawn,---,2002,13,26,1,100,*,*,*,,
Prawn,---,2002,13,35,4,6400,6287,0,0,,
Prawn,---,2002,13,36,4,19900,25071,0,0,,
Prawn,---,2002,13,37,1,100,*,*,*,,
Prawn,---,2002,13,39,1,100,*,*,*,,
Prawn,---,2002,13,41,1,200,*,*,*,,
Prawn,---,2002,13,42,5,27300,27842,9,0,,
Prawn,---,2002,13,43,5,18600,25661,0,0,,
Prawn,---,2002,13,Total,37,327496,359310,788,0,,
Prawn,---,2002,14,1,6,2850,2585,0,0,,
Prawn,---,2002,14,2,7,5250,4586,0,0,,
Prawn,---,2002,14,3,12,31898,30736,0,15,,
Prawn,---,2002,14,4,6,7193,6815,0,0,,
Prawn,---,2002,14,5,10,18197,19740,0,0,,
Prawn,---,2002,14,6,16,26200,27275,0,0,,
Prawn,---,2002,14,7,2,1500,*,*,*,,
Prawn,---,2002,14,8,3,17700,19324,131,0,,
Prawn,---,2002,14,9,5,6625,5920,0,0,,
Prawn,---,2002,14,11,2,150,*,*,*,,
Prawn,---,2002,14,12,10,42235,44214,0,0,,
Prawn,---,2002,14,13,23,36550,38011,0,0,,
Prawn,---,2002,14,15,1,750,*,*,*,,
Prawn,---,2002,14,Total,43,197098,201622,131,15,,
Prawn,---,2002,15,1,11,26950,29568,0,24,,
Prawn,---,2002,15,2,21,93657,117008,0,0,,
Prawn,---,2002,15,3,18,84940,102326,0,0,,
Prawn,---,2002,15,4,10,5950,8656,0,0,,
Prawn,---,2002,15,5,24,134605,152665,0,0,,
Prawn,---,2002,15,6,4,6299,6332,0,0,,
Prawn,---,2002,15,Total,42,352401,416555,0,24,,
Prawn,---,2002,16,1,20,30139,27776,0,0,,
Prawn,---,2002,16,2,14,19080,17983,0,0,,
Prawn,---,2002,16,4,3,150,46,0,0,,
Prawn,---,2002,16,5,1,400,*,*,*,,
Prawn,---,2002,16,6,3,3948,3365,0,0,,
Prawn,---,2002,16,7,2,899,*,*,*,,
Prawn,---,2002,16,8,2,450,*,*,*,,
Prawn,---,2002,16,9,4,3899,2764,0,0,,
Prawn,---,2002,16,10,10,15755,11305,0,0,,
Prawn,---,2002,16,11,13,30314,18684,0,0,,
Prawn,---,2002,16,12,8,24202,16611,0,0,,
Prawn,---,2002,16,13,7,23211,21481,0,0,,
Prawn,---,2002,16,14,3,2200,2216,0,0,,
Prawn,---,2002,16,15,3,4350,4520,0,0,,
Prawn,---,2002,16,16,5,3350,3566,0,0,,
Prawn,---,2002,16,17,11,15736,14817,0,0,,
Prawn,---,2002,16,18,18,53308,58744,0,0,,
Prawn,---,2002,16,19,12,16575,18907,0,12,,
Prawn,---,2002,16,20,1,50,*,*,*,,
Prawn,---,2002,16,21,21,61379,69686,0,0,,
Prawn,---,2002,16,22,5,1100,851,0,0,,
Prawn,---,2002,16,Total,42,310495,294833,0,12,,
Prawn,---,2002,17,1,4,738,194,0,0,,
Prawn,---,2002,17,2,4,1050,776,0,0,,
Prawn,---,2002,17,3,6,3250,4435,0,0,,
Prawn,---,2002,17,4,11,20862,18425,15,0,,
Prawn,---,2002,17,5,9,56433,63573,0,56,,
Prawn,---,2002,17,6,13,120807,102044,0,81,,
Prawn,---,2002,17,7,2,150,*,*,*,,
Prawn,---,2002,17,8,1,200,*,*,*,,
Prawn,---,2002,17,9,8,27669,23575,8,13,,
Prawn,---,2002,17,10,12,15397,16420,0,0,,
Prawn,---,2002,17,11,27,38944,38582,0,0,,
Prawn,---,2002,17,12,17,65621,62591,0,0,,
Prawn,---,2002,17,13,8,3960,2846,0,0,,
Prawn,---,2002,17,14,1,50,*,*,*,,
Prawn,---,2002,17,15,5,660,370,0,0,,
Prawn,---,2002,17,16,6,5380,6759,0,0,,
Prawn,---,2002,17,17,6,16675,14391,435,0,,
Prawn,---,2002,17,18,4,4100,3166,0,0,,
Prawn,---,2002,17,19,1,300,*,*,*,,
Prawn,---,2002,17,20,1,500,*,*,*,,
Prawn,---,2002,17,Total,47,382746,358941,458,150,,
Prawn,---,2002,18,1,6,12355,12845,0,0,,
Prawn,---,2002,18,2,5,1324,344,0,110,,
Prawn,---,2002,18,3,4,941,548,4,19,,
Prawn,---,2002,18,4,10,38560,45068,18,584,,
Prawn,---,2002,18,5,5,15704,11569,16,152,,
Prawn,---,2002,18,6,12,33756,39680,0,138,,
Prawn,---,2002,18,7,8,17231,13147,0,0,,
Prawn,---,2002,18,8,3,598,354,0,0,,
Prawn,---,2002,18,9,3,845,685,0,0,,
Prawn,---,2002,18,11,3,4900,5366,0,0,,
Prawn,---,2002,18,Total,20,126214,129606,38,1003,,
Prawn,---,2002,19,3,5,87126,145597,0,0,,
Prawn,---,2002,19,4,2,560,*,*,*,,
Prawn,---,2002,19,5,10,59512,78999,0,26,,
Prawn,---,2002,19,7,8,8044,9424,0,57,,
Prawn,---,2002,19,8,8,16185,16330,65,468,,
Prawn,---,2002,19,10,3,639,718,0,64,,
Prawn,---,2002,19,11,1,49,*,*,*,,
Prawn,---,2002,19,Total,19,172115,251185,65,615,,
Prawn,---,2002,20,7,1,950,*,*,*,,
Prawn,---,2002,20,Total,1,950,*,*,*,,
Prawn,---,2002,23,1,1,2650,*,*,*,,
Prawn,---,2002,23,2,4,15500,21006,0,0,,
Prawn,---,2002,23,3,5,11280,13410,0,0,,
Prawn,---,2002,23,4,6,34330,43770,0,0,,
Prawn,---,2002,23,5,6,7382,6612,0,0,,
Prawn,---,2002,23,6,6,19715,18471,0,0,,
Prawn,---,2002,23,7,5,5743,5562,0,13,,
Prawn,---,2002,23,8,3,1050,**,**,**,,
Prawn,---,2002,23,Total,6,97650,112427,0,13,,
Prawn,---,2002,24,2,3,3400,4582,0,0,,
Prawn,---,2002,24,3,3,5200,7796,0,0,,
Prawn,---,2002,24,4,2,4353,*,*,*,,
Prawn,---,2002,24,5,2,750,*,*,*,,
Prawn,---,2002,24,6,1,50,*,*,*,,
Prawn,---,2002,24,7,2,100,*,*,*,,
Prawn,---,2002,24,10,2,1500,*,*,*,,
Prawn,---,2002,24,11,1,50,*,*,*,,
Prawn,---,2002,24,12,1,150,*,*,*,,
Prawn,---,2002,24,13,3,2903,4669,0,0,,
Prawn,---,2002,24,14,3,6100,10905,0,0,,
Prawn,---,2002,24,Total,3,24556,37010,0,0,,
Prawn,---,2002,25,0,1,50,*,*,*,,
Prawn,---,2002,25,1,4,16150,27537,0,0,,
Prawn,---,2002,25,2,5,7050,8128,0,0,,
Prawn,---,2002,25,3,7,8284,8996,0,0,,
Prawn,---,2002,25,4,7,6749,8210,0,0,,
Prawn,---,2002,25,5,4,2250,4035,0,0,,
Prawn,---,2002,25,6,6,26784,34002,0,0,,
Prawn,---,2002,25,7,2,260,*,*,*,,
Prawn,---,2002,25,8,4,11833,15439,0,0,,
Prawn,---,2002,25,9,4,10104,12819,0,0,,
Prawn,---,2002,25,10,3,1271,1258,0,0,,
Prawn,---,2002,25,11,3,4854,5674,0,0,,
Prawn,---,2002,25,13,3,11905,15566,0,0,,
Prawn,---,2002,25,14,1,100,*,*,*,,
Prawn,---,2002,25,15,6,7546,11544,0,0,,
Prawn,---,2002,25,16,1,549,*,*,*,,
Prawn,---,2002,25,Total,7,115739,154117,0,30,,
Prawn,---,2002,26,1,1,350,*,*,*,,
Prawn,---,2002,26,2,2,3150,*,*,*,,
Prawn,---,2002,26,4,1,1350,*,*,*,,
Prawn,---,2002,26,5,1,900,*,*,*,,
Prawn,---,2002,26,6,1,50,*,*,*,,
Prawn,---,2002,26,7,1,500,*,*,*,,
Prawn,---,2002,26,8,1,100,*,*,*,,
Prawn,---,2002,26,9,1,2450,*,*,*,,
Prawn,---,2002,26,Total,2,8850,*,*,*,,
Prawn,---,2002,27,2,1,200,*,*,*,,
Prawn,---,2002,27,5,1,4200,*,*,*,,
Prawn,---,2002,27,7,2,3800,*,*,*,,
Prawn,---,2002,27,8,2,5900,*,*,*,,
Prawn,---,2002,27,10,2,250,*,*,*,,
Prawn,---,2002,27,11,2,9650,*,*,*,,
Prawn,---,2002,27,Total,2,24000,*,*,*,,
Prawn,---,2002,28,1,11,17232,21374,0,0,,
Prawn,---,2002,28,2,10,20149,20835,0,0,,
Prawn,---,2002,28,3,8,14678,19459,0,0,,
Prawn,---,2002,28,4,7,6422,8820,0,0,,
Prawn,---,2002,28,5,5,2667,3443,0,0,,
Prawn,---,2002,28,6,2,142,*,*,*,,
Prawn,---,2002,28,7,3,598,226,0,0,,
Prawn,---,2002,28,9,2,550,*,*,*,,
Prawn,---,2002,28,12,1,2050,*,*,*,,
Prawn,---,2002,28,13,1,1100,*,*,*,,
Prawn,---,2002,28,Total,12,65588,78885,0,0,,
Prawn,---,2002,29,1,8,5325,5561,0,0,,
Prawn,---,2002,29,2,20,20838,28077,0,0,,
Prawn,---,2002,29,3,13,16267,12901,0,0,,
Prawn,---,2002,29,4,9,5900,5301,0,0,,
Prawn,---,2002,29,5,11,19100,14234,0,0,,
Prawn,---,2002,29,Total,26,67430,66074,0,0,,
Prawn,---,2002,107,1,1,250,*,*,*,,
Prawn,---,2002,107,2,2,1152,*,*,*,,
Prawn,---,2002,107,Total,2,1402,*,*,*,,
Prawn,---,2002,123,3,1,100,*,*,*,,
Prawn,---,2002,123,5,1,50,*,*,*,,
Prawn,---,2002,123,Total,1,150,*,*,*,,
Prawn,---,2003,2,3,2,5600,*,*,*,,
Prawn,---,2003,2,4,3,25350,61023,0,0,,
Prawn,---,2003,2,5,2,500,*,*,*,,
Prawn,---,2003,2,6,7,48485,102389,1997,0,,
Prawn,---,2003,2,7,3,350,513,2,0,,
Prawn,---,2003,2,8,8,25059,53683,968,0,,
Prawn,---,2003,2,9,2,2600,*,*,*,,
Prawn,---,2003,2,10,5,23392,51018,0,0,,
Prawn,---,2003,2,11,4,4355,5922,0,0,,
Prawn,---,2003,2,12,5,14875,23073,0,0,,
Prawn,---,2003,2,13,4,7625,22622,0,0,,
Prawn,---,2003,2,31,1,400,*,*,*,,
Prawn,---,2003,2,32,1,50,*,*,*,,
Prawn,---,2003,2,33,1,50,*,*,*,,
Prawn,---,2003,2,35,1,50,*,*,*,,
Prawn,---,2003,2,36,1,50,*,*,*,,
Prawn,---,2003,2,38,1,120,*,*,*,,
Prawn,---,2003,2,39,1,120,*,*,*,,
Prawn,---,2003,2,41,1,60,*,*,*,,
Prawn,---,2003,2,46,1,1650,*,*,*,,
Prawn,---,2003,2,65,1,2750,*,*,*,,
Prawn,---,2003,2,67,1,325,*,*,*,,
Prawn,---,2003,2,68,1,600,*,*,*,,
Prawn,---,2003,2,73,1,60,*,*,*,,
Prawn,---,2003,2,75,1,60,*,*,*,,
Prawn,---,2003,2,76,1,60,*,*,*,,
Prawn,---,2003,2,77,1,60,*,*,*,,
Prawn,---,2003,2,78,1,120,*,*,*,,
Prawn,---,2003,2,79,1,60,*,*,*,,
Prawn,---,2003,2,80,1,60,*,*,*,,
Prawn,---,2003,2,82,1,60,*,*,*,,
Prawn,---,2003,2,83,1,60,*,*,*,,
Prawn,---,2003,2,88,1,60,*,*,*,,
Prawn,---,2003,2,89,1,250,*,*,*,,
Prawn,---,2003,2,90,2,5800,*,*,*,,
Prawn,---,2003,2,91,2,2350,*,*,*,,
Prawn,---,2003,2,92,1,120,*,*,*,,
Prawn,---,2003,2,97,1,60,*,*,*,,
Prawn,---,2003,2,Total,13,173656,362935,4561,0,,
Prawn,---,2003,3,1,1,740,*,*,*,,
Prawn,---,2003,3,3,1,150,*,*,*,,
Prawn,---,2003,3,6,4,10300,10845,455,0,,
Prawn,---,2003,3,7,2,2700,*,*,*,,
Prawn,---,2003,3,8,3,700,809,122,0,,
Prawn,---,2003,3,9,3,750,793,24,0,,
Prawn,---,2003,3,10,4,2820,4077,359,0,,
Prawn,---,2003,3,11,3,2575,2154,293,0,,
Prawn,---,2003,3,12,1,480,*,*,*,,
Prawn,---,2003,3,13,3,2190,1365,12,0,,
Prawn,---,2003,3,14,2,5950,*,*,*,,
Prawn,---,2003,3,15,3,9215,7577,581,0,,
Prawn,---,2003,3,16,2,735,*,*,*,,
Prawn,---,2003,3,17,2,275,*,*,*,,
Prawn,---,2003,3,Total,8,39580,35989,3688,28,,
Prawn,---,2003,4,2,1,450,*,*,*,,
Prawn,---,2003,4,5,1,10200,*,*,*,,
Prawn,---,2003,4,9,6,13080,10723,1091,8,,
Prawn,---,2003,4,10,7,102720,1043,35841,0,,
Prawn,---,2003,4,11,3,23025,0,13240,0,,
Prawn,---,2003,4,12,4,10685,14182,275,0,,
Prawn,---,2003,4,Total,8,160160,37492,50772,8,,
Prawn,---,2003,5,1,4,4185,4383,569,0,,
Prawn,---,2003,5,2,6,6950,10735,10,0,,
Prawn,---,2003,5,3,2,650,*,*,*,,
Prawn,---,2003,5,9,2,2400,*,*,*,,
Prawn,---,2003,5,10,2,200,*,*,*,,
Prawn,---,2003,5,13,1,300,*,*,*,,
Prawn,---,2003,5,14,4,750,464,0,0,,
Prawn,---,2003,5,15,2,1050,*,*,*,,
Prawn,---,2003,5,16,6,8625,6512,170,0,,
Prawn,---,2003,5,17,4,2800,1148,0,0,,
Prawn,---,2003,5,18,3,675,355,0,0,,
Prawn,---,2003,5,19,3,1500,1233,0,0,,
Prawn,---,2003,5,23,3,15085,19499,2000,0,,
Prawn,---,2003,5,24,5,3850,1950,367,0,,
Prawn,---,2003,5,Total,12,49020,51687,3187,18,,
Prawn,---,2003,6,1,6,11675,8471,1775,0,,
Prawn,---,2003,6,2,1,7200,*,*,*,,
Prawn,---,2003,6,3,4,2020,512,0,0,,
Prawn,---,2003,6,4,3,15830,27009,3026,75,,
Prawn,---,2003,6,5,5,5320,3803,433,0,,
Prawn,---,2003,6,8,1,1500,*,*,*,,
Prawn,---,2003,6,9,1,300,*,*,*,,
Prawn,---,2003,6,10,1,120,*,*,*,,
Prawn,---,2003,6,12,3,8360,6980,177,0,,
Prawn,---,2003,6,14,3,2550,3218,90,0,,
Prawn,---,2003,6,15,1,40,*,*,*,,
Prawn,---,2003,6,16,3,1400,1450,4,0,,
Prawn,---,2003,6,17,2,2400,*,*,*,,
Prawn,---,2003,6,18,2,1350,*,*,*,,
Prawn,---,2003,6,19,3,6600,5116,30,0,,
Prawn,---,2003,6,20,6,1300,572,4,0,,
Prawn,---,2003,6,21,1,150,*,*,*,,
Prawn,---,2003,6,22,1,600,*,*,*,,
Prawn,---,2003,6,23,1,4200,*,*,*,,
Prawn,---,2003,6,24,1,1320,*,*,*,,
Prawn,---,2003,6,25,5,8910,12162,226,0,,
Prawn,---,2003,6,28,2,1640,*,*,*,,
Prawn,---,2003,6,Total,17,84785,88762,5805,75,,
Prawn,---,2003,7,0,1,0,*,*,*,,
Prawn,---,2003,7,1,5,12100,22648,0,0,,
Prawn,---,2003,7,2,5,5070,8117,0,0,,
Prawn,---,2003,7,3,4,9393,13742,0,0,,
Prawn,---,2003,7,4,4,5750,5881,26,0,,
Prawn,---,2003,7,5,2,100,*,*,*,,
Prawn,---,2003,7,6,5,4910,2658,2,0,,
Prawn,---,2003,7,7,4,4600,3027,40,0,,
Prawn,---,2003,7,9,13,49780,59778,210,0,,
Prawn,---,2003,7,10,9,9160,8808,0,0,,
Prawn,---,2003,7,11,5,7420,9013,10,0,,
Prawn,---,2003,7,12,8,6550,9036,0,0,,
Prawn,---,2003,7,13,5,5200,5417,0,0,,
Prawn,---,2003,7,14,8,30480,30907,4,0,,
Prawn,---,2003,7,15,7,7810,8139,62,0,,
Prawn,---,2003,7,16,4,7900,5255,393,0,,
Prawn,---,2003,7,17,4,700,514,0,0,,
Prawn,---,2003,7,18,5,5850,6293,73,0,,
Prawn,---,2003,7,19,3,9710,14049,7,6,,
Prawn,---,2003,7,20,1,100,*,*,*,,
Prawn,---,2003,7,21,2,1190,*,*,*,,
Prawn,---,2003,7,22,2,200,*,*,*,,
Prawn,---,2003,7,23,4,5200,6092,253,0,,
Prawn,---,2003,7,24,4,3250,3362,2,0,,
Prawn,---,2003,7,25,5,3787,2928,26,0,,
Prawn,---,2003,7,26,4,1740,1620,0,0,,
Prawn,---,2003,7,27,4,4878,6500,161,2,,
Prawn,---,2003,7,28,4,3187,3059,59,0,,
Prawn,---,2003,7,29,5,1050,378,0,0,,
Prawn,---,2003,7,30,4,2150,1759,34,0,,
Prawn,---,2003,7,31,3,12600,22607,0,0,,
Prawn,---,2003,7,32,2,490,*,*,*,,
Prawn,---,2003,7,Total,30,222305,265124,1373,10,,
Prawn,---,2003,8,1,1,50,*,*,*,,
Prawn,---,2003,8,2,1,100,*,*,*,,
Prawn,---,2003,8,4,2,4400,*,*,*,,
Prawn,---,2003,8,5,2,650,*,*,*,,
Prawn,---,2003,8,6,1,250,*,*,*,,
Prawn,---,2003,8,7,5,25030,28588,164,0,,
Prawn,---,2003,8,8,7,17380,17656,1555,0,,
Prawn,---,2003,8,9,2,1940,*,*,*,,
Prawn,---,2003,8,10,5,3990,4086,20,0,,
Prawn,---,2003,8,11,5,4010,4584,550,0,,
Prawn,---,2003,8,12,3,10480,13254,884,0,,
Prawn,---,2003,8,13,4,7800,9189,8,0,,
Prawn,---,2003,8,14,3,4450,5070,103,0,,
Prawn,---,2003,8,15,6,18460,24241,333,0,,
Prawn,---,2003,8,16,5,3230,2594,8,0,,
Prawn,---,2003,8,Total,13,102220,116670,4319,2,,
Prawn,---,2003,9,1,5,6600,6090,0,0,,
Prawn,---,2003,9,2,5,5713,4965,22,0,,
Prawn,---,2003,9,3,2,2295,*,*,*,,
Prawn,---,2003,9,4,3,2540,2979,0,0,,
Prawn,---,2003,9,5,2,2095,*,*,*,,
Prawn,---,2003,9,6,2,8017,*,*,*,,
Prawn,---,2003,9,7,2,4808,*,*,*,,
Prawn,---,2003,9,8,2,3185,*,*,*,,
Prawn,---,2003,9,9,2,6514,*,*,*,,
Prawn,---,2003,9,10,1,8137,*,*,*,,
Prawn,---,2003,9,11,5,4192,4152,298,0,,
Prawn,---,2003,9,12,8,9970,12271,201,0,,
Prawn,---,2003,9,Total,10,64066,64102,1895,0,,
Prawn,---,2003,10,2,3,600,325,0,0,,
Prawn,---,2003,10,3,1,100,*,*,*,,
Prawn,---,2003,10,4,1,2600,*,*,*,,
Prawn,---,2003,10,5,1,1150,*,*,*,,
Prawn,---,2003,10,6,1,200,*,*,*,,
Prawn,---,2003,10,7,2,1600,*,*,*,,
Prawn,---,2003,10,8,1,150,*,*,*,,
Prawn,---,2003,10,9,2,250,*,*,*,,
Prawn,---,2003,10,10,2,950,*,*,*,,
Prawn,---,2003,10,11,1,100,*,*,*,,
Prawn,---,2003,10,12,4,10800,22008,19,11,,
Prawn,---,2003,10,Total,6,18500,32945,19,11,,
Prawn,---,2003,11,2,6,3524,2818,0,0,,
Prawn,---,2003,11,3,3,13650,18917,136,0,,
Prawn,---,2003,11,4,3,13650,13133,35,0,,
Prawn,---,2003,11,5,3,4650,2747,84,0,,
Prawn,---,2003,11,6,1,400,*,*,*,,
Prawn,---,2003,11,7,2,750,*,*,*,,
Prawn,---,2003,11,8,2,2300,*,*,*,,
Prawn,---,2003,11,9,2,100,*,*,*,,
Prawn,---,2003,11,10,2,1150,*,*,*,,
Prawn,---,2003,11,Total,9,40174,42291,326,0,,
Prawn,---,2003,12,0,1,60,*,*,*,,
Prawn,---,2003,12,1,2,1500,*,*,*,,
Prawn,---,2003,12,2,3,4700,4564,0,0,,
Prawn,---,2003,12,3,4,4750,4694,0,0,,
Prawn,---,2003,12,4,3,1200,1135,0,0,,
Prawn,---,2003,12,5,1,400,*,*,*,,
Prawn,---,2003,12,6,8,25238,26694,0,0,,
Prawn,---,2003,12,7,9,9200,5155,0,0,,
Prawn,---,2003,12,8,1,100,*,*,*,,
Prawn,---,2003,12,9,3,860,626,0,0,,
Prawn,---,2003,12,10,1,96,*,*,*,,
Prawn,---,2003,12,11,4,796,477,0,0,,
Prawn,---,2003,12,12,1,50,*,*,*,,
Prawn,---,2003,12,13,7,1770,866,0,0,,
Prawn,---,2003,12,15,1,50,*,*,*,,
Prawn,---,2003,12,16,3,200,87,0,0,,
Prawn,---,2003,12,19,1,50,*,*,*,,
Prawn,---,2003,12,22,4,5550,9212,0,0,,
Prawn,---,2003,12,23,5,64900,84174,0,2,,
Prawn,---,2003,12,24,1,1400,*,*,*,,
Prawn,---,2003,12,26,16,132775,155224,329,13,,
Prawn,---,2003,12,27,7,28800,38575,324,2,,
Prawn,---,2003,12,28,6,3850,3660,2,0,,
Prawn,---,2003,12,29,4,3353,3091,66,0,,
Prawn,---,2003,12,30,2,5645,*,*,*,,
Prawn,---,2003,12,31,2,2250,*,*,*,,
Prawn,---,2003,12,32,2,950,*,*,*,,
Prawn,---,2003,12,33,2,1250,*,*,*,,
Prawn,---,2003,12,34,2,1200,*,*,*,,
Prawn,---,2003,12,35,18,43476,49197,174,0,,
Prawn,---,2003,12,36,3,4200,4211,9,0,,
Prawn,---,2003,12,37,2,2700,*,*,*,,
Prawn,---,2003,12,38,5,13100,13043,21,0,,
Prawn,---,2003,12,39,9,35353,31658,0,0,,
Prawn,---,2003,12,40,16,42824,47009,212,0,,
Prawn,---,2003,12,41,11,73660,83234,893,0,,
Prawn,---,2003,12,42,4,34668,53928,0,0,,
Prawn,---,2003,12,43,9,14650,15895,159,82,,
Prawn,---,2003,12,44,4,300,383,0,4,,
Prawn,---,2003,12,45,7,15850,17209,289,227,,
Prawn,---,2003,12,46,4,3650,4222,88,34,,
Prawn,---,2003,12,47,5,3400,4333,27,119,,
Prawn,---,2003,12,48,3,3700,5120,26,166,,
Prawn,---,2003,12,Total,50,594474,681828,3016,653,,
Prawn,---,2003,13,1,13,13110,17122,0,0,,
Prawn,---,2003,13,12,12,44723,57384,0,0,,
Prawn,---,2003,13,13,12,10625,13747,0,0,,
Prawn,---,2003,13,14,14,28644,34244,0,0,,
Prawn,---,2003,13,15,14,18350,23436,100,0,,
Prawn,---,2003,13,16,15,32683,43087,0,0,,
Prawn,---,2003,13,17,16,50133,59074,0,0,,
Prawn,---,2003,13,18,10,11749,12131,0,0,,
Prawn,---,2003,13,19,7,16944,13900,0,0,,
Prawn,---,2003,13,20,7,9890,11395,0,0,,
Prawn,---,2003,13,21,7,29750,37671,0,0,,
Prawn,---,2003,13,22,3,25105,25695,0,0,,
Prawn,---,2003,13,23,4,2000,1904,0,0,,
Prawn,---,2003,13,24,1,50,*,*,*,,
Prawn,---,2003,13,26,1,3000,*,*,*,,
Prawn,---,2003,13,35,4,2650,2120,0,28,,
Prawn,---,2003,13,36,4,25400,26360,0,70,,
Prawn,---,2003,13,37,2,1700,*,*,*,,
Prawn,---,2003,13,39,1,50,*,*,*,,
Prawn,---,2003,13,40,1,120,*,*,*,,
Prawn,---,2003,13,41,4,1770,1515,0,0,,
Prawn,---,2003,13,42,6,19145,24229,0,0,,
Prawn,---,2003,13,43,6,28599,45656,0,0,,
Prawn,---,2003,13,Total,41,376190,453921,100,98,,
Prawn,---,2003,14,1,8,3520,3086,0,0,,
Prawn,---,2003,14,2,9,7085,8750,0,0,,
Prawn,---,2003,14,3,16,41292,54442,0,0,,
Prawn,---,2003,14,4,10,15990,17655,0,0,,
Prawn,---,2003,14,5,13,30250,42361,0,0,,
Prawn,---,2003,14,6,24,32108,44711,0,0,,
Prawn,---,2003,14,7,3,2150,2252,0,0,,
Prawn,---,2003,14,8,2,20400,*,*,*,,
Prawn,---,2003,14,9,7,10344,8373,0,0,,
Prawn,---,2003,14,10,1,28,*,*,*,,
Prawn,---,2003,14,12,19,49491,54572,0,0,,
Prawn,---,2003,14,13,20,45600,60732,0,0,,
Prawn,---,2003,14,15,2,850,*,*,*,,
Prawn,---,2003,14,Total,47,259108,322233,20,0,,
Prawn,---,2003,15,1,9,68000,97098,0,0,,
Prawn,---,2003,15,2,25,145770,208239,0,0,,
Prawn,---,2003,15,3,17,99607,154369,0,0,,
Prawn,---,2003,15,4,4,8350,15207,0,0,,
Prawn,---,2003,15,5,23,151386,186858,0,1,,
Prawn,---,2003,15,6,4,7450,11454,0,0,,
Prawn,---,2003,15,Total,45,480563,673225,0,1,,
Prawn,---,2003,16,1,23,33709,41328,0,0,,
Prawn,---,2003,16,2,14,23463,32370,0,0,,
Prawn,---,2003,16,5,3,850,665,0,0,,
Prawn,---,2003,16,6,3,9596,12970,0,0,,
Prawn,---,2003,16,7,3,3049,3285,0,0,,
Prawn,---,2003,16,8,2,445,*,*,*,,
Prawn,---,2003,16,9,2,2747,*,*,*,,
Prawn,---,2003,16,10,9,31010,34596,0,0,,
Prawn,---,2003,16,11,11,23126,24595,0,0,,
Prawn,---,2003,16,12,7,15772,14316,0,0,,
Prawn,---,2003,16,13,5,26095,27948,0,0,,
Prawn,---,2003,16,14,1,2300,*,*,*,,
Prawn,---,2003,16,15,2,5650,*,*,*,,
Prawn,---,2003,16,16,7,6795,10733,0,0,,
Prawn,---,2003,16,17,7,17480,29289,0,0,,
Prawn,---,2003,16,18,17,63466,102403,0,0,,
Prawn,---,2003,16,19,17,19445,26081,0,0,,
Prawn,---,2003,16,20,4,255,256,0,0,,
Prawn,---,2003,16,21,22,60031,88593,0,0,,
Prawn,---,2003,16,22,9,1200,1074,0,0,,
Prawn,---,2003,16,Total,47,346484,464990,0,0,,
Prawn,---,2003,17,1,2,1247,*,*,*,,
Prawn,---,2003,17,2,4,5825,4791,0,0,,
Prawn,---,2003,17,3,7,4386,4120,0,0,,
Prawn,---,2003,17,4,7,12649,13193,0,0,,
Prawn,---,2003,17,5,12,43528,52008,0,0,,
Prawn,---,2003,17,6,12,85826,99721,0,0,,
Prawn,---,2003,17,7,1,750,*,*,*,,
Prawn,---,2003,17,9,9,13957,19011,0,0,,
Prawn,---,2003,17,10,10,18833,22641,0,0,,
Prawn,---,2003,17,11,29,43182,53225,0,0,,
Prawn,---,2003,17,12,15,78312,98193,0,0,,
Prawn,---,2003,17,13,9,3711,3510,0,0,,
Prawn,---,2003,17,14,1,50,*,*,*,,
Prawn,---,2003,17,15,4,1050,1297,0,0,,
Prawn,---,2003,17,16,4,5025,7456,0,0,,
Prawn,---,2003,17,17,4,10346,10178,204,0,,
Prawn,---,2003,17,18,10,9540,10069,0,0,,
Prawn,---,2003,17,19,2,240,*,*,*,,
Prawn,---,2003,17,20,2,680,*,*,*,,
Prawn,---,2003,17,Total,46,339137,401679,204,0,,
Prawn,---,2003,18,1,2,7055,*,*,*,,
Prawn,---,2003,18,2,3,1385,1160,0,0,,
Prawn,---,2003,18,3,1,50,*,*,*,,
Prawn,---,2003,18,4,6,25145,26903,0,0,,
Prawn,---,2003,18,5,5,8163,5708,0,0,,
Prawn,---,2003,18,6,8,21467,19785,0,0,,
Prawn,---,2003,18,7,6,17368,15078,0,0,,
Prawn,---,2003,18,8,5,1200,991,0,0,,
Prawn,---,2003,18,9,3,200,242,0,0,,
Prawn,---,2003,18,11,2,3850,*,*,*,,
Prawn,---,2003,18,Total,15,85883,86168,1,2,,
Prawn,---,2003,19,3,4,105931,128886,0,0,,
Prawn,---,2003,19,4,2,148,*,*,*,,
Prawn,---,2003,19,5,7,63661,61536,0,0,,
Prawn,---,2003,19,7,4,2650,3406,0,0,,
Prawn,---,2003,19,8,4,8398,10415,0,0,,
Prawn,---,2003,19,10,1,100,*,*,*,,
Prawn,---,2003,19,Total,15,180888,204366,0,0,,
Prawn,---,2003,20,4,1,150,*,*,*,,
Prawn,---,2003,20,5,2,400,*,*,*,,
Prawn,---,2003,20,7,2,1635,*,*,*,,
Prawn,---,2003,20,Total,4,2185,11,0,5830,,
Prawn,---,2003,23,1,3,1290,1078,0,0,,
Prawn,---,2003,23,2,4,17800,27489,0,0,,
Prawn,---,2003,23,3,5,8535,13323,0,0,,
Prawn,---,2003,23,4,8,28030,36912,0,0,,
Prawn,---,2003,23,5,7,7536,7325,0,0,,
Prawn,---,2003,23,6,8,24498,32537,0,0,,
Prawn,---,2003,23,7,5,5383,5556,0,0,,
Prawn,---,2003,23,8,4,1100,1757,0,0,,
Prawn,---,2003,23,Total,8,94172,125977,0,0,,
Prawn,---,2003,24,2,2,4350,*,*,*,,
Prawn,---,2003,24,3,4,6483,10627,0,0,,
Prawn,---,2003,24,4,4,6012,7198,0,0,,
Prawn,---,2003,24,5,3,678,199,0,0,,
Prawn,---,2003,24,7,2,650,*,*,*,,
Prawn,---,2003,24,10,2,2350,*,*,*,,
Prawn,---,2003,24,11,1,50,*,*,*,,
Prawn,---,2003,24,12,2,1750,*,*,*,,
Prawn,---,2003,24,13,4,5373,9027,0,0,,
Prawn,---,2003,24,14,4,5352,8002,0,0,,
Prawn,---,2003,24,Total,4,33048,44844,0,22,,
Prawn,---,2003,25,1,6,15328,22726,0,0,,
Prawn,---,2003,25,2,9,11150,15727,0,0,,
Prawn,---,2003,25,3,9,14573,19250,0,0,,
Prawn,---,2003,25,4,9,17171,22289,0,0,,
Prawn,---,2003,25,5,4,3704,5401,0,0,,
Prawn,---,2003,25,6,10,29856,40335,0,0,,
Prawn,---,2003,25,7,4,233,**,**,**,,
Prawn,---,2003,25,8,6,18555,24121,0,0,,
Prawn,---,2003,25,9,4,15176,22326,0,0,,
Prawn,---,2003,25,10,3,3009,4551,0,0,,
Prawn,---,2003,25,11,3,7565,12236,0,0,,
Prawn,---,2003,25,12,1,165,*,*,*,,
Prawn,---,2003,25,13,3,14202,19980,0,0,,
Prawn,---,2003,25,15,8,8953,13321,0,0,,
Prawn,---,2003,25,16,4,1978,2536,0,0,,
Prawn,---,2003,25,Total,11,161618,225190,0,0,,
Prawn,---,2003,26,1,1,200,*,*,*,,
Prawn,---,2003,26,2,4,16832,25582,0,0,,
Prawn,---,2003,26,3,3,967,1456,0,0,,
Prawn,---,2003,26,4,4,12475,22212,0,0,,
Prawn,---,2003,26,5,4,6005,7317,0,0,,
Prawn,---,2003,26,6,1,50,*,*,*,,
Prawn,---,2003,26,7,1,1150,*,*,*,,
Prawn,---,2003,26,8,1,150,*,*,*,,
Prawn,---,2003,26,9,2,3750,*,*,*,,
Prawn,---,2003,26,10,1,150,*,*,*,,
Prawn,---,2003,26,Total,5,41729,66997,0,0,,
Prawn,---,2003,27,2,3,7250,9503,0,0,,
Prawn,---,2003,27,5,1,1350,*,*,*,,
Prawn,---,2003,27,7,5,23250,40177,0,0,,
Prawn,---,2003,27,8,4,10550,19907,0,0,,
Prawn,---,2003,27,10,2,1250,*,*,*,,
Prawn,---,2003,27,11,3,8200,15337,0,0,,
Prawn,---,2003,27,Total,5,51850,90176,0,0,,
Prawn,---,2003,28,1,11,18699,33757,0,0,,
Prawn,---,2003,28,2,11,32402,58038,0,0,,
Prawn,---,2003,28,3,7,14200,21203,0,0,,
Prawn,---,2003,28,4,8,15069,32909,0,0,,
Prawn,---,2003,28,5,6,3820,8250,0,0,,
Prawn,---,2003,28,6,2,250,*,*,*,,
Prawn,---,2003,28,7,2,150,*,*,*,,
Prawn,---,2003,28,9,1,300,*,*,*,,
Prawn,---,2003,28,12,2,900,*,*,*,,
Prawn,---,2003,28,13,2,400,*,*,*,,
Prawn,---,2003,28,Total,13,86190,157189,0,0,,
Prawn,---,2003,29,1,7,7845,11485,0,0,,
Prawn,---,2003,29,2,15,43894,65274,0,0,,
Prawn,---,2003,29,3,16,30954,42560,0,0,,
Prawn,---,2003,29,4,9,7003,7581,0,0,,
Prawn,---,2003,29,5,14,45442,53641,0,0,,
Prawn,---,2003,29,Total,26,135138,180541,0,0,,
Prawn,---,2003,107,1,1,2350,*,*,*,,
Prawn,---,2003,107,2,3,3590,6354,0,0,,
Prawn,---,2003,107,3,1,3830,*,*,*,,
Prawn,---,2003,107,Total,3,9770,15531,0,0,,
Prawn,---,2003,126,1,1,300,*,*,*,,
Prawn,---,2003,126,Total,1,300,*,*,*,,
Prawn,---,2003,142,2,1,60,*,*,*,,
Prawn,---,2003,142,Total,1,60,*,*,*,,
Prawn,---,2004,2,3,2,9495,*,*,*,,
Prawn,---,2004,2,4,3,22749,40626,0,0,,
Prawn,---,2004,2,5,2,475,*,*,*,,
Prawn,---,2004,2,6,7,27962,45096,96,0,,
Prawn,---,2004,2,8,7,9266,12342,54,0,,
Prawn,---,2004,2,9,1,960,*,*,*,,
Prawn,---,2004,2,10,5,11740,13748,123,0,,
Prawn,---,2004,2,11,3,250,234,0,0,,
Prawn,---,2004,2,12,3,1100,460,0,0,,
Prawn,---,2004,2,13,3,12600,21688,0,0,,
Prawn,---,2004,2,15,1,150,*,*,*,,
Prawn,---,2004,2,16,1,50,*,*,*,,
Prawn,---,2004,2,45,1,2350,*,*,*,,
Prawn,---,2004,2,46,1,1600,*,*,*,,
Prawn,---,2004,2,47,1,500,*,*,*,,
Prawn,---,2004,2,49,1,500,*,*,*,,
Prawn,---,2004,2,51,1,300,*,*,*,,
Prawn,---,2004,2,53,1,1450,*,*,*,,
Prawn,---,2004,2,57,1,150,*,*,*,,
Prawn,---,2004,2,58,1,350,*,*,*,,
Prawn,---,2004,2,59,1,650,*,*,*,,
Prawn,---,2004,2,60,1,3100,*,*,*,,
Prawn,---,2004,2,62,1,900,*,*,*,,
Prawn,---,2004,2,65,1,1800,*,*,*,,
Prawn,---,2004,2,68,1,300,*,*,*,,
Prawn,---,2004,2,82,1,1200,*,*,*,,
Prawn,---,2004,2,89,1,210,*,*,*,,
Prawn,---,2004,2,90,2,4480,*,*,*,,
Prawn,---,2004,2,91,1,1520,*,*,*,,
Prawn,---,2004,2,Total,15,118157,184210,400,0,,
Prawn,---,2004,3,1,2,799,*,*,*,,
Prawn,---,2004,3,2,4,1410,958,0,0,,
Prawn,---,2004,3,3,3,1200,1001,60,0,,
Prawn,---,2004,3,4,1,1150,*,*,*,,
Prawn,---,2004,3,6,2,9000,*,*,*,,
Prawn,---,2004,3,7,2,3800,*,*,*,,
Prawn,---,2004,3,8,3,950,1285,70,0,,
Prawn,---,2004,3,9,2,650,*,*,*,,
Prawn,---,2004,3,10,1,2050,*,*,*,,
Prawn,---,2004,3,11,1,1380,*,*,*,,
Prawn,---,2004,3,13,4,2120,2498,2,0,,
Prawn,---,2004,3,14,1,4500,*,*,*,,
Prawn,---,2004,3,15,3,5440,6723,228,0,,
Prawn,---,2004,3,16,1,300,*,*,*,,
Prawn,---,2004,3,17,1,300,*,*,*,,
Prawn,---,2004,3,Total,6,35049,38739,4874,0,,
Prawn,---,2004,4,5,4,6860,5811,264,0,,
Prawn,---,2004,4,9,7,15365,13447,1455,254,,
Prawn,---,2004,4,10,6,106870,26,41383,0,,
Prawn,---,2004,4,11,3,16283,0,11298,0,,
Prawn,---,2004,4,12,6,24405,22302,1538,250,,
Prawn,---,2004,4,Total,10,169783,41586,55938,504,,
Prawn,---,2004,5,1,4,2795,2751,524,18,,
Prawn,---,2004,5,2,5,3625,3393,45,0,,
Prawn,---,2004,5,3,1,100,*,*,*,,
Prawn,---,2004,5,9,3,4200,4968,347,0,,
Prawn,---,2004,5,14,1,50,*,*,*,,
Prawn,---,2004,5,15,3,1299,856,6,0,,
Prawn,---,2004,5,16,7,3452,1624,90,0,,
Prawn,---,2004,5,23,2,18160,*,*,*,,
Prawn,---,2004,5,24,3,1269,1112,9,0,,
Prawn,---,2004,5,Total,10,34950,38379,4206,162,,
Prawn,---,2004,6,1,5,12860,13951,1459,0,,
Prawn,---,2004,6,2,1,3700,*,*,*,,
Prawn,---,2004,6,3,3,2350,1560,0,0,,
Prawn,---,2004,6,4,6,28080,30848,2203,0,,
Prawn,---,2004,6,5,5,6427,4160,33,0,,
Prawn,---,2004,6,6,1,100,*,*,*,,
Prawn,---,2004,6,8,2,1500,*,*,*,,
Prawn,---,2004,6,9,1,600,*,*,*,,
Prawn,---,2004,6,11,1,50,*,*,*,,
Prawn,---,2004,6,12,5,7900,7213,4,0,,
Prawn,---,2004,6,13,2,350,*,*,*,,
Prawn,---,2004,6,14,4,2737,3457,8,0,,
Prawn,---,2004,6,15,1,100,*,*,*,,
Prawn,---,2004,6,16,5,2510,1969,0,0,,
Prawn,---,2004,6,17,3,5186,5899,0,0,,
Prawn,---,2004,6,18,3,1070,715,0,0,,
Prawn,---,2004,6,19,2,10270,*,*,*,,
Prawn,---,2004,6,20,1,100,*,*,*,,
Prawn,---,2004,6,21,1,650,*,*,*,,
Prawn,---,2004,6,22,1,4000,*,*,*,,
Prawn,---,2004,6,23,3,9275,9141,0,0,,
Prawn,---,2004,6,24,1,35,*,*,*,,
Prawn,---,2004,6,25,4,6750,5692,0,0,,
Prawn,---,2004,6,26,1,200,*,*,*,,
Prawn,---,2004,6,27,1,100,*,*,*,,
Prawn,---,2004,6,28,1,60,*,*,*,,
Prawn,---,2004,6,Total,21,106960,99540,3707,0,,
Prawn,---,2004,7,1,5,13766,26025,0,0,,
Prawn,---,2004,7,2,7,4748,5151,0,0,,
Prawn,---,2004,7,3,11,11909,10389,0,0,,
Prawn,---,2004,7,4,5,8100,8317,9,0,,
Prawn,---,2004,7,5,2,1450,*,*,*,,
Prawn,---,2004,7,6,3,1500,938,0,0,,
Prawn,---,2004,7,7,3,660,397,0,0,,
Prawn,---,2004,7,9,12,24949,28632,20,0,,
Prawn,---,2004,7,10,5,3810,2451,5,0,,
Prawn,---,2004,7,11,2,2650,*,*,*,,
Prawn,---,2004,7,12,9,8370,7769,7,0,,
Prawn,---,2004,7,13,5,2200,2279,0,0,,
Prawn,---,2004,7,14,3,8500,8085,0,0,,
Prawn,---,2004,7,15,8,12670,13184,19,0,,
Prawn,---,2004,7,16,3,3950,2945,0,0,,
Prawn,---,2004,7,17,3,2550,1788,0,0,,
Prawn,---,2004,7,18,6,8320,10217,41,0,,
Prawn,---,2004,7,19,5,14908,27353,52,0,,
Prawn,---,2004,7,20,1,50,*,*,*,,
Prawn,---,2004,7,21,4,3279,5321,0,0,,
Prawn,---,2004,7,22,2,100,*,*,*,,
Prawn,---,2004,7,23,5,4070,3887,20,0,,
Prawn,---,2004,7,24,9,4500,3244,2,0,,
Prawn,---,2004,7,25,2,2550,*,*,*,,
Prawn,---,2004,7,26,2,250,*,*,*,,
Prawn,---,2004,7,27,2,6030,*,*,*,,
Prawn,---,2004,7,28,3,3650,2528,61,0,,
Prawn,---,2004,7,29,2,980,*,*,*,,
Prawn,---,2004,7,30,4,1600,1120,36,0,,
Prawn,---,2004,7,31,5,12045,15161,0,0,,
Prawn,---,2004,7,32,3,750,520,0,0,,
Prawn,---,2004,7,Total,30,174864,201185,531,0,,
Prawn,---,2004,8,1,1,200,*,*,*,,
Prawn,---,2004,8,2,5,2450,1450,3,0,,
Prawn,---,2004,8,3,3,1100,844,0,0,,
Prawn,---,2004,8,4,7,18060,15870,53,0,,
Prawn,---,2004,8,5,4,5200,3844,2,0,,
Prawn,---,2004,8,6,3,1750,1569,10,0,,
Prawn,---,2004,8,7,6,21560,22695,279,0,,
Prawn,---,2004,8,8,4,5750,6628,359,0,,
Prawn,---,2004,8,9,1,800,*,*,*,,
Prawn,---,2004,8,10,3,1490,1870,21,0,,
Prawn,---,2004,8,11,1,800,*,*,*,,
Prawn,---,2004,8,12,2,2800,*,*,*,,
Prawn,---,2004,8,13,2,6000,*,*,*,,
Prawn,---,2004,8,14,1,3100,*,*,*,,
Prawn,---,2004,8,15,4,3880,4927,46,0,,
Prawn,---,2004,8,16,8,6699,5887,0,0,,
Prawn,---,2004,8,Total,16,81639,83670,1280,0,,
Prawn,---,2004,9,1,3,9435,10059,11,6,,
Prawn,---,2004,9,2,5,8114,9775,25,0,,
Prawn,---,2004,9,3,2,3150,*,*,*,,
Prawn,---,2004,9,4,2,2850,*,*,*,,
Prawn,---,2004,9,5,2,750,*,*,*,,
Prawn,---,2004,9,6,1,4500,*,*,*,,
Prawn,---,2004,9,7,2,1600,*,*,*,,
Prawn,---,2004,9,8,1,550,*,*,*,,
Prawn,---,2004,9,9,2,5750,*,*,*,,
Prawn,---,2004,9,10,1,4200,*,*,*,,
Prawn,---,2004,9,11,6,4110,5094,151,2,,
Prawn,---,2004,9,12,9,10678,11582,25,0,,
Prawn,---,2004,9,Total,11,55687,66265,1567,8,,
Prawn,---,2004,10,2,1,195,*,*,*,,
Prawn,---,2004,10,4,4,5050,5843,0,0,,
Prawn,---,2004,10,5,4,1200,1932,0,0,,
Prawn,---,2004,10,6,2,2300,*,*,*,,
Prawn,---,2004,10,7,4,2250,1877,0,0,,
Prawn,---,2004,10,8,3,1950,1205,0,0,,
Prawn,---,2004,10,9,4,2650,1878,0,0,,
Prawn,---,2004,10,10,3,2400,3565,0,0,,
Prawn,---,2004,10,12,6,12600,28804,721,0,,
Prawn,---,2004,10,Total,7,30595,48858,721,0,,
Prawn,---,2004,11,2,3,4240,3432,0,0,,
Prawn,---,2004,11,3,3,12850,14169,103,0,,
Prawn,---,2004,11,4,3,5799,5205,0,0,,
Prawn,---,2004,11,5,4,4300,1622,0,0,,
Prawn,---,2004,11,6,1,50,*,*,*,,
Prawn,---,2004,11,7,1,100,*,*,*,,
Prawn,---,2004,11,8,2,2500,*,*,*,,
Prawn,---,2004,11,10,2,4850,*,*,*,,
Prawn,---,2004,11,Total,7,34689,31047,103,0,,
Prawn,---,2004,12,1,2,1108,*,*,*,,
Prawn,---,2004,12,2,3,3227,2880,0,0,,
Prawn,---,2004,12,3,2,4596,*,*,*,,
Prawn,---,2004,12,4,3,4370,2285,0,0,,
Prawn,---,2004,12,6,7,29140,37769,20,0,,
Prawn,---,2004,12,7,9,6950,3664,0,0,,
Prawn,---,2004,12,11,1,100,*,*,*,,
Prawn,---,2004,12,12,1,120,*,*,*,,
Prawn,---,2004,12,13,3,2700,1603,0,0,,
Prawn,---,2004,12,15,1,490,*,*,*,,
Prawn,---,2004,12,16,1,60,*,*,*,,
Prawn,---,2004,12,22,3,2600,3415,0,0,,
Prawn,---,2004,12,23,5,63000,71411,0,0,,
Prawn,---,2004,12,24,1,1050,*,*,*,,
Prawn,---,2004,12,26,12,66500,77167,409,4,,
Prawn,---,2004,12,27,6,14700,18955,89,0,,
Prawn,---,2004,12,28,3,1350,1021,0,9,,
Prawn,---,2004,12,29,1,700,*,*,*,,
Prawn,---,2004,12,30,2,3000,*,*,*,,
Prawn,---,2004,12,31,2,1250,*,*,*,,
Prawn,---,2004,12,32,2,350,*,*,*,,
Prawn,---,2004,12,35,18,39435,34006,566,2,,
Prawn,---,2004,12,36,3,2750,1908,533,0,,
Prawn,---,2004,12,37,4,3150,2425,0,0,,
Prawn,---,2004,12,38,8,14482,14389,25,0,,
Prawn,---,2004,12,39,12,28566,33651,24,6,,
Prawn,---,2004,12,40,15,36456,42068,50,0,,
Prawn,---,2004,12,41,12,32019,27963,2,0,,
Prawn,---,2004,12,42,5,11870,12531,0,0,,
Prawn,---,2004,12,43,7,7250,6054,113,24,,
Prawn,---,2004,12,45,4,5050,3742,160,0,,
Prawn,---,2004,12,46,1,850,*,*,*,,
Prawn,---,2004,12,47,3,3200,3416,16,0,,
Prawn,---,2004,12,48,3,1400,1167,66,0,,
Prawn,---,2004,12,Total,42,393839,414720,2322,45,,
Prawn,---,2004,13,0,1,50,*,*,*,,
Prawn,---,2004,13,1,15,19648,21176,0,0,,
Prawn,---,2004,13,12,14,39944,47607,0,0,,
Prawn,---,2004,13,13,13,13499,15992,0,4,,
Prawn,---,2004,13,14,15,33390,38936,0,0,,
Prawn,---,2004,13,15,15,19678,25034,20,0,,
Prawn,---,2004,13,16,15,34693,41809,0,0,,
Prawn,---,2004,13,17,21,54348,59836,0,0,,
Prawn,---,2004,13,18,17,13751,14440,2,0,,
Prawn,---,2004,13,19,14,17420,19580,0,0,,
Prawn,---,2004,13,20,15,11499,15183,0,0,,
Prawn,---,2004,13,21,11,33083,44286,0,0,,
Prawn,---,2004,13,22,6,22050,24735,4,0,,
Prawn,---,2004,13,23,5,3394,3291,0,0,,
Prawn,---,2004,13,24,1,1400,*,*,*,,
Prawn,---,2004,13,25,2,850,*,*,*,,
Prawn,---,2004,13,26,2,2200,*,*,*,,
Prawn,---,2004,13,28,1,200,*,*,*,,
Prawn,---,2004,13,35,4,3070,2603,0,0,,
Prawn,---,2004,13,36,2,20450,*,*,*,,
Prawn,---,2004,13,37,2,1400,*,*,*,,
Prawn,---,2004,13,39,1,50,*,*,*,,
Prawn,---,2004,13,41,1,350,*,*,*,,
Prawn,---,2004,13,42,8,24949,24084,0,0,,
Prawn,---,2004,13,43,6,25350,29263,0,0,,
Prawn,---,2004,13,Total,51,396716,450121,26,4,,
Prawn,---,2004,14,1,4,1000,995,0,0,,
Prawn,---,2004,14,2,5,4550,4617,0,0,,
Prawn,---,2004,14,3,14,35235,41942,0,0,,
Prawn,---,2004,14,4,9,10000,9962,0,0,,
Prawn,---,2004,14,5,10,24190,27003,0,0,,
Prawn,---,2004,14,6,18,30398,35929,0,0,,
Prawn,---,2004,14,7,5,3200,3744,0,0,,
Prawn,---,2004,14,8,1,14750,*,*,*,,
Prawn,---,2004,14,9,7,8546,7201,0,0,,
Prawn,---,2004,14,11,2,450,*,*,*,,
Prawn,---,2004,14,12,16,47725,47344,0,0,,
Prawn,---,2004,14,13,31,59255,71330,35,0,,
Prawn,---,2004,14,15,1,850,*,*,*,,
Prawn,---,2004,14,Total,52,240149,261814,35,0,,
Prawn,---,2004,15,1,16,53950,65527,20,0,,
Prawn,---,2004,15,2,32,141521,202561,30,0,,
Prawn,---,2004,15,3,27,111495,150810,1,0,,
Prawn,---,2004,15,4,6,8650,12153,0,0,,
Prawn,---,2004,15,5,36,191015,221820,2,0,,
Prawn,---,2004,15,6,8,13350,14087,0,0,,
Prawn,---,2004,15,Total,64,519981,666958,53,0,,
Prawn,---,2004,16,1,17,35054,34861,0,0,,
Prawn,---,2004,16,2,11,28809,33145,0,0,,
Prawn,---,2004,16,4,2,100,*,*,*,,
Prawn,---,2004,16,5,4,1100,1315,0,0,,
Prawn,---,2004,16,6,5,16000,23607,0,0,,
Prawn,---,2004,16,7,5,11100,17372,0,0,,
Prawn,---,2004,16,8,3,1650,2515,0,0,,
Prawn,---,2004,16,9,6,4000,4941,0,0,,
Prawn,---,2004,16,10,12,31642,28707,0,0,,
Prawn,---,2004,16,11,17,29893,33483,0,0,,
Prawn,---,2004,16,12,10,22473,22989,0,0,,
Prawn,---,2004,16,13,9,31482,31325,0,0,,
Prawn,---,2004,16,14,4,5800,7866,0,0,,
Prawn,---,2004,16,15,4,9600,12150,0,0,,
Prawn,---,2004,16,16,5,4300,4892,0,0,,
Prawn,---,2004,16,17,8,16100,19102,0,0,,
Prawn,---,2004,16,18,17,58218,69867,65,0,,
Prawn,---,2004,16,19,11,16016,17666,0,0,,
Prawn,---,2004,16,20,2,250,*,*,*,,
Prawn,---,2004,16,21,18,53656,76169,0,0,,
Prawn,---,2004,16,22,11,1894,2258,15,0,,
Prawn,---,2004,16,Total,47,379137,444742,80,0,,
Prawn,---,2004,17,0,1,300,*,*,*,,
Prawn,---,2004,17,1,3,400,182,0,0,,
Prawn,---,2004,17,2,4,2700,2738,0,0,,
Prawn,---,2004,17,3,5,2150,2216,0,0,,
Prawn,---,2004,17,4,8,9100,9291,0,0,,
Prawn,---,2004,17,5,9,37188,38830,0,0,,
Prawn,---,2004,17,6,12,82084,77747,4,0,,
Prawn,---,2004,17,7,2,146,*,*,*,,
Prawn,---,2004,17,8,4,330,353,0,0,,
Prawn,---,2004,17,9,8,29035,35631,4,0,,
Prawn,---,2004,17,10,9,14000,15020,0,0,,
Prawn,---,2004,17,11,23,38351,37975,0,0,,
Prawn,---,2004,17,12,17,58025,55203,0,0,,
Prawn,---,2004,17,13,7,3242,2186,0,0,,
Prawn,---,2004,17,15,6,848,402,0,0,,
Prawn,---,2004,17,16,3,7800,13157,0,0,,
Prawn,---,2004,17,17,4,7640,8780,0,0,,
Prawn,---,2004,17,18,10,7400,6452,0,0,,
Prawn,---,2004,17,19,1,50,*,*,*,,
Prawn,---,2004,17,Total,36,300789,306366,8,0,,
Prawn,---,2004,18,1,5,18117,18495,0,0,,
Prawn,---,2004,18,2,4,1564,1619,0,0,,
Prawn,---,2004,18,4,7,37301,51633,0,0,,
Prawn,---,2004,18,5,7,3576,2633,0,0,,
Prawn,---,2004,18,6,7,19358,20487,0,0,,
Prawn,---,2004,18,7,8,9229,8806,0,0,,
Prawn,---,2004,18,8,3,865,852,0,0,,
Prawn,---,2004,18,9,3,457,391,0,0,,
Prawn,---,2004,18,11,3,6608,7905,0,0,,
Prawn,---,2004,18,Total,14,97075,112821,0,0,,
Prawn,---,2004,19,3,5,70752,73100,0,0,,
Prawn,---,2004,19,5,7,33605,48180,0,0,,
Prawn,---,2004,19,6,1,150,*,*,*,,
Prawn,---,2004,19,7,6,3381,3939,0,0,,
Prawn,---,2004,19,8,7,19497,33838,0,0,,
Prawn,---,2004,19,9,2,200,*,*,*,,
Prawn,---,2004,19,10,4,950,1180,0,0,,
Prawn,---,2004,19,11,4,601,565,0,0,,
Prawn,---,2004,19,12,1,50,*,*,*,,
Prawn,---,2004,19,Total,14,129186,161273,0,0,,
Prawn,---,2004,20,7,1,1730,*,*,*,,
Prawn,---,2004,20,Total,1,1730,*,*,*,,
Prawn,---,2004,23,1,4,2847,4630,0,0,,
Prawn,---,2004,23,2,6,12049,16560,0,0,,
Prawn,---,2004,23,3,6,5901,8908,0,0,,
Prawn,---,2004,23,4,6,13899,18385,0,0,,
Prawn,---,2004,23,5,6,4455,5009,0,0,,
Prawn,---,2004,23,6,6,15400,18562,0,0,,
Prawn,---,2004,23,7,4,4050,4448,0,0,,
Prawn,---,2004,23,8,3,2250,2630,0,0,,
Prawn,---,2004,23,10,2,200,*,*,*,,
Prawn,---,2004,23,11,1,50,*,*,*,,
Prawn,---,2004,23,Total,7,61101,79274,0,0,,
Prawn,---,2004,24,2,3,4300,5198,0,0,,
Prawn,---,2004,24,3,3,3500,4181,0,0,,
Prawn,---,2004,24,4,4,5500,6343,0,0,,
Prawn,---,2004,24,5,2,350,*,*,*,,
Prawn,---,2004,24,7,1,1650,*,*,*,,
Prawn,---,2004,24,10,2,3450,*,*,*,,
Prawn,---,2004,24,12,2,750,*,*,*,,
Prawn,---,2004,24,13,3,5900,11035,0,0,,
Prawn,---,2004,24,14,4,4700,8506,0,0,,
Prawn,---,2004,24,Total,4,30100,41220,0,14,,
Prawn,---,2004,25,1,5,10362,15961,0,0,,
Prawn,---,2004,25,2,8,7057,9128,0,0,,
Prawn,---,2004,25,3,9,13639,17398,0,0,,
Prawn,---,2004,25,4,11,21061,24551,0,0,,
Prawn,---,2004,25,5,5,4276,5631,0,0,,
Prawn,---,2004,25,6,11,42374,53987,0,0,,
Prawn,---,2004,25,7,2,100,*,*,*,,
Prawn,---,2004,25,8,6,20942,25521,0,0,,
Prawn,---,2004,25,9,4,17800,20001,0,0,,
Prawn,---,2004,25,10,3,1106,858,0,0,,
Prawn,---,2004,25,11,2,4124,*,*,*,,
Prawn,---,2004,25,12,1,212,*,*,*,,
Prawn,---,2004,25,13,3,9540,12784,0,0,,
Prawn,---,2004,25,15,8,9558,12965,0,0,,
Prawn,---,2004,25,16,4,888,1188,0,0,,
Prawn,---,2004,25,Total,13,163039,204112,0,0,,
Prawn,---,2004,26,1,1,50,*,*,*,,
Prawn,---,2004,26,2,5,13598,17687,0,0,,
Prawn,---,2004,26,3,4,1502,1936,0,0,,
Prawn,---,2004,26,4,3,11149,20232,0,0,,
Prawn,---,2004,26,5,4,7600,10842,0,0,,
Prawn,---,2004,26,6,1,100,*,*,*,,
Prawn,---,2004,26,7,3,2504,3813,0,0,,
Prawn,---,2004,26,9,4,7004,12868,0,0,,
Prawn,---,2004,26,10,1,50,*,*,*,,
Prawn,---,2004,26,Total,7,43557,67544,0,0,,
Prawn,---,2004,27,2,2,8428,*,*,*,,
Prawn,---,2004,27,5,2,4700,*,*,*,,
Prawn,---,2004,27,7,8,30670,44544,16,0,,
Prawn,---,2004,27,8,7,30810,38804,4,0,,
Prawn,---,2004,27,9,1,50,*,*,*,,
Prawn,---,2004,27,10,2,4350,*,*,*,,
Prawn,---,2004,27,11,2,28083,*,*,*,,
Prawn,---,2004,27,Total,8,107091,157824,20,0,,
Prawn,---,2004,28,1,12,14520,15733,0,0,,
Prawn,---,2004,28,2,12,15333,21503,10,0,,
Prawn,---,2004,28,3,11,10496,11752,1,0,,
Prawn,---,2004,28,4,10,9200,12328,0,0,,
Prawn,---,2004,28,5,5,2742,4160,0,0,,
Prawn,---,2004,28,6,1,100,*,*,*,,
Prawn,---,2004,28,7,2,509,*,*,*,,
Prawn,---,2004,28,9,1,30,*,*,*,,
Prawn,---,2004,28,12,1,5466,*,*,*,,
Prawn,---,2004,28,13,1,582,*,*,*,,
Prawn,---,2004,28,14,1,50,*,*,*,,
Prawn,---,2004,28,Total,14,59028,78513,37,55,,
Prawn,---,2004,29,1,6,5335,5147,0,0,,
Prawn,---,2004,29,2,15,15215,15734,0,0,,
Prawn,---,2004,29,3,16,11738,10285,0,0,,
Prawn,---,2004,29,4,7,2802,3305,0,0,,
Prawn,---,2004,29,5,10,21590,25828,0,0,,
Prawn,---,2004,29,Total,26,56680,60299,0,0,,
Prawn,---,2004,102,2,1,50,*,*,*,,
Prawn,---,2004,102,Total,1,50,*,*,*,,
Prawn,---,2004,105,2,1,3600,*,*,*,,
Prawn,---,2004,105,Total,1,3600,*,*,*,,
Prawn,---,2004,107,1,2,6100,*,*,*,,
Prawn,---,2004,107,2,3,11910,22307,0,0,,
Prawn,---,2004,107,3,1,3240,*,*,*,,
Prawn,---,2004,107,Total,4,21250,38185,0,0,,
Prawn,---,2004,123,9,1,1485,*,*,*,,
Prawn,---,2004,123,Total,1,1485,*,*,*,,
Prawn,---,2004,126,1,2,350,*,*,*,,
Prawn,---,2004,126,2,1,5181,*,*,*,,
Prawn,---,2004,126,4,1,150,*,*,*,,
Prawn,---,2004,126,Total,2,5681,*,*,*,,
Prawn,---,2004,127,1,3,399,0,0,0,,
Prawn,---,2004,127,2,3,6678,11743,0,0,,
Prawn,---,2004,127,3,3,200,0,0,0,,
Prawn,---,2004,127,4,2,850,*,*,*,,
Prawn,---,2004,127,Total,4,8127,13313,0,0,,
Prawn,---,2005,1,6,1,6300,*,*,*,,
Prawn,---,2005,1,Total,1,6300,*,*,*,,
Prawn,---,2005,2,3,3,5133,9963,19,0,,
Prawn,---,2005,2,4,3,13667,19703,286,0,,
Prawn,---,2005,2,5,1,250,*,*,*,,
Prawn,---,2005,2,6,6,18110,27069,1170,0,,
Prawn,---,2005,2,8,5,11028,16690,811,0,,
Prawn,---,2005,2,9,2,1450,*,*,*,,
Prawn,---,2005,2,10,4,8850,10281,2606,0,,
Prawn,---,2005,2,11,1,100,*,*,*,,
Prawn,---,2005,2,12,1,50,*,*,*,,
Prawn,---,2005,2,13,1,1350,*,*,*,,
Prawn,---,2005,2,42,1,1800,*,*,*,,
Prawn,---,2005,2,43,1,1350,*,*,*,,
Prawn,---,2005,2,45,2,2200,*,*,*,,
Prawn,---,2005,2,46,1,2600,*,*,*,,
Prawn,---,2005,2,47,2,750,*,*,*,,
Prawn,---,2005,2,49,1,500,*,*,*,,
Prawn,---,2005,2,51,1,150,*,*,*,,
Prawn,---,2005,2,52,1,50,*,*,*,,
Prawn,---,2005,2,53,1,400,*,*,*,,
Prawn,---,2005,2,57,1,50,*,*,*,,
Prawn,---,2005,2,58,1,200,*,*,*,,
Prawn,---,2005,2,59,1,650,*,*,*,,
Prawn,---,2005,2,60,1,1100,*,*,*,,
Prawn,---,2005,2,62,1,600,*,*,*,,
Prawn,---,2005,2,65,1,2100,*,*,*,,
Prawn,---,2005,2,68,2,1400,*,*,*,,
Prawn,---,2005,2,71,1,50,*,*,*,,
Prawn,---,2005,2,82,1,600,*,*,*,,
Prawn,---,2005,2,89,1,50,*,*,*,,
Prawn,---,2005,2,90,1,810,*,*,*,,
Prawn,---,2005,2,91,1,390,*,*,*,,
Prawn,---,2005,2,Total,10,77788,118020,5167,28,,
Prawn,---,2005,3,1,1,550,*,*,*,,
Prawn,---,2005,3,2,1,600,*,*,*,,
Prawn,---,2005,3,3,2,1150,*,*,*,,
Prawn,---,2005,3,4,2,1350,*,*,*,,
Prawn,---,2005,3,6,3,18750,26754,1195,0,,
Prawn,---,2005,3,7,2,1800,*,*,*,,
Prawn,---,2005,3,8,1,550,*,*,*,,
Prawn,---,2005,3,9,1,800,*,*,*,,
Prawn,---,2005,3,10,2,1700,*,*,*,,
Prawn,---,2005,3,11,1,700,*,*,*,,
Prawn,---,2005,3,13,1,300,*,*,*,,
Prawn,---,2005,3,15,1,2050,*,*,*,,
Prawn,---,2005,3,17,1,200,*,*,*,,
Prawn,---,2005,3,Total,5,30500,41308,1919,0,,
Prawn,---,2005,4,5,4,11210,18409,0,0,,
Prawn,---,2005,4,9,6,9250,**,**,**,,
Prawn,---,2005,4,10,6,137074,35,58301,0,,
Prawn,---,2005,4,11,2,16650,*,*,*,,
Prawn,---,2005,4,12,7,18085,15432,2629,164,,
Prawn,---,2005,4,Total,10,192269,43700,73386,194,,
Prawn,---,2005,5,1,3,10680,9791,4183,0,,
Prawn,---,2005,5,2,3,5520,4317,119,0,,
Prawn,---,2005,5,3,1,440,*,*,*,,
Prawn,---,2005,5,9,2,4050,*,*,*,,
Prawn,---,2005,5,14,1,140,*,*,*,,
Prawn,---,2005,5,15,2,1750,*,*,*,,
Prawn,---,2005,5,16,4,3700,4832,24,0,,
Prawn,---,2005,5,17,1,50,*,*,*,,
Prawn,---,2005,5,18,2,700,*,*,*,,
Prawn,---,2005,5,19,2,1202,*,*,*,,
Prawn,---,2005,5,23,2,13330,*,*,*,,
Prawn,---,2005,5,24,3,3090,2783,229,0,,
Prawn,---,2005,5,Total,8,44652,50104,6049,0,,
Prawn,---,2005,6,1,3,10750,12454,1265,0,,
Prawn,---,2005,6,2,1,2450,*,*,*,,
Prawn,---,2005,6,3,3,3010,2834,18,0,,
Prawn,---,2005,6,4,4,9000,7425,988,0,,
Prawn,---,2005,6,5,5,12577,11576,901,0,,
Prawn,---,2005,6,6,1,180,*,*,*,,
Prawn,---,2005,6,7,1,420,*,*,*,,
Prawn,---,2005,6,8,1,120,*,*,*,,
Prawn,---,2005,6,10,1,100,*,*,*,,
Prawn,---,2005,6,12,3,7778,10125,16,0,,
Prawn,---,2005,6,14,2,1380,*,*,*,,
Prawn,---,2005,6,16,1,1150,*,*,*,,
Prawn,---,2005,6,18,1,950,*,*,*,,
Prawn,---,2005,6,19,2,8700,*,*,*,,
Prawn,---,2005,6,20,3,1470,871,0,0,,
Prawn,---,2005,6,21,1,360,*,*,*,,
Prawn,---,2005,6,22,2,810,*,*,*,,
Prawn,---,2005,6,23,4,3360,4510,0,0,,
Prawn,---,2005,6,24,5,2060,1516,0,0,,
Prawn,---,2005,6,25,5,7700,7262,0,0,,
Prawn,---,2005,6,27,1,100,*,*,*,,
Prawn,---,2005,6,28,2,170,*,*,*,,
Prawn,---,2005,6,Total,14,74595,73051,3982,0,,
Prawn,---,2005,7,1,5,6100,10650,0,0,,
Prawn,---,2005,7,2,4,1955,2205,0,0,,
Prawn,---,2005,7,3,3,11523,15203,0,0,,
Prawn,---,2005,7,4,1,2750,*,*,*,,
Prawn,---,2005,7,5,3,420,282,0,0,,
Prawn,---,2005,7,6,2,2810,*,*,*,,
Prawn,---,2005,7,7,3,5170,4069,0,0,,
Prawn,---,2005,7,9,8,38488,51657,4,0,,
Prawn,---,2005,7,10,8,4460,3900,0,0,,
Prawn,---,2005,7,11,3,3750,3407,0,0,,
Prawn,---,2005,7,12,7,4800,4418,0,0,,
Prawn,---,2005,7,13,6,7340,7390,0,0,,
Prawn,---,2005,7,14,4,8150,7947,0,0,,
Prawn,---,2005,7,15,6,5000,4681,73,0,,
Prawn,---,2005,7,16,4,3800,1947,76,0,,
Prawn,---,2005,7,17,1,850,*,*,*,,
Prawn,---,2005,7,18,8,5190,5673,10,0,,
Prawn,---,2005,7,19,4,7420,10819,18,0,,
Prawn,---,2005,7,20,1,50,*,*,*,,
Prawn,---,2005,7,21,3,1180,1673,0,0,,
Prawn,---,2005,7,23,4,1650,1222,0,0,,
Prawn,---,2005,7,24,2,2300,*,*,*,,
Prawn,---,2005,7,25,5,1840,1863,0,0,,
Prawn,---,2005,7,26,1,240,*,*,*,,
Prawn,---,2005,7,27,5,4624,6247,149,0,,
Prawn,---,2005,7,28,5,2044,3135,6,0,,
Prawn,---,2005,7,29,2,640,*,*,*,,
Prawn,---,2005,7,30,3,700,446,24,0,,
Prawn,---,2005,7,31,2,146,*,*,*,,
Prawn,---,2005,7,32,2,203,*,*,*,,
Prawn,---,2005,7,Total,26,135593,157073,360,0,,
Prawn,---,2005,8,1,1,50,*,*,*,,
Prawn,---,2005,8,2,3,930,804,0,0,,
Prawn,---,2005,8,3,3,2200,3347,0,0,,
Prawn,---,2005,8,4,5,12075,12313,0,0,,
Prawn,---,2005,8,5,4,3860,3073,2,0,,
Prawn,---,2005,8,6,4,2940,2553,28,0,,
Prawn,---,2005,8,7,5,13680,15529,41,0,,
Prawn,---,2005,8,8,3,5330,9194,242,0,,
Prawn,---,2005,8,9,2,1800,*,*,*,,
Prawn,---,2005,8,10,2,1920,*,*,*,,
Prawn,---,2005,8,11,1,1000,*,*,*,,
Prawn,---,2005,8,12,1,2700,*,*,*,,
Prawn,---,2005,8,13,3,5050,7510,0,15,,
Prawn,---,2005,8,14,1,3750,*,*,*,,
Prawn,---,2005,8,15,3,1490,2252,24,0,,
Prawn,---,2005,8,16,4,6157,5640,0,0,,
Prawn,---,2005,8,Total,10,64932,79762,789,84,,
Prawn,---,2005,9,1,3,3750,4876,0,0,,
Prawn,---,2005,9,2,4,7300,9709,0,0,,
Prawn,---,2005,9,3,2,2450,*,*,*,,
Prawn,---,2005,9,4,2,2150,*,*,*,,
Prawn,---,2005,9,5,2,1150,*,*,*,,
Prawn,---,2005,9,6,1,4050,*,*,*,,
Prawn,---,2005,9,7,1,1200,*,*,*,,
Prawn,---,2005,9,8,1,1150,*,*,*,,
Prawn,---,2005,9,9,2,2300,*,*,*,,
Prawn,---,2005,9,10,2,3900,*,*,*,,
Prawn,---,2005,9,11,6,6248,7470,281,0,,
Prawn,---,2005,9,12,4,3160,3616,0,0,,
Prawn,---,2005,9,Total,8,38808,59032,1799,0,,
Prawn,---,2005,10,1,1,700,*,*,*,,
Prawn,---,2005,10,2,3,300,295,0,0,,
Prawn,---,2005,10,3,2,1850,*,*,*,,
Prawn,---,2005,10,4,6,9750,12422,0,13,,
Prawn,---,2005,10,5,5,4200,5794,0,0,,
Prawn,---,2005,10,6,3,4249,5253,0,0,,
Prawn,---,2005,10,7,4,2650,5272,33,0,,
Prawn,---,2005,10,8,5,1710,2175,9,0,,
Prawn,---,2005,10,9,4,1205,1666,0,0,,
Prawn,---,2005,10,10,3,2110,3446,0,0,,
Prawn,---,2005,10,12,7,24515,45356,24,0,,
Prawn,---,2005,10,Total,10,53239,83793,66,39,,
Prawn,---,2005,11,2,4,4080,3196,0,0,,
Prawn,---,2005,11,3,5,8303,9099,38,0,,
Prawn,---,2005,11,4,2,5200,*,*,*,,
Prawn,---,2005,11,5,1,1250,*,*,*,,
Prawn,---,2005,11,6,1,100,*,*,*,,
Prawn,---,2005,11,7,1,100,*,*,*,,
Prawn,---,2005,11,8,1,748,*,*,*,,
Prawn,---,2005,11,10,3,2600,1792,0,0,,
Prawn,---,2005,11,Total,9,22381,24126,106,0,,
Prawn,---,2005,12,1,2,1800,*,*,*,,
Prawn,---,2005,12,2,3,1800,1204,0,0,,
Prawn,---,2005,12,3,3,1950,1029,0,0,,
Prawn,---,2005,12,4,2,500,*,*,*,,
Prawn,---,2005,12,6,9,41375,43553,15,0,,
Prawn,---,2005,12,7,13,7889,6431,9,0,,
Prawn,---,2005,12,8,1,50,*,*,*,,
Prawn,---,2005,12,10,1,250,*,*,*,,
Prawn,---,2005,12,11,3,610,76,0,0,,
Prawn,---,2005,12,13,6,810,346,0,0,,
Prawn,---,2005,12,18,1,50,*,*,*,,
Prawn,---,2005,12,22,3,3550,4971,0,0,,
Prawn,---,2005,12,23,5,41150,60651,0,0,,
Prawn,---,2005,12,24,2,1750,*,*,*,,
Prawn,---,2005,12,26,12,100930,131830,717,53,,
Prawn,---,2005,12,27,8,18100,24131,154,4,,
Prawn,---,2005,12,28,2,1900,*,*,*,,
Prawn,---,2005,12,29,2,2350,*,*,*,,
Prawn,---,2005,12,30,2,3300,*,*,*,,
Prawn,---,2005,12,31,3,950,850,16,0,,
Prawn,---,2005,12,32,2,450,*,*,*,,
Prawn,---,2005,12,33,1,400,*,*,*,,
Prawn,---,2005,12,34,1,600,*,*,*,,
Prawn,---,2005,12,35,16,28517,30188,184,0,,
Prawn,---,2005,12,36,2,2850,*,*,*,,
Prawn,---,2005,12,37,1,2100,*,*,*,,
Prawn,---,2005,12,38,9,13262,17024,2,0,,
Prawn,---,2005,12,39,9,43838,64707,45,0,,
Prawn,---,2005,12,40,13,30941,49116,492,0,,
Prawn,---,2005,12,41,9,42980,60039,6,4,,
Prawn,---,2005,12,42,6,27870,60362,0,0,,
Prawn,---,2005,12,43,4,8650,10521,109,0,,
Prawn,---,2005,12,44,2,200,*,*,*,,
Prawn,---,2005,12,45,3,5250,5047,52,0,,
Prawn,---,2005,12,46,1,750,*,*,*,,
Prawn,---,2005,12,47,3,3000,3988,26,0,,
Prawn,---,2005,12,48,2,1500,*,*,*,,
Prawn,---,2005,12,Total,43,444222,597373,3052,61,,
Prawn,---,2005,13,1,18,18706,21584,5,0,,
Prawn,---,2005,13,3,1,50,*,*,*,,
Prawn,---,2005,13,12,12,42555,57822,5,20,,
Prawn,---,2005,13,13,14,14966,14715,20,10,,
Prawn,---,2005,13,14,21,38176,47806,12,0,,
Prawn,---,2005,13,15,17,26550,33629,10,0,,
Prawn,---,2005,13,16,18,35191,42872,0,0,,
Prawn,---,2005,13,17,16,41898,50239,0,0,,
Prawn,---,2005,13,18,15,13160,17122,0,0,,
Prawn,---,2005,13,19,10,17206,20021,0,0,,
Prawn,---,2005,13,20,10,9200,12879,0,0,,
Prawn,---,2005,13,21,11,17850,19608,0,0,,
Prawn,---,2005,13,22,4,9900,9979,0,0,,
Prawn,---,2005,13,23,5,1846,2469,0,0,,
Prawn,---,2005,13,24,2,700,*,*,*,,
Prawn,---,2005,13,26,2,198,*,*,*,,
Prawn,---,2005,13,28,1,50,*,*,*,,
Prawn,---,2005,13,35,3,1350,1181,0,0,,
Prawn,---,2005,13,36,3,20550,24010,0,0,,
Prawn,---,2005,13,37,2,1000,*,*,*,,
Prawn,---,2005,13,39,1,400,*,*,*,,
Prawn,---,2005,13,41,1,150,*,*,*,,
Prawn,---,2005,13,42,4,13750,19417,0,0,,
Prawn,---,2005,13,43,5,31239,41401,0,0,,
Prawn,---,2005,13,Total,51,356641,439336,52,30,,
Prawn,---,2005,14,1,7,2648,2915,0,0,,
Prawn,---,2005,14,2,8,6145,6906,0,0,,
Prawn,---,2005,14,3,14,34147,46590,0,0,,
Prawn,---,2005,14,4,10,23940,33337,0,0,,
Prawn,---,2005,14,5,10,32651,48707,0,0,,
Prawn,---,2005,14,6,17,34800,53449,0,0,,
Prawn,---,2005,14,7,6,2600,3970,0,0,,
Prawn,---,2005,14,8,2,8225,*,*,*,,
Prawn,---,2005,14,9,7,9641,11508,0,0,,
Prawn,---,2005,14,10,2,100,*,*,*,,
Prawn,---,2005,14,11,2,80,*,*,*,,
Prawn,---,2005,14,12,17,65479,108579,0,0,,
Prawn,---,2005,14,13,31,72040,99869,10,0,,
Prawn,---,2005,14,15,1,150,*,*,*,,
Prawn,---,2005,14,Total,57,292646,420014,23,0,,
Prawn,---,2005,15,1,14,56580,68990,0,0,,
Prawn,---,2005,15,2,35,166974,271334,445,18,,
Prawn,---,2005,15,3,25,116124,186378,260,0,,
Prawn,---,2005,15,4,9,9570,**,**,**,,
Prawn,---,2005,15,5,26,164380,211116,0,0,,
Prawn,---,2005,15,6,1,13000,*,*,*,,
Prawn,---,2005,15,Total,58,526628,773041,705,18,,
Prawn,---,2005,16,1,14,27042,38793,0,0,,
Prawn,---,2005,16,2,9,23296,38070,0,0,,
Prawn,---,2005,16,4,2,100,*,*,*,,
Prawn,---,2005,16,5,3,400,310,0,0,,
Prawn,---,2005,16,6,6,8877,14229,0,0,,
Prawn,---,2005,16,7,5,4047,5567,0,0,,
Prawn,---,2005,16,8,4,1300,1938,0,0,,
Prawn,---,2005,16,9,5,5048,6035,0,0,,
Prawn,---,2005,16,10,8,21534,22623,0,0,,
Prawn,---,2005,16,11,15,38665,41734,0,0,,
Prawn,---,2005,16,12,8,24401,21431,0,0,,
Prawn,---,2005,16,13,8,18347,19487,0,0,,
Prawn,---,2005,16,14,4,5350,6223,0,0,,
Prawn,---,2005,16,15,4,8300,8502,0,0,,
Prawn,---,2005,16,16,5,5950,9956,0,0,,
Prawn,---,2005,16,17,10,19500,27801,0,0,,
Prawn,---,2005,16,18,14,52900,80599,0,0,,
Prawn,---,2005,16,19,9,14533,20561,0,0,,
Prawn,---,2005,16,20,2,200,*,*,*,,
Prawn,---,2005,16,21,19,69548,114382,0,0,,
Prawn,---,2005,16,22,8,1130,1102,0,0,,
Prawn,---,2005,16,Total,47,350468,479693,0,0,,
Prawn,---,2005,17,1,3,637,412,0,0,,
Prawn,---,2005,17,2,3,2690,2533,0,0,,
Prawn,---,2005,17,3,3,2493,2570,0,0,,
Prawn,---,2005,17,4,7,7443,9306,0,0,,
Prawn,---,2005,17,5,7,12086,13047,0,0,,
Prawn,---,2005,17,6,11,25747,29878,0,0,,
Prawn,---,2005,17,8,1,100,*,*,*,,
Prawn,---,2005,17,9,5,14011,17171,0,0,,
Prawn,---,2005,17,10,7,12902,20735,0,0,,
Prawn,---,2005,17,11,23,34261,45794,0,0,,
Prawn,---,2005,17,12,13,40244,52969,0,0,,
Prawn,---,2005,17,13,8,4356,3290,0,0,,
Prawn,---,2005,17,15,5,1263,804,0,0,,
Prawn,---,2005,17,16,5,7487,13342,5,0,,
Prawn,---,2005,17,17,3,6478,8977,57,0,,
Prawn,---,2005,17,18,7,9938,8553,0,0,,
Prawn,---,2005,17,19,1,500,*,*,*,,
Prawn,---,2005,17,20,1,400,*,*,*,,
Prawn,---,2005,17,Total,36,183036,230376,62,0,,
Prawn,---,2005,18,1,8,16977,19145,0,0,,
Prawn,---,2005,18,2,3,850,783,0,0,,
Prawn,---,2005,18,3,1,200,*,*,*,,
Prawn,---,2005,18,4,7,36241,50211,2,171,,
Prawn,---,2005,18,5,4,3800,3847,0,74,,
Prawn,---,2005,18,6,6,8728,8766,0,6,,
Prawn,---,2005,18,7,6,12460,13046,0,0,,
Prawn,---,2005,18,8,3,450,**,**,**,,
Prawn,---,2005,18,9,3,1150,1250,0,0,,
Prawn,---,2005,18,11,6,5974,7552,0,0,,
Prawn,---,2005,18,Total,15,86830,104968,2,251,,
Prawn,---,2005,19,3,2,42488,*,*,*,,
Prawn,---,2005,19,4,2,399,*,*,*,,
Prawn,---,2005,19,5,7,53760,85020,0,0,,
Prawn,---,2005,19,7,4,2950,4345,0,0,,
Prawn,---,2005,19,8,5,10628,14277,0,0,,
Prawn,---,2005,19,10,3,300,236,0,0,,
Prawn,---,2005,19,11,2,250,*,*,*,,
Prawn,---,2005,19,Total,10,110775,170135,0,0,,
Prawn,---,2005,20,6,1,122,*,*,*,,
Prawn,---,2005,20,7,1,728,*,*,*,,
Prawn,---,2005,20,Total,1,850,*,*,*,,
Prawn,---,2005,23,1,6,2035,3004,0,0,,
Prawn,---,2005,23,2,5,9125,13784,0,0,,
Prawn,---,2005,23,3,5,6927,11096,0,0,,
Prawn,---,2005,23,4,6,15374,22746,0,0,,
Prawn,---,2005,23,5,5,2260,2736,0,0,,
Prawn,---,2005,23,6,6,6745,9122,0,0,,
Prawn,---,2005,23,7,5,1511,1748,0,0,,
Prawn,---,2005,23,8,2,550,*,*,*,,
Prawn,---,2005,23,9,1,50,*,*,*,,
Prawn,---,2005,23,Total,6,44577,65175,0,0,,
Prawn,---,2005,24,2,3,2900,3505,0,0,,
Prawn,---,2005,24,3,3,3000,2176,0,0,,
Prawn,---,2005,24,4,3,1750,1026,0,0,,
Prawn,---,2005,24,5,2,100,*,*,*,,
Prawn,---,2005,24,7,1,2050,*,*,*,,
Prawn,---,2005,24,10,1,4900,*,*,*,,
Prawn,---,2005,24,12,1,500,*,*,*,,
Prawn,---,2005,24,13,3,4450,5720,0,0,,
Prawn,---,2005,24,14,3,3750,4404,0,0,,
Prawn,---,2005,24,Total,3,23400,23419,0,0,,
Prawn,---,2005,25,1,4,9200,14847,0,0,,
Prawn,---,2005,25,2,5,6700,9741,0,0,,
Prawn,---,2005,25,3,9,13850,18517,0,0,,
Prawn,---,2005,25,4,10,18341,22874,0,0,,
Prawn,---,2005,25,5,5,5450,9562,0,0,,
Prawn,---,2005,25,6,9,32845,45723,0,0,,
Prawn,---,2005,25,7,3,450,377,0,0,,
Prawn,---,2005,25,8,9,15707,20001,0,0,,
Prawn,---,2005,25,9,5,12647,17406,0,0,,
Prawn,---,2005,25,10,2,650,*,*,*,,
Prawn,---,2005,25,11,3,3244,3999,0,0,,
Prawn,---,2005,25,13,3,12080,16758,0,0,,
Prawn,---,2005,25,15,8,6250,8925,0,0,,
Prawn,---,2005,25,16,2,350,*,*,*,,
Prawn,---,2005,25,Total,11,137764,189660,0,0,,
Prawn,---,2005,26,1,1,500,*,*,*,,
Prawn,---,2005,26,2,3,15200,23155,0,0,,
Prawn,---,2005,26,3,3,1650,2076,0,0,,
Prawn,---,2005,26,4,3,10900,18251,0,0,,
Prawn,---,2005,26,5,3,8550,12301,0,0,,
Prawn,---,2005,26,7,4,3000,4775,0,0,,
Prawn,---,2005,26,8,1,50,*,*,*,,
Prawn,---,2005,26,9,5,6750,9374,0,0,,
Prawn,---,2005,26,10,1,100,*,*,*,,
Prawn,---,2005,26,Total,6,46700,70959,0,0,,
Prawn,---,2005,27,2,3,8140,10232,0,0,,
Prawn,---,2005,27,3,1,50,*,*,*,,
Prawn,---,2005,27,5,3,6326,9820,0,0,,
Prawn,---,2005,27,6,1,100,*,*,*,,
Prawn,---,2005,27,7,9,52250,88485,0,0,,
Prawn,---,2005,27,8,8,29185,39732,0,0,,
Prawn,---,2005,27,9,1,50,*,*,*,,
Prawn,---,2005,27,10,5,5145,7613,0,0,,
Prawn,---,2005,27,11,4,31895,56116,0,0,,
Prawn,---,2005,27,Total,9,133141,212080,0,0,,
Prawn,---,2005,28,1,12,21130,33004,0,0,,
Prawn,---,2005,28,2,11,25240,33991,0,0,,
Prawn,---,2005,28,3,8,8350,13260,0,0,,
Prawn,---,2005,28,4,7,9797,14122,0,0,,
Prawn,---,2005,28,5,5,1950,2286,0,0,,
Prawn,---,2005,28,6,1,50,*,*,*,,
Prawn,---,2005,28,7,3,845,1182,0,0,,
Prawn,---,2005,28,9,2,300,*,*,*,,
Prawn,---,2005,28,12,2,4481,*,*,*,,
Prawn,---,2005,28,13,2,150,*,*,*,,
Prawn,---,2005,28,Total,17,72293,105899,0,0,,
Prawn,---,2005,29,1,8,12650,18621,0,0,,
Prawn,---,2005,29,2,17,42425,49438,0,0,,
Prawn,---,2005,29,3,17,40695,50710,0,0,,
Prawn,---,2005,29,4,10,7173,**,**,**,,
Prawn,---,2005,29,5,12,49793,71325,0,0,,
Prawn,---,2005,29,6,1,150,*,*,*,,
Prawn,---,2005,29,Total,28,152886,201754,0,0,,
Prawn,---,2005,102,3,1,200,*,*,*,,
Prawn,---,2005,102,Total,1,200,*,*,*,,
Prawn,---,2005,105,2,2,5600,*,*,*,,
Prawn,---,2005,105,Total,2,5600,*,*,*,,
Prawn,---,2005,106,1,1,300,*,*,*,,
Prawn,---,2005,106,Total,1,300,*,*,*,,
Prawn,---,2005,107,1,1,50,*,*,*,,
Prawn,---,2005,107,2,3,6740,11628,0,0,,
Prawn,---,2005,107,3,1,4860,*,*,*,,
Prawn,---,2005,107,Total,4,11650,22119,0,0,,
Prawn,---,2005,108,2,1,650,*,*,*,,
Prawn,---,2005,108,Total,1,650,*,*,*,,
Prawn,---,2005,110,0,1,100,*,*,*,,
Prawn,---,2005,110,Total,1,100,*,*,*,,
Prawn,---,2005,123,7,1,50,*,*,*,,
Prawn,---,2005,123,9,2,5000,*,*,*,,
Prawn,---,2005,123,Total,2,5050,*,*,*,,
Prawn,---,2005,124,2,1,500,*,*,*,,
Prawn,---,2005,124,Total,1,500,*,*,*,,
Prawn,---,2005,125,5,1,2000,*,*,*,,
Prawn,---,2005,125,Total,1,2000,*,*,*,,
Prawn,---,2005,127,1,1,100,*,*,*,,
Prawn,---,2005,127,2,3,19823,30274,0,2,,
Prawn,---,2005,127,4,2,5650,*,*,*,,
Prawn,---,2005,127,Total,3,25573,38924,0,2,,
Prawn,---,2005,130,1,1,300,*,*,*,,
Prawn,---,2005,130,Total,1,300,*,*,*,,
Prawn,---,2005,142,2,2,878,*,*,*,,
Prawn,---,2005,142,Total,2,878,*,*,*,,
Prawn,---,2006,2,3,3,2950,4774,0,0,,
Prawn,---,2006,2,4,3,12800,21902,0,0,,
Prawn,---,2006,2,5,2,500,*,*,*,,
Prawn,---,2006,2,6,3,8700,12154,774,0,,
Prawn,---,2006,2,8,2,9150,*,*,*,,
Prawn,---,2006,2,9,2,1350,*,*,*,,
Prawn,---,2006,2,10,3,9100,14236,2722,0,,
Prawn,---,2006,2,11,2,300,*,*,*,,
Prawn,---,2006,2,12,1,300,*,*,*,,
Prawn,---,2006,2,13,2,6090,*,*,*,,
Prawn,---,2006,2,18,1,100,*,*,*,,
Prawn,---,2006,2,31,1,150,*,*,*,,
Prawn,---,2006,2,32,1,50,*,*,*,,
Prawn,---,2006,2,42,1,200,*,*,*,,
Prawn,---,2006,2,43,2,250,*,*,*,,
Prawn,---,2006,2,45,1,200,*,*,*,,
Prawn,---,2006,2,46,2,300,*,*,*,,
Prawn,---,2006,2,47,1,150,*,*,*,,
Prawn,---,2006,2,53,2,450,*,*,*,,
Prawn,---,2006,2,54,1,150,*,*,*,,
Prawn,---,2006,2,55,1,150,*,*,*,,
Prawn,---,2006,2,57,2,400,*,*,*,,
Prawn,---,2006,2,58,2,275,*,*,*,,
Prawn,---,2006,2,59,2,300,*,*,*,,
Prawn,---,2006,2,60,3,800,317,11,0,,
Prawn,---,2006,2,62,1,300,*,*,*,,
Prawn,---,2006,2,64,1,750,*,*,*,,
Prawn,---,2006,2,65,2,1600,*,*,*,,
Prawn,---,2006,2,66,1,250,*,*,*,,
Prawn,---,2006,2,68,1,600,*,*,*,,
Prawn,---,2006,2,82,1,300,*,*,*,,
Prawn,---,2006,2,89,1,60,*,*,*,,
Prawn,---,2006,2,90,1,1140,*,*,*,,
Prawn,---,2006,2,91,1,1140,*,*,*,,
Prawn,---,2006,2,Total,6,61305,91621,5752,0,,
Prawn,---,2006,3,2,1,200,*,*,*,,
Prawn,---,2006,3,3,1,1744,*,*,*,,
Prawn,---,2006,3,4,1,384,*,*,*,,
Prawn,---,2006,3,6,3,21472,33830,1378,11,,
Prawn,---,2006,3,7,2,2352,*,*,*,,
Prawn,---,2006,3,8,1,700,*,*,*,,
Prawn,---,2006,3,9,1,1300,*,*,*,,
Prawn,---,2006,3,10,1,2700,*,*,*,,
Prawn,---,2006,3,11,2,4030,*,*,*,,
Prawn,---,2006,3,12,1,150,*,*,*,,
Prawn,---,2006,3,13,1,750,*,*,*,,
Prawn,---,2006,3,14,1,1500,*,*,*,,
Prawn,---,2006,3,15,1,500,*,*,*,,
Prawn,---,2006,3,17,1,150,*,*,*,,
Prawn,---,2006,3,Total,3,37932,57788,3544,11,,
Prawn,---,2006,4,5,3,8192,12642,6,7,,
Prawn,---,2006,4,9,3,13100,19561,485,160,,
Prawn,---,2006,4,10,5,134189,0,62789,0,,
Prawn,---,2006,4,11,3,22676,0,17106,0,,
Prawn,---,2006,4,12,3,5400,7321,344,56,,
Prawn,---,2006,4,Total,7,183557,39524,80730,223,,
Prawn,---,2006,5,1,2,7175,*,*,*,,
Prawn,---,2006,5,2,2,3050,*,*,*,,
Prawn,---,2006,5,3,1,50,*,*,*,,
Prawn,---,2006,5,9,4,6900,6630,665,0,,
Prawn,---,2006,5,13,1,1150,*,*,*,,
Prawn,---,2006,5,14,1,100,*,*,*,,
Prawn,---,2006,5,15,3,1600,1503,0,0,,
Prawn,---,2006,5,16,3,6500,5199,6,0,,
Prawn,---,2006,5,17,1,550,*,*,*,,
Prawn,---,2006,5,18,1,900,*,*,*,,
Prawn,---,2006,5,19,1,300,*,*,*,,
Prawn,---,2006,5,23,4,39200,64231,3950,0,,
Prawn,---,2006,5,24,2,4450,*,*,*,,
Prawn,---,2006,5,Total,9,71925,99700,6259,0,,
Prawn,---,2006,6,1,4,22175,22371,865,0,,
Prawn,---,2006,6,2,4,3660,3022,108,0,,
Prawn,---,2006,6,3,4,4360,5185,0,0,,
Prawn,---,2006,6,4,3,7200,6782,231,0,,
Prawn,---,2006,6,5,5,6300,7581,0,0,,
Prawn,---,2006,6,6,5,2310,1768,0,0,,
Prawn,---,2006,6,7,2,1690,*,*,*,,
Prawn,---,2006,6,8,1,300,*,*,*,,
Prawn,---,2006,6,12,5,3830,3441,0,0,,
Prawn,---,2006,6,14,1,1620,*,*,*,,
Prawn,---,2006,6,16,4,1050,744,0,0,,
Prawn,---,2006,6,17,2,650,*,*,*,,
Prawn,---,2006,6,18,2,350,*,*,*,,
Prawn,---,2006,6,19,3,5350,4414,0,0,,
Prawn,---,2006,6,20,8,1870,1127,0,0,,
Prawn,---,2006,6,21,5,1500,1259,20,0,,
Prawn,---,2006,6,22,4,1600,1380,0,0,,
Prawn,---,2006,6,23,4,4960,8901,0,0,,
Prawn,---,2006,6,24,4,2400,3838,0,0,,
Prawn,---,2006,6,25,2,4400,*,*,*,,
Prawn,---,2006,6,27,1,100,*,*,*,,
Prawn,---,2006,6,28,2,1200,*,*,*,,
Prawn,---,2006,6,Total,13,78875,82330,1294,0,,
Prawn,---,2006,7,1,5,9430,18588,0,0,,
Prawn,---,2006,7,2,5,3930,4132,0,0,,
Prawn,---,2006,7,3,7,7780,7352,0,0,,
Prawn,---,2006,7,4,3,4150,5869,0,0,,
Prawn,---,2006,7,5,1,120,*,*,*,,
Prawn,---,2006,7,7,1,2000,*,*,*,,
Prawn,---,2006,7,8,1,50,*,*,*,,
Prawn,---,2006,7,9,11,28030,36760,0,0,,
Prawn,---,2006,7,10,4,6400,6908,0,0,,
Prawn,---,2006,7,11,1,3550,*,*,*,,
Prawn,---,2006,7,12,7,4377,3980,0,0,,
Prawn,---,2006,7,13,6,6630,5539,0,0,,
Prawn,---,2006,7,14,8,22750,24250,0,0,,
Prawn,---,2006,7,15,5,2550,2031,27,0,,
Prawn,---,2006,7,16,2,4450,*,*,*,,
Prawn,---,2006,7,17,4,2290,1740,0,0,,
Prawn,---,2006,7,18,8,4770,3896,0,0,,
Prawn,---,2006,7,19,5,3640,5292,2,0,,
Prawn,---,2006,7,21,3,720,1057,0,0,,
Prawn,---,2006,7,22,1,120,*,*,*,,
Prawn,---,2006,7,23,4,700,266,0,0,,
Prawn,---,2006,7,24,4,1750,1327,0,0,,
Prawn,---,2006,7,25,4,2650,1945,0,0,,
Prawn,---,2006,7,26,3,400,663,0,0,,
Prawn,---,2006,7,27,4,5050,5821,74,0,,
Prawn,---,2006,7,28,3,2550,3196,186,0,,
Prawn,---,2006,7,29,1,50,*,*,*,,
Prawn,---,2006,7,30,3,350,238,0,0,,
Prawn,---,2006,7,31,2,4100,*,*,*,,
Prawn,---,2006,7,32,2,350,*,*,*,,
Prawn,---,2006,7,Total,25,135687,158254,514,0,,
Prawn,---,2006,8,2,1,100,*,*,*,,
Prawn,---,2006,8,3,2,1380,*,*,*,,
Prawn,---,2006,8,4,3,3000,4376,0,0,,
Prawn,---,2006,8,5,3,2350,1578,2,0,,
Prawn,---,2006,8,6,3,1300,1065,0,0,,
Prawn,---,2006,8,7,6,16380,19534,87,0,,
Prawn,---,2006,8,8,9,11250,16314,260,0,,
Prawn,---,2006,8,9,4,3050,3444,257,0,,
Prawn,---,2006,8,10,5,4580,7934,55,0,,
Prawn,---,2006,8,11,4,2800,3536,348,0,,
Prawn,---,2006,8,12,3,9050,10130,4016,0,,
Prawn,---,2006,8,13,4,7650,12562,0,0,,
Prawn,---,2006,8,14,4,4200,5381,0,0,,
Prawn,---,2006,8,15,6,6290,12692,76,0,,
Prawn,---,2006,8,16,3,3140,3333,2,0,,
Prawn,---,2006,8,Total,13,76520,103379,5103,0,,
Prawn,---,2006,9,1,4,4397,6310,21,0,,
Prawn,---,2006,9,2,7,8496,11897,13,0,,
Prawn,---,2006,9,3,2,1597,*,*,*,,
Prawn,---,2006,9,4,1,1700,*,*,*,,
Prawn,---,2006,9,5,1,1300,*,*,*,,
Prawn,---,2006,9,6,1,2050,*,*,*,,
Prawn,---,2006,9,7,1,1550,*,*,*,,
Prawn,---,2006,9,8,1,1050,*,*,*,,
Prawn,---,2006,9,9,1,3650,*,*,*,,
Prawn,---,2006,9,10,2,3200,*,*,*,,
Prawn,---,2006,9,11,4,2847,4795,17,0,,
Prawn,---,2006,9,12,4,6536,8475,90,6,,
Prawn,---,2006,9,Total,8,38373,65205,582,6,,
Prawn,---,2006,10,1,1,250,*,*,*,,
Prawn,---,2006,10,2,1,50,*,*,*,,
Prawn,---,2006,10,3,2,1950,*,*,*,,
Prawn,---,2006,10,4,3,4649,6043,0,4,,
Prawn,---,2006,10,5,5,2100,2411,0,0,,
Prawn,---,2006,10,6,4,2050,2354,4,0,,
Prawn,---,2006,10,7,5,11549,10051,0,2,,
Prawn,---,2006,10,8,4,3000,2225,0,0,,
Prawn,---,2006,10,9,4,4750,4904,2,0,,
Prawn,---,2006,10,10,3,5350,6152,10,0,,
Prawn,---,2006,10,12,4,13299,19836,240,0,,
Prawn,---,2006,10,Total,7,48997,56081,256,6,,
Prawn,---,2006,11,1,1,200,*,*,*,,
Prawn,---,2006,11,2,4,10200,13360,0,0,,
Prawn,---,2006,11,3,3,5600,6840,41,0,,
Prawn,---,2006,11,4,2,6450,*,*,*,,
Prawn,---,2006,11,5,2,950,*,*,*,,
Prawn,---,2006,11,6,2,199,*,*,*,,
Prawn,---,2006,11,7,3,492,137,0,0,,
Prawn,---,2006,11,8,2,1247,*,*,*,,
Prawn,---,2006,11,10,2,1650,*,*,*,,
Prawn,---,2006,11,Total,9,26988,32525,61,0,,
Prawn,---,2006,12,2,3,2600,2685,0,0,,
Prawn,---,2006,12,3,3,1697,796,0,0,,
Prawn,---,2006,12,4,1,1150,*,*,*,,
Prawn,---,2006,12,6,8,24582,28458,38,1,,
Prawn,---,2006,12,7,10,7412,6253,0,0,,
Prawn,---,2006,12,8,2,97,*,*,*,,
Prawn,---,2006,12,9,5,585,400,0,0,,
Prawn,---,2006,12,11,3,600,780,0,0,,
Prawn,---,2006,12,12,2,350,*,*,*,,
Prawn,---,2006,12,13,4,2250,1837,0,0,,
Prawn,---,2006,12,15,1,200,*,*,*,,
Prawn,---,2006,12,22,6,4400,7117,0,0,,
Prawn,---,2006,12,23,6,31248,42520,0,0,,
Prawn,---,2006,12,24,1,450,*,*,*,,
Prawn,---,2006,12,26,10,64800,95432,557,0,,
Prawn,---,2006,12,27,4,9050,12546,68,0,,
Prawn,---,2006,12,28,2,650,*,*,*,,
Prawn,---,2006,12,29,1,650,*,*,*,,
Prawn,---,2006,12,30,2,1150,*,*,*,,
Prawn,---,2006,12,31,1,1200,*,*,*,,
Prawn,---,2006,12,32,1,100,*,*,*,,
Prawn,---,2006,12,35,15,25772,37299,163,0,,
Prawn,---,2006,12,36,3,2300,2867,498,0,,
Prawn,---,2006,12,37,4,2700,4137,0,0,,
Prawn,---,2006,12,38,9,21030,34343,2,0,,
Prawn,---,2006,12,39,14,49075,71654,57,22,,
Prawn,---,2006,12,40,13,38408,60230,638,0,,
Prawn,---,2006,12,41,11,56800,85444,2,0,,
Prawn,---,2006,12,42,3,16950,26167,0,0,,
Prawn,---,2006,12,43,6,6200,9887,78,0,,
Prawn,---,2006,12,44,3,200,310,0,0,,
Prawn,---,2006,12,45,6,5150,7374,9,0,,
Prawn,---,2006,12,46,2,200,*,*,*,,
Prawn,---,2006,12,47,5,2150,4249,14,0,,
Prawn,---,2006,12,48,3,1400,2264,90,0,,
Prawn,---,2006,12,Total,41,383556,551241,2214,23,,
Prawn,---,2006,13,1,15,15060,18463,50,0,,
Prawn,---,2006,13,6,1,50,*,*,*,,
Prawn,---,2006,13,9,2,100,*,*,*,,
Prawn,---,2006,13,10,1,50,*,*,*,,
Prawn,---,2006,13,11,1,50,*,*,*,,
Prawn,---,2006,13,12,10,43494,65173,0,0,,
Prawn,---,2006,13,13,13,14802,13698,0,0,,
Prawn,---,2006,13,14,20,38287,51347,10,0,,
Prawn,---,2006,13,15,14,18970,21804,15,0,,
Prawn,---,2006,13,16,17,30583,39085,0,0,,
Prawn,---,2006,13,17,20,44914,55418,0,0,,
Prawn,---,2006,13,18,15,20333,32030,0,0,,
Prawn,---,2006,13,19,9,18900,23328,0,0,,
Prawn,---,2006,13,20,5,8100,12365,0,0,,
Prawn,---,2006,13,21,7,18150,26416,0,0,,
Prawn,---,2006,13,22,5,20650,24571,0,0,,
Prawn,---,2006,13,23,5,3450,5164,172,0,,
Prawn,---,2006,13,24,2,2000,*,*,*,,
Prawn,---,2006,13,25,2,1698,*,*,*,,
Prawn,---,2006,13,26,2,5200,*,*,*,,
Prawn,---,2006,13,27,1,50,*,*,*,,
Prawn,---,2006,13,29,1,50,*,*,*,,
Prawn,---,2006,13,35,2,800,*,*,*,,
Prawn,---,2006,13,36,2,15550,*,*,*,,
Prawn,---,2006,13,37,1,300,*,*,*,,
Prawn,---,2006,13,39,1,400,*,*,*,,
Prawn,---,2006,13,41,3,2100,2028,0,0,,
Prawn,---,2006,13,42,4,29541,32537,13,0,,
Prawn,---,2006,13,43,5,18846,24439,2,0,,
Prawn,---,2006,13,Total,48,372478,478846,263,0,,
Prawn,---,2006,14,1,4,2000,2645,0,0,,
Prawn,---,2006,14,2,6,5647,8217,0,0,,
Prawn,---,2006,14,3,9,33431,56003,0,0,,
Prawn,---,2006,14,4,11,30470,56694,0,0,,
Prawn,---,2006,14,5,13,38950,70567,0,0,,
Prawn,---,2006,14,6,19,33893,60384,0,0,,
Prawn,---,2006,14,7,5,2400,3076,0,0,,
Prawn,---,2006,14,8,4,1100,**,**,**,,
Prawn,---,2006,14,9,8,13004,15651,0,0,,
Prawn,---,2006,14,11,1,50,*,*,*,,
Prawn,---,2006,14,12,21,69168,131347,0,0,,
Prawn,---,2006,14,13,27,81680,122203,0,0,,
Prawn,---,2006,14,Total,45,311793,528158,0,0,,
Prawn,---,2006,15,1,23,75738,102313,0,4,,
Prawn,---,2006,15,2,33,188917,312565,70,0,,
Prawn,---,2006,15,3,25,119753,187674,305,0,,
Prawn,---,2006,15,4,8,9950,17546,0,0,,
Prawn,---,2006,15,5,24,161421,188813,0,0,,
Prawn,---,2006,15,6,7,11863,14154,0,0,,
Prawn,---,2006,15,Total,62,567642,823065,375,4,,
Prawn,---,2006,16,1,17,51349,82817,13,0,,
Prawn,---,2006,16,2,10,30303,60927,0,0,,
Prawn,---,2006,16,4,2,200,*,*,*,,
Prawn,---,2006,16,5,3,550,397,0,0,,
Prawn,---,2006,16,6,4,9031,12175,0,0,,
Prawn,---,2006,16,7,3,2897,3100,0,0,,
Prawn,---,2006,16,8,3,1000,1155,0,0,,
Prawn,---,2006,16,9,3,6290,8070,0,0,,
Prawn,---,2006,16,10,10,40138,48409,0,0,,
Prawn,---,2006,16,11,12,32916,35239,0,0,,
Prawn,---,2006,16,12,9,11800,10558,0,0,,
Prawn,---,2006,16,13,7,16767,15813,0,0,,
Prawn,---,2006,16,14,2,1200,*,*,*,,
Prawn,---,2006,16,15,2,2200,*,*,*,,
Prawn,---,2006,16,16,7,4000,5568,0,0,,
Prawn,---,2006,16,17,13,27799,43400,0,0,,
Prawn,---,2006,16,18,22,53106,86245,0,0,,
Prawn,---,2006,16,19,11,24000,39658,0,0,,
Prawn,---,2006,16,20,3,150,233,0,0,,
Prawn,---,2006,16,21,23,78897,141876,0,0,,
Prawn,---,2006,16,22,9,2050,2705,0,0,,
Prawn,---,2006,16,Total,56,396643,601696,13,0,,
Prawn,---,2006,17,1,2,1000,*,*,*,,
Prawn,---,2006,17,2,5,2450,2474,19,0,,
Prawn,---,2006,17,3,2,4744,*,*,*,,
Prawn,---,2006,17,4,7,18262,21479,0,0,,
Prawn,---,2006,17,5,10,32004,43470,0,0,,
Prawn,---,2006,17,6,13,71220,108303,60,81,,
Prawn,---,2006,17,8,1,50,*,*,*,,
Prawn,---,2006,17,9,11,16518,26190,104,55,,
Prawn,---,2006,17,10,6,8645,13580,0,0,,
Prawn,---,2006,17,11,23,29650,48324,0,0,,
Prawn,---,2006,17,12,14,62522,94166,0,0,,
Prawn,---,2006,17,13,4,1300,1482,0,0,,
Prawn,---,2006,17,15,2,200,*,*,*,,
Prawn,---,2006,17,16,2,5600,*,*,*,,
Prawn,---,2006,17,17,3,3100,4793,0,0,,
Prawn,---,2006,17,18,8,7784,13096,0,0,,
Prawn,---,2006,17,Total,40,265049,396685,183,157,,
Prawn,---,2006,18,1,4,23422,30811,0,0,,
Prawn,---,2006,18,2,5,5220,7586,0,0,,
Prawn,---,2006,18,3,2,100,*,*,*,,
Prawn,---,2006,18,4,11,33909,53303,129,442,,
Prawn,---,2006,18,5,6,6962,12553,0,610,,
Prawn,---,2006,18,6,9,17050,17250,9,0,,
Prawn,---,2006,18,7,7,25179,32653,40,10,,
Prawn,---,2006,18,8,3,650,545,0,0,,
Prawn,---,2006,18,9,4,570,793,0,0,,
Prawn,---,2006,18,10,1,200,*,*,*,,
Prawn,---,2006,18,11,3,5983,10026,0,0,,
Prawn,---,2006,18,Total,16,119245,165800,178,1062,,
Prawn,---,2006,19,3,2,42387,*,*,*,,
Prawn,---,2006,19,5,5,47390,95118,0,0,,
Prawn,---,2006,19,7,6,7100,12794,0,0,,
Prawn,---,2006,19,8,8,22400,38518,0,0,,
Prawn,---,2006,19,9,1,100,*,*,*,,
Prawn,---,2006,19,10,3,950,1101,0,0,,
Prawn,---,2006,19,11,4,550,425,0,0,,
Prawn,---,2006,19,12,1,50,*,*,*,,
Prawn,---,2006,19,Total,13,120927,230982,0,0,,
Prawn,---,2006,20,6,1,485,*,*,*,,
Prawn,---,2006,20,Total,1,485,*,*,*,,
Prawn,---,2006,23,1,4,1875,2234,0,0,,
Prawn,---,2006,23,2,3,10448,16868,0,0,,
Prawn,---,2006,23,3,3,6669,10372,0,0,,
Prawn,---,2006,23,4,3,12750,19467,0,0,,
Prawn,---,2006,23,5,4,3175,3130,0,0,,
Prawn,---,2006,23,6,4,8850,10606,0,0,,
Prawn,---,2006,23,7,1,3200,*,*,*,,
Prawn,---,2006,23,8,1,650,*,*,*,,
Prawn,---,2006,23,Total,4,47617,66577,0,0,,
Prawn,---,2006,24,2,2,300,*,*,*,,
Prawn,---,2006,24,3,2,400,*,*,*,,
Prawn,---,2006,24,7,1,150,*,*,*,,
Prawn,---,2006,24,10,1,750,*,*,*,,
Prawn,---,2006,24,13,2,550,*,*,*,,
Prawn,---,2006,24,14,2,250,*,*,*,,
Prawn,---,2006,24,Total,2,2400,*,*,*,,
Prawn,---,2006,25,1,5,11550,16137,0,0,,
Prawn,---,2006,25,2,5,7500,11116,0,0,,
Prawn,---,2006,25,3,6,9800,10292,0,0,,
Prawn,---,2006,25,4,6,14900,17385,0,0,,
Prawn,---,2006,25,5,3,6550,10012,2,0,,
Prawn,---,2006,25,6,7,29100,39051,0,0,,
Prawn,---,2006,25,7,1,50,*,*,*,,
Prawn,---,2006,25,8,6,13103,20575,0,0,,
Prawn,---,2006,25,9,4,12926,23526,0,0,,
Prawn,---,2006,25,10,3,2246,3016,0,0,,
Prawn,---,2006,25,11,4,1100,1272,0,0,,
Prawn,---,2006,25,12,1,50,*,*,*,,
Prawn,---,2006,25,13,4,4900,6062,0,0,,
Prawn,---,2006,25,15,5,4050,4303,0,0,,
Prawn,---,2006,25,16,1,799,*,*,*,,
Prawn,---,2006,25,Total,10,118624,164061,2,0,,
Prawn,---,2006,26,2,5,5447,5812,0,0,,
Prawn,---,2006,26,3,4,1550,1453,0,0,,
Prawn,---,2006,26,4,4,3900,4424,0,0,,
Prawn,---,2006,26,5,3,2400,2237,0,0,,
Prawn,---,2006,26,6,2,100,*,*,*,,
Prawn,---,2006,26,7,2,1200,*,*,*,,
Prawn,---,2006,26,9,3,2900,3789,0,0,,
Prawn,---,2006,26,10,1,100,*,*,*,,
Prawn,---,2006,26,Total,7,17597,19858,0,0,,
Prawn,---,2006,27,2,3,1600,**,**,**,,
Prawn,---,2006,27,5,1,1750,*,*,*,,
Prawn,---,2006,27,7,7,16148,20085,0,0,,
Prawn,---,2006,27,8,5,6350,8366,0,0,,
Prawn,---,2006,27,10,4,3146,3612,0,0,,
Prawn,---,2006,27,11,3,43088,63419,0,0,,
Prawn,---,2006,27,Total,8,72082,100902,0,0,,
Prawn,---,2006,28,1,14,27379,43872,0,0,,
Prawn,---,2006,28,2,12,24522,38304,0,0,,
Prawn,---,2006,28,3,12,10942,16171,0,0,,
Prawn,---,2006,28,4,7,6650,10951,0,0,,
Prawn,---,2006,28,5,4,950,1538,0,0,,
Prawn,---,2006,28,6,2,250,*,*,*,,
Prawn,---,2006,28,7,4,1493,2244,0,0,,
Prawn,---,2006,28,9,1,1200,*,*,*,,
Prawn,---,2006,28,12,2,1433,*,*,*,,
Prawn,---,2006,28,13,1,50,*,*,*,,
Prawn,---,2006,28,Total,16,74869,117495,11,22,,
Prawn,---,2006,29,1,13,20493,30759,5,0,,
Prawn,---,2006,29,2,16,34296,50708,0,0,,
Prawn,---,2006,29,3,16,44206,63867,0,0,,
Prawn,---,2006,29,4,7,7552,**,**,**,,
Prawn,---,2006,29,5,12,50884,90249,0,2,,
Prawn,---,2006,29,10,1,50,*,*,*,,
Prawn,---,2006,29,Total,28,157481,250055,5,2,,
Prawn,---,2006,101,2,1,1651,*,*,*,,
Prawn,---,2006,101,3,1,1200,*,*,*,,
Prawn,---,2006,101,6,1,300,*,*,*,,
Prawn,---,2006,101,Total,1,3151,*,*,*,,
Prawn,---,2006,105,1,1,50,*,*,*,,
Prawn,---,2006,105,2,1,8770,*,*,*,,
Prawn,---,2006,105,Total,1,8820,*,*,*,,
Prawn,---,2006,106,1,1,1400,*,*,*,,
Prawn,---,2006,106,2,2,414,*,*,*,,
Prawn,---,2006,106,Total,2,1814,*,*,*,,
Prawn,---,2006,107,1,5,3606,6721,0,10,,
Prawn,---,2006,107,2,7,19130,35483,0,0,,
Prawn,---,2006,107,3,3,9260,13623,0,0,,
Prawn,---,2006,107,Total,10,31996,55827,0,10,,
Prawn,---,2006,108,1,2,100,*,*,*,,
Prawn,---,2006,108,2,1,300,*,*,*,,
Prawn,---,2006,108,Total,2,400,*,*,*,,
Prawn,---,2006,109,0,1,50,*,*,*,,
Prawn,---,2006,109,Total,1,50,*,*,*,,
Prawn,---,2006,110,0,2,8788,*,*,*,,
Prawn,---,2006,110,Total,2,8788,*,*,*,,
Prawn,---,2006,111,0,2,2150,*,*,*,,
Prawn,---,2006,111,Total,2,2150,*,*,*,,
Prawn,---,2006,125,4,1,200,*,*,*,,
Prawn,---,2006,125,5,1,1400,*,*,*,,
Prawn,---,2006,125,Total,1,1600,*,*,*,,
Prawn,---,2006,126,2,1,400,*,*,*,,
Prawn,---,2006,126,Total,1,400,*,*,*,,
Prawn,---,2006,127,1,3,300,395,0,0,,
Prawn,---,2006,127,2,4,6700,6659,0,0,,
Prawn,---,2006,127,4,4,6050,6368,0,0,,
Prawn,---,2006,127,Total,5,13050,13422,0,0,,
Prawn,---,2006,142,2,1,1100,*,*,*,,
Prawn,---,2006,142,Total,1,1100,*,*,*,,
Prawn,---,2007,2,3,1,3050,*,*,*,,
Prawn,---,2007,2,4,2,5051,*,*,*,,
Prawn,---,2007,2,5,1,100,*,*,*,,
Prawn,---,2007,2,6,3,8650,17261,6,0,,
Prawn,---,2007,2,8,2,5200,*,*,*,,
Prawn,---,2007,2,9,2,2800,*,*,*,,
Prawn,---,2007,2,10,2,4500,*,*,*,,
Prawn,---,2007,2,11,1,50,*,*,*,,
Prawn,---,2007,2,13,1,50,*,*,*,,
Prawn,---,2007,2,42,2,550,*,*,*,,
Prawn,---,2007,2,43,2,700,*,*,*,,
Prawn,---,2007,2,45,2,100,*,*,*,,
Prawn,---,2007,2,46,1,2750,*,*,*,,
Prawn,---,2007,2,47,1,100,*,*,*,,
Prawn,---,2007,2,63,1,100,*,*,*,,
Prawn,---,2007,2,64,1,1300,*,*,*,,
Prawn,---,2007,2,65,1,100,*,*,*,,
Prawn,---,2007,2,66,1,450,*,*,*,,
Prawn,---,2007,2,68,1,150,*,*,*,,
Prawn,---,2007,2,89,1,50,*,*,*,,
Prawn,---,2007,2,90,1,880,*,*,*,,
Prawn,---,2007,2,91,1,670,*,*,*,,
Prawn,---,2007,2,Total,4,37351,77254,3394,0,,
Prawn,---,2007,3,1,1,450,*,*,*,,
Prawn,---,2007,3,2,1,100,*,*,*,,
Prawn,---,2007,3,3,2,400,*,*,*,,
Prawn,---,2007,3,4,2,500,*,*,*,,
Prawn,---,2007,3,6,3,18000,30424,692,0,,
Prawn,---,2007,3,7,2,2850,*,*,*,,
Prawn,---,2007,3,8,2,1450,*,*,*,,
Prawn,---,2007,3,9,2,1400,*,*,*,,
Prawn,---,2007,3,10,2,5250,*,*,*,,
Prawn,---,2007,3,11,1,4800,*,*,*,,
Prawn,---,2007,3,12,1,500,*,*,*,,
Prawn,---,2007,3,13,1,250,*,*,*,,
Prawn,---,2007,3,15,1,4050,*,*,*,,
Prawn,---,2007,3,16,1,50,*,*,*,,
Prawn,---,2007,3,17,1,100,*,*,*,,
Prawn,---,2007,3,Total,3,40150,61282,3675,0,,
Prawn,---,2007,4,5,2,2300,*,*,*,,
Prawn,---,2007,4,9,4,12625,14169,761,97,,
Prawn,---,2007,4,10,6,127410,46,63235,0,,
Prawn,---,2007,4,11,2,17280,*,*,*,,
Prawn,---,2007,4,12,3,16600,16948,389,376,,
Prawn,---,2007,4,Total,8,176215,34806,77717,473,,
Prawn,---,2007,5,1,3,6470,6219,1407,0,,
Prawn,---,2007,5,2,3,2788,3164,89,0,,
Prawn,---,2007,5,3,1,50,*,*,*,,
Prawn,---,2007,5,9,2,3390,*,*,*,,
Prawn,---,2007,5,14,3,159,66,0,0,,
Prawn,---,2007,5,15,2,1040,*,*,*,,
Prawn,---,2007,5,16,2,2750,*,*,*,,
Prawn,---,2007,5,17,2,300,*,*,*,,
Prawn,---,2007,5,18,2,100,*,*,*,,
Prawn,---,2007,5,19,2,2800,*,*,*,,
Prawn,---,2007,5,23,3,17380,20244,4017,4,,
Prawn,---,2007,5,24,3,3900,6384,8,0,,
Prawn,---,2007,5,Total,8,41127,45895,6802,4,,
Prawn,---,2007,6,1,6,29700,45774,1214,0,,
Prawn,---,2007,6,2,5,7420,12090,100,0,,
Prawn,---,2007,6,3,6,9268,12689,0,0,,
Prawn,---,2007,6,4,3,8100,13745,1343,0,,
Prawn,---,2007,6,5,5,19000,24686,330,0,,
Prawn,---,2007,6,6,7,5321,5696,0,0,,
Prawn,---,2007,6,7,3,850,876,0,0,,
Prawn,---,2007,6,8,1,300,*,*,*,,
Prawn,---,2007,6,9,2,450,*,*,*,,
Prawn,---,2007,6,10,4,425,206,0,0,,
Prawn,---,2007,6,12,7,7050,4675,7,0,,
Prawn,---,2007,6,13,1,50,*,*,*,,
Prawn,---,2007,6,14,1,960,*,*,*,,
Prawn,---,2007,6,16,4,950,1009,0,0,,
Prawn,---,2007,6,17,1,150,*,*,*,,
Prawn,---,2007,6,18,3,1150,908,0,0,,
Prawn,---,2007,6,19,5,7530,7354,0,0,,
Prawn,---,2007,6,20,6,2110,1846,8,0,,
Prawn,---,2007,6,21,2,750,*,*,*,,
Prawn,---,2007,6,22,3,1100,1765,0,0,,
Prawn,---,2007,6,23,3,5870,11511,4,0,,
Prawn,---,2007,6,24,4,830,913,0,0,,
Prawn,---,2007,6,25,3,4747,8017,0,0,,
Prawn,---,2007,6,26,3,795,531,0,0,,
Prawn,---,2007,6,27,1,150,*,*,*,,
Prawn,---,2007,6,28,3,2025,2587,0,0,,
Prawn,---,2007,6,Total,17,117051,160732,3014,0,,
Prawn,---,2007,7,1,4,7000,11315,0,0,,
Prawn,---,2007,7,2,4,2650,3258,0,0,,
Prawn,---,2007,7,3,9,9651,13876,0,0,,
Prawn,---,2007,7,4,8,7833,9924,59,0,,
Prawn,---,2007,7,5,3,1100,1249,0,0,,
Prawn,---,2007,7,6,4,5350,6401,0,0,,
Prawn,---,2007,7,7,2,1650,*,*,*,,
Prawn,---,2007,7,9,12,24300,32297,0,0,,
Prawn,---,2007,7,10,1,2600,*,*,*,,
Prawn,---,2007,7,11,2,7150,*,*,*,,
Prawn,---,2007,7,12,5,6800,6696,0,0,,
Prawn,---,2007,7,13,6,4100,4287,0,0,,
Prawn,---,2007,7,14,5,12950,13785,53,0,,
Prawn,---,2007,7,15,5,2650,2701,53,0,,
Prawn,---,2007,7,16,1,2800,*,*,*,,
Prawn,---,2007,7,17,5,4070,3612,0,0,,
Prawn,---,2007,7,18,5,3950,4666,0,0,,
Prawn,---,2007,7,19,3,8330,11050,0,0,,
Prawn,---,2007,7,20,1,100,*,*,*,,
Prawn,---,2007,7,21,2,1880,*,*,*,,
Prawn,---,2007,7,23,3,1250,1316,0,0,,
Prawn,---,2007,7,24,3,1400,1291,0,0,,
Prawn,---,2007,7,25,4,470,177,0,0,,
Prawn,---,2007,7,26,3,150,255,0,0,,
Prawn,---,2007,7,27,5,2535,2493,0,0,,
Prawn,---,2007,7,28,4,1890,2843,0,0,,
Prawn,---,2007,7,29,2,350,*,*,*,,
Prawn,---,2007,7,30,2,1200,*,*,*,,
Prawn,---,2007,7,31,2,1650,*,*,*,,
Prawn,---,2007,7,32,1,150,*,*,*,,
Prawn,---,2007,7,Total,24,127959,151396,389,0,,
Prawn,---,2007,8,2,2,550,*,*,*,,
Prawn,---,2007,8,3,2,1650,*,*,*,,
Prawn,---,2007,8,4,7,10810,15871,0,0,,
Prawn,---,2007,8,5,2,1600,*,*,*,,
Prawn,---,2007,8,6,2,550,*,*,*,,
Prawn,---,2007,8,7,4,8780,11053,93,0,,
Prawn,---,2007,8,8,4,6340,9484,236,0,,
Prawn,---,2007,8,9,2,2050,*,*,*,,
Prawn,---,2007,8,10,5,2560,3701,85,0,,
Prawn,---,2007,8,11,1,900,*,*,*,,
Prawn,---,2007,8,12,5,5710,7631,1901,0,,
Prawn,---,2007,8,13,4,7299,12421,0,0,,
Prawn,---,2007,8,14,3,3250,6465,0,0,,
Prawn,---,2007,8,15,4,7360,13942,20,0,,
Prawn,---,2007,8,16,5,5180,4662,14,0,,
Prawn,---,2007,8,Total,11,64589,93373,2621,0,,
Prawn,---,2007,9,1,2,8300,*,*,*,,
Prawn,---,2007,9,2,6,9500,16419,0,0,,
Prawn,---,2007,9,3,4,3700,5828,0,0,,
Prawn,---,2007,9,4,4,4000,6275,0,0,,
Prawn,---,2007,9,5,3,1250,1868,0,0,,
Prawn,---,2007,9,6,3,3750,6567,0,0,,
Prawn,---,2007,9,7,2,2250,*,*,*,,
Prawn,---,2007,9,8,2,2000,*,*,*,,
Prawn,---,2007,9,9,1,3250,*,*,*,,
Prawn,---,2007,9,10,2,5600,*,*,*,,
Prawn,---,2007,9,11,5,4450,7286,0,0,,
Prawn,---,2007,9,12,4,6800,9461,32,0,,
Prawn,---,2007,9,Total,9,54850,94493,1165,0,,
Prawn,---,2007,10,1,1,300,*,*,*,,
Prawn,---,2007,10,2,2,550,*,*,*,,
Prawn,---,2007,10,3,3,750,1115,0,0,,
Prawn,---,2007,10,4,2,3697,*,*,*,,
Prawn,---,2007,10,5,2,3000,*,*,*,,
Prawn,---,2007,10,6,2,4800,*,*,*,,
Prawn,---,2007,10,7,2,1100,*,*,*,,
Prawn,---,2007,10,8,2,350,*,*,*,,
Prawn,---,2007,10,9,3,2400,3557,26,0,,
Prawn,---,2007,10,10,2,5250,*,*,*,,
Prawn,---,2007,10,12,4,12950,23987,467,0,,
Prawn,---,2007,10,Total,6,35147,58663,502,0,,
Prawn,---,2007,11,2,4,5240,7146,0,0,,
Prawn,---,2007,11,3,2,6350,*,*,*,,
Prawn,---,2007,11,4,2,4500,*,*,*,,
Prawn,---,2007,11,5,2,600,*,*,*,,
Prawn,---,2007,11,8,1,1047,*,*,*,,
Prawn,---,2007,11,9,1,98,*,*,*,,
Prawn,---,2007,11,10,1,1300,*,*,*,,
Prawn,---,2007,11,Total,6,19135,27498,33,0,,
Prawn,---,2007,12,2,3,850,742,0,0,,
Prawn,---,2007,12,6,3,17630,27968,0,0,,
Prawn,---,2007,12,7,8,2450,2529,0,0,,
Prawn,---,2007,12,9,1,500,*,*,*,,
Prawn,---,2007,12,10,1,50,*,*,*,,
Prawn,---,2007,12,11,1,100,*,*,*,,
Prawn,---,2007,12,13,5,1660,1226,0,0,,
Prawn,---,2007,12,15,1,50,*,*,*,,
Prawn,---,2007,12,16,2,400,*,*,*,,
Prawn,---,2007,12,22,6,10450,18151,0,0,,
Prawn,---,2007,12,23,7,52098,74404,0,0,,
Prawn,---,2007,12,26,10,62425,92611,572,0,,
Prawn,---,2007,12,27,3,9500,13321,78,0,,
Prawn,---,2007,12,28,2,850,*,*,*,,
Prawn,---,2007,12,29,2,800,*,*,*,,
Prawn,---,2007,12,30,2,928,*,*,*,,
Prawn,---,2007,12,31,2,722,*,*,*,,
Prawn,---,2007,12,35,15,45548,64629,502,0,,
Prawn,---,2007,12,36,2,5000,*,*,*,,
Prawn,---,2007,12,37,6,4900,6318,0,0,,
Prawn,---,2007,12,38,11,26606,44104,16,0,,
Prawn,---,2007,12,39,12,60260,91429,78,0,,
Prawn,---,2007,12,40,13,24148,39722,146,0,,
Prawn,---,2007,12,41,8,24836,38864,14,0,,
Prawn,---,2007,12,42,5,28098,43844,0,0,,
Prawn,---,2007,12,43,7,10050,16014,272,0,,
Prawn,---,2007,12,44,1,50,*,*,*,,
Prawn,---,2007,12,45,4,6650,10522,77,0,,
Prawn,---,2007,12,46,1,400,*,*,*,,
Prawn,---,2007,12,47,4,3000,4733,80,0,,
Prawn,---,2007,12,48,3,1500,2076,99,0,,
Prawn,---,2007,12,Total,42,402509,601781,2596,0,,
Prawn,---,2007,13,1,10,12600,20275,44,0,,
Prawn,---,2007,13,3,1,105,*,*,*,,
Prawn,---,2007,13,10,1,54,*,*,*,,
Prawn,---,2007,13,12,16,61474,111373,2,0,,
Prawn,---,2007,13,13,11,18286,22530,29,0,,
Prawn,---,2007,13,14,13,32518,46473,100,0,,
Prawn,---,2007,13,15,13,16113,22778,0,0,,
Prawn,---,2007,13,16,11,27035,36797,30,0,,
Prawn,---,2007,13,17,19,39130,47883,58,0,,
Prawn,---,2007,13,18,14,20445,31882,0,0,,
Prawn,---,2007,13,19,9,27050,49419,0,0,,
Prawn,---,2007,13,20,4,7300,13419,0,0,,
Prawn,---,2007,13,21,5,21200,32384,0,0,,
Prawn,---,2007,13,22,4,22800,34780,0,0,,
Prawn,---,2007,13,23,5,3250,5545,90,0,,
Prawn,---,2007,13,24,1,2150,*,*,*,,
Prawn,---,2007,13,25,1,800,*,*,*,,
Prawn,---,2007,13,26,1,2350,*,*,*,,
Prawn,---,2007,13,35,3,2400,3436,0,0,,
Prawn,---,2007,13,36,3,17800,26344,0,0,,
Prawn,---,2007,13,37,1,450,*,*,*,,
Prawn,---,2007,13,39,1,150,*,*,*,,
Prawn,---,2007,13,42,3,7750,12047,0,0,,
Prawn,---,2007,13,43,4,14950,29731,0,0,,
Prawn,---,2007,13,Total,41,358160,556499,354,0,,
Prawn,---,2007,14,1,7,4162,**,**,**,,
Prawn,---,2007,14,2,7,7005,12354,0,0,,
Prawn,---,2007,14,3,10,41195,83381,0,0,,
Prawn,---,2007,14,4,7,27142,56875,0,0,,
Prawn,---,2007,14,5,10,39296,76948,13,0,,
Prawn,---,2007,14,6,15,33719,73910,0,0,,
Prawn,---,2007,14,7,4,4900,9470,0,0,,
Prawn,---,2007,14,8,1,7924,*,*,*,,
Prawn,---,2007,14,9,7,15842,26912,0,0,,
Prawn,---,2007,14,12,13,59729,135336,0,0,,
Prawn,---,2007,14,13,23,63712,114212,0,0,,
Prawn,---,2007,14,Total,44,304626,614243,1430,15,,
Prawn,---,2007,15,1,14,56877,98690,0,0,,
Prawn,---,2007,15,2,32,152322,336599,72,0,,
Prawn,---,2007,15,3,23,101772,182261,106,0,,
Prawn,---,2007,15,4,6,10100,**,**,**,,
Prawn,---,2007,15,5,28,161604,222089,0,0,,
Prawn,---,2007,15,6,2,6981,*,*,*,,
Prawn,---,2007,15,Total,59,489656,871423,178,0,,
Prawn,---,2007,16,1,19,57237,102968,0,0,,
Prawn,---,2007,16,2,12,47347,98509,0,0,,
Prawn,---,2007,16,3,1,50,*,*,*,,
Prawn,---,2007,16,5,3,1250,1528,0,0,,
Prawn,---,2007,16,6,5,9500,17979,0,0,,
Prawn,---,2007,16,7,4,2550,4146,0,0,,
Prawn,---,2007,16,8,3,1000,1875,0,0,,
Prawn,---,2007,16,9,5,4099,6912,0,0,,
Prawn,---,2007,16,10,10,30810,40498,0,0,,
Prawn,---,2007,16,11,14,39380,49703,0,0,,
Prawn,---,2007,16,12,11,21897,25696,0,0,,
Prawn,---,2007,16,13,7,25850,35106,0,0,,
Prawn,---,2007,16,14,3,3850,5864,0,0,,
Prawn,---,2007,16,15,3,4750,7661,0,0,,
Prawn,---,2007,16,16,5,6500,10118,0,0,,
Prawn,---,2007,16,17,12,27999,47157,0,0,,
Prawn,---,2007,16,18,18,63965,115558,0,0,,
Prawn,---,2007,16,19,12,23379,48899,0,0,,
Prawn,---,2007,16,20,2,250,*,*,*,,
Prawn,---,2007,16,21,19,78612,183290,0,0,,
Prawn,---,2007,16,22,8,1600,1359,0,0,,
Prawn,---,2007,16,Total,50,451875,805535,0,0,,
Prawn,---,2007,17,1,1,400,*,*,*,,
Prawn,---,2007,17,2,6,1750,2824,0,2,,
Prawn,---,2007,17,3,1,4433,*,*,*,,
Prawn,---,2007,17,4,8,14603,22867,0,2,,
Prawn,---,2007,17,5,7,46749,81407,0,0,,
Prawn,---,2007,17,6,13,96945,174283,292,110,,
Prawn,---,2007,17,7,2,90,*,*,*,,
Prawn,---,2007,17,8,1,50,*,*,*,,
Prawn,---,2007,17,9,9,23953,48019,330,37,,
Prawn,---,2007,17,10,6,17622,35639,0,0,,
Prawn,---,2007,17,11,23,41963,78472,0,0,,
Prawn,---,2007,17,12,15,62940,109904,10,0,,
Prawn,---,2007,17,13,4,3973,6587,0,0,,
Prawn,---,2007,17,15,5,1852,1936,0,0,,
Prawn,---,2007,17,16,2,7032,*,*,*,,
Prawn,---,2007,17,17,6,3701,6071,0,0,,
Prawn,---,2007,17,18,8,13899,29159,0,0,,
Prawn,---,2007,17,19,2,250,*,*,*,,
Prawn,---,2007,17,20,1,50,*,*,*,,
Prawn,---,2007,17,Total,45,342255,621716,632,215,,
Prawn,---,2007,18,1,3,9334,14035,0,10,,
Prawn,---,2007,18,2,3,6200,9436,0,0,,
Prawn,---,2007,18,3,2,150,*,*,*,,
Prawn,---,2007,18,4,8,24078,39879,0,72,,
Prawn,---,2007,18,5,6,18540,40637,4,1076,,
Prawn,---,2007,18,6,10,9100,11516,0,0,,
Prawn,---,2007,18,7,7,20640,35095,0,0,,
Prawn,---,2007,18,8,1,50,*,*,*,,
Prawn,---,2007,18,9,1,355,*,*,*,,
Prawn,---,2007,18,11,3,3641,5214,0,10,,
Prawn,---,2007,18,Total,16,92088,156323,4,1168,,
Prawn,---,2007,19,3,3,60268,136149,0,0,,
Prawn,---,2007,19,4,2,200,*,*,*,,
Prawn,---,2007,19,5,4,42092,86515,0,0,,
Prawn,---,2007,19,7,6,7150,13536,0,0,,
Prawn,---,2007,19,8,7,16350,35422,0,0,,
Prawn,---,2007,19,10,1,100,*,*,*,,
Prawn,---,2007,19,Total,13,126160,272176,0,0,,
Prawn,---,2007,20,7,3,3601,0,0,7340,,
Prawn,---,2007,20,Total,3,3601,0,0,7340,,
Prawn,---,2007,23,1,2,2665,*,*,*,,
Prawn,---,2007,23,2,4,9696,17498,0,0,,
Prawn,---,2007,23,3,4,7030,11504,0,0,,
Prawn,---,2007,23,4,5,18577,26612,0,0,,
Prawn,---,2007,23,5,5,3655,4752,0,0,,
Prawn,---,2007,23,6,5,10320,14521,0,0,,
Prawn,---,2007,23,7,3,1110,1134,0,0,,
Prawn,---,2007,23,8,2,350,*,*,*,,
Prawn,---,2007,23,Total,5,53403,80698,0,0,,
Prawn,---,2007,24,2,1,2950,*,*,*,,
Prawn,---,2007,24,3,2,950,*,*,*,,
Prawn,---,2007,24,4,1,150,*,*,*,,
Prawn,---,2007,24,13,2,1150,*,*,*,,
Prawn,---,2007,24,14,2,550,*,*,*,,
Prawn,---,2007,24,Total,2,5750,*,*,*,,
Prawn,---,2007,25,1,3,4550,6654,0,0,,
Prawn,---,2007,25,2,3,3475,5304,0,0,,
Prawn,---,2007,25,3,5,9925,14054,0,0,,
Prawn,---,2007,25,4,6,10720,15402,2,0,,
Prawn,---,2007,25,5,3,3950,6953,0,0,,
Prawn,---,2007,25,6,6,15075,19863,0,0,,
Prawn,---,2007,25,8,5,14850,24116,0,0,,
Prawn,---,2007,25,9,4,10550,18436,0,0,,
Prawn,---,2007,25,10,3,4150,7154,0,0,,
Prawn,---,2007,25,11,3,2050,**,**,**,,
Prawn,---,2007,25,13,3,3550,6031,0,0,,
Prawn,---,2007,25,15,4,3550,4683,0,0,,
Prawn,---,2007,25,16,2,900,*,*,*,,
Prawn,---,2007,25,Total,8,87295,133614,2,0,,
Prawn,---,2007,26,1,1,56,*,*,*,,
Prawn,---,2007,26,2,3,7382,10678,0,0,,
Prawn,---,2007,26,3,2,1505,*,*,*,,
Prawn,---,2007,26,4,3,7911,13652,0,0,,
Prawn,---,2007,26,5,3,6516,10671,0,0,,
Prawn,---,2007,26,7,2,2100,*,*,*,,
Prawn,---,2007,26,9,2,2100,*,*,*,,
Prawn,---,2007,26,Total,3,27570,45080,0,0,,
Prawn,---,2007,27,2,1,750,*,*,*,,
Prawn,---,2007,27,5,2,2100,*,*,*,,
Prawn,---,2007,27,7,4,13141,20875,0,0,,
Prawn,---,2007,27,8,4,16486,29818,0,0,,
Prawn,---,2007,27,10,4,3149,4790,0,0,,
Prawn,---,2007,27,11,4,27599,44946,0,0,,
Prawn,---,2007,27,Total,6,63225,104954,0,0,,
Prawn,---,2007,28,1,15,27182,44679,192,4,,
Prawn,---,2007,28,2,16,26890,44105,51,0,,
Prawn,---,2007,28,3,11,12445,19981,29,22,,
Prawn,---,2007,28,4,9,10050,20550,70,0,,
Prawn,---,2007,28,5,6,2350,3694,10,0,,
Prawn,---,2007,28,6,1,100,*,*,*,,
Prawn,---,2007,28,7,1,2500,*,*,*,,
Prawn,---,2007,28,9,1,2143,*,*,*,,
Prawn,---,2007,28,11,1,50,*,*,*,,
Prawn,---,2007,28,12,2,1350,*,*,*,,
Prawn,---,2007,28,13,1,100,*,*,*,,
Prawn,---,2007,28,Total,18,85160,142198,352,26,,
Prawn,---,2007,29,1,11,19250,29207,40,0,,
Prawn,---,2007,29,2,19,43052,81404,16,22,,
Prawn,---,2007,29,3,21,51611,80940,2,0,,
Prawn,---,2007,29,4,5,5952,11169,0,0,,
Prawn,---,2007,29,5,10,48260,85838,0,2,,
Prawn,---,2007,29,Total,29,168125,288558,58,24,,
Prawn,---,2007,105,2,1,2100,*,*,*,,
Prawn,---,2007,105,Total,1,2100,*,*,*,,
Prawn,---,2007,106,1,1,50,*,*,*,,
Prawn,---,2007,106,2,1,2900,*,*,*,,
Prawn,---,2007,106,Total,1,2950,*,*,*,,
Prawn,---,2007,107,1,2,1450,*,*,*,,
Prawn,---,2007,107,2,5,19747,33898,0,0,,
Prawn,---,2007,107,3,3,2360,**,**,**,,
Prawn,---,2007,107,Total,6,23557,39167,0,0,,
Prawn,---,2007,108,2,1,50,*,*,*,,
Prawn,---,2007,108,Total,1,50,*,*,*,,
Prawn,---,2007,110,0,2,5600,*,*,*,,
Prawn,---,2007,110,Total,2,5600,*,*,*,,
Prawn,---,2007,127,2,1,500,*,*,*,,
Prawn,---,2007,127,4,1,3700,*,*,*,,
Prawn,---,2007,127,Total,1,4200,*,*,*,,
Prawn,---,2008,2,3,2,2450,*,*,*,,
Prawn,---,2008,2,4,2,12720,*,*,*,,
Prawn,---,2008,2,5,2,400,*,*,*,,
Prawn,---,2008,2,6,1,6050,*,*,*,,
Prawn,---,2008,2,7,1,100,*,*,*,,
Prawn,---,2008,2,8,1,5000,*,*,*,,
Prawn,---,2008,2,9,1,1850,*,*,*,,
Prawn,---,2008,2,10,1,1500,*,*,*,,
Prawn,---,2008,2,42,1,100,*,*,*,,
Prawn,---,2008,2,43,1,300,*,*,*,,
Prawn,---,2008,2,45,1,50,*,*,*,,
Prawn,---,2008,2,46,1,750,*,*,*,,
Prawn,---,2008,2,49,1,50,*,*,*,,
Prawn,---,2008,2,51,1,50,*,*,*,,
Prawn,---,2008,2,53,1,150,*,*,*,,
Prawn,---,2008,2,57,1,200,*,*,*,,
Prawn,---,2008,2,58,1,150,*,*,*,,
Prawn,---,2008,2,59,1,350,*,*,*,,
Prawn,---,2008,2,60,1,250,*,*,*,,
Prawn,---,2008,2,65,1,1500,*,*,*,,
Prawn,---,2008,2,68,1,300,*,*,*,,
Prawn,---,2008,2,90,1,1500,*,*,*,,
Prawn,---,2008,2,Total,4,35770,74191,2354,0,,
Prawn,---,2008,3,3,3,825,706,0,0,,
Prawn,---,2008,3,4,2,750,*,*,*,,
Prawn,---,2008,3,6,2,9350,*,*,*,,
Prawn,---,2008,3,7,2,1500,*,*,*,,
Prawn,---,2008,3,8,2,600,*,*,*,,
Prawn,---,2008,3,9,1,100,*,*,*,,
Prawn,---,2008,3,10,3,2875,2229,436,0,,
Prawn,---,2008,3,11,3,4200,3024,31,0,,
Prawn,---,2008,3,12,1,1100,*,*,*,,
Prawn,---,2008,3,13,1,250,*,*,*,,
Prawn,---,2008,3,14,1,1850,*,*,*,,
Prawn,---,2008,3,15,2,4730,*,*,*,,
Prawn,---,2008,3,16,1,600,*,*,*,,
Prawn,---,2008,3,17,1,300,*,*,*,,
Prawn,---,2008,3,18,1,650,*,*,*,,
Prawn,---,2008,3,Total,4,29680,27732,755,0,,
Prawn,---,2008,4,1,1,50,*,*,*,,
Prawn,---,2008,4,5,1,3450,*,*,*,,
Prawn,---,2008,4,9,4,7825,6338,477,0,,
Prawn,---,2008,4,10,5,120092,0,58798,0,,
Prawn,---,2008,4,11,4,15535,0,10461,0,,
Prawn,---,2008,4,12,4,8044,6517,569,0,,
Prawn,---,2008,4,Total,6,154996,14737,70305,0,,
Prawn,---,2008,5,1,3,8062,5644,1773,0,,
Prawn,---,2008,5,2,3,2323,2095,134,0,,
Prawn,---,2008,5,3,1,180,*,*,*,,
Prawn,---,2008,5,9,1,600,*,*,*,,
Prawn,---,2008,5,15,1,1550,*,*,*,,
Prawn,---,2008,5,16,3,5150,5705,83,14,,
Prawn,---,2008,5,17,1,730,*,*,*,,
Prawn,---,2008,5,18,1,820,*,*,*,,
Prawn,---,2008,5,19,2,650,*,*,*,,
Prawn,---,2008,5,23,3,20887,21590,1635,22,,
Prawn,---,2008,5,24,1,4100,*,*,*,,
Prawn,---,2008,5,Total,6,45052,44224,3770,44,,
Prawn,---,2008,6,1,4,7022,7645,249,0,,
Prawn,---,2008,6,2,2,10648,*,*,*,,
Prawn,---,2008,6,3,3,8073,9074,0,0,,
Prawn,---,2008,6,4,2,6400,*,*,*,,
Prawn,---,2008,6,5,3,3824,4629,99,0,,
Prawn,---,2008,6,6,5,4478,5511,0,0,,
Prawn,---,2008,6,7,4,2618,2919,0,0,,
Prawn,---,2008,6,9,1,50,*,*,*,,
Prawn,---,2008,6,12,3,3004,2459,0,0,,
Prawn,---,2008,6,14,1,1020,*,*,*,,
Prawn,---,2008,6,16,3,1080,1226,0,8,,
Prawn,---,2008,6,17,1,600,*,*,*,,
Prawn,---,2008,6,18,1,100,*,*,*,,
Prawn,---,2008,6,19,3,8110,8202,0,8,,
Prawn,---,2008,6,20,2,3355,*,*,*,,
Prawn,---,2008,6,22,1,50,*,*,*,,
Prawn,---,2008,6,23,4,2460,2193,0,0,,
Prawn,---,2008,6,24,1,900,*,*,*,,
Prawn,---,2008,6,25,3,4730,6595,0,0,,
Prawn,---,2008,6,26,1,492,*,*,*,,
Prawn,---,2008,6,28,3,3480,3418,0,0,,
Prawn,---,2008,6,Total,13,72494,82812,412,16,,
Prawn,---,2008,7,1,2,1750,*,*,*,,
Prawn,---,2008,7,2,2,1280,*,*,*,,
Prawn,---,2008,7,3,2,4150,*,*,*,,
Prawn,---,2008,7,4,6,4492,4970,0,0,,
Prawn,---,2008,7,5,5,1740,1816,0,0,,
Prawn,---,2008,7,6,5,7090,9236,0,0,,
Prawn,---,2008,7,7,4,4050,3782,0,0,,
Prawn,---,2008,7,9,7,10794,14273,0,0,,
Prawn,---,2008,7,10,5,3250,3335,0,0,,
Prawn,---,2008,7,11,5,4850,4700,0,0,,
Prawn,---,2008,7,12,3,3500,3065,0,0,,
Prawn,---,2008,7,13,4,2400,2208,0,0,,
Prawn,---,2008,7,14,6,12250,13373,0,0,,
Prawn,---,2008,7,15,7,3000,2881,0,0,,
Prawn,---,2008,7,16,3,5850,4762,0,0,,
Prawn,---,2008,7,17,3,400,272,0,0,,
Prawn,---,2008,7,18,3,2630,3310,0,0,,
Prawn,---,2008,7,19,3,6540,7615,0,0,,
Prawn,---,2008,7,21,2,970,*,*,*,,
Prawn,---,2008,7,23,1,750,*,*,*,,
Prawn,---,2008,7,24,2,1000,*,*,*,,
Prawn,---,2008,7,25,1,720,*,*,*,,
Prawn,---,2008,7,26,2,630,*,*,*,,
Prawn,---,2008,7,27,1,2500,*,*,*,,
Prawn,---,2008,7,28,1,1700,*,*,*,,
Prawn,---,2008,7,29,2,2200,*,*,*,,
Prawn,---,2008,7,30,1,550,*,*,*,,
Prawn,---,2008,7,31,2,2550,*,*,*,,
Prawn,---,2008,7,Total,16,93586,106195,0,0,,
Prawn,---,2008,8,3,2,940,*,*,*,,
Prawn,---,2008,8,4,5,8980,12360,0,0,,
Prawn,---,2008,8,5,4,3452,4795,2,0,,
Prawn,---,2008,8,6,2,900,*,*,*,,
Prawn,---,2008,8,7,3,8430,12259,129,0,,
Prawn,---,2008,8,8,3,4460,6552,133,0,,
Prawn,---,2008,8,9,1,720,*,*,*,,
Prawn,---,2008,8,10,5,3620,5043,92,0,,
Prawn,---,2008,8,11,2,1500,*,*,*,,
Prawn,---,2008,8,12,4,12850,17379,3973,19,,
Prawn,---,2008,8,13,4,7350,14814,9,0,,
Prawn,---,2008,8,14,3,5000,12840,56,0,,
Prawn,---,2008,8,15,4,11770,17566,446,174,,
Prawn,---,2008,8,16,4,1549,1794,0,0,,
Prawn,---,2008,8,Total,10,71521,110726,4874,193,,
Prawn,---,2008,9,1,4,9682,17335,0,0,,
Prawn,---,2008,9,2,6,7350,11978,0,0,,
Prawn,---,2008,9,3,4,3850,6173,18,2,,
Prawn,---,2008,9,4,5,3950,5931,35,2,,
Prawn,---,2008,9,5,6,2000,2289,0,0,,
Prawn,---,2008,9,6,4,5100,8695,36,0,,
Prawn,---,2008,9,7,2,2050,*,*,*,,
Prawn,---,2008,9,8,2,2300,*,*,*,,
Prawn,---,2008,9,9,2,1750,*,*,*,,
Prawn,---,2008,9,10,1,4600,*,*,*,,
Prawn,---,2008,9,11,5,2700,3693,0,12,,
Prawn,---,2008,9,12,4,4846,7986,0,0,,
Prawn,---,2008,9,Total,9,50178,84189,1151,16,,
Prawn,---,2008,10,1,1,4000,*,*,*,,
Prawn,---,2008,10,2,1,1698,*,*,*,,
Prawn,---,2008,10,3,1,150,*,*,*,,
Prawn,---,2008,10,4,3,6150,10804,0,0,,
Prawn,---,2008,10,5,3,2090,2824,0,0,,
Prawn,---,2008,10,6,3,4643,6551,0,0,,
Prawn,---,2008,10,7,1,700,*,*,*,,
Prawn,---,2008,10,8,3,250,253,0,0,,
Prawn,---,2008,10,9,3,1050,1397,0,0,,
Prawn,---,2008,10,10,2,3350,*,*,*,,
Prawn,---,2008,10,12,2,2250,*,*,*,,
Prawn,---,2008,10,Total,4,26331,41142,2,0,,
Prawn,---,2008,11,2,2,1760,*,*,*,,
Prawn,---,2008,11,3,3,5000,9790,31,0,,
Prawn,---,2008,11,4,3,2550,3930,46,0,,
Prawn,---,2008,11,5,2,650,*,*,*,,
Prawn,---,2008,11,8,1,650,*,*,*,,
Prawn,---,2008,11,9,1,50,*,*,*,,
Prawn,---,2008,11,10,1,100,*,*,*,,
Prawn,---,2008,11,Total,5,10760,18315,141,0,,
Prawn,---,2008,12,1,2,200,*,*,*,,
Prawn,---,2008,12,2,3,2250,2962,0,0,,
Prawn,---,2008,12,3,1,900,*,*,*,,
Prawn,---,2008,12,4,1,1200,*,*,*,,
Prawn,---,2008,12,6,5,16578,24803,0,0,,
Prawn,---,2008,12,7,3,1950,3023,0,0,,
Prawn,---,2008,12,22,3,3450,4127,0,0,,
Prawn,---,2008,12,23,7,26400,32819,0,0,,
Prawn,---,2008,12,24,2,900,*,*,*,,
Prawn,---,2008,12,26,10,75790,111760,258,0,,
Prawn,---,2008,12,27,5,21150,37546,42,0,,
Prawn,---,2008,12,28,3,2050,3454,0,0,,
Prawn,---,2008,12,29,3,2700,4287,13,0,,
Prawn,---,2008,12,30,2,2700,*,*,*,,
Prawn,---,2008,12,31,1,500,*,*,*,,
Prawn,---,2008,12,32,1,350,*,*,*,,
Prawn,---,2008,12,33,1,150,*,*,*,,
Prawn,---,2008,12,34,1,150,*,*,*,,
Prawn,---,2008,12,35,13,18650,30353,281,0,,
Prawn,---,2008,12,36,1,1050,*,*,*,,
Prawn,---,2008,12,37,3,2200,3167,0,0,,
Prawn,---,2008,12,38,7,19850,36743,28,0,,
Prawn,---,2008,12,39,9,61340,82561,11,0,,
Prawn,---,2008,12,40,12,28250,57473,190,0,,
Prawn,---,2008,12,41,10,54000,86523,59,0,,
Prawn,---,2008,12,42,5,27250,46096,0,0,,
Prawn,---,2008,12,43,5,6300,11077,244,0,,
Prawn,---,2008,12,44,1,50,*,*,*,,
Prawn,---,2008,12,45,2,1850,*,*,*,,
Prawn,---,2008,12,46,1,250,*,*,*,,
Prawn,---,2008,12,47,4,1700,2547,14,0,,
Prawn,---,2008,12,48,2,1000,*,*,*,,
Prawn,---,2008,12,Total,33,383108,597612,1159,0,,
Prawn,---,2008,13,1,12,9248,14677,0,0,,
Prawn,---,2008,13,12,11,54489,93189,0,0,,
Prawn,---,2008,13,13,9,14441,15710,0,0,,
Prawn,---,2008,13,14,15,28504,41538,0,0,,
Prawn,---,2008,13,15,15,28690,44416,0,0,,
Prawn,---,2008,13,16,12,27649,37919,0,0,,
Prawn,---,2008,13,17,12,27797,36724,0,0,,
Prawn,---,2008,13,18,8,10700,15429,0,0,,
Prawn,---,2008,13,19,7,13600,24081,0,0,,
Prawn,---,2008,13,20,4,6350,10100,0,0,,
Prawn,---,2008,13,21,6,14980,24086,0,0,,
Prawn,---,2008,13,22,3,19950,31024,0,0,,
Prawn,---,2008,13,23,3,3527,6000,0,0,,
Prawn,---,2008,13,24,1,2480,*,*,*,,
Prawn,---,2008,13,25,1,1453,*,*,*,,
Prawn,---,2008,13,26,1,2877,*,*,*,,
Prawn,---,2008,13,35,3,5250,7275,0,6,,
Prawn,---,2008,13,36,3,15200,19645,0,10,,
Prawn,---,2008,13,37,2,900,*,*,*,,
Prawn,---,2008,13,41,2,850,*,*,*,,
Prawn,---,2008,13,42,3,14850,29932,4,6,,
Prawn,---,2008,13,43,3,15050,28122,2,2,,
Prawn,---,2008,13,Total,38,318835,495631,8,24,,
Prawn,---,2008,14,1,3,3150,5761,0,0,,
Prawn,---,2008,14,2,6,7025,10720,0,0,,
Prawn,---,2008,14,3,13,40691,69012,0,0,,
Prawn,---,2008,14,4,9,15002,25178,0,0,,
Prawn,---,2008,14,5,11,19651,28169,0,0,,
Prawn,---,2008,14,6,14,26313,52299,0,0,,
Prawn,---,2008,14,7,5,1800,**,**,**,,
Prawn,---,2008,14,8,3,6450,14937,20,0,,
Prawn,---,2008,14,9,8,10424,12963,0,0,,
Prawn,---,2008,14,11,1,100,*,*,*,,
Prawn,---,2008,14,12,12,54657,81340,0,0,,
Prawn,---,2008,14,13,27,57889,88313,0,0,,
Prawn,---,2008,14,Total,45,243152,390972,20,0,,
Prawn,---,2008,15,1,14,92700,142750,0,0,,
Prawn,---,2008,15,2,31,170872,327150,0,0,,
Prawn,---,2008,15,3,17,98567,175584,0,0,,
Prawn,---,2008,15,4,6,5950,**,**,**,,
Prawn,---,2008,15,5,19,114193,165257,0,0,,
Prawn,---,2008,15,6,2,3850,*,*,*,,
Prawn,---,2008,15,Total,51,486132,826934,0,0,,
Prawn,---,2008,16,1,17,48176,63855,0,0,,
Prawn,---,2008,16,2,9,35025,49887,0,0,,
Prawn,---,2008,16,5,2,400,*,*,*,,
Prawn,---,2008,16,6,5,7144,7818,0,0,,
Prawn,---,2008,16,7,3,1650,1244,0,0,,
Prawn,---,2008,16,8,3,1150,1341,0,0,,
Prawn,---,2008,16,9,3,3983,5562,0,0,,
Prawn,---,2008,16,10,7,17375,19125,0,0,,
Prawn,---,2008,16,11,11,43195,51227,0,0,,
Prawn,---,2008,16,12,8,23690,19948,0,0,,
Prawn,---,2008,16,13,8,21300,17508,0,0,,
Prawn,---,2008,16,14,2,2800,*,*,*,,
Prawn,---,2008,16,15,2,4800,*,*,*,,
Prawn,---,2008,16,16,6,3450,4255,0,0,,
Prawn,---,2008,16,17,10,23195,22853,0,0,,
Prawn,---,2008,16,18,21,75407,121508,0,0,,
Prawn,---,2008,16,19,13,34080,63872,0,0,,
Prawn,---,2008,16,20,2,148,*,*,*,,
Prawn,---,2008,16,21,22,94394,186555,0,0,,
Prawn,---,2008,16,22,7,2500,2333,0,0,,
Prawn,---,2008,16,Total,52,443862,646363,0,0,,
Prawn,---,2008,17,1,4,750,789,47,0,,
Prawn,---,2008,17,2,6,4600,6140,251,17,,
Prawn,---,2008,17,3,2,5775,*,*,*,,
Prawn,---,2008,17,4,7,19800,23344,0,0,,
Prawn,---,2008,17,5,8,21418,25779,0,0,,
Prawn,---,2008,17,6,13,45597,69003,144,0,,
Prawn,---,2008,17,7,2,150,*,*,*,,
Prawn,---,2008,17,8,1,50,*,*,*,,
Prawn,---,2008,17,9,10,20598,30653,99,0,,
Prawn,---,2008,17,10,10,18694,24975,0,0,,
Prawn,---,2008,17,11,28,36618,55197,0,0,,
Prawn,---,2008,17,12,15,64466,94606,0,0,,
Prawn,---,2008,17,13,5,1400,1324,0,0,,
Prawn,---,2008,17,15,2,2600,*,*,*,,
Prawn,---,2008,17,16,3,13250,29075,0,0,,
Prawn,---,2008,17,17,5,9350,12868,0,0,,
Prawn,---,2008,17,18,10,22346,35288,0,0,,
Prawn,---,2008,17,19,2,250,*,*,*,,
Prawn,---,2008,17,20,1,100,*,*,*,,
Prawn,---,2008,17,Total,43,287812,423230,541,17,,
Prawn,---,2008,18,1,5,10499,14030,0,0,,
Prawn,---,2008,18,2,4,4100,6343,54,0,,
Prawn,---,2008,18,3,2,150,*,*,*,,
Prawn,---,2008,18,4,11,31994,59036,4,51,,
Prawn,---,2008,18,5,6,29933,50934,16,562,,
Prawn,---,2008,18,6,8,9687,12945,0,0,,
Prawn,---,2008,18,7,11,30593,37606,206,16,,
Prawn,---,2008,18,8,5,1370,1232,0,0,,
Prawn,---,2008,18,9,5,550,529,0,0,,
Prawn,---,2008,18,10,1,200,*,*,*,,
Prawn,---,2008,18,11,3,4186,5756,0,0,,
Prawn,---,2008,18,Total,18,123262,188806,280,629,,
Prawn,---,2008,19,3,4,54948,123270,0,0,,
Prawn,---,2008,19,4,3,1560,3465,0,0,,
Prawn,---,2008,19,5,9,51956,92136,0,0,,
Prawn,---,2008,19,7,9,12345,20074,0,0,,
Prawn,---,2008,19,8,10,30843,54557,0,0,,
Prawn,---,2008,19,10,2,300,*,*,*,,
Prawn,---,2008,19,11,1,350,*,*,*,,
Prawn,---,2008,19,Total,19,152302,294472,0,0,,
Prawn,---,2008,20,5,1,250,*,*,*,,
Prawn,---,2008,20,Total,1,250,*,*,*,,
Prawn,---,2008,23,1,2,1250,*,*,*,,
Prawn,---,2008,23,2,3,9452,22682,0,0,,
Prawn,---,2008,23,3,3,8409,18015,0,0,,
Prawn,---,2008,23,4,4,17953,36019,0,0,,
Prawn,---,2008,23,5,3,4400,5884,0,0,,
Prawn,---,2008,23,6,4,13077,23269,0,0,,
Prawn,---,2008,23,7,3,2540,4200,0,0,,
Prawn,---,2008,23,8,1,250,*,*,*,,
Prawn,---,2008,23,Total,4,57331,113224,0,0,,
Prawn,---,2008,24,2,1,4200,*,*,*,,
Prawn,---,2008,24,3,1,600,*,*,*,,
Prawn,---,2008,24,4,1,3950,*,*,*,,
Prawn,---,2008,24,5,1,200,*,*,*,,
Prawn,---,2008,24,7,1,300,*,*,*,,
Prawn,---,2008,24,12,1,300,*,*,*,,
Prawn,---,2008,24,13,1,1250,*,*,*,,
Prawn,---,2008,24,14,1,700,*,*,*,,
Prawn,---,2008,24,Total,1,11500,*,*,*,,
Prawn,---,2008,25,1,3,5000,8250,0,0,,
Prawn,---,2008,25,2,2,4950,*,*,*,,
Prawn,---,2008,25,3,5,6750,11210,0,0,,
Prawn,---,2008,25,4,6,11100,18023,0,0,,
Prawn,---,2008,25,5,3,4700,8194,0,0,,
Prawn,---,2008,25,6,6,23850,41157,0,0,,
Prawn,---,2008,25,7,1,300,*,*,*,,
Prawn,---,2008,25,8,6,18345,29284,0,0,,
Prawn,---,2008,25,9,4,10400,18507,0,0,,
Prawn,---,2008,25,10,2,2650,*,*,*,,
Prawn,---,2008,25,11,2,5100,*,*,*,,
Prawn,---,2008,25,12,1,100,*,*,*,,
Prawn,---,2008,25,13,2,12000,*,*,*,,
Prawn,---,2008,25,15,4,3040,5187,0,0,,
Prawn,---,2008,25,16,2,700,*,*,*,,
Prawn,---,2008,25,Total,7,108985,186534,0,0,,
Prawn,---,2008,26,1,1,100,*,*,*,,
Prawn,---,2008,26,2,3,6050,8809,0,0,,
Prawn,---,2008,26,3,2,1750,*,*,*,,
Prawn,---,2008,26,4,3,5450,8258,0,0,,
Prawn,---,2008,26,5,3,5300,8255,0,0,,
Prawn,---,2008,26,7,3,1700,3523,0,0,,
Prawn,---,2008,26,9,3,2500,4979,0,0,,
Prawn,---,2008,26,Total,3,22850,36623,0,0,,
Prawn,---,2008,27,2,1,500,*,*,*,,
Prawn,---,2008,27,3,1,50,*,*,*,,
Prawn,---,2008,27,5,1,900,*,*,*,,
Prawn,---,2008,27,7,3,12898,19787,0,0,,
Prawn,---,2008,27,8,3,11016,17725,0,0,,
Prawn,---,2008,27,10,2,2250,*,*,*,,
Prawn,---,2008,27,11,2,30247,*,*,*,,
Prawn,---,2008,27,Total,5,57861,83737,7,0,,
Prawn,---,2008,28,1,16,26690,33388,0,0,,
Prawn,---,2008,28,2,18,37224,46345,0,0,,
Prawn,---,2008,28,3,10,18500,22254,0,0,,
Prawn,---,2008,28,4,11,11070,13781,0,0,,
Prawn,---,2008,28,5,3,2850,3466,0,0,,
Prawn,---,2008,28,6,3,550,397,0,0,,
Prawn,---,2008,28,7,2,1735,*,*,*,,
Prawn,---,2008,28,9,1,250,*,*,*,,
Prawn,---,2008,28,11,1,150,*,*,*,,
Prawn,---,2008,28,12,2,5150,*,*,*,,
Prawn,---,2008,28,13,2,500,*,*,*,,
Prawn,---,2008,28,Total,19,104669,128636,0,0,,
Prawn,---,2008,29,1,11,13158,15745,0,0,,
Prawn,---,2008,29,2,17,43905,58602,0,0,,
Prawn,---,2008,29,3,21,48079,51281,20,0,,
Prawn,---,2008,29,4,9,3291,**,**,**,,
Prawn,---,2008,29,5,15,27371,30981,0,0,,
Prawn,---,2008,29,12,1,50,*,*,*,,
Prawn,---,2008,29,Total,32,135854,161041,20,0,,
Prawn,---,2008,105,2,1,4600,*,*,*,,
Prawn,---,2008,105,Total,1,4600,*,*,*,,
Prawn,---,2008,106,1,1,1300,*,*,*,,
Prawn,---,2008,106,Total,1,1300,*,*,*,,
Prawn,---,2008,107,1,2,2400,*,*,*,,
Prawn,---,2008,107,2,2,7830,*,*,*,,
Prawn,---,2008,107,3,1,3120,*,*,*,,
Prawn,---,2008,107,Total,3,13350,18136,0,0,,
Prawn,---,2008,110,0,1,150,*,*,*,,
Prawn,---,2008,110,Total,1,150,*,*,*,,
Prawn,---,2008,123,9,1,950,*,*,*,,
Prawn,---,2008,123,Total,1,950,*,*,*,,
Prawn,---,2008,127,2,1,628,*,*,*,,
Prawn,---,2008,127,4,1,6468,*,*,*,,
Prawn,---,2008,127,Total,1,7096,*,*,*,,
Prawn,---,2009,2,3,2,2420,*,*,*,,
Prawn,---,2009,2,4,2,9560,*,*,*,,
Prawn,---,2009,2,5,2,620,*,*,*,,
Prawn,---,2009,2,6,1,2850,*,*,*,,
Prawn,---,2009,2,8,2,6920,*,*,*,,
Prawn,---,2009,2,9,1,3250,*,*,*,,
Prawn,---,2009,2,10,2,8330,*,*,*,,
Prawn,---,2009,2,42,1,50,*,*,*,,
Prawn,---,2009,2,43,1,200,*,*,*,,
Prawn,---,2009,2,45,1,50,*,*,*,,
Prawn,---,2009,2,46,1,850,*,*,*,,
Prawn,---,2009,2,47,1,50,*,*,*,,
Prawn,---,2009,2,53,1,120,*,*,*,,
Prawn,---,2009,2,57,1,60,*,*,*,,
Prawn,---,2009,2,59,1,120,*,*,*,,
Prawn,---,2009,2,89,1,100,*,*,*,,
Prawn,---,2009,2,90,1,1100,*,*,*,,
Prawn,---,2009,2,91,1,300,*,*,*,,
Prawn,---,2009,2,Total,3,36950,80059,3697,0,,
Prawn,---,2009,3,1,1,2050,*,*,*,,
Prawn,---,2009,3,2,2,350,*,*,*,,
Prawn,---,2009,3,3,3,1050,1350,67,0,,
Prawn,---,2009,3,4,2,400,*,*,*,,
Prawn,---,2009,3,6,1,6500,*,*,*,,
Prawn,---,2009,3,7,3,2450,2712,76,0,,
Prawn,---,2009,3,8,3,750,653,129,0,,
Prawn,---,2009,3,9,2,950,*,*,*,,
Prawn,---,2009,3,10,2,1650,*,*,*,,
Prawn,---,2009,3,11,3,8475,11156,733,0,,
Prawn,---,2009,3,12,2,850,*,*,*,,
Prawn,---,2009,3,13,3,2000,2128,0,0,,
Prawn,---,2009,3,14,1,4500,*,*,*,,
Prawn,---,2009,3,15,4,6900,7133,84,0,,
Prawn,---,2009,3,16,1,450,*,*,*,,
Prawn,---,2009,3,17,1,900,*,*,*,,
Prawn,---,2009,3,Total,6,40225,44151,1268,0,,
Prawn,---,2009,4,1,1,100,*,*,*,,
Prawn,---,2009,4,5,3,3300,3750,6,0,,
Prawn,---,2009,4,9,2,3530,*,*,*,,
Prawn,---,2009,4,10,5,120177,44,64471,0,,
Prawn,---,2009,4,11,2,4440,*,*,*,,
Prawn,---,2009,4,12,6,3075,2068,331,8,,
Prawn,---,2009,4,Total,8,134622,9795,67745,60,,
Prawn,---,2009,5,1,3,7340,5707,2556,0,,
Prawn,---,2009,5,2,4,1360,891,191,0,,
Prawn,---,2009,5,9,1,3000,*,*,*,,
Prawn,---,2009,5,14,1,50,*,*,*,,
Prawn,---,2009,5,15,1,1250,*,*,*,,
Prawn,---,2009,5,16,1,5000,*,*,*,,
Prawn,---,2009,5,17,1,200,*,*,*,,
Prawn,---,2009,5,18,1,700,*,*,*,,
Prawn,---,2009,5,19,1,300,*,*,*,,
Prawn,---,2009,5,23,3,13775,16045,2967,0,,
Prawn,---,2009,5,24,1,3300,*,*,*,,
Prawn,---,2009,5,Total,5,36275,38122,6199,317,,
Prawn,---,2009,6,1,4,33550,41700,1957,0,,
Prawn,---,2009,6,2,2,150,*,*,*,,
Prawn,---,2009,6,3,3,2550,2084,12,0,,
Prawn,---,2009,6,4,4,11800,17557,624,0,,
Prawn,---,2009,6,5,3,17200,20471,1187,152,,
Prawn,---,2009,6,6,2,2950,*,*,*,,
Prawn,---,2009,6,7,1,750,*,*,*,,
Prawn,---,2009,6,10,1,425,*,*,*,,
Prawn,---,2009,6,12,2,2600,*,*,*,,
Prawn,---,2009,6,16,2,1300,*,*,*,,
Prawn,---,2009,6,17,2,1450,*,*,*,,
Prawn,---,2009,6,18,1,50,*,*,*,,
Prawn,---,2009,6,19,2,1900,*,*,*,,
Prawn,---,2009,6,20,2,2970,*,*,*,,
Prawn,---,2009,6,21,1,300,*,*,*,,
Prawn,---,2009,6,22,1,300,*,*,*,,
Prawn,---,2009,6,23,1,780,*,*,*,,
Prawn,---,2009,6,24,1,100,*,*,*,,
Prawn,---,2009,6,25,1,600,*,*,*,,
Prawn,---,2009,6,26,1,575,*,*,*,,
Prawn,---,2009,6,28,1,900,*,*,*,,
Prawn,---,2009,6,Total,13,83200,100967,3844,152,,
Prawn,---,2009,7,1,2,3100,*,*,*,,
Prawn,---,2009,7,2,3,1350,2724,0,0,,
Prawn,---,2009,7,3,2,6192,*,*,*,,
Prawn,---,2009,7,4,4,1848,3037,0,0,,
Prawn,---,2009,7,5,1,200,*,*,*,,
Prawn,---,2009,7,6,2,1045,*,*,*,,
Prawn,---,2009,7,7,1,450,*,*,*,,
Prawn,---,2009,7,9,4,30103,55450,0,0,,
Prawn,---,2009,7,10,1,2700,*,*,*,,
Prawn,---,2009,7,11,1,4900,*,*,*,,
Prawn,---,2009,7,12,3,3596,6710,0,0,,
Prawn,---,2009,7,13,1,2000,*,*,*,,
Prawn,---,2009,7,14,2,4600,*,*,*,,
Prawn,---,2009,7,15,3,4200,6576,0,0,,
Prawn,---,2009,7,16,1,1550,*,*,*,,
Prawn,---,2009,7,17,3,354,478,0,0,,
Prawn,---,2009,7,18,3,4860,6381,0,0,,
Prawn,---,2009,7,19,2,8040,*,*,*,,
Prawn,---,2009,7,20,1,950,*,*,*,,
Prawn,---,2009,7,21,2,760,*,*,*,,
Prawn,---,2009,7,22,1,50,*,*,*,,
Prawn,---,2009,7,23,2,1500,*,*,*,,
Prawn,---,2009,7,24,2,860,*,*,*,,
Prawn,---,2009,7,25,1,1980,*,*,*,,
Prawn,---,2009,7,26,2,110,*,*,*,,
Prawn,---,2009,7,27,1,1300,*,*,*,,
Prawn,---,2009,7,28,1,1350,*,*,*,,
Prawn,---,2009,7,29,1,50,*,*,*,,
Prawn,---,2009,7,31,1,4050,*,*,*,,
Prawn,---,2009,7,32,1,50,*,*,*,,
Prawn,---,2009,7,Total,13,94098,169012,583,4,,
Prawn,---,2009,8,1,1,50,*,*,*,,
Prawn,---,2009,8,2,2,650,*,*,*,,
Prawn,---,2009,8,3,2,550,*,*,*,,
Prawn,---,2009,8,4,9,9628,21303,27,0,,
Prawn,---,2009,8,5,3,4746,9071,4,0,,
Prawn,---,2009,8,6,3,1668,3789,4,0,,
Prawn,---,2009,8,7,5,20701,42667,135,0,,
Prawn,---,2009,8,8,4,6437,12732,206,0,,
Prawn,---,2009,8,9,2,2100,*,*,*,,
Prawn,---,2009,8,10,3,3656,6927,40,0,,
Prawn,---,2009,8,11,1,2707,*,*,*,,
Prawn,---,2009,8,12,1,8854,*,*,*,,
Prawn,---,2009,8,13,6,23084,58077,4,24,,
Prawn,---,2009,8,14,5,14015,37802,443,16,,
Prawn,---,2009,8,15,2,10598,*,*,*,,
Prawn,---,2009,8,16,5,2160,4606,0,0,,
Prawn,---,2009,8,Total,12,111604,239517,2112,40,,
Prawn,---,2009,9,1,2,15300,*,*,*,,
Prawn,---,2009,9,2,2,5000,*,*,*,,
Prawn,---,2009,9,3,1,2100,*,*,*,,
Prawn,---,2009,9,4,1,2150,*,*,*,,
Prawn,---,2009,9,5,1,900,*,*,*,,
Prawn,---,2009,9,6,1,2950,*,*,*,,
Prawn,---,2009,9,7,1,2900,*,*,*,,
Prawn,---,2009,9,8,1,2050,*,*,*,,
Prawn,---,2009,9,9,1,2750,*,*,*,,
Prawn,---,2009,9,10,1,2400,*,*,*,,
Prawn,---,2009,9,11,3,1650,4051,14,0,,
Prawn,---,2009,9,12,3,7820,18318,218,0,,
Prawn,---,2009,9,Total,4,47970,132624,711,0,,
Prawn,---,2009,10,1,1,1550,*,*,*,,
Prawn,---,2009,10,2,1,750,*,*,*,,
Prawn,---,2009,10,3,1,50,*,*,*,,
Prawn,---,2009,10,4,2,2750,*,*,*,,
Prawn,---,2009,10,5,1,950,*,*,*,,
Prawn,---,2009,10,6,2,900,*,*,*,,
Prawn,---,2009,10,7,2,1100,*,*,*,,
Prawn,---,2009,10,8,1,250,*,*,*,,
Prawn,---,2009,10,9,2,450,*,*,*,,
Prawn,---,2009,10,10,2,1650,*,*,*,,
Prawn,---,2009,10,12,2,11700,*,*,*,,
Prawn,---,2009,10,Total,3,22100,52184,0,0,,
Prawn,---,2009,11,3,2,6550,*,*,*,,
Prawn,---,2009,11,4,2,1950,*,*,*,,
Prawn,---,2009,11,5,1,300,*,*,*,,
Prawn,---,2009,11,8,1,1200,*,*,*,,
Prawn,---,2009,11,9,1,50,*,*,*,,
Prawn,---,2009,11,10,1,2300,*,*,*,,
Prawn,---,2009,11,Total,2,12350,*,*,*,,
Prawn,---,2009,12,2,2,2650,*,*,*,,
Prawn,---,2009,12,3,1,350,*,*,*,,
Prawn,---,2009,12,4,1,650,*,*,*,,
Prawn,---,2009,12,6,3,20698,35658,0,0,,
Prawn,---,2009,12,7,4,6350,10093,0,0,,
Prawn,---,2009,12,20,1,50,*,*,*,,
Prawn,---,2009,12,22,4,17950,44260,0,0,,
Prawn,---,2009,12,23,6,46900,108520,0,20,,
Prawn,---,2009,12,24,1,2050,*,*,*,,
Prawn,---,2009,12,26,13,115030,246293,1079,0,,
Prawn,---,2009,12,27,7,42144,105151,198,2,,
Prawn,---,2009,12,28,3,3454,6448,0,0,,
Prawn,---,2009,12,29,3,5337,10839,0,0,,
Prawn,---,2009,12,30,3,8120,13501,0,0,,
Prawn,---,2009,12,31,2,2039,*,*,*,,
Prawn,---,2009,12,32,2,200,*,*,*,,
Prawn,---,2009,12,35,17,75537,164777,18,0,,
Prawn,---,2009,12,36,5,6100,10201,237,6,,
Prawn,---,2009,12,37,6,7600,14074,105,0,,
Prawn,---,2009,12,38,7,25307,57008,0,0,,
Prawn,---,2009,12,39,10,58966,103131,29,22,,
Prawn,---,2009,12,40,11,46133,100095,418,0,,
Prawn,---,2009,12,41,10,42760,82791,14,0,,
Prawn,---,2009,12,42,5,38902,68073,0,0,,
Prawn,---,2009,12,43,6,11850,24987,1239,0,,
Prawn,---,2009,12,44,1,450,*,*,*,,
Prawn,---,2009,12,45,2,10250,*,*,*,,
Prawn,---,2009,12,46,2,950,*,*,*,,
Prawn,---,2009,12,47,2,3800,*,*,*,,
Prawn,---,2009,12,48,2,1300,*,*,*,,
Prawn,---,2009,12,Total,35,603877,1254145,4166,50,,
Prawn,---,2009,13,1,14,9950,22412,0,0,,
Prawn,---,2009,13,12,10,67945,159366,0,0,,
Prawn,---,2009,13,13,10,13585,23393,0,0,,
Prawn,---,2009,13,14,13,35840,84868,0,0,,
Prawn,---,2009,13,15,9,22348,41382,0,0,,
Prawn,---,2009,13,16,11,41908,104589,0,0,,
Prawn,---,2009,13,17,18,48754,110649,0,0,,
Prawn,---,2009,13,18,17,10353,18139,0,0,,
Prawn,---,2009,13,19,11,17471,43074,0,0,,
Prawn,---,2009,13,20,8,7968,15187,0,0,,
Prawn,---,2009,13,21,8,26632,63483,0,0,,
Prawn,---,2009,13,22,3,19200,60800,0,0,,
Prawn,---,2009,13,23,6,1333,3014,0,0,,
Prawn,---,2009,13,24,1,3300,*,*,*,,
Prawn,---,2009,13,25,1,850,*,*,*,,
Prawn,---,2009,13,26,2,1950,*,*,*,,
Prawn,---,2009,13,35,2,3950,*,*,*,,
Prawn,---,2009,13,36,2,19650,*,*,*,,
Prawn,---,2009,13,37,2,600,*,*,*,,
Prawn,---,2009,13,39,1,50,*,*,*,,
Prawn,---,2009,13,40,1,50,*,*,*,,
Prawn,---,2009,13,41,4,2055,8429,0,0,,
Prawn,---,2009,13,42,4,15444,42459,0,0,,
Prawn,---,2009,13,43,4,14568,39170,0,0,,
Prawn,---,2009,13,Total,38,385754,918426,0,0,,
Prawn,---,2009,14,1,5,7550,10991,0,0,,
Prawn,---,2009,14,2,6,7750,11510,0,0,,
Prawn,---,2009,14,3,12,50682,92250,0,0,,
Prawn,---,2009,14,4,6,18899,33521,0,0,,
Prawn,---,2009,14,5,10,30428,59498,0,0,,
Prawn,---,2009,14,6,15,32794,64612,0,0,,
Prawn,---,2009,14,7,3,950,**,**,**,,
Prawn,---,2009,14,8,2,7800,*,*,*,,
Prawn,---,2009,14,9,4,10971,16638,0,0,,
Prawn,---,2009,14,12,14,58692,101674,0,0,,
Prawn,---,2009,14,13,18,57925,106506,0,0,,
Prawn,---,2009,14,Total,36,284441,522188,40,0,,
Prawn,---,2009,15,1,15,110000,184783,0,0,,
Prawn,---,2009,15,2,24,161412,362188,0,0,,
Prawn,---,2009,15,3,22,101515,228524,0,0,,
Prawn,---,2009,15,4,9,5350,12457,0,0,,
Prawn,---,2009,15,5,27,135544,288148,1,0,,
Prawn,---,2009,15,6,3,6989,15636,0,0,,
Prawn,---,2009,15,Total,46,520810,1091736,1,0,,
Prawn,---,2009,16,1,16,36567,49344,0,0,,
Prawn,---,2009,16,2,11,34505,63819,0,0,,
Prawn,---,2009,16,5,1,50,*,*,*,,
Prawn,---,2009,16,6,2,3250,*,*,*,,
Prawn,---,2009,16,7,2,1200,*,*,*,,
Prawn,---,2009,16,8,2,450,*,*,*,,
Prawn,---,2009,16,9,3,2450,3340,0,0,,
Prawn,---,2009,16,10,7,25900,34931,0,0,,
Prawn,---,2009,16,11,15,43750,54579,0,0,,
Prawn,---,2009,16,12,11,26600,30034,0,0,,
Prawn,---,2009,16,13,8,22250,21171,0,0,,
Prawn,---,2009,16,14,2,2150,*,*,*,,
Prawn,---,2009,16,15,2,3650,*,*,*,,
Prawn,---,2009,16,16,5,5550,8237,0,0,,
Prawn,---,2009,16,17,7,19450,23271,0,0,,
Prawn,---,2009,16,18,18,49939,86163,29,24,,
Prawn,---,2009,16,19,14,28901,54217,0,0,,
Prawn,---,2009,16,20,4,200,329,0,0,,
Prawn,---,2009,16,21,20,91353,209957,0,0,,
Prawn,---,2009,16,22,9,898,1151,0,0,,
Prawn,---,2009,16,Total,46,399063,655856,29,24,,
Prawn,---,2009,17,1,1,50,*,*,*,,
Prawn,---,2009,17,2,5,1400,1861,0,0,,
Prawn,---,2009,17,3,3,3650,5347,0,0,,
Prawn,---,2009,17,4,7,6845,5754,0,0,,
Prawn,---,2009,17,5,7,10113,11876,0,0,,
Prawn,---,2009,17,6,13,106433,158194,40,5,,
Prawn,---,2009,17,9,10,33958,47570,0,0,,
Prawn,---,2009,17,10,5,8400,13299,0,0,,
Prawn,---,2009,17,11,21,34878,54303,0,0,,
Prawn,---,2009,17,12,13,89128,132992,0,0,,
Prawn,---,2009,17,13,5,3800,3753,0,0,,
Prawn,---,2009,17,15,5,5350,10330,0,0,,
Prawn,---,2009,17,16,3,11100,21194,0,0,,
Prawn,---,2009,17,17,5,3850,4040,0,0,,
Prawn,---,2009,17,18,8,11450,15164,0,0,,
Prawn,---,2009,17,19,1,50,*,*,*,,
Prawn,---,2009,17,Total,38,330455,485721,40,5,,
Prawn,---,2009,18,1,2,9175,*,*,*,,
Prawn,---,2009,18,2,2,1550,*,*,*,,
Prawn,---,2009,18,3,1,50,*,*,*,,
Prawn,---,2009,18,4,7,38835,67567,1,90,,
Prawn,---,2009,18,5,5,17836,29720,0,252,,
Prawn,---,2009,18,6,7,16077,18283,0,0,,
Prawn,---,2009,18,7,8,16294,24819,0,0,,
Prawn,---,2009,18,8,2,1326,*,*,*,,
Prawn,---,2009,18,9,1,200,*,*,*,,
Prawn,---,2009,18,10,1,150,*,*,*,,
Prawn,---,2009,18,11,2,2892,*,*,*,,
Prawn,---,2009,18,Total,13,104385,159799,1,342,,
Prawn,---,2009,19,3,4,82723,213410,0,0,,
Prawn,---,2009,19,4,4,1645,3208,0,0,,
Prawn,---,2009,19,5,8,63437,118429,0,0,,
Prawn,---,2009,19,7,7,17425,31338,0,0,,
Prawn,---,2009,19,8,7,38893,76184,2,0,,
Prawn,---,2009,19,10,2,600,*,*,*,,
Prawn,---,2009,19,11,1,500,*,*,*,,
Prawn,---,2009,19,12,1,50,*,*,*,,
Prawn,---,2009,19,Total,14,205273,444612,2,0,,
Prawn,---,2009,20,5,1,50,*,*,*,,
Prawn,---,2009,20,Total,1,50,*,*,*,,
Prawn,---,2009,23,1,3,9038,27208,0,0,,
Prawn,---,2009,23,2,4,17520,49664,0,0,,
Prawn,---,2009,23,3,5,10269,24199,0,0,,
Prawn,---,2009,23,4,5,27218,61646,0,0,,
Prawn,---,2009,23,5,5,4932,11096,0,0,,
Prawn,---,2009,23,6,4,17904,42142,0,0,,
Prawn,---,2009,23,7,3,4147,**,**,**,,
Prawn,---,2009,23,8,2,100,*,*,*,,
Prawn,---,2009,23,Total,5,91128,226937,0,0,,
Prawn,---,2009,24,2,1,3500,*,*,*,,
Prawn,---,2009,24,3,1,3550,*,*,*,,
Prawn,---,2009,24,4,1,5700,*,*,*,,
Prawn,---,2009,24,5,1,100,*,*,*,,
Prawn,---,2009,24,13,1,1400,*,*,*,,
Prawn,---,2009,24,14,1,3150,*,*,*,,
Prawn,---,2009,24,Total,1,17400,*,*,*,,
Prawn,---,2009,25,1,4,6750,17681,0,0,,
Prawn,---,2009,25,2,5,3250,8766,0,0,,
Prawn,---,2009,25,3,5,10550,28976,0,0,,
Prawn,---,2009,25,4,6,11750,31105,0,0,,
Prawn,---,2009,25,5,4,3900,11129,0,0,,
Prawn,---,2009,25,6,6,31042,83270,0,0,,
Prawn,---,2009,25,7,2,650,*,*,*,,
Prawn,---,2009,25,8,6,20100,52051,0,0,,
Prawn,---,2009,25,9,4,19199,52467,0,0,,
Prawn,---,2009,25,10,1,2950,*,*,*,,
Prawn,---,2009,25,11,2,4100,*,*,*,,
Prawn,---,2009,25,12,1,200,*,*,*,,
Prawn,---,2009,25,13,2,12650,*,*,*,,
Prawn,---,2009,25,15,3,7100,20869,0,0,,
Prawn,---,2009,25,16,4,1050,2616,0,0,,
Prawn,---,2009,25,Total,8,135241,357476,0,0,,
Prawn,---,2009,26,1,1,550,*,*,*,,
Prawn,---,2009,26,2,3,14797,35358,0,0,,
Prawn,---,2009,26,3,3,2050,5201,0,0,,
Prawn,---,2009,26,4,3,12650,27452,0,0,,
Prawn,---,2009,26,5,3,9900,23283,0,0,,
Prawn,---,2009,26,7,3,2240,6606,0,0,,
Prawn,---,2009,26,8,1,50,*,*,*,,
Prawn,---,2009,26,9,3,2260,6835,0,0,,
Prawn,---,2009,26,Total,4,44497,105908,0,0,,
Prawn,---,2009,27,2,1,150,*,*,*,,
Prawn,---,2009,27,5,1,300,*,*,*,,
Prawn,---,2009,27,7,4,19258,41039,0,0,,
Prawn,---,2009,27,8,4,14348,32600,0,0,,
Prawn,---,2009,27,10,2,4847,*,*,*,,
Prawn,---,2009,27,11,4,34750,75581,0,0,,
Prawn,---,2009,27,Total,5,73653,161393,0,0,,
Prawn,---,2009,28,1,12,14449,15940,0,0,,
Prawn,---,2009,28,2,9,31680,51930,0,0,,
Prawn,---,2009,28,3,11,11495,16568,0,0,,
Prawn,---,2009,28,4,10,7949,15604,0,0,,
Prawn,---,2009,28,5,5,2050,3293,0,0,,
Prawn,---,2009,28,6,1,200,*,*,*,,
Prawn,---,2009,28,7,2,1850,*,*,*,,
Prawn,---,2009,28,9,1,300,*,*,*,,
Prawn,---,2009,28,12,3,2950,3615,0,0,,
Prawn,---,2009,28,13,1,600,*,*,*,,
Prawn,---,2009,28,Total,15,73523,111082,0,0,,
Prawn,---,2009,29,1,10,10548,9437,0,0,,
Prawn,---,2009,29,2,12,35850,59895,0,0,,
Prawn,---,2009,29,3,13,29386,38354,0,0,,
Prawn,---,2009,29,4,5,1150,1680,0,0,,
Prawn,---,2009,29,5,5,9549,12511,0,0,,
Prawn,---,2009,29,Total,20,86483,121877,0,0,,
Prawn,---,2009,105,2,2,8950,*,*,*,,
Prawn,---,2009,105,Total,2,8950,*,*,*,,
Prawn,---,2009,106,1,2,650,*,*,*,,
Prawn,---,2009,106,2,1,100,*,*,*,,
Prawn,---,2009,106,Total,3,750,1158,62,0,,
Prawn,---,2009,107,1,1,1550,*,*,*,,
Prawn,---,2009,107,2,3,2360,2940,0,0,,
Prawn,---,2009,107,3,1,3060,*,*,*,,
Prawn,---,2009,107,Total,3,6970,9704,0,0,,
Prawn,---,2009,110,0,1,5000,*,*,*,,
Prawn,---,2009,110,Total,1,5000,*,*,*,,
Prawn,---,2009,126,1,1,50,*,*,*,,
Prawn,---,2009,126,Total,1,50,*,*,*,,
Prawn,---,2010,1,6,1,2993,*,*,*,,
Prawn,---,2010,1,Total,1,2993,*,*,*,,
Prawn,---,2010,2,3,4,6760,14720,180,0,,
Prawn,---,2010,2,4,4,20800,42522,1530,0,,
Prawn,---,2010,2,5,3,1510,3355,167,0,,
Prawn,---,2010,2,6,3,11494,29081,402,0,,
Prawn,---,2010,2,7,1,150,*,*,*,,
Prawn,---,2010,2,8,3,3686,8137,42,0,,
Prawn,---,2010,2,9,2,2850,*,*,*,,
Prawn,---,2010,2,10,2,5298,*,*,*,,
Prawn,---,2010,2,11,1,443,*,*,*,,
Prawn,---,2010,2,12,2,1458,*,*,*,,
Prawn,---,2010,2,13,2,1655,*,*,*,,
Prawn,---,2010,2,42,1,500,*,*,*,,
Prawn,---,2010,2,43,1,800,*,*,*,,
Prawn,---,2010,2,45,1,100,*,*,*,,
Prawn,---,2010,2,46,1,2050,*,*,*,,
Prawn,---,2010,2,47,1,150,*,*,*,,
Prawn,---,2010,2,89,1,200,*,*,*,,
Prawn,---,2010,2,90,1,1800,*,*,*,,
Prawn,---,2010,2,91,1,950,*,*,*,,
Prawn,---,2010,2,Total,7,62654,154689,2555,0,,
Prawn,---,2010,3,3,1,50,*,*,*,,
Prawn,---,2010,3,6,1,8895,*,*,*,,
Prawn,---,2010,3,8,1,150,*,*,*,,
Prawn,---,2010,3,10,1,750,*,*,*,,
Prawn,---,2010,3,11,2,2900,*,*,*,,
Prawn,---,2010,3,12,1,50,*,*,*,,
Prawn,---,2010,3,13,1,50,*,*,*,,
Prawn,---,2010,3,14,1,3250,*,*,*,,
Prawn,---,2010,3,15,1,2400,*,*,*,,
Prawn,---,2010,3,17,1,300,*,*,*,,
Prawn,---,2010,3,Total,2,18795,*,*,*,,
Prawn,---,2010,4,5,2,1200,*,*,*,,
Prawn,---,2010,4,9,2,3450,*,*,*,,
Prawn,---,2010,4,10,5,94364,0,52210,0,,
Prawn,---,2010,4,11,2,33207,*,*,*,,
Prawn,---,2010,4,12,2,7400,*,*,*,,
Prawn,---,2010,4,Total,6,139621,14913,70902,0,,
Prawn,---,2010,5,1,3,2850,3025,266,0,,
Prawn,---,2010,5,2,2,2050,*,*,*,,
Prawn,---,2010,5,9,2,3900,*,*,*,,
Prawn,---,2010,5,14,1,50,*,*,*,,
Prawn,---,2010,5,15,2,350,*,*,*,,
Prawn,---,2010,5,16,3,1955,1628,46,0,,
Prawn,---,2010,5,17,3,500,446,0,0,,
Prawn,---,2010,5,18,1,645,*,*,*,,
Prawn,---,2010,5,19,1,200,*,*,*,,
Prawn,---,2010,5,23,2,5750,*,*,*,,
Prawn,---,2010,5,24,3,1500,1120,18,0,,
Prawn,---,2010,5,Total,9,19750,21918,1197,0,,
Prawn,---,2010,6,1,2,7000,*,*,*,,
Prawn,---,2010,6,2,2,3400,*,*,*,,
Prawn,---,2010,6,3,2,3749,*,*,*,,
Prawn,---,2010,6,4,5,17100,27639,2798,0,,
Prawn,---,2010,6,5,4,3500,4049,18,0,,
Prawn,---,2010,6,6,2,200,*,*,*,,
Prawn,---,2010,6,7,2,1050,*,*,*,,
Prawn,---,2010,6,9,1,350,*,*,*,,
Prawn,---,2010,6,10,2,250,*,*,*,,
Prawn,---,2010,6,12,1,950,*,*,*,,
Prawn,---,2010,6,14,1,650,*,*,*,,
Prawn,---,2010,6,16,2,250,*,*,*,,
Prawn,---,2010,6,19,1,450,*,*,*,,
Prawn,---,2010,6,20,3,2598,2639,8,0,,
Prawn,---,2010,6,21,1,1749,*,*,*,,
Prawn,---,2010,6,22,2,1650,*,*,*,,
Prawn,---,2010,6,23,1,550,*,*,*,,
Prawn,---,2010,6,25,2,4450,*,*,*,,
Prawn,---,2010,6,28,3,700,286,0,0,,
Prawn,---,2010,6,Total,9,50596,62935,4164,0,,
Prawn,---,2010,7,1,2,7250,*,*,*,,
Prawn,---,2010,7,2,3,2900,5245,0,0,,
Prawn,---,2010,7,3,5,6736,9834,0,0,,
Prawn,---,2010,7,4,3,3500,5216,0,0,,
Prawn,---,2010,7,5,3,1248,2067,0,0,,
Prawn,---,2010,7,6,2,3147,*,*,*,,
Prawn,---,2010,7,7,3,2000,2394,0,0,,
Prawn,---,2010,7,9,6,14468,30123,58,0,,
Prawn,---,2010,7,10,3,2899,5753,0,0,,
Prawn,---,2010,7,11,3,4448,9399,0,0,,
Prawn,---,2010,7,12,7,4900,7718,0,0,,
Prawn,---,2010,7,13,5,6500,9937,0,0,,
Prawn,---,2010,7,14,4,6400,9046,44,0,,
Prawn,---,2010,7,15,5,2450,2849,7,0,,
Prawn,---,2010,7,17,5,1600,1391,0,0,,
Prawn,---,2010,7,18,4,2090,2868,0,0,,
Prawn,---,2010,7,19,3,5530,8548,0,0,,
Prawn,---,2010,7,20,2,550,*,*,*,,
Prawn,---,2010,7,21,3,380,803,0,0,,
Prawn,---,2010,7,22,1,50,*,*,*,,
Prawn,---,2010,7,23,1,1500,*,*,*,,
Prawn,---,2010,7,24,3,2550,5593,0,0,,
Prawn,---,2010,7,25,3,360,462,0,0,,
Prawn,---,2010,7,26,2,1460,*,*,*,,
Prawn,---,2010,7,27,4,7010,11381,21,0,,
Prawn,---,2010,7,28,4,4000,8117,524,0,,
Prawn,---,2010,7,29,1,300,*,*,*,,
Prawn,---,2010,7,30,3,1700,950,0,0,,
Prawn,---,2010,7,31,1,3000,*,*,*,,
Prawn,---,2010,7,32,1,50,*,*,*,,
Prawn,---,2010,7,Total,20,100976,176436,654,0,,
Prawn,---,2010,8,1,2,850,*,*,*,,
Prawn,---,2010,8,2,4,4270,5136,0,0,,
Prawn,---,2010,8,3,2,2750,*,*,*,,
Prawn,---,2010,8,4,9,17950,29500,0,0,,
Prawn,---,2010,8,5,5,5930,6913,0,0,,
Prawn,---,2010,8,6,2,1050,*,*,*,,
Prawn,---,2010,8,7,4,10828,13457,78,0,,
Prawn,---,2010,8,8,5,7551,10082,961,0,,
Prawn,---,2010,8,9,2,3760,*,*,*,,
Prawn,---,2010,8,10,3,1603,2313,0,0,,
Prawn,---,2010,8,11,3,1497,2464,269,0,,
Prawn,---,2010,8,12,3,5538,8688,1623,0,,
Prawn,---,2010,8,13,3,4194,7314,6,0,,
Prawn,---,2010,8,14,4,6354,7938,101,13,,
Prawn,---,2010,8,15,3,7207,14014,48,0,,
Prawn,---,2010,8,16,4,10120,14358,0,0,,
Prawn,---,2010,8,Total,14,91452,134233,4019,13,,
Prawn,---,2010,9,1,3,12600,24129,0,0,,
Prawn,---,2010,9,2,5,13950,27413,0,0,,
Prawn,---,2010,9,3,5,2950,6378,0,0,,
Prawn,---,2010,9,4,4,2500,4413,0,0,,
Prawn,---,2010,9,5,4,1200,1977,0,0,,
Prawn,---,2010,9,6,1,5200,*,*,*,,
Prawn,---,2010,9,7,2,2150,*,*,*,,
Prawn,---,2010,9,8,1,1150,*,*,*,,
Prawn,---,2010,9,9,2,3400,*,*,*,,
Prawn,---,2010,9,10,3,700,741,147,0,,
Prawn,---,2010,9,11,5,3800,6687,0,0,,
Prawn,---,2010,9,12,4,12760,23784,2,0,,
Prawn,---,2010,9,Total,10,62360,120987,453,0,,
Prawn,---,2010,10,1,2,1950,*,*,*,,
Prawn,---,2010,10,2,1,600,*,*,*,,
Prawn,---,2010,10,3,1,50,*,*,*,,
Prawn,---,2010,10,4,2,7170,*,*,*,,
Prawn,---,2010,10,5,2,2650,*,*,*,,
Prawn,---,2010,10,6,2,1600,*,*,*,,
Prawn,---,2010,10,7,2,1880,*,*,*,,
Prawn,---,2010,10,8,2,500,*,*,*,,
Prawn,---,2010,10,9,2,900,*,*,*,,
Prawn,---,2010,10,10,2,3950,*,*,*,,
Prawn,---,2010,10,12,3,9700,23607,0,0,,
Prawn,---,2010,10,Total,6,30950,55863,0,0,,
Prawn,---,2010,11,1,1,150,*,*,*,,
Prawn,---,2010,11,2,3,3885,4254,0,0,,
Prawn,---,2010,11,3,6,10650,16126,19,0,,
Prawn,---,2010,11,4,5,7549,12445,0,0,,
Prawn,---,2010,11,5,3,3200,3539,0,0,,
Prawn,---,2010,11,6,2,650,*,*,*,,
Prawn,---,2010,11,7,3,500,390,0,0,,
Prawn,---,2010,11,8,2,2650,*,*,*,,
Prawn,---,2010,11,9,1,200,*,*,*,,
Prawn,---,2010,11,10,4,3950,6448,2,0,,
Prawn,---,2010,11,Total,11,33384,48725,28,0,,
Prawn,---,2010,12,1,2,750,*,*,*,,
Prawn,---,2010,12,2,3,3200,5022,0,0,,
Prawn,---,2010,12,3,3,550,163,0,0,,
Prawn,---,2010,12,4,2,2350,*,*,*,,
Prawn,---,2010,12,6,6,20671,34104,101,0,,
Prawn,---,2010,12,7,10,2990,1669,0,0,,
Prawn,---,2010,12,8,2,250,*,*,*,,
Prawn,---,2010,12,9,1,50,*,*,*,,
Prawn,---,2010,12,11,1,450,*,*,*,,
Prawn,---,2010,12,13,2,450,*,*,*,,
Prawn,---,2010,12,16,1,50,*,*,*,,
Prawn,---,2010,12,21,1,50,*,*,*,,
Prawn,---,2010,12,22,4,9650,18985,0,0,,
Prawn,---,2010,12,23,7,31998,52403,0,6,,
Prawn,---,2010,12,24,2,750,*,*,*,,
Prawn,---,2010,12,26,17,131500,242986,8,0,,
Prawn,---,2010,12,27,12,40418,75821,8,0,,
Prawn,---,2010,12,28,6,6055,11581,0,0,,
Prawn,---,2010,12,29,5,5464,9652,75,0,,
Prawn,---,2010,12,30,4,9839,15375,0,0,,
Prawn,---,2010,12,31,3,2950,3997,17,0,,
Prawn,---,2010,12,32,2,1100,*,*,*,,
Prawn,---,2010,12,33,2,1550,*,*,*,,
Prawn,---,2010,12,34,2,700,*,*,*,,
Prawn,---,2010,12,35,14,30397,66545,37,0,,
Prawn,---,2010,12,36,2,1600,*,*,*,,
Prawn,---,2010,12,37,2,1800,*,*,*,,
Prawn,---,2010,12,38,6,7047,11321,4,0,,
Prawn,---,2010,12,39,9,13408,20907,0,0,,
Prawn,---,2010,12,40,13,29092,52691,29,0,,
Prawn,---,2010,12,41,14,45396,60564,24,0,,
Prawn,---,2010,12,42,7,28345,43576,0,0,,
Prawn,---,2010,12,43,6,7600,13376,154,0,,
Prawn,---,2010,12,44,2,200,*,*,*,,
Prawn,---,2010,12,45,3,6700,11516,204,0,,
Prawn,---,2010,12,46,2,1300,*,*,*,,
Prawn,---,2010,12,47,3,1650,3211,32,0,,
Prawn,---,2010,12,48,1,1150,*,*,*,,
Prawn,---,2010,12,Total,41,449470,777130,1335,6,,
Prawn,---,2010,13,1,14,6134,6432,0,0,,
Prawn,---,2010,13,10,2,950,*,*,*,,
Prawn,---,2010,13,12,12,38124,60369,0,0,,
Prawn,---,2010,13,13,10,11079,12834,0,0,,
Prawn,---,2010,13,14,16,15799,18997,0,0,,
Prawn,---,2010,13,15,12,16134,21522,80,0,,
Prawn,---,2010,13,16,12,22326,28485,0,0,,
Prawn,---,2010,13,17,16,26891,40665,0,0,,
Prawn,---,2010,13,18,12,11341,16402,0,0,,
Prawn,---,2010,13,19,12,15815,24268,0,0,,
Prawn,---,2010,13,20,13,11099,15727,0,0,,
Prawn,---,2010,13,21,12,24093,39501,0,0,,
Prawn,---,2010,13,22,6,18500,35697,0,0,,
Prawn,---,2010,13,23,4,5978,9561,0,0,,
Prawn,---,2010,13,24,2,5800,*,*,*,,
Prawn,---,2010,13,25,2,1708,*,*,*,,
Prawn,---,2010,13,26,3,5666,10855,0,0,,
Prawn,---,2010,13,35,4,6084,10047,2,32,,
Prawn,---,2010,13,36,4,21100,35228,0,12,,
Prawn,---,2010,13,37,1,300,*,*,*,,
Prawn,---,2010,13,40,1,50,*,*,*,,
Prawn,---,2010,13,41,4,1850,3390,2,0,,
Prawn,---,2010,13,42,8,17136,31874,4,6,,
Prawn,---,2010,13,43,7,28947,55170,4,0,,
Prawn,---,2010,13,Total,43,312904,493988,92,50,,
Prawn,---,2010,14,1,3,1250,1089,0,0,,
Prawn,---,2010,14,2,3,450,232,0,0,,
Prawn,---,2010,14,3,11,22622,29973,0,0,,
Prawn,---,2010,14,4,6,2100,1851,0,0,,
Prawn,---,2010,14,5,6,10300,10674,0,0,,
Prawn,---,2010,14,6,15,15520,21032,0,0,,
Prawn,---,2010,14,7,2,800,*,*,*,,
Prawn,---,2010,14,8,1,8500,*,*,*,,
Prawn,---,2010,14,9,5,5500,3879,0,0,,
Prawn,---,2010,14,12,9,22890,16668,0,0,,
Prawn,---,2010,14,13,25,42550,40010,0,0,,
Prawn,---,2010,14,15,1,650,*,*,*,,
Prawn,---,2010,14,Total,39,133132,144448,948,0,,
Prawn,---,2010,15,1,11,45097,57163,0,0,,
Prawn,---,2010,15,2,24,95136,156569,0,0,,
Prawn,---,2010,15,3,20,73163,113325,0,0,,
Prawn,---,2010,15,4,9,7052,10107,0,0,,
Prawn,---,2010,15,5,22,90994,132812,0,0,,
Prawn,---,2010,15,6,3,4473,7778,0,0,,
Prawn,---,2010,15,Total,46,315915,477754,0,0,,
Prawn,---,2010,16,1,12,23433,31222,0,0,,
Prawn,---,2010,16,2,10,23100,32917,0,0,,
Prawn,---,2010,16,3,1,50,*,*,*,,
Prawn,---,2010,16,4,1,50,*,*,*,,
Prawn,---,2010,16,5,3,500,278,0,0,,
Prawn,---,2010,16,6,6,8150,8604,0,0,,
Prawn,---,2010,16,7,5,3597,3820,0,0,,
Prawn,---,2010,16,8,5,800,907,0,0,,
Prawn,---,2010,16,9,2,5300,*,*,*,,
Prawn,---,2010,16,10,5,20037,31433,0,0,,
Prawn,---,2010,16,11,14,28040,28885,0,0,,
Prawn,---,2010,16,12,11,18469,20875,0,0,,
Prawn,---,2010,16,13,9,25326,22265,0,0,,
Prawn,---,2010,16,14,5,2882,2651,0,0,,
Prawn,---,2010,16,15,4,4493,4920,0,0,,
Prawn,---,2010,16,16,4,3550,6118,0,0,,
Prawn,---,2010,16,17,10,17551,22221,0,0,,
Prawn,---,2010,16,18,18,38457,60052,0,0,,
Prawn,---,2010,16,19,12,20602,32801,0,0,,
Prawn,---,2010,16,20,2,150,*,*,*,,
Prawn,---,2010,16,21,18,63727,111684,0,0,,
Prawn,---,2010,16,22,4,750,489,0,0,,
Prawn,---,2010,16,Total,41,309014,428362,0,0,,
Prawn,---,2010,17,1,3,200,24,0,0,,
Prawn,---,2010,17,2,3,299,166,0,0,,
Prawn,---,2010,17,3,4,497,305,0,0,,
Prawn,---,2010,17,4,8,11200,12152,10,0,,
Prawn,---,2010,17,5,8,13450,21522,0,6,,
Prawn,---,2010,17,6,10,30885,56659,0,0,,
Prawn,---,2010,17,9,10,11512,22756,0,0,,
Prawn,---,2010,17,10,4,2350,2743,0,0,,
Prawn,---,2010,17,11,15,17596,18012,0,0,,
Prawn,---,2010,17,12,7,8300,9320,0,0,,
Prawn,---,2010,17,13,2,100,*,*,*,,
Prawn,---,2010,17,15,3,2450,1997,0,0,,
Prawn,---,2010,17,16,3,6700,6455,0,0,,
Prawn,---,2010,17,17,5,12800,13453,222,0,,
Prawn,---,2010,17,18,2,200,*,*,*,,
Prawn,---,2010,17,Total,30,118539,165694,232,6,,
Prawn,---,2010,18,1,4,850,612,0,0,,
Prawn,---,2010,18,2,3,450,**,**,**,,
Prawn,---,2010,18,3,3,254,192,0,0,,
Prawn,---,2010,18,4,11,26028,31767,0,0,,
Prawn,---,2010,18,5,6,18665,26362,0,0,,
Prawn,---,2010,18,6,11,7407,7966,0,0,,
Prawn,---,2010,18,7,11,19789,27671,0,0,,
Prawn,---,2010,18,8,4,756,1174,0,0,,
Prawn,---,2010,18,9,3,350,247,0,0,,
Prawn,---,2010,18,10,1,50,*,*,*,,
Prawn,---,2010,18,11,4,800,1058,0,0,,
Prawn,---,2010,18,Total,17,75399,97402,0,0,,
Prawn,---,2010,19,3,4,5902,4545,0,0,,
Prawn,---,2010,19,4,4,1739,2206,0,0,,
Prawn,---,2010,19,5,13,66809,111461,0,0,,
Prawn,---,2010,19,7,7,9650,23302,0,0,,
Prawn,---,2010,19,8,10,19449,38528,0,0,,
Prawn,---,2010,19,10,1,100,*,*,*,,
Prawn,---,2010,19,11,1,300,*,*,*,,
Prawn,---,2010,19,Total,16,103949,180574,0,0,,
Prawn,---,2010,20,4,1,100,*,*,*,,
Prawn,---,2010,20,5,1,200,*,*,*,,
Prawn,---,2010,20,7,1,1600,*,*,*,,
Prawn,---,2010,20,Total,2,1900,*,*,*,,
Prawn,---,2010,23,1,5,6300,12060,0,0,,
Prawn,---,2010,23,2,7,13850,37074,0,0,,
Prawn,---,2010,23,3,11,14299,35570,0,0,,
Prawn,---,2010,23,4,12,41100,92051,0,0,,
Prawn,---,2010,23,5,9,13333,29097,0,0,,
Prawn,---,2010,23,6,10,36530,95338,0,0,,
Prawn,---,2010,23,7,8,11464,33424,0,0,,
Prawn,---,2010,23,8,3,2350,4266,0,0,,
Prawn,---,2010,23,9,1,200,*,*,*,,
Prawn,---,2010,23,10,3,300,162,0,0,,
Prawn,---,2010,23,11,1,550,*,*,*,,
Prawn,---,2010,23,Total,13,140276,339276,0,0,,
Prawn,---,2010,24,2,2,3500,*,*,*,,
Prawn,---,2010,24,3,2,3800,*,*,*,,
Prawn,---,2010,24,4,2,4750,*,*,*,,
Prawn,---,2010,24,7,1,4800,*,*,*,,
Prawn,---,2010,24,10,1,3250,*,*,*,,
Prawn,---,2010,24,12,1,50,*,*,*,,
Prawn,---,2010,24,13,2,4100,*,*,*,,
Prawn,---,2010,24,14,2,2100,*,*,*,,
Prawn,---,2010,24,Total,2,26350,*,*,*,,
Prawn,---,2010,25,1,6,13347,29945,0,0,,
Prawn,---,2010,25,2,5,6867,15486,0,0,,
Prawn,---,2010,25,3,9,14550,34804,0,0,,
Prawn,---,2010,25,4,10,17098,34135,0,0,,
Prawn,---,2010,25,5,5,6250,17164,0,0,,
Prawn,---,2010,25,6,8,33445,76889,0,0,,
Prawn,---,2010,25,7,1,1250,*,*,*,,
Prawn,---,2010,25,8,6,14250,30784,0,0,,
Prawn,---,2010,25,9,5,15100,36165,0,0,,
Prawn,---,2010,25,10,2,6200,*,*,*,,
Prawn,---,2010,25,11,2,7700,*,*,*,,
Prawn,---,2010,25,12,2,249,*,*,*,,
Prawn,---,2010,25,13,4,9150,20825,0,0,,
Prawn,---,2010,25,15,7,9250,24175,0,0,,
Prawn,---,2010,25,16,2,700,*,*,*,,
Prawn,---,2010,25,Total,13,155406,361435,0,0,,
Prawn,---,2010,26,1,1,150,*,*,*,,
Prawn,---,2010,26,2,3,10150,27228,0,0,,
Prawn,---,2010,26,3,3,2700,7067,0,0,,
Prawn,---,2010,26,4,3,9250,22683,0,0,,
Prawn,---,2010,26,5,3,11400,33224,0,0,,
Prawn,---,2010,26,7,2,1850,*,*,*,,
Prawn,---,2010,26,9,2,3300,*,*,*,,
Prawn,---,2010,26,Total,3,38800,107593,0,0,,
Prawn,---,2010,27,2,1,3400,*,*,*,,
Prawn,---,2010,27,7,6,22062,28345,0,1,,
Prawn,---,2010,27,8,6,21897,36634,0,0,,
Prawn,---,2010,27,10,2,6665,*,*,*,,
Prawn,---,2010,27,11,4,37500,78051,0,0,,
Prawn,---,2010,27,Total,7,91524,162449,0,1,,
Prawn,---,2010,28,1,11,13700,23320,0,0,,
Prawn,---,2010,28,2,12,22457,45698,0,0,,
Prawn,---,2010,28,3,10,10150,17695,0,0,,
Prawn,---,2010,28,4,11,8896,19262,0,0,,
Prawn,---,2010,28,5,4,1800,4036,0,0,,
Prawn,---,2010,28,6,2,100,*,*,*,,
Prawn,---,2010,28,7,2,985,*,*,*,,
Prawn,---,2010,28,9,2,246,*,*,*,,
Prawn,---,2010,28,12,4,3950,3310,0,0,,
Prawn,---,2010,28,13,2,750,*,*,*,,
Prawn,---,2010,28,Total,14,63034,114856,0,0,,
Prawn,---,2010,29,1,9,5284,6364,0,0,,
Prawn,---,2010,29,2,13,19950,21988,0,0,,
Prawn,---,2010,29,3,11,15144,13849,0,0,,
Prawn,---,2010,29,4,1,50,*,*,*,,
Prawn,---,2010,29,5,3,900,**,**,**,,
Prawn,---,2010,29,Total,20,41328,42676,0,0,,
Prawn,---,2010,105,2,2,10400,*,*,*,,
Prawn,---,2010,105,Total,2,10400,*,*,*,,
Prawn,---,2010,106,1,1,4050,*,*,*,,
Prawn,---,2010,106,Total,1,4050,*,*,*,,
Prawn,---,2010,107,1,1,1600,*,*,*,,
Prawn,---,2010,107,2,4,11740,18887,0,0,,
Prawn,---,2010,107,3,3,5750,**,**,**,,
Prawn,---,2010,107,Total,4,19090,30094,0,0,,
Prawn,---,2010,111,0,1,100,*,*,*,,
Prawn,---,2010,111,Total,1,100,*,*,*,,
Prawn,---,2010,121,3,1,50,*,*,*,,
Prawn,---,2010,121,Total,1,50,*,*,*,,
Prawn,---,2010,123,3,2,450,*,*,*,,
Prawn,---,2010,123,9,1,2100,*,*,*,,
Prawn,---,2010,123,Total,3,2550,4796,0,0,,
Prawn,---,2011,2,3,4,5760,10316,2,0,,
Prawn,---,2011,2,4,4,19980,35587,285,0,,
Prawn,---,2011,2,5,4,1110,1791,45,0,,
Prawn,---,2011,2,6,3,7902,13545,0,0,,
Prawn,---,2011,2,7,2,105,*,*,*,,
Prawn,---,2011,2,8,3,9107,13184,0,0,,
Prawn,---,2011,2,9,3,4530,6790,0,0,,
Prawn,---,2011,2,10,4,11147,18548,13,0,,
Prawn,---,2011,2,11,4,2369,3972,0,0,,
Prawn,---,2011,2,12,4,850,413,0,0,,
Prawn,---,2011,2,13,3,600,760,0,0,,
Prawn,---,2011,2,42,1,150,*,*,*,,
Prawn,---,2011,2,43,1,550,*,*,*,,
Prawn,---,2011,2,45,1,50,*,*,*,,
Prawn,---,2011,2,46,1,1000,*,*,*,,
Prawn,---,2011,2,47,1,50,*,*,*,,
Prawn,---,2011,2,51,1,50,*,*,*,,
Prawn,---,2011,2,53,1,150,*,*,*,,
Prawn,---,2011,2,54,1,48,*,*,*,,
Prawn,---,2011,2,55,1,150,*,*,*,,
Prawn,---,2011,2,57,1,100,*,*,*,,
Prawn,---,2011,2,58,1,50,*,*,*,,
Prawn,---,2011,2,59,1,100,*,*,*,,
Prawn,---,2011,2,60,1,448,*,*,*,,
Prawn,---,2011,2,64,1,1800,*,*,*,,
Prawn,---,2011,2,66,1,500,*,*,*,,
Prawn,---,2011,2,68,2,1391,*,*,*,,
Prawn,---,2011,2,89,1,120,*,*,*,,
Prawn,---,2011,2,90,1,1500,*,*,*,,
Prawn,---,2011,2,91,1,780,*,*,*,,
Prawn,---,2011,2,Total,8,72447,130639,544,0,,
Prawn,---,2011,3,1,1,550,*,*,*,,
Prawn,---,2011,3,2,1,50,*,*,*,,
Prawn,---,2011,3,3,2,800,*,*,*,,
Prawn,---,2011,3,4,1,300,*,*,*,,
Prawn,---,2011,3,6,2,9000,*,*,*,,
Prawn,---,2011,3,7,2,500,*,*,*,,
Prawn,---,2011,3,8,1,200,*,*,*,,
Prawn,---,2011,3,10,1,1450,*,*,*,,
Prawn,---,2011,3,11,2,4445,*,*,*,,
Prawn,---,2011,3,12,1,250,*,*,*,,
Prawn,---,2011,3,14,1,1400,*,*,*,,
Prawn,---,2011,3,15,1,600,*,*,*,,
Prawn,---,2011,3,Total,5,19545,29532,1013,0,,
Prawn,---,2011,4,5,3,5300,8909,0,0,,
Prawn,---,2011,4,9,5,11130,14546,439,88,,
Prawn,---,2011,4,10,5,76900,11,35377,0,,
Prawn,---,2011,4,11,3,12780,0,6430,0,,
Prawn,---,2011,4,12,3,13020,14658,751,32,,
Prawn,---,2011,4,Total,7,119130,38124,42997,120,,
Prawn,---,2011,5,1,4,6559,8273,1468,18,,
Prawn,---,2011,5,2,2,3490,*,*,*,,
Prawn,---,2011,5,9,1,900,*,*,*,,
Prawn,---,2011,5,13,1,50,*,*,*,,
Prawn,---,2011,5,15,1,100,*,*,*,,
Prawn,---,2011,5,16,2,2950,*,*,*,,
Prawn,---,2011,5,18,2,250,*,*,*,,
Prawn,---,2011,5,19,1,100,*,*,*,,
Prawn,---,2011,5,23,3,12076,17955,1791,0,,
Prawn,---,2011,5,24,2,1825,*,*,*,,
Prawn,---,2011,5,Total,6,28300,39545,3363,18,,
Prawn,---,2011,6,1,3,14250,16319,598,0,,
Prawn,---,2011,6,2,2,1950,*,*,*,,
Prawn,---,2011,6,3,3,3300,2413,0,0,,
Prawn,---,2011,6,4,3,12600,16771,466,0,,
Prawn,---,2011,6,5,4,5175,7867,327,0,,
Prawn,---,2011,6,6,3,2450,2087,0,0,,
Prawn,---,2011,6,7,1,300,*,*,*,,
Prawn,---,2011,6,9,1,250,*,*,*,,
Prawn,---,2011,6,10,1,350,*,*,*,,
Prawn,---,2011,6,12,5,5848,10289,0,0,,
Prawn,---,2011,6,14,2,1649,*,*,*,,
Prawn,---,2011,6,15,1,50,*,*,*,,
Prawn,---,2011,6,16,6,3050,5350,0,0,,
Prawn,---,2011,6,17,1,1150,*,*,*,,
Prawn,---,2011,6,18,2,2100,*,*,*,,
Prawn,---,2011,6,19,7,22350,43064,0,0,,
Prawn,---,2011,6,20,4,2320,1107,0,0,,
Prawn,---,2011,6,21,2,1350,*,*,*,,
Prawn,---,2011,6,22,1,1400,*,*,*,,
Prawn,---,2011,6,23,1,3530,*,*,*,,
Prawn,---,2011,6,24,1,360,*,*,*,,
Prawn,---,2011,6,25,7,14690,35591,0,0,,
Prawn,---,2011,6,26,1,497,*,*,*,,
Prawn,---,2011,6,Total,15,100969,166566,1450,0,,
Prawn,---,2011,7,1,7,11400,31671,2,0,,
Prawn,---,2011,7,2,5,3000,6973,0,0,,
Prawn,---,2011,7,3,7,11047,21280,0,0,,
Prawn,---,2011,7,4,6,5496,11000,0,0,,
Prawn,---,2011,7,5,6,2438,3630,0,0,,
Prawn,---,2011,7,6,5,2000,2343,0,0,,
Prawn,---,2011,7,7,3,900,895,0,0,,
Prawn,---,2011,7,9,11,22214,45751,19,25,,
Prawn,---,2011,7,10,4,1951,4126,0,0,,
Prawn,---,2011,7,11,2,4350,*,*,*,,
Prawn,---,2011,7,12,8,3650,4284,0,0,,
Prawn,---,2011,7,13,6,5850,6732,0,0,,
Prawn,---,2011,7,14,9,13450,25604,450,0,,
Prawn,---,2011,7,15,4,4100,4736,16,0,,
Prawn,---,2011,7,16,2,3843,*,*,*,,
Prawn,---,2011,7,17,4,599,626,0,0,,
Prawn,---,2011,7,18,5,6599,10995,50,0,,
Prawn,---,2011,7,19,4,9501,28643,2,0,,
Prawn,---,2011,7,20,2,250,*,*,*,,
Prawn,---,2011,7,21,1,1150,*,*,*,,
Prawn,---,2011,7,23,2,2300,*,*,*,,
Prawn,---,2011,7,24,3,2300,3303,0,0,,
Prawn,---,2011,7,25,4,5350,7338,28,0,,
Prawn,---,2011,7,26,4,1500,2441,2,0,,
Prawn,---,2011,7,27,5,6650,13806,143,0,,
Prawn,---,2011,7,28,4,7600,15957,37,0,,
Prawn,---,2011,7,29,3,900,460,0,0,,
Prawn,---,2011,7,30,3,350,120,0,0,,
Prawn,---,2011,7,31,4,5700,16216,0,0,,
Prawn,---,2011,7,32,1,50,*,*,*,,
Prawn,---,2011,7,Total,28,146488,295344,749,25,,
Prawn,---,2011,8,2,4,3050,3757,0,0,,
Prawn,---,2011,8,3,1,1000,*,*,*,,
Prawn,---,2011,8,4,9,13340,20940,0,0,,
Prawn,---,2011,8,5,5,1380,1909,0,0,,
Prawn,---,2011,8,6,2,1173,*,*,*,,
Prawn,---,2011,8,7,9,11228,17670,236,0,,
Prawn,---,2011,8,8,4,7910,14476,1152,0,,
Prawn,---,2011,8,9,2,2650,*,*,*,,
Prawn,---,2011,8,10,6,3030,4050,314,0,,
Prawn,---,2011,8,11,4,1850,2166,232,0,,
Prawn,---,2011,8,12,4,5950,8781,1288,0,,
Prawn,---,2011,8,13,8,12549,23214,18,0,,
Prawn,---,2011,8,14,7,10302,15947,975,0,,
Prawn,---,2011,8,15,5,8590,12645,236,6,,
Prawn,---,2011,8,16,4,7900,9599,0,0,,
Prawn,---,2011,8,Total,20,91902,143266,5507,6,,
Prawn,---,2011,9,1,7,9922,15711,0,0,,
Prawn,---,2011,9,2,6,12747,25793,18,0,,
Prawn,---,2011,9,3,3,3600,7295,7,0,,
Prawn,---,2011,9,4,3,6100,13368,0,0,,
Prawn,---,2011,9,5,2,1400,*,*,*,,
Prawn,---,2011,9,6,2,4600,*,*,*,,
Prawn,---,2011,9,7,2,2800,*,*,*,,
Prawn,---,2011,9,8,2,2200,*,*,*,,
Prawn,---,2011,9,9,2,4250,*,*,*,,
Prawn,---,2011,9,10,1,50,*,*,*,,
Prawn,---,2011,9,11,6,8591,16554,0,0,,
Prawn,---,2011,9,12,6,20900,30986,0,0,,
Prawn,---,2011,9,Total,9,77160,139309,25,0,,
Prawn,---,2011,10,1,1,2650,*,*,*,,
Prawn,---,2011,10,2,1,1500,*,*,*,,
Prawn,---,2011,10,3,3,1900,1970,0,0,,
Prawn,---,2011,10,4,5,10150,14116,0,0,,
Prawn,---,2011,10,5,5,3050,3998,0,0,,
Prawn,---,2011,10,6,3,6756,11131,0,0,,
Prawn,---,2011,10,7,3,2790,4616,0,0,,
Prawn,---,2011,10,8,2,1410,*,*,*,,
Prawn,---,2011,10,9,1,1800,*,*,*,,
Prawn,---,2011,10,10,1,2850,*,*,*,,
Prawn,---,2011,10,12,3,17950,41200,0,0,,
Prawn,---,2011,10,Total,5,52806,90743,0,0,,
Prawn,---,2011,11,1,1,200,*,*,*,,
Prawn,---,2011,11,2,4,1600,1807,0,0,,
Prawn,---,2011,11,3,6,15650,34190,24,0,,
Prawn,---,2011,11,4,5,10800,19314,0,0,,
Prawn,---,2011,11,5,4,4600,7122,22,0,,
Prawn,---,2011,11,6,1,200,*,*,*,,
Prawn,---,2011,11,7,1,100,*,*,*,,
Prawn,---,2011,11,8,4,6650,14647,22,0,,
Prawn,---,2011,11,9,2,100,*,*,*,,
Prawn,---,2011,11,10,2,2550,*,*,*,,
Prawn,---,2011,11,Total,11,42450,83275,102,0,,
Prawn,---,2011,12,1,2,200,*,*,*,,
Prawn,---,2011,12,2,4,6600,8771,0,0,,
Prawn,---,2011,12,3,1,50,*,*,*,,
Prawn,---,2011,12,4,3,1500,2463,0,0,,
Prawn,---,2011,12,5,1,50,*,*,*,,
Prawn,---,2011,12,6,7,18710,37193,0,0,,
Prawn,---,2011,12,7,8,1250,506,0,0,,
Prawn,---,2011,12,11,1,50,*,*,*,,
Prawn,---,2011,12,13,4,900,229,0,0,,
Prawn,---,2011,12,18,3,200,270,0,0,,
Prawn,---,2011,12,22,6,12900,27496,0,0,,
Prawn,---,2011,12,23,5,49200,87866,0,0,,
Prawn,---,2011,12,24,2,650,*,*,*,,
Prawn,---,2011,12,26,17,141850,227337,11,278,,
Prawn,---,2011,12,27,8,30350,64549,0,0,,
Prawn,---,2011,12,28,5,2800,4706,0,0,,
Prawn,---,2011,12,29,4,2800,4862,0,0,,
Prawn,---,2011,12,30,2,5500,*,*,*,,
Prawn,---,2011,12,31,2,2400,*,*,*,,
Prawn,---,2011,12,32,3,1200,1613,0,0,,
Prawn,---,2011,12,33,3,1650,2232,0,0,,
Prawn,---,2011,12,34,1,1500,*,*,*,,
Prawn,---,2011,12,35,15,46104,77905,267,4,,
Prawn,---,2011,12,36,3,1000,1498,26,0,,
Prawn,---,2011,12,37,5,3950,6412,485,0,,
Prawn,---,2011,12,38,9,14886,20029,0,0,,
Prawn,---,2011,12,39,17,51147,71078,4,20,,
Prawn,---,2011,12,40,17,40851,71654,46,4,,
Prawn,---,2011,12,41,16,42425,61765,6,0,,
Prawn,---,2011,12,42,6,28895,42459,0,0,,
Prawn,---,2011,12,43,11,16041,25500,168,4,,
Prawn,---,2011,12,44,3,400,523,0,0,,
Prawn,---,2011,12,45,9,15910,28230,620,16,,
Prawn,---,2011,12,46,4,1550,3387,54,0,,
Prawn,---,2011,12,47,8,4750,8326,142,0,,
Prawn,---,2011,12,48,5,4350,6381,154,8,,
Prawn,---,2011,12,Total,45,554569,910971,1983,334,,
Prawn,---,2011,13,1,6,1300,1052,0,0,,
Prawn,---,2011,13,12,11,43606,66367,0,0,,
Prawn,---,2011,13,13,9,7399,5169,0,0,,
Prawn,---,2011,13,14,14,5792,5255,0,0,,
Prawn,---,2011,13,15,9,12550,17277,20,0,,
Prawn,---,2011,13,16,12,19656,20307,0,0,,
Prawn,---,2011,13,17,15,34312,43092,0,0,,
Prawn,---,2011,13,18,11,7180,8577,0,0,,
Prawn,---,2011,13,19,9,18205,24254,0,0,,
Prawn,---,2011,13,20,8,11282,16594,0,0,,
Prawn,---,2011,13,21,8,23927,43511,0,0,,
Prawn,---,2011,13,22,3,15750,28891,0,0,,
Prawn,---,2011,13,23,9,11719,18872,0,0,,
Prawn,---,2011,13,24,3,5170,14244,0,0,,
Prawn,---,2011,13,25,3,2877,7214,0,0,,
Prawn,---,2011,13,26,6,6568,10175,0,0,,
Prawn,---,2011,13,32,1,52,*,*,*,,
Prawn,---,2011,13,35,4,6350,13145,0,0,,
Prawn,---,2011,13,36,3,16550,35588,0,0,,
Prawn,---,2011,13,37,2,500,*,*,*,,
Prawn,---,2011,13,39,1,50,*,*,*,,
Prawn,---,2011,13,40,3,1863,2529,0,0,,
Prawn,---,2011,13,41,4,3840,9308,0,0,,
Prawn,---,2011,13,42,7,29010,71137,0,0,,
Prawn,---,2011,13,43,7,37001,77092,0,0,,
Prawn,---,2011,13,Total,38,322509,540639,20,0,,
Prawn,---,2011,14,1,1,50,*,*,*,,
Prawn,---,2011,14,2,3,450,717,0,0,,
Prawn,---,2011,14,3,8,8834,14699,0,0,,
Prawn,---,2011,14,4,5,620,601,0,0,,
Prawn,---,2011,14,5,7,2580,1115,0,0,,
Prawn,---,2011,14,6,16,11300,12701,0,0,,
Prawn,---,2011,14,7,1,100,*,*,*,,
Prawn,---,2011,14,8,3,6295,7572,388,3,,
Prawn,---,2011,14,9,3,710,306,0,0,,
Prawn,---,2011,14,10,1,100,*,*,*,,
Prawn,---,2011,14,11,2,250,*,*,*,,
Prawn,---,2011,14,12,9,8140,3504,0,0,,
Prawn,---,2011,14,13,12,22790,20924,0,0,,
Prawn,---,2011,14,15,2,1050,*,*,*,,
Prawn,---,2011,14,Total,25,63269,63840,404,3,,
Prawn,---,2011,15,1,10,41329,45212,0,0,,
Prawn,---,2011,15,2,19,61399,68008,0,0,,
Prawn,---,2011,15,3,16,71818,102982,0,0,,
Prawn,---,2011,15,4,11,7598,**,**,**,,
Prawn,---,2011,15,5,24,152318,162798,0,0,,
Prawn,---,2011,15,6,2,5013,*,*,*,,
Prawn,---,2011,15,Total,39,339475,398276,0,0,,
Prawn,---,2011,16,1,13,32951,39410,0,0,,
Prawn,---,2011,16,2,7,7600,9817,0,0,,
Prawn,---,2011,16,4,1,50,*,*,*,,
Prawn,---,2011,16,5,3,1300,1770,0,0,,
Prawn,---,2011,16,6,5,9000,15641,0,0,,
Prawn,---,2011,16,7,4,4750,9175,0,0,,
Prawn,---,2011,16,8,4,600,940,0,0,,
Prawn,---,2011,16,9,7,5094,8901,0,0,,
Prawn,---,2011,16,10,10,25497,41364,0,0,,
Prawn,---,2011,16,11,12,29980,38223,0,0,,
Prawn,---,2011,16,12,7,26900,32397,0,0,,
Prawn,---,2011,16,13,7,20400,25360,0,0,,
Prawn,---,2011,16,14,2,2050,*,*,*,,
Prawn,---,2011,16,15,2,5600,*,*,*,,
Prawn,---,2011,16,16,5,7634,12515,0,0,,
Prawn,---,2011,16,17,6,14150,20951,0,0,,
Prawn,---,2011,16,18,15,50130,78727,0,0,,
Prawn,---,2011,16,19,9,12004,16795,0,0,,
Prawn,---,2011,16,21,14,32236,43607,0,0,,
Prawn,---,2011,16,22,5,1400,959,0,0,,
Prawn,---,2011,16,Total,35,289326,411032,0,0,,
Prawn,---,2011,17,2,3,300,506,0,0,,
Prawn,---,2011,17,3,1,250,*,*,*,,
Prawn,---,2011,17,4,9,11470,20369,0,0,,
Prawn,---,2011,17,5,9,47667,88967,0,0,,
Prawn,---,2011,17,6,12,76764,159740,0,0,,
Prawn,---,2011,17,7,1,100,*,*,*,,
Prawn,---,2011,17,9,10,26491,53051,0,0,,
Prawn,---,2011,17,10,5,4250,6409,0,0,,
Prawn,---,2011,17,11,14,20949,31680,0,0,,
Prawn,---,2011,17,12,7,19648,26382,0,0,,
Prawn,---,2011,17,13,3,750,489,0,0,,
Prawn,---,2011,17,15,3,1100,1295,0,0,,
Prawn,---,2011,17,16,2,3600,*,*,*,,
Prawn,---,2011,17,17,8,10648,18398,0,0,,
Prawn,---,2011,17,18,4,400,468,0,0,,
Prawn,---,2011,17,Total,29,224387,414650,0,0,,
Prawn,---,2011,18,1,1,1148,*,*,*,,
Prawn,---,2011,18,2,2,200,*,*,*,,
Prawn,---,2011,18,3,1,50,*,*,*,,
Prawn,---,2011,18,4,8,25750,49364,0,0,,
Prawn,---,2011,18,5,4,14238,29699,0,21,,
Prawn,---,2011,18,6,10,22342,36317,0,0,,
Prawn,---,2011,18,7,9,20456,29256,4,0,,
Prawn,---,2011,18,8,5,1999,3456,0,0,,
Prawn,---,2011,18,9,1,100,*,*,*,,
Prawn,---,2011,18,Total,14,86283,149294,4,21,,
Prawn,---,2011,19,3,3,24000,49079,0,0,,
Prawn,---,2011,19,4,4,20220,45714,0,0,,
Prawn,---,2011,19,5,5,55467,137470,0,0,,
Prawn,---,2011,19,7,4,12952,34683,0,0,,
Prawn,---,2011,19,8,8,23419,64396,0,0,,
Prawn,---,2011,19,9,1,50,*,*,*,,
Prawn,---,2011,19,10,3,400,**,**,**,,
Prawn,---,2011,19,11,3,445,840,0,0,,
Prawn,---,2011,19,Total,14,136953,333143,0,0,,
Prawn,---,2011,23,1,5,7200,17895,0,0,,
Prawn,---,2011,23,2,10,22492,59010,0,0,,
Prawn,---,2011,23,3,13,21399,44130,0,0,,
Prawn,---,2011,23,4,13,55150,105788,0,0,,
Prawn,---,2011,23,5,11,20000,43685,0,0,,
Prawn,---,2011,23,6,12,58400,151528,0,0,,
Prawn,---,2011,23,7,7,7400,15246,0,0,,
Prawn,---,2011,23,8,3,4500,8717,0,0,,
Prawn,---,2011,23,10,2,4200,*,*,*,,
Prawn,---,2011,23,11,2,700,*,*,*,,
Prawn,---,2011,23,Total,14,201441,454782,0,0,,
Prawn,---,2011,24,2,3,5200,13439,0,0,,
Prawn,---,2011,24,3,4,4500,11817,0,0,,
Prawn,---,2011,24,4,3,3850,9685,0,0,,
Prawn,---,2011,24,5,1,1350,*,*,*,,
Prawn,---,2011,24,6,1,50,*,*,*,,
Prawn,---,2011,24,7,2,5850,*,*,*,,
Prawn,---,2011,24,9,1,50,*,*,*,,
Prawn,---,2011,24,10,2,3300,*,*,*,,
Prawn,---,2011,24,12,2,800,*,*,*,,
Prawn,---,2011,24,13,4,4249,13735,0,0,,
Prawn,---,2011,24,14,4,5375,17220,0,0,,
Prawn,---,2011,24,Total,4,34574,95731,0,0,,
Prawn,---,2011,25,1,4,18748,42139,0,0,,
Prawn,---,2011,25,2,7,14100,29691,0,0,,
Prawn,---,2011,25,3,11,25550,53884,0,0,,
Prawn,---,2011,25,4,16,25690,59391,0,0,,
Prawn,---,2011,25,5,5,10200,26406,0,0,,
Prawn,---,2011,25,6,15,62496,135426,0,0,,
Prawn,---,2011,25,7,3,300,**,**,**,,
Prawn,---,2011,25,8,10,20785,42884,0,0,,
Prawn,---,2011,25,9,6,31945,58804,0,0,,
Prawn,---,2011,25,10,3,12310,19942,0,0,,
Prawn,---,2011,25,11,4,11165,20587,0,0,,
Prawn,---,2011,25,12,2,1200,*,*,*,,
Prawn,---,2011,25,13,6,15547,27394,0,0,,
Prawn,---,2011,25,15,10,10700,23030,0,0,,
Prawn,---,2011,25,16,4,800,1334,0,0,,
Prawn,---,2011,25,Total,18,261536,543439,0,0,,
Prawn,---,2011,26,1,1,50,*,*,*,,
Prawn,---,2011,26,2,6,13416,29807,0,0,,
Prawn,---,2011,26,3,4,4454,9290,0,0,,
Prawn,---,2011,26,4,5,10151,23944,0,0,,
Prawn,---,2011,26,5,5,11626,25960,2,0,,
Prawn,---,2011,26,6,2,100,*,*,*,,
Prawn,---,2011,26,7,3,4350,10660,0,0,,
Prawn,---,2011,26,9,3,7000,17894,0,0,,
Prawn,---,2011,26,10,2,200,*,*,*,,
Prawn,---,2011,26,Total,6,51347,117927,2,0,,
Prawn,---,2011,27,2,2,3600,*,*,*,,
Prawn,---,2011,27,4,1,100,*,*,*,,
Prawn,---,2011,27,6,1,50,*,*,*,,
Prawn,---,2011,27,7,7,21596,27001,0,0,,
Prawn,---,2011,27,8,7,21844,42138,0,0,,
Prawn,---,2011,27,9,2,100,*,*,*,,
Prawn,---,2011,27,10,2,13580,*,*,*,,
Prawn,---,2011,27,11,4,46596,83804,0,2,,
Prawn,---,2011,27,Total,9,107466,182441,0,2,,
Prawn,---,2011,28,1,13,23290,48304,0,0,,
Prawn,---,2011,28,2,16,51892,117730,0,0,,
Prawn,---,2011,28,3,13,20140,48416,0,0,,
Prawn,---,2011,28,4,13,10750,23511,0,0,,
Prawn,---,2011,28,5,7,9800,22748,0,0,,
Prawn,---,2011,28,6,2,100,*,*,*,,
Prawn,---,2011,28,7,1,150,*,*,*,,
Prawn,---,2011,28,9,1,400,*,*,*,,
Prawn,---,2011,28,12,2,1550,*,*,*,,
Prawn,---,2011,28,13,2,400,*,*,*,,
Prawn,---,2011,28,Total,18,118472,263671,0,0,,
Prawn,---,2011,29,1,7,5800,5207,0,0,,
Prawn,---,2011,29,2,13,33810,44386,0,0,,
Prawn,---,2011,29,3,15,26566,30308,0,0,,
Prawn,---,2011,29,4,2,1100,*,*,*,,
Prawn,---,2011,29,5,6,1900,1483,0,0,,
Prawn,---,2011,29,10,1,50,*,*,*,,
Prawn,---,2011,29,Total,22,69226,83351,0,0,,
Prawn,---,2011,101,4,1,1750,*,*,*,,
Prawn,---,2011,101,5,1,1900,*,*,*,,
Prawn,---,2011,101,6,1,200,*,*,*,,
Prawn,---,2011,101,10,1,300,*,*,*,,
Prawn,---,2011,101,Total,1,4150,*,*,*,,
Prawn,---,2011,105,2,1,2150,*,*,*,,
Prawn,---,2011,105,Total,1,2150,*,*,*,,
Prawn,---,2011,106,2,1,50,*,*,*,,
Prawn,---,2011,106,Total,1,50,*,*,*,,
Prawn,---,2011,107,1,3,2450,6994,0,0,,
Prawn,---,2011,107,2,5,8350,23299,0,0,,
Prawn,---,2011,107,3,3,4950,9182,0,0,,
Prawn,---,2011,107,Total,7,15750,39475,0,0,,
Prawn,---,2011,109,0,1,50,*,*,*,,
Prawn,---,2011,109,Total,1,50,*,*,*,,
Prawn,---,2011,110,0,2,4500,*,*,*,,
Prawn,---,2011,110,Total,2,4500,*,*,*,,
Prawn,---,2011,126,1,1,150,*,*,*,,
Prawn,---,2011,126,Total,1,150,*,*,*,,
Prawn,---,2012,2,3,2,1280,*,*,*,,
Prawn,---,2012,2,4,3,7021,11701,0,0,,
Prawn,---,2012,2,5,2,220,*,*,*,,
Prawn,---,2012,2,6,4,4499,5719,18,0,,
Prawn,---,2012,2,7,1,50,*,*,*,,
Prawn,---,2012,2,8,5,8750,14948,0,0,,
Prawn,---,2012,2,9,2,3200,*,*,*,,
Prawn,---,2012,2,10,3,6630,10130,21,0,,
Prawn,---,2012,2,11,3,1681,2070,0,0,,
Prawn,---,2012,2,12,1,100,*,*,*,,
Prawn,---,2012,2,13,3,600,310,0,0,,
Prawn,---,2012,2,42,1,550,*,*,*,,
Prawn,---,2012,2,43,1,800,*,*,*,,
Prawn,---,2012,2,45,1,300,*,*,*,,
Prawn,---,2012,2,46,1,1050,*,*,*,,
Prawn,---,2012,2,47,1,900,*,*,*,,
Prawn,---,2012,2,64,2,1400,*,*,*,,
Prawn,---,2012,2,65,2,949,*,*,*,,
Prawn,---,2012,2,66,2,549,*,*,*,,
Prawn,---,2012,2,68,2,1401,*,*,*,,
Prawn,---,2012,2,69,1,49,*,*,*,,
Prawn,---,2012,2,70,1,101,*,*,*,,
Prawn,---,2012,2,89,1,180,*,*,*,,
Prawn,---,2012,2,90,1,1620,*,*,*,,
Prawn,---,2012,2,91,1,900,*,*,*,,
Prawn,---,2012,2,Total,8,44780,80939,362,0,,
Prawn,---,2012,3,1,1,550,*,*,*,,
Prawn,---,2012,3,2,1,50,*,*,*,,
Prawn,---,2012,3,3,2,500,*,*,*,,
Prawn,---,2012,3,4,1,350,*,*,*,,
Prawn,---,2012,3,6,2,14100,*,*,*,,
Prawn,---,2012,3,7,2,1150,*,*,*,,
Prawn,---,2012,3,8,2,350,*,*,*,,
Prawn,---,2012,3,9,2,700,*,*,*,,
Prawn,---,2012,3,10,2,2750,*,*,*,,
Prawn,---,2012,3,11,3,2900,4225,447,0,,
Prawn,---,2012,3,13,1,800,*,*,*,,
Prawn,---,2012,3,15,1,2800,*,*,*,,
Prawn,---,2012,3,Total,4,27000,48724,1710,0,,
Prawn,---,2012,4,1,1,50,*,*,*,,
Prawn,---,2012,4,5,2,4200,*,*,*,,
Prawn,---,2012,4,9,4,3350,3662,182,0,,
Prawn,---,2012,4,10,4,53800,0,23167,0,,
Prawn,---,2012,4,11,2,7850,*,*,*,,
Prawn,---,2012,4,12,3,2000,2307,87,0,,
Prawn,---,2012,4,Total,7,71250,13904,26455,0,,
Prawn,---,2012,5,1,3,2600,2710,222,0,,
Prawn,---,2012,5,2,2,1250,*,*,*,,
Prawn,---,2012,5,3,1,50,*,*,*,,
Prawn,---,2012,5,9,2,5100,*,*,*,,
Prawn,---,2012,5,14,1,100,*,*,*,,
Prawn,---,2012,5,15,2,450,*,*,*,,
Prawn,---,2012,5,16,2,4250,*,*,*,,
Prawn,---,2012,5,17,1,50,*,*,*,,
Prawn,---,2012,5,18,1,650,*,*,*,,
Prawn,---,2012,5,19,1,1050,*,*,*,,
Prawn,---,2012,5,23,3,21503,32041,1255,0,,
Prawn,---,2012,5,24,2,2350,*,*,*,,
Prawn,---,2012,5,Total,6,39403,55569,1499,0,,
Prawn,---,2012,6,1,4,21400,28419,1455,0,,
Prawn,---,2012,6,2,2,750,*,*,*,,
Prawn,---,2012,6,3,3,2208,1595,0,0,,
Prawn,---,2012,6,4,3,13400,19195,929,0,,
Prawn,---,2012,6,5,4,3900,6237,80,0,,
Prawn,---,2012,6,6,3,329,354,0,0,,
Prawn,---,2012,6,7,2,550,*,*,*,,
Prawn,---,2012,6,12,4,6200,7269,2,0,,
Prawn,---,2012,6,14,1,350,*,*,*,,
Prawn,---,2012,6,15,1,100,*,*,*,,
Prawn,---,2012,6,16,4,3421,4394,2,0,,
Prawn,---,2012,6,17,2,3300,*,*,*,,
Prawn,---,2012,6,18,4,2000,2432,0,0,,
Prawn,---,2012,6,19,8,19328,25546,4,0,,
Prawn,---,2012,6,20,4,1650,1198,2,0,,
Prawn,---,2012,6,21,1,450,*,*,*,,
Prawn,---,2012,6,22,1,550,*,*,*,,
Prawn,---,2012,6,23,2,2333,*,*,*,,
Prawn,---,2012,6,24,2,315,*,*,*,,
Prawn,---,2012,6,25,5,10366,19183,60,0,,
Prawn,---,2012,6,28,2,1100,*,*,*,,
Prawn,---,2012,6,Total,19,94000,129137,2574,8,,
Prawn,---,2012,7,1,3,5900,14115,0,0,,
Prawn,---,2012,7,2,4,2150,3741,0,0,,
Prawn,---,2012,7,3,5,5644,10994,0,0,,
Prawn,---,2012,7,4,7,3170,4997,0,0,,
Prawn,---,2012,7,5,3,1797,2902,0,0,,
Prawn,---,2012,7,6,4,2858,3588,0,0,,
Prawn,---,2012,7,7,3,1562,1453,2,0,,
Prawn,---,2012,7,9,8,22230,45384,0,0,,
Prawn,---,2012,7,10,5,6537,9166,0,0,,
Prawn,---,2012,7,11,3,3455,6566,0,0,,
Prawn,---,2012,7,12,9,2850,2651,0,0,,
Prawn,---,2012,7,13,6,1775,1521,0,0,,
Prawn,---,2012,7,14,7,9900,13412,118,0,,
Prawn,---,2012,7,15,5,6200,8344,0,0,,
Prawn,---,2012,7,16,3,3900,5754,51,0,,
Prawn,---,2012,7,17,2,500,*,*,*,,
Prawn,---,2012,7,18,3,2350,5906,18,0,,
Prawn,---,2012,7,19,3,5250,16260,17,0,,
Prawn,---,2012,7,20,2,150,*,*,*,,
Prawn,---,2012,7,21,2,950,*,*,*,,
Prawn,---,2012,7,23,1,2200,*,*,*,,
Prawn,---,2012,7,24,2,1950,*,*,*,,
Prawn,---,2012,7,25,2,2500,*,*,*,,
Prawn,---,2012,7,26,3,1100,2391,21,0,,
Prawn,---,2012,7,27,4,5598,11244,159,0,,
Prawn,---,2012,7,28,4,3699,7866,95,0,,
Prawn,---,2012,7,29,3,418,166,0,0,,
Prawn,---,2012,7,30,2,250,*,*,*,,
Prawn,---,2012,7,31,3,5200,11172,0,0,,
Prawn,---,2012,7,32,1,200,*,*,*,,
Prawn,---,2012,7,Total,24,112243,207168,555,0,,
Prawn,---,2012,8,1,1,50,*,*,*,,
Prawn,---,2012,8,2,5,2650,3999,20,0,,
Prawn,---,2012,8,3,8,1580,1832,0,0,,
Prawn,---,2012,8,4,15,14720,17620,2,0,,
Prawn,---,2012,8,5,5,2850,2141,0,0,,
Prawn,---,2012,8,6,2,1350,*,*,*,,
Prawn,---,2012,8,7,5,7400,8373,103,0,,
Prawn,---,2012,8,8,4,4090,8103,1066,0,,
Prawn,---,2012,8,9,1,850,*,*,*,,
Prawn,---,2012,8,10,4,2020,2006,49,0,,
Prawn,---,2012,8,11,2,1600,*,*,*,,
Prawn,---,2012,8,12,6,8900,9057,2619,0,,
Prawn,---,2012,8,13,9,13620,17425,6,4,,
Prawn,---,2012,8,14,8,10484,10743,465,132,,
Prawn,---,2012,8,15,7,5150,5102,182,0,,
Prawn,---,2012,8,16,10,7450,9744,108,0,,
Prawn,---,2012,8,Total,24,84764,103067,5599,136,,
Prawn,---,2012,9,1,5,8000,15323,55,0,,
Prawn,---,2012,9,2,9,16848,27028,0,0,,
Prawn,---,2012,9,3,8,5850,7626,0,0,,
Prawn,---,2012,9,4,8,7400,9820,0,0,,
Prawn,---,2012,9,5,5,1900,2230,0,0,,
Prawn,---,2012,9,6,3,4850,8198,0,0,,
Prawn,---,2012,9,7,4,3150,4295,0,0,,
Prawn,---,2012,9,8,1,2700,*,*,*,,
Prawn,---,2012,9,9,4,5000,4673,0,0,,
Prawn,---,2012,9,10,1,150,*,*,*,,
Prawn,---,2012,9,11,4,3865,6536,0,0,,
Prawn,---,2012,9,12,7,22800,29442,918,0,,
Prawn,---,2012,9,Total,12,82513,119202,973,0,,
Prawn,---,2012,10,1,2,3900,*,*,*,,
Prawn,---,2012,10,2,3,2050,3159,0,0,,
Prawn,---,2012,10,3,2,800,*,*,*,,
Prawn,---,2012,10,4,5,7350,13848,0,2,,
Prawn,---,2012,10,5,4,2050,3717,0,0,,
Prawn,---,2012,10,6,4,3900,7588,0,0,,
Prawn,---,2012,10,7,3,1600,1821,0,0,,
Prawn,---,2012,10,8,1,400,*,*,*,,
Prawn,---,2012,10,9,3,1250,1328,0,0,,
Prawn,---,2012,10,10,3,6600,7872,157,0,,
Prawn,---,2012,10,12,3,9600,16331,429,0,,
Prawn,---,2012,10,Total,8,39500,63873,586,48,,
Prawn,---,2012,11,3,5,10650,18357,76,0,,
Prawn,---,2012,11,4,5,7598,9492,75,0,,
Prawn,---,2012,11,5,3,3350,4416,62,0,,
Prawn,---,2012,11,6,2,450,*,*,*,,
Prawn,---,2012,11,7,2,600,*,*,*,,
Prawn,---,2012,11,8,3,4850,7638,171,0,,
Prawn,---,2012,11,9,2,250,*,*,*,,
Prawn,---,2012,11,10,3,2750,3040,70,0,,
Prawn,---,2012,11,Total,6,30498,43823,536,7,,
Prawn,---,2012,12,1,2,2350,*,*,*,,
Prawn,---,2012,12,2,4,2950,2943,0,0,,
Prawn,---,2012,12,3,1,350,*,*,*,,
Prawn,---,2012,12,4,1,50,*,*,*,,
Prawn,---,2012,12,5,1,100,*,*,*,,
Prawn,---,2012,12,6,6,12792,18904,0,0,,
Prawn,---,2012,12,7,5,950,243,0,0,,
Prawn,---,2012,12,18,1,50,*,*,*,,
Prawn,---,2012,12,22,3,5000,4436,0,0,,
Prawn,---,2012,12,23,4,13750,19141,0,0,,
Prawn,---,2012,12,24,3,599,800,0,0,,
Prawn,---,2012,12,26,20,86846,100855,16,0,,
Prawn,---,2012,12,27,8,14848,19749,6,0,,
Prawn,---,2012,12,28,4,1350,1816,0,0,,
Prawn,---,2012,12,29,2,902,*,*,*,,
Prawn,---,2012,12,30,1,1300,*,*,*,,
Prawn,---,2012,12,31,1,100,*,*,*,,
Prawn,---,2012,12,35,14,28796,35976,72,54,,
Prawn,---,2012,12,36,3,3350,3501,0,0,,
Prawn,---,2012,12,37,5,2500,2842,18,6,,
Prawn,---,2012,12,38,10,10543,11366,0,0,,
Prawn,---,2012,12,39,15,31448,35939,0,0,,
Prawn,---,2012,12,40,12,17378,25567,27,0,,
Prawn,---,2012,12,41,9,18499,26057,9,0,,
Prawn,---,2012,12,42,4,25610,34955,0,0,,
Prawn,---,2012,12,43,9,6320,8022,32,1,,
Prawn,---,2012,12,44,3,150,172,0,0,,
Prawn,---,2012,12,45,4,5100,7260,176,0,,
Prawn,---,2012,12,46,2,500,*,*,*,,
Prawn,---,2012,12,47,5,1850,2441,42,0,,
Prawn,---,2012,12,48,3,2700,3950,37,0,,
Prawn,---,2012,12,Total,41,299031,374304,441,61,,
Prawn,---,2012,13,1,5,2200,2183,0,0,,
Prawn,---,2012,13,3,1,150,*,*,*,,
Prawn,---,2012,13,10,2,300,*,*,*,,
Prawn,---,2012,13,11,3,350,705,0,0,,
Prawn,---,2012,13,12,16,45409,76099,0,0,,
Prawn,---,2012,13,13,10,4500,2861,0,0,,
Prawn,---,2012,13,14,11,6713,7248,0,0,,
Prawn,---,2012,13,15,11,4506,3451,0,0,,
Prawn,---,2012,13,16,17,19301,17991,0,0,,
Prawn,---,2012,13,17,23,37406,43552,0,0,,
Prawn,---,2012,13,18,17,10241,12464,0,0,,
Prawn,---,2012,13,19,14,17969,22706,0,0,,
Prawn,---,2012,13,20,9,10906,14189,0,0,,
Prawn,---,2012,13,21,9,20351,30685,0,0,,
Prawn,---,2012,13,22,4,16750,23082,0,0,,
Prawn,---,2012,13,23,10,6428,8714,0,0,,
Prawn,---,2012,13,24,3,5596,8949,0,0,,
Prawn,---,2012,13,25,3,3911,6753,0,0,,
Prawn,---,2012,13,26,6,8563,13562,0,0,,
Prawn,---,2012,13,35,5,5800,7738,0,0,,
Prawn,---,2012,13,36,4,21350,32027,0,0,,
Prawn,---,2012,13,37,2,700,*,*,*,,
Prawn,---,2012,13,38,1,150,*,*,*,,
Prawn,---,2012,13,39,2,650,*,*,*,,
Prawn,---,2012,13,40,4,1800,3004,0,0,,
Prawn,---,2012,13,41,6,4250,9174,0,0,,
Prawn,---,2012,13,42,5,10446,19898,0,0,,
Prawn,---,2012,13,43,6,20850,33963,0,0,,
Prawn,---,2012,13,Total,44,287546,403982,0,0,,
Prawn,---,2012,14,1,4,300,103,0,0,,
Prawn,---,2012,14,2,8,1200,1085,0,0,,
Prawn,---,2012,14,3,12,18053,19259,0,0,,
Prawn,---,2012,14,4,6,1480,975,0,0,,
Prawn,---,2012,14,5,4,3262,2051,0,10,,
Prawn,---,2012,14,6,8,12448,11212,0,0,,
Prawn,---,2012,14,8,2,280,*,*,*,,
Prawn,---,2012,14,9,1,50,*,*,*,,
Prawn,---,2012,14,12,9,1100,681,0,0,,
Prawn,---,2012,14,13,9,11100,11044,0,0,,
Prawn,---,2012,14,Total,23,49273,46466,25,50,,
Prawn,---,2012,15,1,8,16500,26775,0,0,,
Prawn,---,2012,15,2,13,18900,24949,0,0,,
Prawn,---,2012,15,3,14,36082,47228,0,0,,
Prawn,---,2012,15,4,7,5785,9027,0,0,,
Prawn,---,2012,15,5,29,135045,161362,0,0,,
Prawn,---,2012,15,6,4,6195,5775,0,0,,
Prawn,---,2012,15,Total,41,218507,275116,0,0,,
Prawn,---,2012,16,1,13,18701,16750,0,0,,
Prawn,---,2012,16,2,6,5495,6515,0,0,,
Prawn,---,2012,16,5,4,2330,2647,0,0,,
Prawn,---,2012,16,6,6,12600,15916,0,0,,
Prawn,---,2012,16,7,6,4450,4684,0,0,,
Prawn,---,2012,16,8,4,700,485,0,0,,
Prawn,---,2012,16,9,5,5700,6650,0,0,,
Prawn,---,2012,16,10,8,12476,14962,0,0,,
Prawn,---,2012,16,11,14,35152,36882,0,0,,
Prawn,---,2012,16,12,8,16400,16547,0,0,,
Prawn,---,2012,16,13,10,15958,13317,0,0,,
Prawn,---,2012,16,14,3,2650,2285,0,0,,
Prawn,---,2012,16,15,3,8150,8270,0,0,,
Prawn,---,2012,16,16,5,7100,10436,0,0,,
Prawn,---,2012,16,17,7,11400,9970,0,0,,
Prawn,---,2012,16,18,13,31800,38481,0,0,,
Prawn,---,2012,16,19,9,4895,5952,0,0,,
Prawn,---,2012,16,21,10,20897,31327,0,0,,
Prawn,---,2012,16,Total,35,216854,242076,0,0,,
Prawn,---,2012,17,1,4,930,1040,0,0,,
Prawn,---,2012,17,2,11,3180,3758,0,0,,
Prawn,---,2012,17,3,3,350,290,0,0,,
Prawn,---,2012,17,4,12,16200,26185,0,0,,
Prawn,---,2012,17,5,15,55941,92972,0,0,,
Prawn,---,2012,17,6,21,95943,146462,55,0,,
Prawn,---,2012,17,8,2,150,*,*,*,,
Prawn,---,2012,17,9,16,24295,35653,0,0,,
Prawn,---,2012,17,10,4,3500,6812,0,0,,
Prawn,---,2012,17,11,19,16749,24611,0,0,,
Prawn,---,2012,17,12,12,12800,17053,0,0,,
Prawn,---,2012,17,13,4,900,458,0,0,,
Prawn,---,2012,17,14,1,55,*,*,*,,
Prawn,---,2012,17,15,3,1050,955,0,0,,
Prawn,---,2012,17,16,3,4921,8680,0,0,,
Prawn,---,2012,17,17,12,10117,10393,755,0,,
Prawn,---,2012,17,18,8,1765,1009,0,0,,
Prawn,---,2012,17,20,1,50,*,*,*,,
Prawn,---,2012,17,Total,49,248896,376836,810,0,,
Prawn,---,2012,18,1,5,3200,3978,0,0,,
Prawn,---,2012,18,2,6,400,**,**,**,,
Prawn,---,2012,18,3,5,250,285,0,0,,
Prawn,---,2012,18,4,14,20720,30758,0,0,,
Prawn,---,2012,18,5,8,14269,18762,0,0,,
Prawn,---,2012,18,6,14,24362,32524,0,0,,
Prawn,---,2012,18,7,18,22808,23979,0,0,,
Prawn,---,2012,18,8,8,1563,1830,0,0,,
Prawn,---,2012,18,9,1,100,*,*,*,,
Prawn,---,2012,18,10,4,250,184,0,0,,
Prawn,---,2012,18,11,3,6550,14980,0,0,,
Prawn,---,2012,18,Total,24,94472,127357,0,0,,
Prawn,---,2012,19,3,7,48825,105702,0,0,,
Prawn,---,2012,19,4,5,8628,16794,0,0,,
Prawn,---,2012,19,5,11,56841,114579,0,0,,
Prawn,---,2012,19,6,1,50,*,*,*,,
Prawn,---,2012,19,7,10,12098,30752,0,0,,
Prawn,---,2012,19,8,13,40341,95878,0,0,,
Prawn,---,2012,19,9,2,100,*,*,*,,
Prawn,---,2012,19,10,6,1200,2165,0,0,,
Prawn,---,2012,19,11,3,1100,1640,0,0,,
Prawn,---,2012,19,12,2,100,*,*,*,,
Prawn,---,2012,19,Total,24,169283,367687,0,0,,
Prawn,---,2012,20,5,1,100,*,*,*,,
Prawn,---,2012,20,Total,1,100,*,*,*,,
Prawn,---,2012,23,1,6,4792,8771,0,0,,
Prawn,---,2012,23,2,12,11101,19843,0,0,,
Prawn,---,2012,23,3,13,9141,16633,0,0,,
Prawn,---,2012,23,4,14,22291,30482,0,0,,
Prawn,---,2012,23,5,12,4896,7632,0,0,,
Prawn,---,2012,23,6,13,19673,33669,0,0,,
Prawn,---,2012,23,7,5,4100,7780,0,0,,
Prawn,---,2012,23,8,1,1400,*,*,*,,
Prawn,---,2012,23,10,2,350,*,*,*,,
Prawn,---,2012,23,11,1,50,*,*,*,,
Prawn,---,2012,23,Total,14,77794,127772,0,0,,
Prawn,---,2012,24,0,1,100,*,*,*,,
Prawn,---,2012,24,2,4,4200,9573,0,0,,
Prawn,---,2012,24,3,4,2150,3786,0,0,,
Prawn,---,2012,24,4,7,5462,6765,0,0,,
Prawn,---,2012,24,5,4,3350,5062,0,0,,
Prawn,---,2012,24,6,2,200,*,*,*,,
Prawn,---,2012,24,7,6,13800,27431,0,0,,
Prawn,---,2012,24,10,4,14600,23500,0,70,,
Prawn,---,2012,24,12,2,1700,*,*,*,,
Prawn,---,2012,24,13,6,5512,10722,0,0,,
Prawn,---,2012,24,14,6,7462,13119,0,0,,
Prawn,---,2012,24,Total,8,58536,102442,0,70,,
Prawn,---,2012,25,1,6,5260,7124,0,0,,
Prawn,---,2012,25,2,7,5830,13236,0,0,,
Prawn,---,2012,25,3,9,14595,29114,0,0,,
Prawn,---,2012,25,4,10,14684,26697,0,0,,
Prawn,---,2012,25,5,4,4600,6587,0,0,,
Prawn,---,2012,25,6,11,30600,55859,0,0,,
Prawn,---,2012,25,7,2,100,*,*,*,,
Prawn,---,2012,25,8,8,6350,8364,0,0,,
Prawn,---,2012,25,9,8,10150,16508,0,0,,
Prawn,---,2012,25,10,3,1450,1890,0,0,,
Prawn,---,2012,25,11,6,4600,6749,0,0,,
Prawn,---,2012,25,12,2,300,*,*,*,,
Prawn,---,2012,25,13,6,6450,10142,0,0,,
Prawn,---,2012,25,15,8,7883,14911,0,0,,
Prawn,---,2012,25,16,2,250,*,*,*,,
Prawn,---,2012,25,Total,15,113102,197964,0,0,,
Prawn,---,2012,26,1,1,50,*,*,*,,
Prawn,---,2012,26,2,7,11107,20690,0,0,,
Prawn,---,2012,26,3,7,1970,3219,0,0,,
Prawn,---,2012,26,4,6,9234,18247,0,0,,
Prawn,---,2012,26,5,7,7446,14360,0,0,,
Prawn,---,2012,26,6,1,50,*,*,*,,
Prawn,---,2012,26,7,2,900,*,*,*,,
Prawn,---,2012,26,9,2,3750,*,*,*,,
Prawn,---,2012,26,Total,7,34507,71354,0,0,,
Prawn,---,2012,27,2,4,600,488,0,0,,
Prawn,---,2012,27,5,1,500,*,*,*,,
Prawn,---,2012,27,7,7,16450,19876,0,7,,
Prawn,---,2012,27,8,6,27100,44376,7,5,,
Prawn,---,2012,27,9,2,200,*,*,*,,
Prawn,---,2012,27,10,4,6700,9186,0,0,,
Prawn,---,2012,27,11,7,45198,73069,0,0,,
Prawn,---,2012,27,Total,13,96748,147591,7,12,,
Prawn,---,2012,28,1,18,20649,34117,0,0,,
Prawn,---,2012,28,2,18,31650,50247,0,0,,
Prawn,---,2012,28,3,17,18396,34449,60,0,,
Prawn,---,2012,28,4,15,11250,25069,0,0,,
Prawn,---,2012,28,5,8,3950,6716,0,0,,
Prawn,---,2012,28,6,2,400,*,*,*,,
Prawn,---,2012,28,7,3,2200,1406,0,0,,
Prawn,---,2012,28,8,1,50,*,*,*,,
Prawn,---,2012,28,9,2,800,*,*,*,,
Prawn,---,2012,28,12,1,3850,*,*,*,,
Prawn,---,2012,28,13,1,600,*,*,*,,
Prawn,---,2012,28,Total,22,93795,158595,80,0,,
Prawn,---,2012,29,1,11,5148,5721,0,0,,
Prawn,---,2012,29,2,14,30550,51606,0,0,,
Prawn,---,2012,29,3,13,22437,23228,0,0,,
Prawn,---,2012,29,4,2,500,*,*,*,,
Prawn,---,2012,29,5,6,1350,1449,0,0,,
Prawn,---,2012,29,6,1,50,*,*,*,,
Prawn,---,2012,29,Total,25,60035,82911,0,0,,
Prawn,---,2012,105,2,1,3550,*,*,*,,
Prawn,---,2012,105,Total,1,3550,*,*,*,,
Prawn,---,2012,106,1,1,500,*,*,*,,
Prawn,---,2012,106,Total,1,500,*,*,*,,
Prawn,---,2012,107,1,1,2450,*,*,*,,
Prawn,---,2012,107,2,4,7450,17664,0,0,,
Prawn,---,2012,107,3,2,4148,*,*,*,,
Prawn,---,2012,107,Total,5,14048,34286,0,0,,
Prawn,---,2012,110,0,3,4800,8928,0,0,,
Prawn,---,2012,110,Total,3,4800,8928,0,0,,
Prawn,---,2012,111,0,1,50,*,*,*,,
Prawn,---,2012,111,Total,1,50,*,*,*,,
Prawn,---,2012,124,3,1,50,*,*,*,,
Prawn,---,2012,124,Total,1,50,*,*,*,,
Prawn,---,2012,127,2,2,450,*,*,*,,
Prawn,---,2012,127,4,1,3650,*,*,*,,
Prawn,---,2012,127,Total,2,4100,*,*,*,,
Prawn,---,2013,2,3,1,2050,*,*,*,,
Prawn,---,2013,2,4,2,4271,*,*,*,,
Prawn,---,2013,2,5,2,343,*,*,*,,
Prawn,---,2013,2,6,2,1650,*,*,*,,
Prawn,---,2013,2,8,3,3100,3316,2,0,,
Prawn,---,2013,2,9,2,710,*,*,*,,
Prawn,---,2013,2,10,2,5530,*,*,*,,
Prawn,---,2013,2,11,1,5500,*,*,*,,
Prawn,---,2013,2,12,2,3120,*,*,*,,
Prawn,---,2013,2,13,1,650,*,*,*,,
Prawn,---,2013,2,15,1,50,*,*,*,,
Prawn,---,2013,2,16,1,50,*,*,*,,
Prawn,---,2013,2,42,1,750,*,*,*,,
Prawn,---,2013,2,43,1,900,*,*,*,,
Prawn,---,2013,2,45,1,200,*,*,*,,
Prawn,---,2013,2,46,1,2850,*,*,*,,
Prawn,---,2013,2,47,1,1900,*,*,*,,
Prawn,---,2013,2,53,1,400,*,*,*,,
Prawn,---,2013,2,54,1,250,*,*,*,,
Prawn,---,2013,2,55,1,100,*,*,*,,
Prawn,---,2013,2,56,1,50,*,*,*,,
Prawn,---,2013,2,57,1,100,*,*,*,,
Prawn,---,2013,2,58,1,150,*,*,*,,
Prawn,---,2013,2,59,1,300,*,*,*,,
Prawn,---,2013,2,60,1,50,*,*,*,,
Prawn,---,2013,2,64,2,1691,*,*,*,,
Prawn,---,2013,2,65,2,1100,*,*,*,,
Prawn,---,2013,2,66,1,150,*,*,*,,
Prawn,---,2013,2,68,3,2509,2448,207,0,,
Prawn,---,2013,2,89,1,50,*,*,*,,
Prawn,---,2013,2,90,1,3500,*,*,*,,
Prawn,---,2013,2,91,1,1100,*,*,*,,
Prawn,---,2013,2,97,1,50,*,*,*,,
Prawn,---,2013,2,Total,9,45174,74325,297,14,,
Prawn,---,2013,3,1,2,2200,*,*,*,,
Prawn,---,2013,3,2,2,1150,*,*,*,,
Prawn,---,2013,3,3,6,2650,3609,11,0,,
Prawn,---,2013,3,4,4,950,1552,4,0,,
Prawn,---,2013,3,6,6,25600,51199,1174,300,,
Prawn,---,2013,3,7,3,2600,4492,157,0,,
Prawn,---,2013,3,8,1,950,*,*,*,,
Prawn,---,2013,3,9,1,1100,*,*,*,,
Prawn,---,2013,3,10,2,2500,*,*,*,,
Prawn,---,2013,3,11,4,2450,4054,301,0,,
Prawn,---,2013,3,12,1,1100,*,*,*,,
Prawn,---,2013,3,13,2,2100,*,*,*,,
Prawn,---,2013,3,14,1,1600,*,*,*,,
Prawn,---,2013,3,15,1,2500,*,*,*,,
Prawn,---,2013,3,17,2,650,*,*,*,,
Prawn,---,2013,3,18,1,100,*,*,*,,
Prawn,---,2013,3,Total,8,50200,87194,2354,300,,
Prawn,---,2013,4,1,1,100,*,*,*,,
Prawn,---,2013,4,5,5,6700,8523,16,0,,
Prawn,---,2013,4,9,4,9250,6738,900,0,,
Prawn,---,2013,4,10,4,71500,0,31224,0,,
Prawn,---,2013,4,11,2,3800,*,*,*,,
Prawn,---,2013,4,12,3,3150,2608,358,0,,
Prawn,---,2013,4,Total,10,94500,17877,33913,0,,
Prawn,---,2013,5,1,3,1950,1687,930,0,,
Prawn,---,2013,5,2,2,600,*,*,*,,
Prawn,---,2013,5,9,1,4800,*,*,*,,
Prawn,---,2013,5,13,1,109,*,*,*,,
Prawn,---,2013,5,15,2,750,*,*,*,,
Prawn,---,2013,5,16,3,1249,1025,0,0,,
Prawn,---,2013,5,17,3,850,433,2,0,,
Prawn,---,2013,5,18,2,150,*,*,*,,
Prawn,---,2013,5,19,2,900,*,*,*,,
Prawn,---,2013,5,23,3,7596,8569,2396,0,,
Prawn,---,2013,5,24,4,1100,1587,157,0,,
Prawn,---,2013,5,Total,8,20054,25375,3501,0,,
Prawn,---,2013,6,1,7,19300,26520,3828,0,,
Prawn,---,2013,6,2,5,950,486,6,0,,
Prawn,---,2013,6,3,7,4150,3106,47,0,,
Prawn,---,2013,6,4,6,38600,50073,5795,0,,
Prawn,---,2013,6,5,4,10899,15651,517,0,,
Prawn,---,2013,6,6,2,4350,*,*,*,,
Prawn,---,2013,6,7,2,1500,*,*,*,,
Prawn,---,2013,6,9,4,450,617,0,0,,
Prawn,---,2013,6,10,1,400,*,*,*,,
Prawn,---,2013,6,12,2,1200,*,*,*,,
Prawn,---,2013,6,14,1,200,*,*,*,,
Prawn,---,2013,6,16,3,700,655,0,0,,
Prawn,---,2013,6,17,2,1300,*,*,*,,
Prawn,---,2013,6,18,1,50,*,*,*,,
Prawn,---,2013,6,19,4,4100,5162,0,0,,
Prawn,---,2013,6,20,4,2300,1274,229,0,,
Prawn,---,2013,6,21,2,1000,*,*,*,,
Prawn,---,2013,6,22,2,2350,*,*,*,,
Prawn,---,2013,6,23,4,2450,4358,15,0,,
Prawn,---,2013,6,25,2,5400,*,*,*,,
Prawn,---,2013,6,26,1,500,*,*,*,,
Prawn,---,2013,6,27,1,250,*,*,*,,
Prawn,---,2013,6,28,3,1200,633,0,0,,
Prawn,---,2013,6,Total,21,103599,134503,12870,0,,
Prawn,---,2013,7,1,7,5300,9822,0,0,,
Prawn,---,2013,7,2,4,1550,2886,0,0,,
Prawn,---,2013,7,3,6,11750,18618,0,0,,
Prawn,---,2013,7,4,3,2150,1996,2,0,,
Prawn,---,2013,7,5,2,500,*,*,*,,
Prawn,---,2013,7,6,2,1050,*,*,*,,
Prawn,---,2013,7,7,2,550,*,*,*,,
Prawn,---,2013,7,9,5,12950,24487,224,80,,
Prawn,---,2013,7,10,4,1550,1329,0,0,,
Prawn,---,2013,7,11,4,3860,4635,0,0,,
Prawn,---,2013,7,12,6,3500,3545,0,0,,
Prawn,---,2013,7,13,2,2150,*,*,*,,
Prawn,---,2013,7,14,4,4900,6318,136,0,,
Prawn,---,2013,7,15,2,4650,*,*,*,,
Prawn,---,2013,7,16,2,2649,*,*,*,,
Prawn,---,2013,7,17,3,500,341,0,0,,
Prawn,---,2013,7,18,7,9144,16884,44,0,,
Prawn,---,2013,7,19,4,5544,11812,37,0,,
Prawn,---,2013,7,20,2,448,*,*,*,,
Prawn,---,2013,7,21,3,1300,3735,0,0,,
Prawn,---,2013,7,22,2,200,*,*,*,,
Prawn,---,2013,7,23,5,2000,3417,46,0,,
Prawn,---,2013,7,24,2,497,*,*,*,,
Prawn,---,2013,7,25,4,2446,3494,30,0,,
Prawn,---,2013,7,26,2,850,*,*,*,,
Prawn,---,2013,7,27,3,5550,8154,40,0,,
Prawn,---,2013,7,28,3,5900,10406,408,0,,
Prawn,---,2013,7,29,1,100,*,*,*,,
Prawn,---,2013,7,30,2,350,*,*,*,,
Prawn,---,2013,7,31,3,5650,10218,0,0,,
Prawn,---,2013,7,32,1,200,*,*,*,,
Prawn,---,2013,7,Total,22,99738,159411,1060,80,,
Prawn,---,2013,8,1,1,100,*,*,*,,
Prawn,---,2013,8,2,3,4150,4583,2,0,,
Prawn,---,2013,8,3,3,1450,1058,8,0,,
Prawn,---,2013,8,4,6,10250,10719,16,2,,
Prawn,---,2013,8,5,5,2600,1658,1,0,,
Prawn,---,2013,8,6,4,1350,1077,0,0,,
Prawn,---,2013,8,7,6,15300,15734,38,0,,
Prawn,---,2013,8,8,5,6750,11827,2939,0,,
Prawn,---,2013,8,9,3,3100,5637,875,0,,
Prawn,---,2013,8,10,4,1550,1543,96,0,,
Prawn,---,2013,8,11,3,550,**,**,**,,
Prawn,---,2013,8,12,4,2090,1677,436,0,,
Prawn,---,2013,8,13,8,17000,29092,0,0,,
Prawn,---,2013,8,14,6,6050,7906,375,0,,
Prawn,---,2013,8,15,5,2660,2991,142,0,,
Prawn,---,2013,8,16,4,6049,7358,129,0,,
Prawn,---,2013,8,Total,18,80999,103520,5368,2,,
Prawn,---,2013,9,1,4,6050,10641,0,0,,
Prawn,---,2013,9,2,3,2750,5043,9,0,,
Prawn,---,2013,9,3,3,2550,3212,22,0,,
Prawn,---,2013,9,4,3,5000,6349,60,0,,
Prawn,---,2013,9,5,4,1950,1980,0,0,,
Prawn,---,2013,9,6,5,6400,8335,434,0,,
Prawn,---,2013,9,7,2,3450,*,*,*,,
Prawn,---,2013,9,8,2,1950,*,*,*,,
Prawn,---,2013,9,9,3,4100,5560,0,0,,
Prawn,---,2013,9,10,3,2600,5027,200,0,,
Prawn,---,2013,9,11,4,2200,3806,0,0,,
Prawn,---,2013,9,12,3,12550,17097,283,0,,
Prawn,---,2013,9,Total,9,51550,73796,1037,0,,
Prawn,---,2013,10,1,2,2650,*,*,*,,
Prawn,---,2013,10,2,2,750,*,*,*,,
Prawn,---,2013,10,3,2,400,*,*,*,,
Prawn,---,2013,10,4,3,3150,4487,4,0,,
Prawn,---,2013,10,5,3,1000,1864,0,0,,
Prawn,---,2013,10,6,4,2550,4036,0,0,,
Prawn,---,2013,10,7,3,1400,1748,0,0,,
Prawn,---,2013,10,8,2,350,*,*,*,,
Prawn,---,2013,10,9,3,1450,2100,0,0,,
Prawn,---,2013,10,10,3,2500,3679,0,0,,
Prawn,---,2013,10,12,3,7110,13847,0,0,,
Prawn,---,2013,10,Total,7,23310,36625,4,0,,
Prawn,---,2013,11,1,1,150,*,*,*,,
Prawn,---,2013,11,3,4,15076,22715,214,2,,
Prawn,---,2013,11,4,7,5500,4935,33,0,,
Prawn,---,2013,11,5,2,2700,*,*,*,,
Prawn,---,2013,11,6,1,200,*,*,*,,
Prawn,---,2013,11,7,1,50,*,*,*,,
Prawn,---,2013,11,8,3,3491,4493,93,0,,
Prawn,---,2013,11,9,2,178,*,*,*,,
Prawn,---,2013,11,10,1,2121,*,*,*,,
Prawn,---,2013,11,Total,10,29466,36536,593,2,,
Prawn,---,2013,12,1,3,500,350,0,0,,
Prawn,---,2013,12,2,3,3315,4731,0,0,,
Prawn,---,2013,12,3,1,50,*,*,*,,
Prawn,---,2013,12,4,1,50,*,*,*,,
Prawn,---,2013,12,6,5,12591,23703,0,0,,
Prawn,---,2013,12,7,5,1050,617,0,0,,
Prawn,---,2013,12,8,1,50,*,*,*,,
Prawn,---,2013,12,9,2,100,*,*,*,,
Prawn,---,2013,12,11,1,150,*,*,*,,
Prawn,---,2013,12,13,1,350,*,*,*,,
Prawn,---,2013,12,15,1,50,*,*,*,,
Prawn,---,2013,12,16,1,100,*,*,*,,
Prawn,---,2013,12,18,1,50,*,*,*,,
Prawn,---,2013,12,22,3,11706,15846,0,0,,
Prawn,---,2013,12,23,5,42410,69961,0,0,,
Prawn,---,2013,12,24,1,50,*,*,*,,
Prawn,---,2013,12,26,13,94890,148167,0,0,,
Prawn,---,2013,12,27,7,26995,48711,0,0,,
Prawn,---,2013,12,28,3,2450,3763,0,0,,
Prawn,---,2013,12,29,4,2700,3339,0,0,,
Prawn,---,2013,12,30,3,2750,3868,0,0,,
Prawn,---,2013,12,31,2,2850,*,*,*,,
Prawn,---,2013,12,32,2,1550,*,*,*,,
Prawn,---,2013,12,33,1,1200,*,*,*,,
Prawn,---,2013,12,34,1,850,*,*,*,,
Prawn,---,2013,12,35,13,17306,35652,8,0,,
Prawn,---,2013,12,36,3,3500,5417,0,0,,
Prawn,---,2013,12,37,2,2248,*,*,*,,
Prawn,---,2013,12,38,8,7619,9450,0,0,,
Prawn,---,2013,12,39,13,31280,36732,9,0,,
Prawn,---,2013,12,40,14,34140,60099,70,0,,
Prawn,---,2013,12,41,13,38895,65411,0,0,,
Prawn,---,2013,12,42,3,21010,40998,0,0,,
Prawn,---,2013,12,43,8,9237,15505,44,0,,
Prawn,---,2013,12,44,5,950,1475,6,0,,
Prawn,---,2013,12,45,6,10737,15663,164,0,,
Prawn,---,2013,12,46,2,1880,*,*,*,,
Prawn,---,2013,12,47,6,3395,5525,18,0,,
Prawn,---,2013,12,48,5,3752,5365,24,0,,
Prawn,---,2013,12,Total,40,394756,636796,434,0,,
Prawn,---,2013,13,1,5,2200,1436,775,0,,
Prawn,---,2013,13,3,1,100,*,*,*,,
Prawn,---,2013,13,10,3,400,217,0,0,,
Prawn,---,2013,13,12,9,22337,30164,0,0,,
Prawn,---,2013,13,13,7,4338,1592,0,0,,
Prawn,---,2013,13,14,9,5587,2956,622,0,,
Prawn,---,2013,13,15,7,2550,1681,625,0,,
Prawn,---,2013,13,16,10,7774,7878,62,0,,
Prawn,---,2013,13,17,16,29344,28029,0,0,,
Prawn,---,2013,13,18,16,9648,8002,0,0,,
Prawn,---,2013,13,19,10,14173,13985,0,0,,
Prawn,---,2013,13,20,10,7845,10033,0,0,,
Prawn,---,2013,13,21,8,21856,32165,0,0,,
Prawn,---,2013,13,22,3,12950,24813,4,2,,
Prawn,---,2013,13,23,8,7438,6364,0,0,,
Prawn,---,2013,13,24,4,4223,4773,0,0,,
Prawn,---,2013,13,25,3,2815,2749,0,0,,
Prawn,---,2013,13,26,7,4585,4013,0,0,,
Prawn,---,2013,13,27,1,100,*,*,*,,
Prawn,---,2013,13,32,2,100,*,*,*,,
Prawn,---,2013,13,35,3,4800,4345,0,0,,
Prawn,---,2013,13,36,3,10600,13858,0,0,,
Prawn,---,2013,13,37,3,1850,1889,0,0,,
Prawn,---,2013,13,39,1,750,*,*,*,,
Prawn,---,2013,13,41,3,1400,2205,0,0,,
Prawn,---,2013,13,42,3,15497,21783,0,0,,
Prawn,---,2013,13,43,4,13650,19860,0,0,,
Prawn,---,2013,13,Total,35,208910,246014,2088,2,,
Prawn,---,2013,14,1,2,150,*,*,*,,
Prawn,---,2013,14,2,5,1400,1296,0,0,,
Prawn,---,2013,14,3,11,13450,15918,0,0,,
Prawn,---,2013,14,4,3,2180,2550,0,0,,
Prawn,---,2013,14,5,6,1730,1262,0,0,,
Prawn,---,2013,14,6,14,12160,10664,0,0,,
Prawn,---,2013,14,7,2,100,*,*,*,,
Prawn,---,2013,14,8,2,400,*,*,*,,
Prawn,---,2013,14,9,3,1450,760,0,0,,
Prawn,---,2013,14,12,7,5790,3964,0,0,,
Prawn,---,2013,14,13,10,16200,13580,0,0,,
Prawn,---,2013,14,15,1,50,*,*,*,,
Prawn,---,2013,14,Total,27,55060,50279,84,0,,
Prawn,---,2013,15,1,9,26995,29220,0,0,,
Prawn,---,2013,15,2,13,32794,30679,0,0,,
Prawn,---,2013,15,3,14,37700,41960,136,0,,
Prawn,---,2013,15,4,7,3650,3194,0,0,,
Prawn,---,2013,15,5,24,124661,115104,48,0,,
Prawn,---,2013,15,6,4,3696,3273,0,0,,
Prawn,---,2013,15,Total,35,229496,223430,184,0,,
Prawn,---,2013,16,1,10,17999,14863,0,0,,
Prawn,---,2013,16,2,8,9150,8393,0,0,,
Prawn,---,2013,16,5,3,845,838,0,0,,
Prawn,---,2013,16,6,3,6800,5813,0,0,,
Prawn,---,2013,16,7,3,1800,1349,0,0,,
Prawn,---,2013,16,8,3,700,482,0,0,,
Prawn,---,2013,16,9,7,4900,5414,0,0,,
Prawn,---,2013,16,10,9,21400,20262,0,0,,
Prawn,---,2013,16,11,14,29244,23784,0,0,,
Prawn,---,2013,16,12,9,18750,14065,0,0,,
Prawn,---,2013,16,13,8,16235,11652,0,0,,
Prawn,---,2013,16,14,3,930,1091,0,0,,
Prawn,---,2013,16,15,1,1400,*,*,*,,
Prawn,---,2013,16,16,2,2577,*,*,*,,
Prawn,---,2013,16,17,7,4250,2990,0,0,,
Prawn,---,2013,16,18,15,33288,34129,27,0,,
Prawn,---,2013,16,19,13,8075,9206,2,0,,
Prawn,---,2013,16,21,18,33938,43444,2,0,,
Prawn,---,2013,16,22,2,250,*,*,*,,
Prawn,---,2013,16,Total,38,212531,202627,31,0,,
Prawn,---,2013,17,1,4,2300,3448,0,0,,
Prawn,---,2013,17,2,10,4278,5377,0,0,,
Prawn,---,2013,17,3,6,3186,3182,0,0,,
Prawn,---,2013,17,4,20,29589,46914,71,3,,
Prawn,---,2013,17,5,13,33130,54167,0,0,,
Prawn,---,2013,17,6,16,66420,91579,159,0,,
Prawn,---,2013,17,8,3,700,**,**,**,,
Prawn,---,2013,17,9,9,6562,9518,0,0,,
Prawn,---,2013,17,10,11,7640,13790,45,0,,
Prawn,---,2013,17,11,28,25447,36586,45,0,,
Prawn,---,2013,17,12,13,27414,35123,0,0,,
Prawn,---,2013,17,13,5,1070,610,0,0,,
Prawn,---,2013,17,15,5,1958,2060,0,0,,
Prawn,---,2013,17,16,7,5695,8846,0,0,,
Prawn,---,2013,17,17,13,20900,29549,3607,415,,
Prawn,---,2013,17,18,7,1450,1401,0,0,,
Prawn,---,2013,17,19,1,100,*,*,*,,
Prawn,---,2013,17,Total,45,237839,342576,3927,418,,
Prawn,---,2013,18,1,5,3459,5492,0,0,,
Prawn,---,2013,18,2,5,900,331,0,0,,
Prawn,---,2013,18,3,5,305,**,**,**,,
Prawn,---,2013,18,4,17,25356,32337,0,15,,
Prawn,---,2013,18,5,11,26217,36142,0,320,,
Prawn,---,2013,18,6,19,27178,33984,0,10,,
Prawn,---,2013,18,7,13,13194,16154,0,0,,
Prawn,---,2013,18,8,2,400,*,*,*,,
Prawn,---,2013,18,9,6,613,524,0,0,,
Prawn,---,2013,18,11,4,7351,13224,0,0,,
Prawn,---,2013,18,Total,22,104973,138788,0,345,,
Prawn,---,2013,19,3,4,52700,100860,0,0,,
Prawn,---,2013,19,4,7,4763,6649,0,0,,
Prawn,---,2013,19,5,15,62822,90355,2,20,,
Prawn,---,2013,19,6,1,50,*,*,*,,
Prawn,---,2013,19,7,13,13841,19209,0,0,,
Prawn,---,2013,19,8,16,41540,73761,0,0,,
Prawn,---,2013,19,9,1,400,*,*,*,,
Prawn,---,2013,19,10,7,2348,3059,0,0,,
Prawn,---,2013,19,11,3,400,485,0,0,,
Prawn,---,2013,19,12,2,100,*,*,*,,
Prawn,---,2013,19,Total,26,178964,295123,2,20,,
Prawn,---,2013,20,5,1,250,*,*,*,,
Prawn,---,2013,20,Total,1,250,*,*,*,,
Prawn,---,2013,23,1,8,9600,16013,0,0,,
Prawn,---,2013,23,2,10,6749,11011,0,0,,
Prawn,---,2013,23,3,9,3750,6141,0,0,,
Prawn,---,2013,23,4,12,16894,19826,0,0,,
Prawn,---,2013,23,5,8,2748,3075,0,0,,
Prawn,---,2013,23,6,8,18395,24815,0,0,,
Prawn,---,2013,23,7,6,7249,7227,0,0,,
Prawn,---,2013,23,8,2,1150,*,*,*,,
Prawn,---,2013,23,10,2,800,*,*,*,,
Prawn,---,2013,23,11,1,200,*,*,*,,
Prawn,---,2013,23,Total,12,67535,89813,0,0,,
Prawn,---,2013,24,2,2,2800,*,*,*,,
Prawn,---,2013,24,3,2,1500,*,*,*,,
Prawn,---,2013,24,4,3,1850,2071,0,0,,
Prawn,---,2013,24,5,2,1250,*,*,*,,
Prawn,---,2013,24,7,3,14350,27914,0,8,,
Prawn,---,2013,24,10,3,14900,25812,0,25,,
Prawn,---,2013,24,12,2,2800,*,*,*,,
Prawn,---,2013,24,13,2,2850,*,*,*,,
Prawn,---,2013,24,14,2,1300,*,*,*,,
Prawn,---,2013,24,Total,4,43600,73204,0,33,,
Prawn,---,2013,25,1,3,5700,9560,0,0,,
Prawn,---,2013,25,2,8,5550,9118,0,0,,
Prawn,---,2013,25,3,7,11750,21384,0,0,,
Prawn,---,2013,25,4,10,16150,24864,0,0,,
Prawn,---,2013,25,5,6,4400,6860,0,0,,
Prawn,---,2013,25,6,9,24800,39792,0,0,,
Prawn,---,2013,25,8,9,11448,13761,0,0,,
Prawn,---,2013,25,9,8,21273,32399,0,0,,
Prawn,---,2013,25,10,2,8958,*,*,*,,
Prawn,---,2013,25,11,6,11404,16725,0,0,,
Prawn,---,2013,25,12,1,300,*,*,*,,
Prawn,---,2013,25,13,6,13460,17066,0,0,,
Prawn,---,2013,25,15,9,6500,12189,0,0,,
Prawn,---,2013,25,16,3,550,735,0,0,,
Prawn,---,2013,25,Total,15,142243,224013,0,0,,
Prawn,---,2013,26,1,2,150,*,*,*,,
Prawn,---,2013,26,2,6,22950,27590,0,0,,
Prawn,---,2013,26,3,4,3650,4145,0,0,,
Prawn,---,2013,26,4,3,12591,16660,0,0,,
Prawn,---,2013,26,5,5,15500,17833,0,0,,
Prawn,---,2013,26,6,1,50,*,*,*,,
Prawn,---,2013,26,7,2,1200,*,*,*,,
Prawn,---,2013,26,9,2,3250,*,*,*,,
Prawn,---,2013,26,10,1,50,*,*,*,,
Prawn,---,2013,26,Total,6,59391,73802,0,0,,
Prawn,---,2013,27,2,1,50,*,*,*,,
Prawn,---,2013,27,5,2,300,*,*,*,,
Prawn,---,2013,27,7,5,16750,19690,0,0,,
Prawn,---,2013,27,8,4,19026,28163,0,0,,
Prawn,---,2013,27,9,2,113,*,*,*,,
Prawn,---,2013,27,10,3,7003,8686,0,0,,
Prawn,---,2013,27,11,7,38846,56066,0,0,,
Prawn,---,2013,27,Total,9,82088,112812,0,0,,
Prawn,---,2013,28,1,14,17019,21149,0,0,,
Prawn,---,2013,28,2,13,18618,31336,0,0,,
Prawn,---,2013,28,3,11,9730,13880,0,0,,
Prawn,---,2013,28,4,11,9695,15765,0,0,,
Prawn,---,2013,28,5,4,4250,6103,15,0,,
Prawn,---,2013,28,6,2,350,*,*,*,,
Prawn,---,2013,28,7,4,5450,5066,410,0,,
Prawn,---,2013,28,9,1,1600,*,*,*,,
Prawn,---,2013,28,12,2,3200,*,*,*,,
Prawn,---,2013,28,13,2,800,*,*,*,,
Prawn,---,2013,28,Total,18,70712,100139,425,0,,
Prawn,---,2013,29,1,12,5270,5776,0,0,,
Prawn,---,2013,29,2,17,31244,37330,0,0,,
Prawn,---,2013,29,3,15,16331,18767,0,0,,
Prawn,---,2013,29,4,5,1000,1025,0,0,,
Prawn,---,2013,29,5,14,5385,3783,0,0,,
Prawn,---,2013,29,Total,30,59230,66681,0,0,,
Prawn,---,2013,102,2,3,2700,**,**,**,,
Prawn,---,2013,102,3,1,350,*,*,*,,
Prawn,---,2013,102,Total,3,3050,3769,0,0,,
Prawn,---,2013,105,2,2,5050,*,*,*,,
Prawn,---,2013,105,Total,2,5050,*,*,*,,
Prawn,---,2013,106,1,2,7050,*,*,*,,
Prawn,---,2013,106,2,4,7150,**,**,**,,
Prawn,---,2013,106,Total,5,14200,28338,0,0,,
Prawn,---,2013,107,1,2,5250,*,*,*,,
Prawn,---,2013,107,2,5,24400,53734,0,0,,
Prawn,---,2013,107,3,2,7700,*,*,*,,
Prawn,---,2013,107,Total,6,37350,81458,0,0,,
Prawn,---,2013,108,1,1,550,*,*,*,,
Prawn,---,2013,108,2,1,750,*,*,*,,
Prawn,---,2013,108,Total,2,1300,*,*,*,,
Prawn,---,2013,109,0,1,1100,*,*,*,,
Prawn,---,2013,109,Total,1,1100,*,*,*,,
Prawn,---,2013,110,0,3,2900,3524,0,0,,
Prawn,---,2013,110,Total,3,2900,3524,0,0,,
Prawn,---,2013,111,0,1,400,*,*,*,,
Prawn,---,2013,111,Total,1,400,*,*,*,,
Prawn,---,2013,121,3,1,250,*,*,*,,
Prawn,---,2013,121,Total,1,250,*,*,*,,
Prawn,---,2013,123,5,1,150,*,*,*,,
Prawn,---,2013,123,6,1,350,*,*,*,,
Prawn,---,2013,123,9,2,1350,*,*,*,,
Prawn,---,2013,123,Total,2,1850,*,*,*,,
Prawn,---,2013,126,2,1,1400,*,*,*,,
Prawn,---,2013,126,4,1,100,*,*,*,,
Prawn,---,2013,126,Total,1,1500,*,*,*,,
Prawn,---,2013,127,2,1,600,*,*,*,,
Prawn,---,2013,127,4,1,300,*,*,*,,
Prawn,---,2013,127,Total,1,900,*,*,*,,
Prawn,---,2013,130,1,1,100,*,*,*,,
Prawn,---,2013,130,Total,1,100,*,*,*,,
Prawn,---,2013,142,2,1,2550,*,*,*,,
Prawn,---,2013,142,Total,1,2550,*,*,*,,
Prawn,---,2014,2,3,3,2080,4144,0,0,,
Prawn,---,2014,2,4,3,15970,34150,0,0,,
Prawn,---,2014,2,5,2,900,*,*,*,,
Prawn,---,2014,2,6,3,5247,10158,0,0,,
Prawn,---,2014,2,7,1,50,*,*,*,,
Prawn,---,2014,2,8,5,5287,7162,0,0,,
Prawn,---,2014,2,9,1,3950,*,*,*,,
Prawn,---,2014,2,10,5,8499,17468,0,0,,
Prawn,---,2014,2,11,4,1500,1514,0,0,,
Prawn,---,2014,2,12,2,149,*,*,*,,
Prawn,---,2014,2,13,2,1400,*,*,*,,
Prawn,---,2014,2,31,1,200,*,*,*,,
Prawn,---,2014,2,32,1,50,*,*,*,,
Prawn,---,2014,2,35,1,50,*,*,*,,
Prawn,---,2014,2,36,1,250,*,*,*,,
Prawn,---,2014,2,42,2,500,*,*,*,,
Prawn,---,2014,2,43,2,950,*,*,*,,
Prawn,---,2014,2,45,2,800,*,*,*,,
Prawn,---,2014,2,46,2,4000,*,*,*,,
Prawn,---,2014,2,47,2,1200,*,*,*,,
Prawn,---,2014,2,55,1,124,*,*,*,,
Prawn,---,2014,2,58,1,124,*,*,*,,
Prawn,---,2014,2,59,1,62,*,*,*,,
Prawn,---,2014,2,60,1,62,*,*,*,,
Prawn,---,2014,2,64,1,850,*,*,*,,
Prawn,---,2014,2,65,2,1840,*,*,*,,
Prawn,---,2014,2,66,2,698,*,*,*,,
Prawn,---,2014,2,68,2,1792,*,*,*,,
Prawn,---,2014,2,75,1,50,*,*,*,,
Prawn,---,2014,2,76,1,200,*,*,*,,
Prawn,---,2014,2,77,1,50,*,*,*,,
Prawn,---,2014,2,82,1,1050,*,*,*,,
Prawn,---,2014,2,83,1,150,*,*,*,,
Prawn,---,2014,2,84,1,50,*,*,*,,
Prawn,---,2014,2,87,1,150,*,*,*,,
Prawn,---,2014,2,88,1,50,*,*,*,,
Prawn,---,2014,2,89,1,150,*,*,*,,
Prawn,---,2014,2,90,1,2400,*,*,*,,
Prawn,---,2014,2,91,1,1100,*,*,*,,
Prawn,---,2014,2,Total,9,63984,120381,977,9,,
Prawn,---,2014,3,1,1,450,*,*,*,,
Prawn,---,2014,3,2,1,350,*,*,*,,
Prawn,---,2014,3,3,3,2050,2711,6,0,,
Prawn,---,2014,3,4,2,600,*,*,*,,
Prawn,---,2014,3,6,4,8650,12849,158,0,,
Prawn,---,2014,3,7,5,2250,2815,48,0,,
Prawn,---,2014,3,8,2,1250,*,*,*,,
Prawn,---,2014,3,9,2,2350,*,*,*,,
Prawn,---,2014,3,10,3,3550,4690,0,0,,
Prawn,---,2014,3,11,1,6550,*,*,*,,
Prawn,---,2014,3,12,2,350,*,*,*,,
Prawn,---,2014,3,14,2,5600,*,*,*,,
Prawn,---,2014,3,15,1,600,*,*,*,,
Prawn,---,2014,3,17,1,550,*,*,*,,
Prawn,---,2014,3,Total,6,35150,47103,1633,0,,
Prawn,---,2014,4,1,1,50,*,*,*,,
Prawn,---,2014,4,5,2,4300,*,*,*,,
Prawn,---,2014,4,9,2,1650,*,*,*,,
Prawn,---,2014,4,10,4,68530,0,39537,0,,
Prawn,---,2014,4,11,2,650,*,*,*,,
Prawn,---,2014,4,12,4,2700,2763,127,0,,
Prawn,---,2014,4,Total,5,77880,9861,39875,0,,
Prawn,---,2014,5,1,3,3400,3296,890,0,,
Prawn,---,2014,5,2,3,800,797,17,0,,
Prawn,---,2014,5,9,1,3600,*,*,*,,
Prawn,---,2014,5,15,1,1300,*,*,*,,
Prawn,---,2014,5,16,1,1600,*,*,*,,
Prawn,---,2014,5,17,2,700,*,*,*,,
Prawn,---,2014,5,18,3,400,286,0,0,,
Prawn,---,2014,5,19,1,300,*,*,*,,
Prawn,---,2014,5,23,3,9100,15048,429,0,,
Prawn,---,2014,5,24,2,2100,*,*,*,,
Prawn,---,2014,5,Total,7,23300,30903,1420,0,,
Prawn,---,2014,6,1,7,26670,32469,3667,0,,
Prawn,---,2014,6,2,2,400,*,*,*,,
Prawn,---,2014,6,3,5,9449,9602,22,0,,
Prawn,---,2014,6,4,5,21450,27561,1132,0,,
Prawn,---,2014,6,5,5,6150,6114,169,0,,
Prawn,---,2014,6,6,2,3550,*,*,*,,
Prawn,---,2014,6,7,3,3040,2312,0,0,,
Prawn,---,2014,6,9,2,262,*,*,*,,
Prawn,---,2014,6,12,3,1150,819,0,0,,
Prawn,---,2014,6,14,1,100,*,*,*,,
Prawn,---,2014,6,16,2,250,*,*,*,,
Prawn,---,2014,6,17,1,300,*,*,*,,
Prawn,---,2014,6,18,1,50,*,*,*,,
Prawn,---,2014,6,19,3,1750,1844,0,0,,
Prawn,---,2014,6,20,2,3495,*,*,*,,
Prawn,---,2014,6,21,2,1900,*,*,*,,
Prawn,---,2014,6,22,3,2750,3735,870,0,,
Prawn,---,2014,6,23,1,1600,*,*,*,,
Prawn,---,2014,6,24,1,300,*,*,*,,
Prawn,---,2014,6,25,3,4800,8436,8,0,,
Prawn,---,2014,6,26,1,250,*,*,*,,
Prawn,---,2014,6,27,2,400,*,*,*,,
Prawn,---,2014,6,28,3,610,463,0,0,,
Prawn,---,2014,6,Total,17,90676,108526,5950,0,,
Prawn,---,2014,7,1,1,3300,*,*,*,,
Prawn,---,2014,7,2,3,1000,1863,0,0,,
Prawn,---,2014,7,3,3,5450,6889,0,0,,
Prawn,---,2014,7,4,3,700,550,0,0,,
Prawn,---,2014,7,5,2,500,*,*,*,,
Prawn,---,2014,7,6,2,1450,*,*,*,,
Prawn,---,2014,7,7,2,300,*,*,*,,
Prawn,---,2014,7,9,5,16800,29039,11,0,,
Prawn,---,2014,7,10,3,1150,1011,0,0,,
Prawn,---,2014,7,11,3,3250,3913,0,0,,
Prawn,---,2014,7,12,4,2450,3236,0,0,,
Prawn,---,2014,7,13,3,3250,3798,0,0,,
Prawn,---,2014,7,14,2,4100,*,*,*,,
Prawn,---,2014,7,15,2,5975,*,*,*,,
Prawn,---,2014,7,16,3,4000,3548,7,57,,
Prawn,---,2014,7,17,3,2100,2885,0,0,,
Prawn,---,2014,7,18,6,3208,4022,6,0,,
Prawn,---,2014,7,19,3,5152,13057,0,0,,
Prawn,---,2014,7,20,2,99,*,*,*,,
Prawn,---,2014,7,21,2,899,*,*,*,,
Prawn,---,2014,7,23,3,1420,1698,0,0,,
Prawn,---,2014,7,24,2,944,*,*,*,,
Prawn,---,2014,7,25,3,1649,1238,2,0,,
Prawn,---,2014,7,26,4,2000,2417,0,0,,
Prawn,---,2014,7,27,3,5200,6234,4,0,,
Prawn,---,2014,7,28,3,3900,5005,6,0,,
Prawn,---,2014,7,29,1,500,*,*,*,,
Prawn,---,2014,7,30,4,350,74,0,0,,
Prawn,---,2014,7,31,2,2500,*,*,*,,
Prawn,---,2014,7,Total,22,83596,121918,36,57,,
Prawn,---,2014,8,1,2,150,*,*,*,,
Prawn,---,2014,8,2,4,2200,2398,0,0,,
Prawn,---,2014,8,3,3,1250,1527,6,0,,
Prawn,---,2014,8,4,6,10900,13683,48,0,,
Prawn,---,2014,8,5,5,1150,1104,0,0,,
Prawn,---,2014,8,6,1,150,*,*,*,,
Prawn,---,2014,8,7,4,11649,14730,0,0,,
Prawn,---,2014,8,8,3,5162,6375,2065,0,,
Prawn,---,2014,8,9,3,3972,5289,834,0,,
Prawn,---,2014,8,10,2,200,*,*,*,,
Prawn,---,2014,8,11,1,350,*,*,*,,
Prawn,---,2014,8,12,1,2049,*,*,*,,
Prawn,---,2014,8,13,4,4700,7597,0,0,,
Prawn,---,2014,8,14,2,2250,*,*,*,,
Prawn,---,2014,8,15,3,4492,6057,153,0,,
Prawn,---,2014,8,16,6,5950,8227,24,0,,
Prawn,---,2014,8,Total,14,56574,72551,4353,156,,
Prawn,---,2014,9,1,3,9450,14939,0,0,,
Prawn,---,2014,9,2,4,5200,8837,0,0,,
Prawn,---,2014,9,3,2,2800,*,*,*,,
Prawn,---,2014,9,4,2,2550,*,*,*,,
Prawn,---,2014,9,5,2,1300,*,*,*,,
Prawn,---,2014,9,6,3,3300,4934,0,0,,
Prawn,---,2014,9,7,3,3800,4566,0,0,,
Prawn,---,2014,9,8,2,900,*,*,*,,
Prawn,---,2014,9,9,2,3600,*,*,*,,
Prawn,---,2014,9,10,1,1400,*,*,*,,
Prawn,---,2014,9,11,4,4950,7423,0,0,,
Prawn,---,2014,9,12,5,10650,15091,86,0,,
Prawn,---,2014,9,Total,7,49900,70935,86,0,,
Prawn,---,2014,10,1,1,2050,*,*,*,,
Prawn,---,2014,10,2,1,950,*,*,*,,
Prawn,---,2014,10,3,1,400,*,*,*,,
Prawn,---,2014,10,4,2,1850,*,*,*,,
Prawn,---,2014,10,5,2,1200,*,*,*,,
Prawn,---,2014,10,6,1,1600,*,*,*,,
Prawn,---,2014,10,7,3,2600,2707,0,0,,
Prawn,---,2014,10,8,3,700,836,0,0,,
Prawn,---,2014,10,9,2,2150,*,*,*,,
Prawn,---,2014,10,10,2,1200,*,*,*,,
Prawn,---,2014,10,12,2,7735,*,*,*,,
Prawn,---,2014,10,Total,4,22435,33779,66,0,,
Prawn,---,2014,11,2,2,6050,*,*,*,,
Prawn,---,2014,11,3,2,4850,*,*,*,,
Prawn,---,2014,11,4,3,3076,2822,128,0,,
Prawn,---,2014,11,5,3,1236,931,42,0,,
Prawn,---,2014,11,6,1,200,*,*,*,,
Prawn,---,2014,11,7,1,50,*,*,*,,
Prawn,---,2014,11,8,1,800,*,*,*,,
Prawn,---,2014,11,10,2,550,*,*,*,,
Prawn,---,2014,11,Total,6,16812,20349,188,4,,
Prawn,---,2014,12,0,1,50,*,*,*,,
Prawn,---,2014,12,2,6,2950,5250,0,0,,
Prawn,---,2014,12,3,1,300,*,*,*,,
Prawn,---,2014,12,6,3,8233,15486,0,0,,
Prawn,---,2014,12,7,6,1200,1764,0,0,,
Prawn,---,2014,12,13,2,200,*,*,*,,
Prawn,---,2014,12,16,1,50,*,*,*,,
Prawn,---,2014,12,22,5,3050,5637,0,0,,
Prawn,---,2014,12,23,6,29200,63780,0,0,,
Prawn,---,2014,12,26,16,97200,243364,10,0,,
Prawn,---,2014,12,27,9,32550,72409,0,0,,
Prawn,---,2014,12,28,2,2050,*,*,*,,
Prawn,---,2014,12,29,2,2150,*,*,*,,
Prawn,---,2014,12,30,2,5250,*,*,*,,
Prawn,---,2014,12,31,2,2450,*,*,*,,
Prawn,---,2014,12,32,2,600,*,*,*,,
Prawn,---,2014,12,33,1,200,*,*,*,,
Prawn,---,2014,12,34,1,100,*,*,*,,
Prawn,---,2014,12,35,17,44208,90281,59,9,,
Prawn,---,2014,12,36,5,5650,10801,0,0,,
Prawn,---,2014,12,37,3,8899,19450,80,9,,
Prawn,---,2014,12,38,7,4589,5677,0,0,,
Prawn,---,2014,12,39,7,27872,30115,99,0,,
Prawn,---,2014,12,40,11,48291,84562,212,0,,
Prawn,---,2014,12,41,13,37598,58897,2,0,,
Prawn,---,2014,12,42,4,22860,37988,0,0,,
Prawn,---,2014,12,43,8,14000,24824,86,0,,
Prawn,---,2014,12,44,2,200,*,*,*,,
Prawn,---,2014,12,45,7,9050,13935,104,0,,
Prawn,---,2014,12,46,2,900,*,*,*,,
Prawn,---,2014,12,47,6,4250,6462,22,0,,
Prawn,---,2014,12,48,4,2850,4980,21,0,,
Prawn,---,2014,12,Total,41,419000,817805,724,18,,
Prawn,---,2014,13,1,6,1650,827,0,0,,
Prawn,---,2014,13,12,10,27004,32419,0,0,,
Prawn,---,2014,13,13,6,1850,929,0,0,,
Prawn,---,2014,13,14,7,3400,2369,0,0,,
Prawn,---,2014,13,15,6,1800,1085,0,0,,
Prawn,---,2014,13,16,8,9990,9211,0,0,,
Prawn,---,2014,13,17,10,16070,15409,0,0,,
Prawn,---,2014,13,18,13,7498,5697,0,0,,
Prawn,---,2014,13,19,9,11032,8013,0,0,,
Prawn,---,2014,13,20,5,6050,7265,0,0,,
Prawn,---,2014,13,21,6,18200,25573,0,0,,
Prawn,---,2014,13,22,4,14150,21384,0,0,,
Prawn,---,2014,13,23,7,3250,3489,0,0,,
Prawn,---,2014,13,24,1,1790,*,*,*,,
Prawn,---,2014,13,25,1,348,*,*,*,,
Prawn,---,2014,13,26,4,1650,2094,0,0,,
Prawn,---,2014,13,35,3,2650,3267,0,0,,
Prawn,---,2014,13,36,3,23250,34221,0,0,,
Prawn,---,2014,13,37,3,700,853,0,0,,
Prawn,---,2014,13,38,1,100,*,*,*,,
Prawn,---,2014,13,39,1,450,*,*,*,,
Prawn,---,2014,13,40,1,150,*,*,*,,
Prawn,---,2014,13,41,4,900,302,0,0,,
Prawn,---,2014,13,42,6,16903,19954,0,0,,
Prawn,---,2014,13,43,4,11349,20229,0,0,,
Prawn,---,2014,13,Total,31,182184,217497,0,0,,
Prawn,---,2014,14,1,4,1150,1081,0,0,,
Prawn,---,2014,14,2,7,3550,3334,0,0,,
Prawn,---,2014,14,3,12,18365,19275,0,0,,
Prawn,---,2014,14,4,5,1980,2271,0,0,,
Prawn,---,2014,14,5,6,3840,3605,0,0,,
Prawn,---,2014,14,6,9,14790,17262,0,0,,
Prawn,---,2014,14,7,2,150,*,*,*,,
Prawn,---,2014,14,8,2,1500,*,*,*,,
Prawn,---,2014,14,9,3,1100,896,0,0,,
Prawn,---,2014,14,12,7,7610,7722,0,0,,
Prawn,---,2014,14,13,8,10850,7632,0,0,,
Prawn,---,2014,14,Total,20,64885,63753,65,0,,
Prawn,---,2014,15,1,7,22550,22633,0,0,,
Prawn,---,2014,15,2,8,24200,23639,0,0,,
Prawn,---,2014,15,3,10,16450,19972,0,0,,
Prawn,---,2014,15,4,6,2750,2893,0,0,,
Prawn,---,2014,15,5,17,62632,50020,0,4,,
Prawn,---,2014,15,6,3,3949,3632,0,0,,
Prawn,---,2014,15,Total,24,132531,122789,0,4,,
Prawn,---,2014,16,1,8,6050,6907,0,0,,
Prawn,---,2014,16,2,8,9797,10117,0,0,,
Prawn,---,2014,16,5,2,600,*,*,*,,
Prawn,---,2014,16,6,4,3395,3633,0,4,,
Prawn,---,2014,16,7,3,950,768,0,0,,
Prawn,---,2014,16,8,2,350,*,*,*,,
Prawn,---,2014,16,9,5,1730,854,0,2,,
Prawn,---,2014,16,10,6,11600,7786,0,0,,
Prawn,---,2014,16,11,8,10550,7757,5,0,,
Prawn,---,2014,16,12,5,5344,3787,0,0,,
Prawn,---,2014,16,13,5,11200,6419,3,1,,
Prawn,---,2014,16,14,3,1600,1115,0,0,,
Prawn,---,2014,16,15,3,2700,1921,0,0,,
Prawn,---,2014,16,16,3,4250,6118,13,3,,
Prawn,---,2014,16,17,7,4250,3187,0,0,,
Prawn,---,2014,16,18,11,22700,21413,0,6,,
Prawn,---,2014,16,19,9,9200,10358,0,0,,
Prawn,---,2014,16,20,3,200,320,0,0,,
Prawn,---,2014,16,21,15,42141,49654,0,0,,
Prawn,---,2014,16,22,1,50,*,*,*,,
Prawn,---,2014,16,Total,28,148657,143025,21,16,,
Prawn,---,2014,17,1,3,2043,3363,0,0,,
Prawn,---,2014,17,2,8,2734,4401,0,0,,
Prawn,---,2014,17,3,4,2580,2239,0,0,,
Prawn,---,2014,17,4,10,18639,21886,0,0,,
Prawn,---,2014,17,5,10,22400,34434,0,0,,
Prawn,---,2014,17,6,14,39672,61788,20,0,,
Prawn,---,2014,17,8,1,50,*,*,*,,
Prawn,---,2014,17,9,9,15005,30933,0,0,,
Prawn,---,2014,17,10,7,5120,9949,0,0,,
Prawn,---,2014,17,11,19,24050,30727,0,0,,
Prawn,---,2014,17,12,15,21389,24139,0,0,,
Prawn,---,2014,17,13,7,3133,3333,0,0,,
Prawn,---,2014,17,15,9,3220,3437,0,0,,
Prawn,---,2014,17,16,8,4474,7186,0,0,,
Prawn,---,2014,17,17,13,18043,15399,1195,0,,
Prawn,---,2014,17,18,6,850,341,0,0,,
Prawn,---,2014,17,19,1,50,*,*,*,,
Prawn,---,2014,17,Total,35,183452,253637,1215,0,,
Prawn,---,2014,18,1,4,3470,5300,0,0,,
Prawn,---,2014,18,2,4,250,**,**,**,,
Prawn,---,2014,18,4,11,8127,8894,0,0,,
Prawn,---,2014,18,5,10,10416,10555,0,0,,
Prawn,---,2014,18,6,12,20452,19976,0,0,,
Prawn,---,2014,18,7,12,19058,18867,0,0,,
Prawn,---,2014,18,8,6,900,477,0,0,,
Prawn,---,2014,18,9,2,100,*,*,*,,
Prawn,---,2014,18,11,4,3730,6659,0,0,,
Prawn,---,2014,18,Total,18,66503,70806,0,0,,
Prawn,---,2014,19,3,4,30950,40075,0,0,,
Prawn,---,2014,19,4,1,800,*,*,*,,
Prawn,---,2014,19,5,14,41876,52805,0,0,,
Prawn,---,2014,19,7,11,10200,14013,0,0,,
Prawn,---,2014,19,8,14,28568,54228,0,0,,
Prawn,---,2014,19,9,1,500,*,*,*,,
Prawn,---,2014,19,10,7,1250,1585,0,0,,
Prawn,---,2014,19,11,4,800,1015,0,0,,
Prawn,---,2014,19,Total,22,114944,165499,0,0,,
Prawn,---,2014,23,1,5,7750,15021,0,0,,
Prawn,---,2014,23,2,9,17000,26892,0,0,,
Prawn,---,2014,23,3,10,10658,16119,0,0,,
Prawn,---,2014,23,4,10,21336,28871,0,0,,
Prawn,---,2014,23,5,10,7786,10161,0,0,,
Prawn,---,2014,23,6,12,32788,45815,0,0,,
Prawn,---,2014,23,7,9,8258,9437,0,0,,
Prawn,---,2014,23,8,5,1050,912,0,0,,
Prawn,---,2014,23,10,2,850,*,*,*,,
Prawn,---,2014,23,11,1,850,*,*,*,,
Prawn,---,2014,23,Total,12,108326,156939,0,0,,
Prawn,---,2014,24,2,5,5900,10317,0,0,,
Prawn,---,2014,24,3,7,4150,8074,0,0,,
Prawn,---,2014,24,4,8,7700,12584,0,0,,
Prawn,---,2014,24,5,7,7450,13550,0,0,,
Prawn,---,2014,24,6,1,50,*,*,*,,
Prawn,---,2014,24,7,6,23200,33092,0,60,,
Prawn,---,2014,24,9,1,50,*,*,*,,
Prawn,---,2014,24,10,6,13950,30693,0,150,,
Prawn,---,2014,24,12,4,4150,8375,0,0,,
Prawn,---,2014,24,13,7,4150,9903,0,0,,
Prawn,---,2014,24,14,8,3950,6273,0,0,,
Prawn,---,2014,24,Total,12,74700,132921,0,210,,
Prawn,---,2014,25,1,7,6630,9934,0,0,,
Prawn,---,2014,25,2,6,7110,12915,0,0,,
Prawn,---,2014,25,3,7,10215,20659,0,0,,
Prawn,---,2014,25,4,8,16900,25882,0,0,,
Prawn,---,2014,25,5,4,6150,9144,0,0,,
Prawn,---,2014,25,6,7,33150,52908,0,0,,
Prawn,---,2014,25,8,12,19164,25219,0,0,,
Prawn,---,2014,25,9,13,29493,48153,0,0,,
Prawn,---,2014,25,10,6,10681,20700,0,0,,
Prawn,---,2014,25,11,9,23841,34715,0,0,,
Prawn,---,2014,25,12,3,1300,2939,0,0,,
Prawn,---,2014,25,13,11,16936,22645,0,0,,
Prawn,---,2014,25,15,5,9750,14041,0,0,,
Prawn,---,2014,25,16,5,3327,**,**,**,,
Prawn,---,2014,25,19,1,100,*,*,*,,
Prawn,---,2014,25,Total,18,194747,302739,0,0,,
Prawn,---,2014,26,2,6,14100,20818,0,0,,
Prawn,---,2014,26,3,3,2200,3806,0,0,,
Prawn,---,2014,26,4,6,18200,30961,0,0,,
Prawn,---,2014,26,5,5,6700,9156,0,0,,
Prawn,---,2014,26,7,3,900,2052,0,0,,
Prawn,---,2014,26,9,3,2875,7080,0,0,,
Prawn,---,2014,26,Total,7,44975,73873,0,0,,
Prawn,---,2014,27,2,4,4696,6886,0,0,,
Prawn,---,2014,27,5,2,350,*,*,*,,
Prawn,---,2014,27,7,10,47230,61497,0,0,,
Prawn,---,2014,27,8,9,15800,24033,0,0,,
Prawn,---,2014,27,9,1,50,*,*,*,,
Prawn,---,2014,27,10,6,8000,12322,0,0,,
Prawn,---,2014,27,11,8,38950,51232,0,0,,
Prawn,---,2014,27,Total,14,115076,156295,0,0,,
Prawn,---,2014,28,1,10,11500,18909,30,0,,
Prawn,---,2014,28,2,14,25160,51306,0,0,,
Prawn,---,2014,28,3,11,7748,11385,0,0,,
Prawn,---,2014,28,4,8,5499,8322,0,0,,
Prawn,---,2014,28,5,2,500,*,*,*,,
Prawn,---,2014,28,6,3,550,410,0,0,,
Prawn,---,2014,28,7,5,6400,6340,38,0,,
Prawn,---,2014,28,9,3,2050,2115,2,0,,
Prawn,---,2014,28,11,1,50,*,*,*,,
Prawn,---,2014,28,12,3,3000,1990,0,20,,
Prawn,---,2014,28,13,2,750,*,*,*,,
Prawn,---,2014,28,14,2,100,*,*,*,,
Prawn,---,2014,28,Total,17,63307,101972,70,20,,
Prawn,---,2014,29,1,5,4750,6005,0,0,,
Prawn,---,2014,29,2,10,18300,26014,0,0,,
Prawn,---,2014,29,3,18,41894,70830,7,0,,
Prawn,---,2014,29,4,4,1600,2864,0,0,,
Prawn,---,2014,29,5,6,5050,3618,0,0,,
Prawn,---,2014,29,Total,23,71594,109331,7,0,,
Prawn,---,2014,105,2,1,4450,*,*,*,,
Prawn,---,2014,105,Total,1,4450,*,*,*,,
Prawn,---,2014,106,1,2,10320,*,*,*,,
Prawn,---,2014,106,2,2,5350,*,*,*,,
Prawn,---,2014,106,Total,4,15670,24952,0,0,,
Prawn,---,2014,107,1,2,3850,*,*,*,,
Prawn,---,2014,107,2,6,18000,35160,0,172,,
Prawn,---,2014,107,3,2,2950,*,*,*,,
Prawn,---,2014,107,Total,6,24800,47030,0,172,,
Prawn,---,2014,108,1,2,550,*,*,*,,
Prawn,---,2014,108,Total,2,550,*,*,*,,
Prawn,---,2014,109,0,2,949,*,*,*,,
Prawn,---,2014,109,Total,2,949,*,*,*,,
Prawn,---,2014,110,0,3,7950,17332,0,0,,
Prawn,---,2014,110,Total,3,7950,17332,0,0,,
Prawn,---,2014,121,3,1,50,*,*,*,,
Prawn,---,2014,121,Total,1,50,*,*,*,,
Prawn,---,2014,123,3,4,372,8,0,0,,
Prawn,---,2014,123,5,1,50,*,*,*,,
Prawn,---,2014,123,9,1,5268,*,*,*,,
Prawn,---,2014,123,Total,4,5690,5868,0,0,,
Prawn,---,2014,124,1,1,100,*,*,*,,
Prawn,---,2014,124,Total,1,100,*,*,*,,
Prawn,---,2014,125,1,1,50,*,*,*,,
Prawn,---,2014,125,Total,1,50,*,*,*,,
Prawn,---,2014,126,2,1,250,*,*,*,,
Prawn,---,2014,126,Total,1,250,*,*,*,,
Prawn,---,2014,127,1,1,100,*,*,*,,
Prawn,---,2014,127,4,1,700,*,*,*,,
Prawn,---,2014,127,Total,2,800,*,*,*,,
Prawn,---,2014,142,1,1,149,*,*,*,,
Prawn,---,2014,142,Total,1,149,*,*,*,,
Prawn,---,2015,2,3,3,4650,8694,55,0,,
Prawn,---,2015,2,4,4,18150,35661,61,0,,
Prawn,---,2015,2,5,2,4550,*,*,*,,
Prawn,---,2015,2,6,3,6036,8494,0,0,,
Prawn,---,2015,2,7,2,200,*,*,*,,
Prawn,---,2015,2,8,8,3199,2600,0,0,,
Prawn,---,2015,2,9,5,7902,14559,0,0,,
Prawn,---,2015,2,10,6,7851,9562,0,0,,
Prawn,---,2015,2,11,5,6248,6795,0,0,,
Prawn,---,2015,2,12,4,2496,2559,0,0,,
Prawn,---,2015,2,13,2,11851,*,*,*,,
Prawn,---,2015,2,42,3,1200,1145,17,0,,
Prawn,---,2015,2,43,2,2200,*,*,*,,
Prawn,---,2015,2,44,1,100,*,*,*,,
Prawn,---,2015,2,45,3,550,519,20,0,,
Prawn,---,2015,2,46,3,3300,5483,0,0,,
Prawn,---,2015,2,47,1,4100,*,*,*,,
Prawn,---,2015,2,49,1,50,*,*,*,,
Prawn,---,2015,2,51,1,50,*,*,*,,
Prawn,---,2015,2,52,1,50,*,*,*,,
Prawn,---,2015,2,53,2,700,*,*,*,,
Prawn,---,2015,2,54,2,350,*,*,*,,
Prawn,---,2015,2,55,2,150,*,*,*,,
Prawn,---,2015,2,56,1,50,*,*,*,,
Prawn,---,2015,2,57,2,900,*,*,*,,
Prawn,---,2015,2,58,2,1550,*,*,*,,
Prawn,---,2015,2,59,2,300,*,*,*,,
Prawn,---,2015,2,60,2,300,*,*,*,,
Prawn,---,2015,2,61,1,200,*,*,*,,
Prawn,---,2015,2,62,1,300,*,*,*,,
Prawn,---,2015,2,63,1,50,*,*,*,,
Prawn,---,2015,2,64,1,1850,*,*,*,,
Prawn,---,2015,2,65,1,3350,*,*,*,,
Prawn,---,2015,2,66,1,300,*,*,*,,
Prawn,---,2015,2,68,2,1550,*,*,*,,
Prawn,---,2015,2,75,1,50,*,*,*,,
Prawn,---,2015,2,76,1,100,*,*,*,,
Prawn,---,2015,2,77,1,100,*,*,*,,
Prawn,---,2015,2,82,2,350,*,*,*,,
Prawn,---,2015,2,89,2,200,*,*,*,,
Prawn,---,2015,2,90,2,3500,*,*,*,,
Prawn,---,2015,2,91,2,3150,*,*,*,,
Prawn,---,2015,2,Total,11,104083,165820,475,50,,
Prawn,---,2015,3,1,2,600,*,*,*,,
Prawn,---,2015,3,2,1,300,*,*,*,,
Prawn,---,2015,3,3,2,900,*,*,*,,
Prawn,---,2015,3,4,1,500,*,*,*,,
Prawn,---,2015,3,6,5,15300,24242,310,0,,
Prawn,---,2015,3,7,2,1200,*,*,*,,
Prawn,---,2015,3,8,2,800,*,*,*,,
Prawn,---,2015,3,9,2,2150,*,*,*,,
Prawn,---,2015,3,10,2,1550,*,*,*,,
Prawn,---,2015,3,11,2,8500,*,*,*,,
Prawn,---,2015,3,12,1,100,*,*,*,,
Prawn,---,2015,3,13,2,3000,*,*,*,,
Prawn,---,2015,3,14,1,2850,*,*,*,,
Prawn,---,2015,3,15,2,3900,*,*,*,,
Prawn,---,2015,3,16,1,200,*,*,*,,
Prawn,---,2015,3,17,1,450,*,*,*,,
Prawn,---,2015,3,Total,6,42300,61441,4478,0,,
Prawn,---,2015,4,5,3,8850,13846,2,0,,
Prawn,---,2015,4,9,3,4100,4242,9,0,,
Prawn,---,2015,4,10,4,58650,0,33331,0,,
Prawn,---,2015,4,11,1,200,*,*,*,,
Prawn,---,2015,4,12,4,3700,**,**,**,,
Prawn,---,2015,4,Total,7,75500,22237,33515,0,,
Prawn,---,2015,5,1,2,6400,*,*,*,,
Prawn,---,2015,5,2,2,740,*,*,*,,
Prawn,---,2015,5,3,2,75,*,*,*,,
Prawn,---,2015,5,9,2,6280,*,*,*,,
Prawn,---,2015,5,15,2,1490,*,*,*,,
Prawn,---,2015,5,16,1,800,*,*,*,,
Prawn,---,2015,5,17,1,250,*,*,*,,
Prawn,---,2015,5,18,1,150,*,*,*,,
Prawn,---,2015,5,19,2,800,*,*,*,,
Prawn,---,2015,5,23,2,8325,*,*,*,,
Prawn,---,2015,5,24,1,1200,*,*,*,,
Prawn,---,2015,5,Total,4,26510,28981,3625,0,,
Prawn,---,2015,6,1,3,15500,22410,2273,0,,
Prawn,---,2015,6,2,2,250,*,*,*,,
Prawn,---,2015,6,3,2,3600,*,*,*,,
Prawn,---,2015,6,4,3,18148,26774,1190,0,,
Prawn,---,2015,6,5,4,10350,7899,218,0,,
Prawn,---,2015,6,6,2,1100,*,*,*,,
Prawn,---,2015,6,7,2,200,*,*,*,,
Prawn,---,2015,6,8,1,300,*,*,*,,
Prawn,---,2015,6,9,2,350,*,*,*,,
Prawn,---,2015,6,10,1,50,*,*,*,,
Prawn,---,2015,6,12,2,1690,*,*,*,,
Prawn,---,2015,6,13,1,200,*,*,*,,
Prawn,---,2015,6,14,1,2160,*,*,*,,
Prawn,---,2015,6,16,5,1950,1566,0,0,,
Prawn,---,2015,6,17,2,1900,*,*,*,,
Prawn,---,2015,6,18,3,650,749,0,0,,
Prawn,---,2015,6,19,4,13150,13310,0,0,,
Prawn,---,2015,6,20,3,2448,2545,75,0,,
Prawn,---,2015,6,21,2,1745,*,*,*,,
Prawn,---,2015,6,22,2,1548,*,*,*,,
Prawn,---,2015,6,23,2,6397,*,*,*,,
Prawn,---,2015,6,24,2,450,*,*,*,,
Prawn,---,2015,6,25,6,6100,10774,26,0,,
Prawn,---,2015,6,28,3,750,473,0,0,,
Prawn,---,2015,6,Total,16,90986,113457,4517,0,,
Prawn,---,2015,7,1,4,11950,26087,0,0,,
Prawn,---,2015,7,2,5,3800,7087,0,0,,
Prawn,---,2015,7,3,6,9100,17246,0,0,,
Prawn,---,2015,7,4,3,3253,4342,0,0,,
Prawn,---,2015,7,5,1,372,*,*,*,,
Prawn,---,2015,7,6,1,1500,*,*,*,,
Prawn,---,2015,7,7,2,1923,*,*,*,,
Prawn,---,2015,7,9,4,14097,20979,53,0,,
Prawn,---,2015,7,10,4,1648,1065,0,0,,
Prawn,---,2015,7,11,3,4836,5223,0,0,,
Prawn,---,2015,7,12,7,3650,4364,0,0,,
Prawn,---,2015,7,13,3,3200,3877,0,0,,
Prawn,---,2015,7,14,4,2500,2766,25,0,,
Prawn,---,2015,7,15,4,8450,14223,0,0,,
Prawn,---,2015,7,16,2,1200,*,*,*,,
Prawn,---,2015,7,17,5,2900,3093,0,0,,
Prawn,---,2015,7,18,7,2950,3095,6,0,,
Prawn,---,2015,7,19,4,4800,9697,0,0,,
Prawn,---,2015,7,21,4,800,1659,0,0,,
Prawn,---,2015,7,22,2,100,*,*,*,,
Prawn,---,2015,7,23,4,1550,1728,0,0,,
Prawn,---,2015,7,24,4,2950,4146,0,0,,
Prawn,---,2015,7,25,4,1700,475,35,0,,
Prawn,---,2015,7,26,2,700,*,*,*,,
Prawn,---,2015,7,27,4,4750,5925,142,0,,
Prawn,---,2015,7,28,4,3950,7150,1087,0,,
Prawn,---,2015,7,29,1,1878,*,*,*,,
Prawn,---,2015,7,30,2,450,*,*,*,,
Prawn,---,2015,7,31,4,6050,8716,0,0,,
Prawn,---,2015,7,32,1,250,*,*,*,,
Prawn,---,2015,7,Total,20,107257,161400,1381,107,,
Prawn,---,2015,8,2,4,1800,1557,11,0,,
Prawn,---,2015,8,3,7,2399,3639,0,0,,
Prawn,---,2015,8,4,12,11350,17715,9,0,,
Prawn,---,2015,8,5,5,2600,2394,0,0,,
Prawn,---,2015,8,6,5,1850,2326,0,0,,
Prawn,---,2015,8,7,6,9400,10312,98,0,,
Prawn,---,2015,8,8,4,10449,16081,1549,0,,
Prawn,---,2015,8,9,4,5497,8058,912,0,,
Prawn,---,2015,8,10,2,1300,*,*,*,,
Prawn,---,2015,8,11,2,1200,*,*,*,,
Prawn,---,2015,8,12,2,6600,*,*,*,,
Prawn,---,2015,8,13,3,6850,12656,0,0,,
Prawn,---,2015,8,14,4,4550,6153,346,0,,
Prawn,---,2015,8,15,3,5200,6894,701,0,,
Prawn,---,2015,8,16,7,6050,6986,36,0,,
Prawn,---,2015,8,Total,15,77095,106357,4139,5,,
Prawn,---,2015,9,1,5,3050,4790,0,0,,
Prawn,---,2015,9,2,5,10910,17734,11,0,,
Prawn,---,2015,9,3,3,2550,3964,0,0,,
Prawn,---,2015,9,4,3,4950,6194,0,0,,
Prawn,---,2015,9,5,3,1150,1671,0,0,,
Prawn,---,2015,9,6,1,4300,*,*,*,,
Prawn,---,2015,9,7,1,2600,*,*,*,,
Prawn,---,2015,9,8,1,1000,*,*,*,,
Prawn,---,2015,9,9,1,850,*,*,*,,
Prawn,---,2015,9,10,1,750,*,*,*,,
Prawn,---,2015,9,11,4,4100,5997,0,0,,
Prawn,---,2015,9,12,8,13150,17367,182,0,,
Prawn,---,2015,9,Total,10,49360,70363,193,11,,
Prawn,---,2015,10,1,1,950,*,*,*,,
Prawn,---,2015,10,2,1,100,*,*,*,,
Prawn,---,2015,10,3,2,550,*,*,*,,
Prawn,---,2015,10,4,6,9500,15218,0,0,,
Prawn,---,2015,10,5,4,4350,7267,0,0,,
Prawn,---,2015,10,6,5,5700,7918,0,0,,
Prawn,---,2015,10,7,3,1750,3056,0,0,,
Prawn,---,2015,10,8,3,650,1175,0,0,,
Prawn,---,2015,10,9,2,900,*,*,*,,
Prawn,---,2015,10,10,2,1400,*,*,*,,
Prawn,---,2015,10,12,2,6550,*,*,*,,
Prawn,---,2015,10,Total,7,32400,54503,0,0,,
Prawn,---,2015,11,2,5,4700,5080,0,0,,
Prawn,---,2015,11,3,5,17175,23219,118,0,,
Prawn,---,2015,11,4,3,5300,6183,169,0,,
Prawn,---,2015,11,5,3,1400,1172,80,0,,
Prawn,---,2015,11,6,2,400,*,*,*,,
Prawn,---,2015,11,7,2,350,*,*,*,,
Prawn,---,2015,11,8,3,5550,8724,4,0,,
Prawn,---,2015,11,9,2,125,*,*,*,,
Prawn,---,2015,11,10,2,1050,*,*,*,,
Prawn,---,2015,11,Total,10,36050,45838,525,0,,
Prawn,---,2015,12,1,4,600,105,0,0,,
Prawn,---,2015,12,2,6,6350,11369,0,0,,
Prawn,---,2015,12,3,3,500,121,0,0,,
Prawn,---,2015,12,4,2,2245,*,*,*,,
Prawn,---,2015,12,6,8,18162,26540,0,0,,
Prawn,---,2015,12,7,9,1748,2105,0,0,,
Prawn,---,2015,12,9,2,250,*,*,*,,
Prawn,---,2015,12,10,1,200,*,*,*,,
Prawn,---,2015,12,11,1,575,*,*,*,,
Prawn,---,2015,12,12,1,100,*,*,*,,
Prawn,---,2015,12,13,2,1175,*,*,*,,
Prawn,---,2015,12,16,2,250,*,*,*,,
Prawn,---,2015,12,18,3,500,0,0,0,,
Prawn,---,2015,12,19,1,50,*,*,*,,
Prawn,---,2015,12,22,8,1400,1811,0,0,,
Prawn,---,2015,12,23,9,44850,62299,4,0,,
Prawn,---,2015,12,24,1,50,*,*,*,,
Prawn,---,2015,12,26,25,164269,283298,1,0,,
Prawn,---,2015,12,27,13,52191,79780,0,0,,
Prawn,---,2015,12,28,5,2500,4105,0,0,,
Prawn,---,2015,12,29,4,1700,2691,0,0,,
Prawn,---,2015,12,30,3,2000,2578,0,4,,
Prawn,---,2015,12,31,5,3300,3264,0,0,,
Prawn,---,2015,12,32,3,1200,1041,0,0,,
Prawn,---,2015,12,33,3,900,853,0,0,,
Prawn,---,2015,12,34,2,250,*,*,*,,
Prawn,---,2015,12,35,20,25977,46428,10,0,,
Prawn,---,2015,12,36,7,9600,16559,0,0,,
Prawn,---,2015,12,37,6,4415,9402,55,0,,
Prawn,---,2015,12,38,8,5647,5258,0,0,,
Prawn,---,2015,12,39,11,28049,30463,8,0,,
Prawn,---,2015,12,40,19,56089,89675,113,0,,
Prawn,---,2015,12,41,15,51392,84983,55,0,,
Prawn,---,2015,12,42,5,22198,53205,0,0,,
Prawn,---,2015,12,43,10,14350,23385,58,0,,
Prawn,---,2015,12,44,2,100,*,*,*,,
Prawn,---,2015,12,45,8,9900,13230,113,0,,
Prawn,---,2015,12,46,3,500,334,4,0,,
Prawn,---,2015,12,47,7,3500,4940,10,0,,
Prawn,---,2015,12,48,4,3100,5069,18,0,,
Prawn,---,2015,12,Total,51,542132,870680,449,4,,
Prawn,---,2015,13,1,4,1350,1462,0,0,,
Prawn,---,2015,13,9,1,50,*,*,*,,
Prawn,---,2015,13,10,1,80,*,*,*,,
Prawn,---,2015,13,12,6,25220,42411,0,0,,
Prawn,---,2015,13,13,5,1750,1957,0,0,,
Prawn,---,2015,13,14,4,4450,5095,0,0,,
Prawn,---,2015,13,15,3,2100,2066,0,0,,
Prawn,---,2015,13,16,5,6300,6108,0,0,,
Prawn,---,2015,13,17,7,15397,16452,0,0,,
Prawn,---,2015,13,18,10,4999,4847,0,0,,
Prawn,---,2015,13,19,6,4300,4400,0,0,,
Prawn,---,2015,13,20,5,6200,10297,0,0,,
Prawn,---,2015,13,21,4,21200,31972,0,91,,
Prawn,---,2015,13,22,2,12800,*,*,*,,
Prawn,---,2015,13,23,4,1900,3035,0,0,,
Prawn,---,2015,13,24,1,1750,*,*,*,,
Prawn,---,2015,13,26,2,1400,*,*,*,,
Prawn,---,2015,13,28,1,150,*,*,*,,
Prawn,---,2015,13,32,1,100,*,*,*,,
Prawn,---,2015,13,33,1,97,*,*,*,,
Prawn,---,2015,13,35,6,5370,5725,0,0,,
Prawn,---,2015,13,36,7,29445,41577,0,0,,
Prawn,---,2015,13,37,4,1470,1609,0,0,,
Prawn,---,2015,13,38,1,135,*,*,*,,
Prawn,---,2015,13,39,2,250,*,*,*,,
Prawn,---,2015,13,40,1,50,*,*,*,,
Prawn,---,2015,13,41,2,200,*,*,*,,
Prawn,---,2015,13,42,4,7870,11059,0,0,,
Prawn,---,2015,13,43,4,19650,30284,0,0,,
Prawn,---,2015,13,Total,25,176033,252973,0,91,,
Prawn,---,2015,14,1,3,750,672,0,0,,
Prawn,---,2015,14,2,5,3750,4736,0,0,,
Prawn,---,2015,14,3,16,19171,22130,0,0,,
Prawn,---,2015,14,4,6,6700,7914,0,0,,
Prawn,---,2015,14,5,6,8310,9215,0,0,,
Prawn,---,2015,14,6,12,20035,23518,0,0,,
Prawn,---,2015,14,7,4,450,118,0,0,,
Prawn,---,2015,14,8,3,550,334,0,0,,
Prawn,---,2015,14,9,3,600,410,0,0,,
Prawn,---,2015,14,12,10,10140,10635,0,0,,
Prawn,---,2015,14,13,6,9000,9198,0,0,,
Prawn,---,2015,14,Total,23,79456,88880,0,0,,
Prawn,---,2015,15,1,7,11800,12131,0,0,,
Prawn,---,2015,15,2,8,21650,24875,0,0,,
Prawn,---,2015,15,3,8,29887,36756,0,0,,
Prawn,---,2015,15,4,4,2800,**,**,**,,
Prawn,---,2015,15,5,13,52546,59524,0,0,,
Prawn,---,2015,15,6,1,5850,*,*,*,,
Prawn,---,2015,15,Total,20,124533,142154,0,0,,
Prawn,---,2015,16,1,15,12834,16391,16,26,,
Prawn,---,2015,16,2,7,4450,4447,0,0,,
Prawn,---,2015,16,5,2,1200,*,*,*,,
Prawn,---,2015,16,6,3,2800,3306,0,0,,
Prawn,---,2015,16,7,4,1050,1054,0,0,,
Prawn,---,2015,16,8,1,150,*,*,*,,
Prawn,---,2015,16,9,2,1400,*,*,*,,
Prawn,---,2015,16,10,5,9000,6608,0,0,,
Prawn,---,2015,16,11,10,9750,8864,0,0,,
Prawn,---,2015,16,12,6,8099,5900,0,0,,
Prawn,---,2015,16,13,6,5400,2691,0,0,,
Prawn,---,2015,16,14,2,1100,*,*,*,,
Prawn,---,2015,16,15,2,4000,*,*,*,,
Prawn,---,2015,16,16,3,1150,1052,0,0,,
Prawn,---,2015,16,17,5,2900,1956,0,0,,
Prawn,---,2015,16,18,10,24950,26326,0,0,,
Prawn,---,2015,16,19,12,14869,17368,0,0,,
Prawn,---,2015,16,20,3,150,147,0,0,,
Prawn,---,2015,16,21,17,53225,78863,0,0,,
Prawn,---,2015,16,22,2,300,*,*,*,,
Prawn,---,2015,16,Total,29,158777,181989,16,26,,
Prawn,---,2015,17,1,3,2750,4425,0,0,,
Prawn,---,2015,17,2,6,3910,7161,0,0,,
Prawn,---,2015,17,3,7,2843,4141,0,0,,
Prawn,---,2015,17,4,10,7858,8935,0,0,,
Prawn,---,2015,17,5,10,24635,31277,0,0,,
Prawn,---,2015,17,6,15,49910,66470,0,0,,
Prawn,---,2015,17,8,1,50,*,*,*,,
Prawn,---,2015,17,9,12,16370,23655,0,40,,
Prawn,---,2015,17,10,9,9243,12401,0,0,,
Prawn,---,2015,17,11,28,29740,37482,3,5,,
Prawn,---,2015,17,12,15,43229,58647,0,0,,
Prawn,---,2015,17,13,7,2417,1801,0,0,,
Prawn,---,2015,17,15,7,3375,5392,0,0,,
Prawn,---,2015,17,16,6,8668,17412,0,0,,
Prawn,---,2015,17,17,10,5775,5468,30,0,,
Prawn,---,2015,17,18,7,2500,2729,0,0,,
Prawn,---,2015,17,20,2,100,*,*,*,,
Prawn,---,2015,17,Total,45,213373,287502,33,45,,
Prawn,---,2015,18,1,3,3800,6313,0,0,,
Prawn,---,2015,18,2,5,400,67,0,0,,
Prawn,---,2015,18,3,1,50,*,*,*,,
Prawn,---,2015,18,4,16,14030,20623,0,0,,
Prawn,---,2015,18,5,6,16286,23541,0,0,,
Prawn,---,2015,18,6,17,43570,52166,0,0,,
Prawn,---,2015,18,7,14,21294,22124,0,115,,
Prawn,---,2015,18,8,4,1600,1783,0,0,,
Prawn,---,2015,18,9,3,800,526,0,0,,
Prawn,---,2015,18,11,2,7210,*,*,*,,
Prawn,---,2015,18,Total,24,109040,144031,0,115,,
Prawn,---,2015,19,3,4,18450,24496,0,0,,
Prawn,---,2015,19,4,2,1250,*,*,*,,
Prawn,---,2015,19,5,15,68650,108988,0,34,,
Prawn,---,2015,19,7,11,4580,5447,0,0,,
Prawn,---,2015,19,8,13,25250,42218,0,0,,
Prawn,---,2015,19,9,3,200,312,0,0,,
Prawn,---,2015,19,10,6,1550,2160,0,0,,
Prawn,---,2015,19,11,4,550,737,0,0,,
Prawn,---,2015,19,12,1,50,*,*,*,,
Prawn,---,2015,19,Total,26,120530,185256,0,34,,
Prawn,---,2015,23,1,2,2700,*,*,*,,
Prawn,---,2015,23,2,5,6338,11603,0,0,,
Prawn,---,2015,23,3,8,11542,19592,0,0,,
Prawn,---,2015,23,4,8,34022,62830,0,0,,
Prawn,---,2015,23,5,8,6074,8889,0,0,,
Prawn,---,2015,23,6,9,25566,49728,0,0,,
Prawn,---,2015,23,7,9,4150,5572,0,0,,
Prawn,---,2015,23,8,2,450,*,*,*,,
Prawn,---,2015,23,10,2,2600,*,*,*,,
Prawn,---,2015,23,11,1,800,*,*,*,,
Prawn,---,2015,23,Total,9,94242,170520,0,0,,
Prawn,---,2015,24,2,4,4350,5280,0,0,,
Prawn,---,2015,24,3,5,4600,4419,0,0,,
Prawn,---,2015,24,4,5,4840,7728,0,0,,
Prawn,---,2015,24,5,6,8771,8565,0,0,,
Prawn,---,2015,24,6,1,50,*,*,*,,
Prawn,---,2015,24,7,3,25300,37340,0,274,,
Prawn,---,2015,24,10,4,8350,10192,0,40,,
Prawn,---,2015,24,11,1,300,*,*,*,,
Prawn,---,2015,24,12,2,5496,*,*,*,,
Prawn,---,2015,24,13,5,5700,6591,0,0,,
Prawn,---,2015,24,14,5,2150,2197,0,0,,
Prawn,---,2015,24,Total,9,69907,86290,0,474,,
Prawn,---,2015,25,1,2,950,*,*,*,,
Prawn,---,2015,25,2,3,1300,1211,0,0,,
Prawn,---,2015,25,3,5,7850,11138,0,0,,
Prawn,---,2015,25,4,7,5270,5714,0,0,,
Prawn,---,2015,25,5,2,350,*,*,*,,
Prawn,---,2015,25,6,6,14560,17856,0,0,,
Prawn,---,2015,25,7,1,100,*,*,*,,
Prawn,---,2015,25,8,6,4800,4831,0,0,,
Prawn,---,2015,25,9,7,18600,21558,0,0,,
Prawn,---,2015,25,10,4,6252,7150,0,0,,
Prawn,---,2015,25,11,4,8243,10975,0,0,,
Prawn,---,2015,25,12,1,150,*,*,*,,
Prawn,---,2015,25,13,5,11250,11316,0,0,,
Prawn,---,2015,25,15,4,3490,4285,0,0,,
Prawn,---,2015,25,16,2,600,*,*,*,,
Prawn,---,2015,25,Total,12,83765,97828,0,0,,
Prawn,---,2015,26,2,5,12790,19894,0,0,,
Prawn,---,2015,26,3,2,1000,*,*,*,,
Prawn,---,2015,26,4,5,9615,12267,0,0,,
Prawn,---,2015,26,5,5,5500,8427,0,0,,
Prawn,---,2015,26,7,2,1439,*,*,*,,
Prawn,---,2015,26,9,2,2554,*,*,*,,
Prawn,---,2015,26,10,1,100,*,*,*,,
Prawn,---,2015,26,Total,5,32998,47938,0,0,,
Prawn,---,2015,27,2,4,2846,3543,0,0,,
Prawn,---,2015,27,5,1,350,*,*,*,,
Prawn,---,2015,27,7,11,48988,83760,0,0,,
Prawn,---,2015,27,8,9,29737,44789,0,0,,
Prawn,---,2015,27,9,3,200,**,**,**,,
Prawn,---,2015,27,10,6,9421,15523,0,0,,
Prawn,---,2015,27,11,11,52483,83756,0,0,,
Prawn,---,2015,27,Total,15,144025,231731,0,0,,
Prawn,---,2015,28,1,18,23170,33415,18,9,,
Prawn,---,2015,28,2,17,24274,51713,18,30,,
Prawn,---,2015,28,3,14,19159,32493,32,61,,
Prawn,---,2015,28,4,14,14768,22557,85,110,,
Prawn,---,2015,28,5,7,5860,8836,0,0,,
Prawn,---,2015,28,6,2,900,*,*,*,,
Prawn,---,2015,28,7,6,3100,4055,5,0,,
Prawn,---,2015,28,9,1,1450,*,*,*,,
Prawn,---,2015,28,10,1,50,*,*,*,,
Prawn,---,2015,28,12,1,1850,*,*,*,,
Prawn,---,2015,28,13,1,100,*,*,*,,
Prawn,---,2015,28,Total,22,94681,157922,183,210,,
Prawn,---,2015,29,1,14,9149,14870,0,0,,
Prawn,---,2015,29,2,21,45162,70598,0,0,,
Prawn,---,2015,29,3,23,55389,93303,0,0,,
Prawn,---,2015,29,4,3,2350,4396,0,0,,
Prawn,---,2015,29,5,9,6848,5964,0,0,,
Prawn,---,2015,29,Total,33,118898,189131,0,0,,
Prawn,---,2015,105,2,3,3750,5396,0,0,,
Prawn,---,2015,105,Total,3,3750,5396,0,0,,
Prawn,---,2015,106,1,4,2200,3116,0,0,,
Prawn,---,2015,106,2,3,2450,2214,0,0,,
Prawn,---,2015,106,Total,4,4650,5330,0,0,,
Prawn,---,2015,107,1,3,2200,**,**,**,,
Prawn,---,2015,107,2,6,18700,40080,0,0,,
Prawn,---,2015,107,3,2,4600,*,*,*,,
Prawn,---,2015,107,Total,7,25500,52964,0,0,,
Prawn,---,2015,108,1,1,350,*,*,*,,
Prawn,---,2015,108,Total,1,350,*,*,*,,
Prawn,---,2015,109,0,1,400,*,*,*,,
Prawn,---,2015,109,Total,1,400,*,*,*,,
Prawn,---,2015,110,0,2,12900,*,*,*,,
Prawn,---,2015,110,Total,2,12900,*,*,*,,
Prawn,---,2015,111,0,2,1750,*,*,*,,
Prawn,---,2015,111,Total,2,1750,*,*,*,,
Prawn,---,2015,126,2,1,500,*,*,*,,
Prawn,---,2015,126,Total,1,500,*,*,*,,
Prawn,---,2016,2,1,1,950,*,*,*,,
Prawn,---,2016,2,3,2,6550,*,*,*,,
Prawn,---,2016,2,4,2,8500,*,*,*,,
Prawn,---,2016,2,5,2,1500,*,*,*,,
Prawn,---,2016,2,6,3,3900,5202,0,0,,
Prawn,---,2016,2,8,4,1353,939,0,0,,
Prawn,---,2016,2,9,2,2750,*,*,*,,
Prawn,---,2016,2,10,3,3750,5205,0,0,,
Prawn,---,2016,2,11,2,901,*,*,*,,
Prawn,---,2016,2,12,2,400,*,*,*,,
Prawn,---,2016,2,13,2,1796,*,*,*,,
Prawn,---,2016,2,14,1,50,*,*,*,,
Prawn,---,2016,2,15,1,50,*,*,*,,
Prawn,---,2016,2,43,1,50,*,*,*,,
Prawn,---,2016,2,45,1,270,*,*,*,,
Prawn,---,2016,2,46,2,4450,*,*,*,,
Prawn,---,2016,2,47,1,1350,*,*,*,,
Prawn,---,2016,2,54,2,300,*,*,*,,
Prawn,---,2016,2,55,1,50,*,*,*,,
Prawn,---,2016,2,57,1,500,*,*,*,,
Prawn,---,2016,2,58,2,850,*,*,*,,
Prawn,---,2016,2,59,1,50,*,*,*,,
Prawn,---,2016,2,61,2,1030,*,*,*,,
Prawn,---,2016,2,64,1,600,*,*,*,,
Prawn,---,2016,2,65,2,760,*,*,*,,
Prawn,---,2016,2,66,1,150,*,*,*,,
Prawn,---,2016,2,68,2,1000,*,*,*,,
Prawn,---,2016,2,89,1,50,*,*,*,,
Prawn,---,2016,2,90,2,3100,*,*,*,,
Prawn,---,2016,2,91,2,2050,*,*,*,,
Prawn,---,2016,2,Total,8,49060,60014,0,16,,
Prawn,---,2016,3,1,1,500,*,*,*,,
Prawn,---,2016,3,2,1,300,*,*,*,,
Prawn,---,2016,3,3,2,1000,*,*,*,,
Prawn,---,2016,3,4,1,150,*,*,*,,
Prawn,---,2016,3,6,5,12150,13189,251,4,,
Prawn,---,2016,3,7,3,1000,916,248,2,,
Prawn,---,2016,3,8,1,100,*,*,*,,
Prawn,---,2016,3,9,2,650,*,*,*,,
Prawn,---,2016,3,10,1,3750,*,*,*,,
Prawn,---,2016,3,11,1,3400,*,*,*,,
Prawn,---,2016,3,13,1,550,*,*,*,,
Prawn,---,2016,3,15,1,5050,*,*,*,,
Prawn,---,2016,3,16,1,700,*,*,*,,
Prawn,---,2016,3,Total,6,29300,35098,1863,118,,
Prawn,---,2016,4,1,1,50,*,*,*,,
Prawn,---,2016,4,5,2,7600,*,*,*,,
Prawn,---,2016,4,9,2,1700,*,*,*,,
Prawn,---,2016,4,10,5,70905,0,45564,0,,
Prawn,---,2016,4,11,4,2600,0,483,0,,
Prawn,---,2016,4,12,4,2850,3824,492,0,,
Prawn,---,2016,4,Total,10,85705,23111,47091,0,,
Prawn,---,2016,5,1,2,1550,*,*,*,,
Prawn,---,2016,5,2,2,1200,*,*,*,,
Prawn,---,2016,5,9,2,3450,*,*,*,,
Prawn,---,2016,5,16,1,100,*,*,*,,
Prawn,---,2016,5,17,2,599,*,*,*,,
Prawn,---,2016,5,18,1,200,*,*,*,,
Prawn,---,2016,5,19,1,555,*,*,*,,
Prawn,---,2016,5,23,6,19986,28723,2274,0,,
Prawn,---,2016,5,24,5,2617,3671,45,0,,
Prawn,---,2016,5,Total,10,30257,41306,3154,0,,
Prawn,---,2016,6,1,5,23950,35695,4369,0,,
Prawn,---,2016,6,2,5,6380,6719,246,0,,
Prawn,---,2016,6,3,4,3250,2674,27,0,,
Prawn,---,2016,6,4,7,17800,21863,411,0,,
Prawn,---,2016,6,5,4,9082,12518,167,0,,
Prawn,---,2016,6,6,4,2460,2240,0,0,,
Prawn,---,2016,6,7,2,600,*,*,*,,
Prawn,---,2016,6,10,3,450,246,0,0,,
Prawn,---,2016,6,12,4,6500,7761,48,0,,
Prawn,---,2016,6,14,1,600,*,*,*,,
Prawn,---,2016,6,15,1,100,*,*,*,,
Prawn,---,2016,6,16,4,800,492,0,0,,
Prawn,---,2016,6,17,3,650,425,0,0,,
Prawn,---,2016,6,18,2,100,*,*,*,,
Prawn,---,2016,6,19,5,7650,5070,18,0,,
Prawn,---,2016,6,20,3,300,167,0,0,,
Prawn,---,2016,6,21,1,150,*,*,*,,
Prawn,---,2016,6,22,2,2080,*,*,*,,
Prawn,---,2016,6,23,2,1260,*,*,*,,
Prawn,---,2016,6,24,2,500,*,*,*,,
Prawn,---,2016,6,25,3,3280,5127,0,0,,
Prawn,---,2016,6,26,1,550,*,*,*,,
Prawn,---,2016,6,27,1,200,*,*,*,,
Prawn,---,2016,6,28,4,1300,1299,0,0,,
Prawn,---,2016,6,Total,17,89992,109816,5286,0,,
Prawn,---,2016,7,1,5,8950,21472,0,0,,
Prawn,---,2016,7,2,3,2450,3828,0,0,,
Prawn,---,2016,7,3,5,8475,11166,0,0,,
Prawn,---,2016,7,4,7,4280,5305,0,0,,
Prawn,---,2016,7,5,2,1310,*,*,*,,
Prawn,---,2016,7,6,3,2900,2129,0,0,,
Prawn,---,2016,7,7,3,550,261,0,0,,
Prawn,---,2016,7,9,9,18320,29762,0,0,,
Prawn,---,2016,7,10,3,3750,3584,0,0,,
Prawn,---,2016,7,11,4,2000,2269,0,0,,
Prawn,---,2016,7,12,3,2250,2940,0,0,,
Prawn,---,2016,7,13,2,5100,*,*,*,,
Prawn,---,2016,7,14,5,11750,20120,0,0,,
Prawn,---,2016,7,15,4,7350,11469,0,0,,
Prawn,---,2016,7,16,2,3144,*,*,*,,
Prawn,---,2016,7,17,5,700,230,0,0,,
Prawn,---,2016,7,18,2,1300,*,*,*,,
Prawn,---,2016,7,19,3,6500,17155,0,0,,
Prawn,---,2016,7,20,2,100,*,*,*,,
Prawn,---,2016,7,21,3,800,1864,0,0,,
Prawn,---,2016,7,22,1,50,*,*,*,,
Prawn,---,2016,7,23,1,1800,*,*,*,,
Prawn,---,2016,7,24,4,750,708,0,0,,
Prawn,---,2016,7,25,1,50,*,*,*,,
Prawn,---,2016,7,26,2,450,*,*,*,,
Prawn,---,2016,7,27,3,3393,4052,0,0,,
Prawn,---,2016,7,28,4,3248,4280,0,0,,
Prawn,---,2016,7,29,3,750,554,0,0,,
Prawn,---,2016,7,30,2,300,*,*,*,,
Prawn,---,2016,7,31,4,6400,7798,0,0,,
Prawn,---,2016,7,32,2,100,*,*,*,,
Prawn,---,2016,7,Total,26,109270,169786,258,0,,
Prawn,---,2016,8,1,1,50,*,*,*,,
Prawn,---,2016,8,2,3,850,836,0,0,,
Prawn,---,2016,8,3,4,950,809,0,0,,
Prawn,---,2016,8,4,7,9750,12615,0,0,,
Prawn,---,2016,8,5,5,1433,955,0,0,,
Prawn,---,2016,8,6,3,483,429,0,0,,
Prawn,---,2016,8,7,3,6250,5870,87,0,,
Prawn,---,2016,8,8,6,8617,9713,740,0,,
Prawn,---,2016,8,9,5,6524,6150,1017,0,,
Prawn,---,2016,8,10,3,1250,1283,65,0,,
Prawn,---,2016,8,11,2,2250,*,*,*,,
Prawn,---,2016,8,12,2,4150,*,*,*,,
Prawn,---,2016,8,13,5,6450,8771,0,26,,
Prawn,---,2016,8,14,4,4850,5925,64,0,,
Prawn,---,2016,8,15,3,5150,5996,0,0,,
Prawn,---,2016,8,16,4,4550,4694,0,0,,
Prawn,---,2016,8,Total,16,63557,72655,2394,26,,
Prawn,---,2016,9,1,5,5000,6965,0,0,,
Prawn,---,2016,9,2,4,4500,5579,0,0,,
Prawn,---,2016,9,3,3,2400,3009,0,0,,
Prawn,---,2016,9,4,3,2400,3664,0,0,,
Prawn,---,2016,9,5,3,950,**,**,**,,
Prawn,---,2016,9,6,3,5200,8834,0,0,,
Prawn,---,2016,9,7,3,3300,4889,0,0,,
Prawn,---,2016,9,8,2,2900,*,*,*,,
Prawn,---,2016,9,9,3,3550,5634,0,0,,
Prawn,---,2016,9,11,4,4550,5810,0,0,,
Prawn,---,2016,9,12,3,11050,14138,0,0,,
Prawn,---,2016,9,Total,9,45800,64061,0,0,,
Prawn,---,2016,10,1,1,2050,*,*,*,,
Prawn,---,2016,10,2,1,550,*,*,*,,
Prawn,---,2016,10,3,1,50,*,*,*,,
Prawn,---,2016,10,4,3,5350,5410,0,0,,
Prawn,---,2016,10,5,5,3420,3460,0,0,,
Prawn,---,2016,10,6,5,5230,4940,0,0,,
Prawn,---,2016,10,7,2,2650,*,*,*,,
Prawn,---,2016,10,8,1,750,*,*,*,,
Prawn,---,2016,10,9,1,1400,*,*,*,,
Prawn,---,2016,10,10,1,2350,*,*,*,,
Prawn,---,2016,10,12,3,10800,24586,0,0,,
Prawn,---,2016,10,Total,6,34600,54225,0,72,,
Prawn,---,2016,11,2,2,1800,*,*,*,,
Prawn,---,2016,11,3,5,9804,14179,146,48,,
Prawn,---,2016,11,4,4,6600,8125,96,0,,
Prawn,---,2016,11,5,2,900,*,*,*,,
Prawn,---,2016,11,6,2,200,*,*,*,,
Prawn,---,2016,11,7,1,50,*,*,*,,
Prawn,---,2016,11,8,3,4500,6348,132,0,,
Prawn,---,2016,11,9,2,134,*,*,*,,
Prawn,---,2016,11,10,1,654,*,*,*,,
Prawn,---,2016,11,Total,7,24642,35415,414,48,,
Prawn,---,2016,12,2,4,4240,7119,0,0,,
Prawn,---,2016,12,3,2,150,*,*,*,,
Prawn,---,2016,12,4,1,1100,*,*,*,,
Prawn,---,2016,12,6,9,19681,30666,0,0,,
Prawn,---,2016,12,7,6,2813,3040,0,0,,
Prawn,---,2016,12,8,1,42,*,*,*,,
Prawn,---,2016,12,9,1,50,*,*,*,,
Prawn,---,2016,12,10,2,4550,*,*,*,,
Prawn,---,2016,12,11,1,350,*,*,*,,
Prawn,---,2016,12,12,1,200,*,*,*,,
Prawn,---,2016,12,13,1,200,*,*,*,,
Prawn,---,2016,12,21,1,50,*,*,*,,
Prawn,---,2016,12,22,3,1594,2418,0,0,,
Prawn,---,2016,12,23,8,25029,30676,0,0,,
Prawn,---,2016,12,26,20,120732,177139,29,0,,
Prawn,---,2016,12,27,8,25550,45940,56,0,,
Prawn,---,2016,12,28,5,2350,3915,0,0,,
Prawn,---,2016,12,29,4,2500,4124,2,0,,
Prawn,---,2016,12,30,4,5800,7685,0,0,,
Prawn,---,2016,12,31,1,1700,*,*,*,,
Prawn,---,2016,12,32,1,650,*,*,*,,
Prawn,---,2016,12,33,2,550,*,*,*,,
Prawn,---,2016,12,34,2,700,*,*,*,,
Prawn,---,2016,12,35,19,27085,41390,6,0,,
Prawn,---,2016,12,36,5,6500,9307,0,0,,
Prawn,---,2016,12,37,3,5750,10583,15,0,,
Prawn,---,2016,12,38,9,6097,6120,0,0,,
Prawn,---,2016,12,39,17,29903,31005,0,0,,
Prawn,---,2016,12,40,18,36357,45653,123,0,,
Prawn,---,2016,12,41,16,47898,58148,180,0,,
Prawn,---,2016,12,42,7,26660,43577,0,0,,
Prawn,---,2016,12,43,9,10099,13547,28,0,,
Prawn,---,2016,12,44,2,155,*,*,*,,
Prawn,---,2016,12,45,6,7375,8461,96,0,,
Prawn,---,2016,12,46,2,255,*,*,*,,
Prawn,---,2016,12,47,5,2724,3522,22,0,,
Prawn,---,2016,12,48,3,1704,2172,31,0,,
Prawn,---,2016,12,Total,51,429143,599708,599,0,,
Prawn,---,2016,13,1,2,1600,*,*,*,,
Prawn,---,2016,13,10,1,50,*,*,*,,
Prawn,---,2016,13,12,6,20396,27995,0,0,,
Prawn,---,2016,13,13,4,950,628,0,0,,
Prawn,---,2016,13,14,4,4480,3718,0,0,,
Prawn,---,2016,13,15,4,2250,2023,0,0,,
Prawn,---,2016,13,16,8,7100,6049,0,0,,
Prawn,---,2016,13,17,11,17748,16645,0,0,,
Prawn,---,2016,13,18,9,3610,3683,0,0,,
Prawn,---,2016,13,19,8,8200,8386,0,0,,
Prawn,---,2016,13,20,2,4550,*,*,*,,
Prawn,---,2016,13,21,5,11600,16545,0,0,,
Prawn,---,2016,13,22,3,16600,29588,7,0,,
Prawn,---,2016,13,23,3,660,816,0,0,,
Prawn,---,2016,13,24,1,1200,*,*,*,,
Prawn,---,2016,13,26,2,800,*,*,*,,
Prawn,---,2016,13,27,1,50,*,*,*,,
Prawn,---,2016,13,34,1,50,*,*,*,,
Prawn,---,2016,13,35,5,2038,2509,0,0,,
Prawn,---,2016,13,36,5,28260,37090,0,97,,
Prawn,---,2016,13,37,2,1000,*,*,*,,
Prawn,---,2016,13,41,1,100,*,*,*,,
Prawn,---,2016,13,42,6,8754,9384,0,0,,
Prawn,---,2016,13,43,5,17350,23239,0,0,,
Prawn,---,2016,13,Total,25,159396,198145,7,157,,
Prawn,---,2016,14,1,3,500,201,0,0,,
Prawn,---,2016,14,2,4,2140,1833,0,0,,
Prawn,---,2016,14,3,13,14340,11577,0,0,,
Prawn,---,2016,14,4,3,2850,2390,0,0,,
Prawn,---,2016,14,5,6,3200,2445,0,0,,
Prawn,---,2016,14,6,9,11130,10964,0,0,,
Prawn,---,2016,14,7,2,200,*,*,*,,
Prawn,---,2016,14,8,1,300,*,*,*,,
Prawn,---,2016,14,9,3,300,232,0,0,,
Prawn,---,2016,14,11,1,200,*,*,*,,
Prawn,---,2016,14,12,8,5000,3653,0,0,,
Prawn,---,2016,14,13,11,10750,8619,0,0,,
Prawn,---,2016,14,15,1,100,*,*,*,,
Prawn,---,2016,14,Total,25,51010,42539,0,0,,
Prawn,---,2016,15,1,7,22300,20592,0,0,,
Prawn,---,2016,15,2,10,16600,16721,0,0,,
Prawn,---,2016,15,3,9,22199,26003,0,0,,
Prawn,---,2016,15,4,6,3050,4109,0,0,,
Prawn,---,2016,15,5,16,48050,50789,0,0,,
Prawn,---,2016,15,6,5,2200,1771,0,0,,
Prawn,---,2016,15,Total,25,114399,119985,0,0,,
Prawn,---,2016,16,1,11,8550,7768,0,0,,
Prawn,---,2016,16,2,7,6350,6171,0,0,,
Prawn,---,2016,16,5,4,550,366,0,0,,
Prawn,---,2016,16,6,5,8300,11619,0,0,,
Prawn,---,2016,16,7,4,1550,2390,0,0,,
Prawn,---,2016,16,8,3,650,945,0,0,,
Prawn,---,2016,16,9,5,950,533,0,0,,
Prawn,---,2016,16,10,8,8938,5768,0,0,,
Prawn,---,2016,16,11,8,9500,6217,0,0,,
Prawn,---,2016,16,12,5,5798,2522,0,0,,
Prawn,---,2016,16,13,5,1700,437,0,0,,
Prawn,---,2016,16,14,1,750,*,*,*,,
Prawn,---,2016,16,15,2,4650,*,*,*,,
Prawn,---,2016,16,16,1,350,*,*,*,,
Prawn,---,2016,16,17,8,3499,2267,0,0,,
Prawn,---,2016,16,18,13,17428,18016,0,0,,
Prawn,---,2016,16,19,9,8955,7356,0,0,,
Prawn,---,2016,16,20,1,200,*,*,*,,
Prawn,---,2016,16,21,13,41024,35519,0,0,,
Prawn,---,2016,16,Total,28,129692,111895,0,0,,
Prawn,---,2016,17,1,3,1600,1240,18,0,,
Prawn,---,2016,17,2,7,2266,1799,10,0,,
Prawn,---,2016,17,3,6,2560,919,0,0,,
Prawn,---,2016,17,4,8,8146,6250,31,0,,
Prawn,---,2016,17,5,6,9160,11058,10,0,,
Prawn,---,2016,17,6,11,27902,29953,116,0,,
Prawn,---,2016,17,8,2,150,*,*,*,,
Prawn,---,2016,17,9,6,5832,6787,40,0,,
Prawn,---,2016,17,10,5,2250,2126,0,0,,
Prawn,---,2016,17,11,20,17969,18077,70,0,,
Prawn,---,2016,17,12,12,23092,20238,0,0,,
Prawn,---,2016,17,13,3,667,149,0,0,,
Prawn,---,2016,17,14,1,146,*,*,*,,
Prawn,---,2016,17,15,5,2466,823,30,0,,
Prawn,---,2016,17,16,4,9294,11672,0,0,,
Prawn,---,2016,17,17,9,8007,4465,1970,0,,
Prawn,---,2016,17,18,7,2100,1518,0,0,,
Prawn,---,2016,17,19,1,50,*,*,*,,
Prawn,---,2016,17,Total,32,123657,117119,2295,0,,
Prawn,---,2016,18,1,2,3300,*,*,*,,
Prawn,---,2016,18,2,5,581,255,16,3,,
Prawn,---,2016,18,3,3,150,15,0,0,,
Prawn,---,2016,18,4,12,12794,14206,0,0,,
Prawn,---,2016,18,5,8,11050,15790,2,8,,
Prawn,---,2016,18,6,17,23629,31590,16,46,,
Prawn,---,2016,18,7,9,13475,9357,130,0,,
Prawn,---,2016,18,8,3,2300,1462,25,5,,
Prawn,---,2016,18,9,2,550,*,*,*,,
Prawn,---,2016,18,11,2,3700,*,*,*,,
Prawn,---,2016,18,Total,19,71529,90795,201,64,,
Prawn,---,2016,19,3,3,12795,24755,0,0,,
Prawn,---,2016,19,4,3,350,491,0,0,,
Prawn,---,2016,19,5,12,46156,64387,0,43,,
Prawn,---,2016,19,7,6,5478,4610,51,0,,
Prawn,---,2016,19,8,11,14281,13508,295,0,,
Prawn,---,2016,19,9,1,200,*,*,*,,
Prawn,---,2016,19,10,4,1299,1736,25,0,,
Prawn,---,2016,19,11,3,1050,1417,0,0,,
Prawn,---,2016,19,12,2,100,*,*,*,,
Prawn,---,2016,19,Total,19,81709,111200,371,43,,
Prawn,---,2016,20,7,1,1350,*,*,*,,
Prawn,---,2016,20,Total,1,1350,*,*,*,,
Prawn,---,2016,23,1,5,5850,9092,0,0,,
Prawn,---,2016,23,2,8,12550,19861,0,0,,
Prawn,---,2016,23,3,6,4800,8849,0,0,,
Prawn,---,2016,23,4,9,21937,24924,0,0,,
Prawn,---,2016,23,5,8,3123,3331,0,0,,
Prawn,---,2016,23,6,7,14150,17358,0,0,,
Prawn,---,2016,23,7,5,2173,2669,0,0,,
Prawn,---,2016,23,8,2,300,*,*,*,,
Prawn,---,2016,23,10,1,1100,*,*,*,,
Prawn,---,2016,23,11,2,250,*,*,*,,
Prawn,---,2016,23,Total,9,66233,87759,0,0,,
Prawn,---,2016,24,1,1,50,*,*,*,,
Prawn,---,2016,24,2,1,800,*,*,*,,
Prawn,---,2016,24,3,4,2050,1489,0,0,,
Prawn,---,2016,24,4,2,1850,*,*,*,,
Prawn,---,2016,24,5,3,250,61,0,0,,
Prawn,---,2016,24,6,1,1200,*,*,*,,
Prawn,---,2016,24,7,3,1800,1521,0,0,,
Prawn,---,2016,24,10,2,350,*,*,*,,
Prawn,---,2016,24,12,1,200,*,*,*,,
Prawn,---,2016,24,13,4,1550,1526,0,0,,
Prawn,---,2016,24,14,4,850,534,0,0,,
Prawn,---,2016,24,Total,5,10950,9361,0,0,,
Prawn,---,2016,25,1,2,250,*,*,*,,
Prawn,---,2016,25,2,3,750,972,0,0,,
Prawn,---,2016,25,3,5,8438,13023,0,0,,
Prawn,---,2016,25,4,5,10618,12823,0,0,,
Prawn,---,2016,25,5,2,1000,*,*,*,,
Prawn,---,2016,25,6,6,11878,11583,0,0,,
Prawn,---,2016,25,8,4,4050,4564,0,0,,
Prawn,---,2016,25,9,3,7500,9258,0,0,,
Prawn,---,2016,25,10,1,400,*,*,*,,
Prawn,---,2016,25,11,2,2000,*,*,*,,
Prawn,---,2016,25,12,1,100,*,*,*,,
Prawn,---,2016,25,13,3,4100,4549,0,0,,
Prawn,---,2016,25,15,4,1950,2195,0,0,,
Prawn,---,2016,25,16,1,250,*,*,*,,
Prawn,---,2016,25,Total,8,53284,63243,0,0,,
Prawn,---,2016,26,2,5,14350,21798,0,0,,
Prawn,---,2016,26,3,4,1050,1780,0,0,,
Prawn,---,2016,26,4,5,5850,6502,0,0,,
Prawn,---,2016,26,5,5,3700,3947,0,0,,
Prawn,---,2016,26,7,1,800,*,*,*,,
Prawn,---,2016,26,9,1,1100,*,*,*,,
Prawn,---,2016,26,Total,5,26850,36781,0,0,,
Prawn,---,2016,27,2,3,3250,5209,0,0,,
Prawn,---,2016,27,5,1,100,*,*,*,,
Prawn,---,2016,27,7,11,47360,81907,0,0,,
Prawn,---,2016,27,8,8,25666,42966,0,0,,
Prawn,---,2016,27,9,2,250,*,*,*,,
Prawn,---,2016,27,10,7,6650,8501,280,0,,
Prawn,---,2016,27,11,14,72376,118120,30,0,,
Prawn,---,2016,27,Total,17,155652,257150,310,0,,
Prawn,---,2016,28,1,11,9100,6776,0,0,,
Prawn,---,2016,28,2,13,19096,20118,0,0,,
Prawn,---,2016,28,3,9,10386,11338,0,0,,
Prawn,---,2016,28,4,8,4235,5872,12,0,,
Prawn,---,2016,28,5,4,1950,3040,0,0,,
Prawn,---,2016,28,6,1,250,*,*,*,,
Prawn,---,2016,28,7,4,2550,3007,10,0,,
Prawn,---,2016,28,9,2,1350,*,*,*,,
Prawn,---,2016,28,12,1,1600,*,*,*,,
Prawn,---,2016,28,13,1,350,*,*,*,,
Prawn,---,2016,28,14,1,50,*,*,*,,
Prawn,---,2016,28,Total,18,50917,53144,102,0,,
Prawn,---,2016,29,1,7,3300,3759,0,0,,
Prawn,---,2016,29,2,11,10350,8778,0,0,,
Prawn,---,2016,29,3,19,26563,20950,10,0,,
Prawn,---,2016,29,4,3,2450,3259,0,0,,
Prawn,---,2016,29,5,9,2881,1397,50,0,,
Prawn,---,2016,29,Total,24,45544,38143,60,0,,
Prawn,---,2016,102,3,1,50,*,*,*,,
Prawn,---,2016,102,Total,1,50,*,*,*,,
Prawn,---,2016,105,2,2,5200,*,*,*,,
Prawn,---,2016,105,Total,2,5200,*,*,*,,
Prawn,---,2016,106,1,1,1850,*,*,*,,
Prawn,---,2016,106,Total,1,1850,*,*,*,,
Prawn,---,2016,107,1,2,2050,*,*,*,,
Prawn,---,2016,107,2,6,29500,60734,0,0,,
Prawn,---,2016,107,3,3,6300,**,**,**,,
Prawn,---,2016,107,Total,8,37850,73272,0,0,,
Prawn,---,2016,108,1,1,50,*,*,*,,
Prawn,---,2016,108,2,1,250,*,*,*,,
Prawn,---,2016,108,Total,1,300,*,*,*,,
Prawn,---,2016,110,0,2,4700,*,*,*,,
Prawn,---,2016,110,Total,2,4700,*,*,*,,
Prawn,---,2016,111,0,1,1850,*,*,*,,
Prawn,---,2016,111,Total,1,1850,*,*,*,,
Prawn,---,2016,127,1,1,100,*,*,*,,
Prawn,---,2016,127,2,1,200,*,*,*,,
Prawn,---,2016,127,4,1,150,*,*,*,,
Prawn,---,2016,127,Total,1,450,*,*,*,,
Prawn,---,2016,142,2,1,150,*,*,*,,
Prawn,---,2016,142,Total,1,150,*,*,*,,
Prawn,---,2017,2,3,2,4300,*,*,*,,
Prawn,---,2017,2,4,2,8650,*,*,*,,
Prawn,---,2017,2,5,1,300,*,*,*,,
Prawn,---,2017,2,6,4,3000,3798,0,0,,
Prawn,---,2017,2,8,4,5488,4836,0,0,,
Prawn,---,2017,2,9,3,6281,8826,0,0,,
Prawn,---,2017,2,10,4,10079,14601,0,0,,
Prawn,---,2017,2,11,3,2298,3069,0,0,,
Prawn,---,2017,2,13,1,2000,*,*,*,,
Prawn,---,2017,2,43,1,400,*,*,*,,
Prawn,---,2017,2,46,1,1100,*,*,*,,
Prawn,---,2017,2,64,1,500,*,*,*,,
Prawn,---,2017,2,65,1,400,*,*,*,,
Prawn,---,2017,2,66,1,50,*,*,*,,
Prawn,---,2017,2,89,1,147,*,*,*,,
Prawn,---,2017,2,90,2,900,*,*,*,,
Prawn,---,2017,2,91,2,850,*,*,*,,
Prawn,---,2017,2,95,1,100,*,*,*,,
Prawn,---,2017,2,97,1,50,*,*,*,,
Prawn,---,2017,2,Total,7,46893,60480,76,0,,
Prawn,---,2017,3,1,2,2700,*,*,*,,
Prawn,---,2017,3,3,2,400,*,*,*,,
Prawn,---,2017,3,6,4,3450,3437,0,0,,
Prawn,---,2017,3,7,3,550,416,7,0,,
Prawn,---,2017,3,8,1,250,*,*,*,,
Prawn,---,2017,3,9,1,850,*,*,*,,
Prawn,---,2017,3,10,1,1000,*,*,*,,
Prawn,---,2017,3,11,3,3400,3817,506,0,,
Prawn,---,2017,3,13,1,150,*,*,*,,
Prawn,---,2017,3,15,1,2550,*,*,*,,
Prawn,---,2017,3,Total,5,15300,16553,569,0,,
Prawn,---,2017,4,1,2,395,*,*,*,,
Prawn,---,2017,4,5,3,10051,17080,31,0,,
Prawn,---,2017,4,9,2,2270,*,*,*,,
Prawn,---,2017,4,10,6,91327,0,51579,0,,
Prawn,---,2017,4,11,1,50,*,*,*,,
Prawn,---,2017,4,12,3,1390,1410,261,0,,
Prawn,---,2017,4,Total,9,105483,21063,52053,0,,
Prawn,---,2017,5,1,2,2600,*,*,*,,
Prawn,---,2017,5,2,1,2443,*,*,*,,
Prawn,---,2017,5,9,2,6300,*,*,*,,
Prawn,---,2017,5,15,2,1650,*,*,*,,
Prawn,---,2017,5,16,2,4050,*,*,*,,
Prawn,---,2017,5,17,1,500,*,*,*,,
Prawn,---,2017,5,18,2,700,*,*,*,,
Prawn,---,2017,5,19,1,200,*,*,*,,
Prawn,---,2017,5,23,3,7949,7529,1816,0,,
Prawn,---,2017,5,24,4,3650,6556,123,0,,
Prawn,---,2017,5,Total,7,30042,37036,4949,0,,
Prawn,---,2017,6,1,8,29800,44191,4527,0,,
Prawn,---,2017,6,2,2,5350,*,*,*,,
Prawn,---,2017,6,3,7,9549,15952,89,11,,
Prawn,---,2017,6,4,6,16500,17870,857,0,,
Prawn,---,2017,6,5,8,12555,20999,637,15,,
Prawn,---,2017,6,6,7,7324,11073,0,0,,
Prawn,---,2017,6,7,3,1650,2831,2,0,,
Prawn,---,2017,6,10,6,1361,890,33,0,,
Prawn,---,2017,6,12,4,4350,4148,174,0,,
Prawn,---,2017,6,15,1,50,*,*,*,,
Prawn,---,2017,6,16,3,650,976,0,0,,
Prawn,---,2017,6,17,2,1000,*,*,*,,
Prawn,---,2017,6,18,1,550,*,*,*,,
Prawn,---,2017,6,19,3,7900,9344,0,0,,
Prawn,---,2017,6,20,2,3205,*,*,*,,
Prawn,---,2017,6,21,1,1050,*,*,*,,
Prawn,---,2017,6,22,2,1350,*,*,*,,
Prawn,---,2017,6,23,1,650,*,*,*,,
Prawn,---,2017,6,24,2,1000,*,*,*,,
Prawn,---,2017,6,25,5,4300,9990,30,0,,
Prawn,---,2017,6,26,2,741,*,*,*,,
Prawn,---,2017,6,27,2,449,*,*,*,,
Prawn,---,2017,6,28,5,1750,3119,0,0,,
Prawn,---,2017,6,Total,25,113084,167294,6734,26,,
Prawn,---,2017,7,1,3,6300,16432,0,0,,
Prawn,---,2017,7,2,3,1800,3889,0,0,,
Prawn,---,2017,7,3,6,9100,14553,0,0,,
Prawn,---,2017,7,4,5,2100,2474,13,0,,
Prawn,---,2017,7,5,2,100,*,*,*,,
Prawn,---,2017,7,6,1,600,*,*,*,,
Prawn,---,2017,7,9,6,12800,25323,0,11,,
Prawn,---,2017,7,10,3,1500,1325,0,0,,
Prawn,---,2017,7,11,2,2150,*,*,*,,
Prawn,---,2017,7,12,6,3464,3287,0,0,,
Prawn,---,2017,7,13,5,3700,2669,0,0,,
Prawn,---,2017,7,14,4,3250,3393,0,0,,
Prawn,---,2017,7,15,4,3600,4050,0,0,,
Prawn,---,2017,7,16,2,1250,*,*,*,,
Prawn,---,2017,7,17,5,7350,6917,0,0,,
Prawn,---,2017,7,18,5,1976,3314,0,0,,
Prawn,---,2017,7,19,4,7191,19739,4,0,,
Prawn,---,2017,7,21,2,750,*,*,*,,
Prawn,---,2017,7,22,2,100,*,*,*,,
Prawn,---,2017,7,23,5,1638,1554,20,4,,
Prawn,---,2017,7,24,3,2250,2567,2,0,,
Prawn,---,2017,7,25,3,1216,1190,2,0,,
Prawn,---,2017,7,26,2,500,*,*,*,,
Prawn,---,2017,7,27,5,4708,9868,44,0,,
Prawn,---,2017,7,28,4,1754,3323,10,0,,
Prawn,---,2017,7,29,1,600,*,*,*,,
Prawn,---,2017,7,30,3,700,217,0,0,,
Prawn,---,2017,7,31,3,7150,13517,0,0,,
Prawn,---,2017,7,32,1,50,*,*,*,,
Prawn,---,2017,7,Total,22,89647,148263,103,15,,
Prawn,---,2017,8,1,1,50,*,*,*,,
Prawn,---,2017,8,2,3,1400,1216,0,0,,
Prawn,---,2017,8,3,3,800,1775,0,0,,
Prawn,---,2017,8,4,7,8200,15872,2,0,,
Prawn,---,2017,8,5,2,350,*,*,*,,
Prawn,---,2017,8,6,4,1550,2327,0,0,,
Prawn,---,2017,8,7,7,4698,2535,26,0,,
Prawn,---,2017,8,8,5,6700,6604,727,0,,
Prawn,---,2017,8,9,3,4750,5022,1058,0,,
Prawn,---,2017,8,10,3,1550,1565,159,0,,
Prawn,---,2017,8,11,2,400,*,*,*,,
Prawn,---,2017,8,12,4,5350,6347,2142,0,,
Prawn,---,2017,8,13,3,9000,14637,2,0,,
Prawn,---,2017,8,14,4,3400,4288,56,0,,
Prawn,---,2017,8,15,5,4300,3904,77,0,,
Prawn,---,2017,8,16,5,5000,4895,0,0,,
Prawn,---,2017,8,Total,16,57498,71650,4344,0,,
Prawn,---,2017,9,1,5,6100,10391,0,0,,
Prawn,---,2017,9,2,5,10450,14687,0,0,,
Prawn,---,2017,9,3,3,2700,4572,0,0,,
Prawn,---,2017,9,4,4,4147,8306,2,0,,
Prawn,---,2017,9,5,6,2050,2366,0,0,,
Prawn,---,2017,9,6,5,6900,11580,0,154,,
Prawn,---,2017,9,7,6,3500,5023,0,0,,
Prawn,---,2017,9,8,3,3300,3673,0,0,,
Prawn,---,2017,9,9,2,2000,*,*,*,,
Prawn,---,2017,9,10,2,1450,*,*,*,,
Prawn,---,2017,9,11,4,3300,6824,0,0,,
Prawn,---,2017,9,12,2,6900,*,*,*,,
Prawn,---,2017,9,Total,9,52797,82213,2,154,,
Prawn,---,2017,10,1,2,1800,*,*,*,,
Prawn,---,2017,10,2,2,550,*,*,*,,
Prawn,---,2017,10,3,3,300,200,0,0,,
Prawn,---,2017,10,4,3,6000,7806,0,0,,
Prawn,---,2017,10,5,3,2100,2812,0,0,,
Prawn,---,2017,10,6,3,1000,1337,0,0,,
Prawn,---,2017,10,7,3,1300,1229,0,0,,
Prawn,---,2017,10,8,1,200,*,*,*,,
Prawn,---,2017,10,9,1,700,*,*,*,,
Prawn,---,2017,10,10,1,2200,*,*,*,,
Prawn,---,2017,10,12,4,7680,13543,0,0,,
Prawn,---,2017,10,Total,6,23830,35186,0,0,,
Prawn,---,2017,11,2,4,6100,6170,0,0,,
Prawn,---,2017,11,3,5,8650,11330,126,234,,
Prawn,---,2017,11,4,5,5100,6767,95,0,,
Prawn,---,2017,11,5,3,900,1225,44,0,,
Prawn,---,2017,11,6,2,300,*,*,*,,
Prawn,---,2017,11,7,1,700,*,*,*,,
Prawn,---,2017,11,8,3,3200,5159,440,9,,
Prawn,---,2017,11,9,2,150,*,*,*,,
Prawn,---,2017,11,10,1,1500,*,*,*,,
Prawn,---,2017,11,Total,7,26600,33313,735,243,,
Prawn,---,2017,12,1,1,100,*,*,*,,
Prawn,---,2017,12,2,4,2842,5340,0,0,,
Prawn,---,2017,12,3,1,950,*,*,*,,
Prawn,---,2017,12,4,2,2550,*,*,*,,
Prawn,---,2017,12,6,9,18236,39158,0,0,,
Prawn,---,2017,12,7,8,7100,9914,0,0,,
Prawn,---,2017,12,8,1,200,*,*,*,,
Prawn,---,2017,12,11,1,700,*,*,*,,
Prawn,---,2017,12,13,3,1500,1287,0,0,,
Prawn,---,2017,12,15,1,300,*,*,*,,
Prawn,---,2017,12,16,1,50,*,*,*,,
Prawn,---,2017,12,22,3,7169,13258,0,0,,
Prawn,---,2017,12,23,4,15510,19148,0,0,,
Prawn,---,2017,12,24,1,100,*,*,*,,
Prawn,---,2017,12,26,20,108345,180982,0,0,,
Prawn,---,2017,12,27,12,37983,60142,0,0,,
Prawn,---,2017,12,28,7,2783,3812,0,0,,
Prawn,---,2017,12,29,4,1350,2027,0,0,,
Prawn,---,2017,12,30,3,2264,2410,0,0,,
Prawn,---,2017,12,31,2,400,*,*,*,,
Prawn,---,2017,12,35,13,15400,29706,26,0,,
Prawn,---,2017,12,36,3,5150,8639,0,0,,
Prawn,---,2017,12,37,4,2600,4445,60,0,,
Prawn,---,2017,12,38,6,5100,8976,0,0,,
Prawn,---,2017,12,39,11,39045,47585,115,0,,
Prawn,---,2017,12,40,10,23036,35179,503,0,,
Prawn,---,2017,12,41,13,45080,51255,218,0,,
Prawn,---,2017,12,42,5,30725,45567,0,0,,
Prawn,---,2017,12,43,5,4912,7963,38,0,,
Prawn,---,2017,12,44,2,150,*,*,*,,
Prawn,---,2017,12,45,3,3684,3944,91,0,,
Prawn,---,2017,12,46,1,300,*,*,*,,
Prawn,---,2017,12,47,3,1808,2542,41,0,,
Prawn,---,2017,12,48,2,1500,*,*,*,,
Prawn,---,2017,12,Total,47,388922,594700,1192,0,,
Prawn,---,2017,13,1,3,1500,1294,0,0,,
Prawn,---,2017,13,12,10,23308,30209,0,0,,
Prawn,---,2017,13,13,6,1000,558,0,0,,
Prawn,---,2017,13,14,9,6550,4330,0,0,,
Prawn,---,2017,13,15,7,3280,2058,0,0,,
Prawn,---,2017,13,16,10,6865,4987,0,0,,
Prawn,---,2017,13,17,12,13923,13193,0,0,,
Prawn,---,2017,13,18,9,4007,2636,0,0,,
Prawn,---,2017,13,19,6,8889,11050,0,0,,
Prawn,---,2017,13,20,7,4921,5288,0,0,,
Prawn,---,2017,13,21,7,18062,22540,0,0,,
Prawn,---,2017,13,22,4,14350,17145,0,0,,
Prawn,---,2017,13,23,6,2297,1573,0,0,,
Prawn,---,2017,13,24,4,2200,2474,0,0,,
Prawn,---,2017,13,25,2,500,*,*,*,,
Prawn,---,2017,13,26,4,2150,2480,0,0,,
Prawn,---,2017,13,35,2,500,*,*,*,,
Prawn,---,2017,13,36,2,9250,*,*,*,,
Prawn,---,2017,13,37,1,100,*,*,*,,
Prawn,---,2017,13,42,5,4200,5514,0,0,,
Prawn,---,2017,13,43,6,12575,20105,0,0,,
Prawn,---,2017,13,Total,27,140427,159968,0,0,,
Prawn,---,2017,14,1,2,500,*,*,*,,
Prawn,---,2017,14,2,5,1050,1044,0,0,,
Prawn,---,2017,14,3,11,16350,18345,0,0,,
Prawn,---,2017,14,4,4,750,472,0,0,,
Prawn,---,2017,14,5,3,1200,1271,0,0,,
Prawn,---,2017,14,6,7,6950,8544,0,0,,
Prawn,---,2017,14,8,1,1550,*,*,*,,
Prawn,---,2017,14,9,2,350,*,*,*,,
Prawn,---,2017,14,11,1,100,*,*,*,,
Prawn,---,2017,14,12,4,3100,4419,0,0,,
Prawn,---,2017,14,13,9,8395,7162,0,0,,
Prawn,---,2017,14,Total,20,40295,43823,0,0,,
Prawn,---,2017,15,1,7,16144,16858,0,0,,
Prawn,---,2017,15,2,12,33441,36446,0,0,,
Prawn,---,2017,15,3,9,28187,31522,0,0,,
Prawn,---,2017,15,4,2,2150,*,*,*,,
Prawn,---,2017,15,5,11,28393,37268,0,0,,
Prawn,---,2017,15,6,2,1700,*,*,*,,
Prawn,---,2017,15,Total,19,110015,127225,0,0,,
Prawn,---,2017,16,1,7,3650,4480,0,0,,
Prawn,---,2017,16,2,5,6800,8692,0,0,,
Prawn,---,2017,16,5,1,150,*,*,*,,
Prawn,---,2017,16,6,5,4050,4633,0,0,,
Prawn,---,2017,16,7,3,2050,2320,0,0,,
Prawn,---,2017,16,8,3,450,425,0,0,,
Prawn,---,2017,16,9,4,2550,2336,0,0,,
Prawn,---,2017,16,10,7,6700,4887,0,0,,
Prawn,---,2017,16,11,7,10150,10319,0,0,,
Prawn,---,2017,16,12,5,2550,1403,0,0,,
Prawn,---,2017,16,13,5,1900,731,0,0,,
Prawn,---,2017,16,14,2,950,*,*,*,,
Prawn,---,2017,16,15,2,3200,*,*,*,,
Prawn,---,2017,16,16,3,1600,1675,0,0,,
Prawn,---,2017,16,17,5,3150,3255,0,0,,
Prawn,---,2017,16,18,10,12650,14100,0,0,,
Prawn,---,2017,16,19,10,12050,16945,0,0,,
Prawn,---,2017,16,20,1,50,*,*,*,,
Prawn,---,2017,16,21,15,32250,42369,0,0,,
Prawn,---,2017,16,22,2,150,*,*,*,,
Prawn,---,2017,16,Total,23,107050,122585,0,0,,
Prawn,---,2017,17,1,6,1143,1020,0,0,,
Prawn,---,2017,17,2,6,2156,2506,0,0,,
Prawn,---,2017,17,3,4,3041,3585,0,0,,
Prawn,---,2017,17,4,11,12353,15457,13,0,,
Prawn,---,2017,17,5,11,22066,24940,0,0,,
Prawn,---,2017,17,6,12,26472,28349,65,0,,
Prawn,---,2017,17,7,2,100,*,*,*,,
Prawn,---,2017,17,8,1,50,*,*,*,,
Prawn,---,2017,17,9,9,11620,14990,360,0,,
Prawn,---,2017,17,10,5,2030,2067,0,0,,
Prawn,---,2017,17,11,16,13542,15829,0,0,,
Prawn,---,2017,17,12,13,17841,17552,0,0,,
Prawn,---,2017,17,13,3,305,135,0,0,,
Prawn,---,2017,17,14,2,150,*,*,*,,
Prawn,---,2017,17,15,4,1644,1668,0,0,,
Prawn,---,2017,17,16,4,4560,9350,0,0,,
Prawn,---,2017,17,17,11,14092,13433,772,107,,
Prawn,---,2017,17,18,3,900,992,0,0,,
Prawn,---,2017,17,Total,36,134065,152008,1210,107,,
Prawn,---,2017,18,1,5,5650,9548,0,0,,
Prawn,---,2017,18,2,3,200,72,0,0,,
Prawn,---,2017,18,3,2,82,*,*,*,,
Prawn,---,2017,18,4,10,9090,11720,0,0,,
Prawn,---,2017,18,5,8,17891,30596,0,0,,
Prawn,---,2017,18,6,10,16197,20905,39,15,,
Prawn,---,2017,18,7,8,10477,18437,91,0,,
Prawn,---,2017,18,8,2,250,*,*,*,,
Prawn,---,2017,18,9,3,650,864,0,0,,
Prawn,---,2017,18,11,4,5300,7002,0,0,,
Prawn,---,2017,18,Total,18,65787,99349,130,15,,
Prawn,---,2017,19,3,4,18850,44147,0,0,,
Prawn,---,2017,19,4,3,200,70,0,0,,
Prawn,---,2017,19,5,12,48858,72545,81,18,,
Prawn,---,2017,19,7,6,4450,7147,77,0,,
Prawn,---,2017,19,8,6,7700,11445,73,0,,
Prawn,---,2017,19,9,1,50,*,*,*,,
Prawn,---,2017,19,10,2,200,*,*,*,,
Prawn,---,2017,19,11,2,450,*,*,*,,
Prawn,---,2017,19,Total,17,80758,136267,231,18,,
Prawn,---,2017,23,1,2,4050,*,*,*,,
Prawn,---,2017,23,2,4,8120,14505,0,0,,
Prawn,---,2017,23,3,4,6955,11525,0,0,,
Prawn,---,2017,23,4,4,10465,12830,0,0,,
Prawn,---,2017,23,5,4,1850,2209,0,0,,
Prawn,---,2017,23,6,5,12050,17273,0,0,,
Prawn,---,2017,23,7,3,2200,3190,0,0,,
Prawn,---,2017,23,8,2,350,*,*,*,,
Prawn,---,2017,23,10,1,500,*,*,*,,
Prawn,---,2017,23,11,1,100,*,*,*,,
Prawn,---,2017,23,Total,5,46640,69730,0,0,,
Prawn,---,2017,24,2,1,650,*,*,*,,
Prawn,---,2017,24,3,1,900,*,*,*,,
Prawn,---,2017,24,4,1,100,*,*,*,,
Prawn,---,2017,24,5,1,50,*,*,*,,
Prawn,---,2017,24,7,1,100,*,*,*,,
Prawn,---,2017,24,10,1,100,*,*,*,,
Prawn,---,2017,24,13,1,1350,*,*,*,,
Prawn,---,2017,24,14,1,450,*,*,*,,
Prawn,---,2017,24,Total,1,3700,*,*,*,,
Prawn,---,2017,25,1,1,350,*,*,*,,
Prawn,---,2017,25,2,3,850,966,0,0,,
Prawn,---,2017,25,3,3,6950,8944,0,0,,
Prawn,---,2017,25,4,5,7550,9104,0,0,,
Prawn,---,2017,25,5,2,250,*,*,*,,
Prawn,---,2017,25,6,5,13850,20081,0,0,,
Prawn,---,2017,25,7,1,100,*,*,*,,
Prawn,---,2017,25,8,4,4900,5195,0,0,,
Prawn,---,2017,25,9,3,6000,6905,0,0,,
Prawn,---,2017,25,10,1,250,*,*,*,,
Prawn,---,2017,25,11,3,1200,1270,0,0,,
Prawn,---,2017,25,13,2,1700,*,*,*,,
Prawn,---,2017,25,15,4,3900,5261,0,0,,
Prawn,---,2017,25,16,2,300,*,*,*,,
Prawn,---,2017,25,Total,6,48150,60493,0,0,,
Prawn,---,2017,26,2,5,11950,19748,0,0,,
Prawn,---,2017,26,3,3,1050,1319,0,0,,
Prawn,---,2017,26,4,5,8550,15494,0,0,,
Prawn,---,2017,26,5,4,4650,6581,0,0,,
Prawn,---,2017,26,7,1,150,*,*,*,,
Prawn,---,2017,26,9,1,200,*,*,*,,
Prawn,---,2017,26,Total,5,26550,43428,0,0,,
Prawn,---,2017,27,2,2,1900,*,*,*,,
Prawn,---,2017,27,5,1,100,*,*,*,,
Prawn,---,2017,27,7,10,35322,41262,0,0,,
Prawn,---,2017,27,8,9,20500,22970,135,0,,
Prawn,---,2017,27,9,2,100,*,*,*,,
Prawn,---,2017,27,10,7,5584,5896,0,0,,
Prawn,---,2017,27,11,12,68210,74440,0,2,,
Prawn,---,2017,27,Total,15,131716,146472,135,2,,
Prawn,---,2017,28,1,12,3834,4723,2,0,,
Prawn,---,2017,28,2,10,11819,13216,0,0,,
Prawn,---,2017,28,3,8,4099,5633,44,0,,
Prawn,---,2017,28,4,5,2100,4205,0,0,,
Prawn,---,2017,28,5,1,400,*,*,*,,
Prawn,---,2017,28,6,1,100,*,*,*,,
Prawn,---,2017,28,7,4,3800,6379,0,0,,
Prawn,---,2017,28,9,1,850,*,*,*,,
Prawn,---,2017,28,12,3,1640,894,0,0,,
Prawn,---,2017,28,13,3,295,190,0,0,,
Prawn,---,2017,28,Total,16,28937,38000,46,0,,
Prawn,---,2017,29,1,7,3600,2722,0,0,,
Prawn,---,2017,29,2,13,9558,9578,0,0,,
Prawn,---,2017,29,3,16,22678,20131,0,0,,
Prawn,---,2017,29,4,3,950,**,**,**,,
Prawn,---,2017,29,5,10,9385,7969,0,0,,
Prawn,---,2017,29,10,1,150,*,*,*,,
Prawn,---,2017,29,Total,28,46321,41943,0,0,,
Prawn,---,2017,106,2,1,5550,*,*,*,,
Prawn,---,2017,106,Total,1,5550,*,*,*,,
Prawn,---,2017,107,1,2,2850,*,*,*,,
Prawn,---,2017,107,2,5,16300,37407,0,0,,
Prawn,---,2017,107,3,2,4450,*,*,*,,
Prawn,---,2017,107,Total,6,23600,54174,0,0,,
Prawn,---,2017,110,0,2,8350,*,*,*,,
Prawn,---,2017,110,Total,2,8350,*,*,*,,
Prawn,---,2017,111,0,1,1450,*,*,*,,
Prawn,---,2017,111,Total,1,1450,*,*,*,,
Prawn,---,2018,1,6,1,16900,*,*,*,,
Prawn,---,2018,1,Total,1,16900,*,*,*,,
Prawn,---,2018,2,3,5,10650,24836,1,0,,
Prawn,---,2018,2,4,5,11140,21352,2,0,,
Prawn,---,2018,2,5,4,2100,2244,1,0,,
Prawn,---,2018,2,6,4,5100,12663,0,0,,
Prawn,---,2018,2,8,4,2900,4485,0,0,,
Prawn,---,2018,2,9,3,2400,5787,0,0,,
Prawn,---,2018,2,10,3,7251,10834,0,0,,
Prawn,---,2018,2,11,4,2206,2217,0,0,,
Prawn,---,2018,2,12,1,229,*,*,*,,
Prawn,---,2018,2,13,2,3149,*,*,*,,
Prawn,---,2018,2,42,2,350,*,*,*,,
Prawn,---,2018,2,43,2,800,*,*,*,,
Prawn,---,2018,2,44,1,50,*,*,*,,
Prawn,---,2018,2,45,1,100,*,*,*,,
Prawn,---,2018,2,46,2,3500,*,*,*,,
Prawn,---,2018,2,47,2,2300,*,*,*,,
Prawn,---,2018,2,49,1,50,*,*,*,,
Prawn,---,2018,2,51,1,100,*,*,*,,
Prawn,---,2018,2,52,1,50,*,*,*,,
Prawn,---,2018,2,54,1,100,*,*,*,,
Prawn,---,2018,2,55,1,100,*,*,*,,
Prawn,---,2018,2,56,1,50,*,*,*,,
Prawn,---,2018,2,57,2,400,*,*,*,,
Prawn,---,2018,2,58,2,300,*,*,*,,
Prawn,---,2018,2,59,1,100,*,*,*,,
Prawn,---,2018,2,60,1,50,*,*,*,,
Prawn,---,2018,2,61,1,250,*,*,*,,
Prawn,---,2018,2,63,1,150,*,*,*,,
Prawn,---,2018,2,64,1,1450,*,*,*,,
Prawn,---,2018,2,65,2,1400,*,*,*,,
Prawn,---,2018,2,66,1,600,*,*,*,,
Prawn,---,2018,2,67,1,50,*,*,*,,
Prawn,---,2018,2,68,2,2150,*,*,*,,
Prawn,---,2018,2,87,1,200,*,*,*,,
Prawn,---,2018,2,89,1,50,*,*,*,,
Prawn,---,2018,2,90,1,1050,*,*,*,,
Prawn,---,2018,2,91,1,500,*,*,*,,
Prawn,---,2018,2,Total,10,63375,107239,636,0,,
Prawn,---,2018,3,1,1,50,*,*,*,,
Prawn,---,2018,3,2,1,350,*,*,*,,
Prawn,---,2018,3,3,4,1450,3334,5,0,,
Prawn,---,2018,3,4,3,750,2107,0,0,,
Prawn,---,2018,3,6,2,5400,*,*,*,,
Prawn,---,2018,3,7,5,3205,4551,76,0,,
Prawn,---,2018,3,8,1,500,*,*,*,,
Prawn,---,2018,3,9,3,1690,1793,20,0,,
Prawn,---,2018,3,10,2,1545,*,*,*,,
Prawn,---,2018,3,11,2,6900,*,*,*,,
Prawn,---,2018,3,12,2,1350,*,*,*,,
Prawn,---,2018,3,13,1,1650,*,*,*,,
Prawn,---,2018,3,14,2,6600,*,*,*,,
Prawn,---,2018,3,15,2,3800,*,*,*,,
Prawn,---,2018,3,16,1,100,*,*,*,,
Prawn,---,2018,3,17,1,600,*,*,*,,
Prawn,---,2018,3,18,1,250,*,*,*,,
Prawn,---,2018,3,Total,8,36190,43302,9969,0,,
Prawn,---,2018,4,5,4,8000,16276,418,0,,
Prawn,---,2018,4,9,3,5400,13934,234,0,,
Prawn,---,2018,4,10,5,89615,0,50241,0,,
Prawn,---,2018,4,11,2,4450,*,*,*,,
Prawn,---,2018,4,12,5,8050,**,**,**,,
Prawn,---,2018,4,Total,9,115515,42384,53512,0,,
Prawn,---,2018,5,1,2,4400,*,*,*,,
Prawn,---,2018,5,2,2,1800,*,*,*,,
Prawn,---,2018,5,9,2,4300,*,*,*,,
Prawn,---,2018,5,13,1,400,*,*,*,,
Prawn,---,2018,5,15,1,2300,*,*,*,,
Prawn,---,2018,5,16,3,3800,5706,550,0,,
Prawn,---,2018,5,17,3,950,827,0,0,,
Prawn,---,2018,5,18,1,50,*,*,*,,
Prawn,---,2018,5,19,3,1153,1454,0,0,,
Prawn,---,2018,5,23,2,5650,*,*,*,,
Prawn,---,2018,5,24,6,6868,14007,31,51,,
Prawn,---,2018,5,Total,10,31671,44810,5050,101,,
Prawn,---,2018,6,1,7,21600,41232,3468,0,,
Prawn,---,2018,6,2,6,10900,24809,163,0,,
Prawn,---,2018,6,3,6,14350,27893,125,0,,
Prawn,---,2018,6,4,3,11950,13110,193,0,,
Prawn,---,2018,6,5,9,26003,36224,641,128,,
Prawn,---,2018,6,6,9,13772,20177,0,0,,
Prawn,---,2018,6,7,6,5887,9686,0,0,,
Prawn,---,2018,6,8,1,56,*,*,*,,
Prawn,---,2018,6,9,2,650,*,*,*,,
Prawn,---,2018,6,10,5,1212,499,0,0,,
Prawn,---,2018,6,12,4,3000,2234,0,0,,
Prawn,---,2018,6,13,2,350,*,*,*,,
Prawn,---,2018,6,14,1,525,*,*,*,,
Prawn,---,2018,6,16,6,1850,2156,0,0,,
Prawn,---,2018,6,17,1,1550,*,*,*,,
Prawn,---,2018,6,18,2,1000,*,*,*,,
Prawn,---,2018,6,19,5,5300,5598,0,0,,
Prawn,---,2018,6,20,11,10832,13608,41,0,,
Prawn,---,2018,6,21,3,2849,4075,527,0,,
Prawn,---,2018,6,22,4,1349,1538,310,0,,
Prawn,---,2018,6,23,3,1100,1763,7,0,,
Prawn,---,2018,6,25,5,7900,12203,91,0,,
Prawn,---,2018,6,26,3,1538,1751,0,0,,
Prawn,---,2018,6,27,4,910,1598,0,0,,
Prawn,---,2018,6,28,9,5739,7679,0,0,,
Prawn,---,2018,6,Total,25,152172,234462,5566,128,,
Prawn,---,2018,7,1,2,8600,*,*,*,,
Prawn,---,2018,7,2,5,2600,5748,0,0,,
Prawn,---,2018,7,3,6,15000,22591,0,0,,
Prawn,---,2018,7,4,3,800,760,0,0,,
Prawn,---,2018,7,5,1,50,*,*,*,,
Prawn,---,2018,7,6,2,600,*,*,*,,
Prawn,---,2018,7,7,3,1800,3690,0,0,,
Prawn,---,2018,7,9,12,21900,34335,0,0,,
Prawn,---,2018,7,10,6,2250,2173,0,0,,
Prawn,---,2018,7,11,3,2650,2984,0,0,,
Prawn,---,2018,7,12,5,1350,1232,0,0,,
Prawn,---,2018,7,13,2,750,*,*,*,,
Prawn,---,2018,7,14,5,4000,4330,0,0,,
Prawn,---,2018,7,15,2,1550,*,*,*,,
Prawn,---,2018,7,16,2,750,*,*,*,,
Prawn,---,2018,7,17,5,1150,1163,0,0,,
Prawn,---,2018,7,18,7,1150,955,0,0,,
Prawn,---,2018,7,19,3,4700,9386,0,0,,
Prawn,---,2018,7,20,1,50,*,*,*,,
Prawn,---,2018,7,21,2,750,*,*,*,,
Prawn,---,2018,7,23,4,1300,1356,4,0,,
Prawn,---,2018,7,24,1,350,*,*,*,,
Prawn,---,2018,7,25,4,1950,2089,0,0,,
Prawn,---,2018,7,26,2,600,*,*,*,,
Prawn,---,2018,7,27,2,2500,*,*,*,,
Prawn,---,2018,7,28,2,2700,*,*,*,,
Prawn,---,2018,7,29,3,700,520,0,0,,
Prawn,---,2018,7,30,1,100,*,*,*,,
Prawn,---,2018,7,31,2,5750,*,*,*,,
Prawn,---,2018,7,32,2,100,*,*,*,,
Prawn,---,2018,7,Total,25,88500,151343,364,9,,
Prawn,---,2018,8,1,1,100,*,*,*,,
Prawn,---,2018,8,2,4,1800,1801,2,0,,
Prawn,---,2018,8,3,4,1000,487,0,0,,
Prawn,---,2018,8,4,8,9700,10384,0,0,,
Prawn,---,2018,8,5,5,2050,1252,0,0,,
Prawn,---,2018,8,6,4,1350,671,2,0,,
Prawn,---,2018,8,7,7,5450,3200,0,0,,
Prawn,---,2018,8,8,2,1900,*,*,*,,
Prawn,---,2018,8,9,3,5200,4143,234,0,,
Prawn,---,2018,8,10,2,900,*,*,*,,
Prawn,---,2018,8,11,2,450,*,*,*,,
Prawn,---,2018,8,12,5,12350,10354,2936,7,,
Prawn,---,2018,8,13,5,4700,6030,0,0,,
Prawn,---,2018,8,14,3,2400,2981,6,0,,
Prawn,---,2018,8,15,3,900,855,0,0,,
Prawn,---,2018,8,16,6,3898,3596,7,0,,
Prawn,---,2018,8,Total,19,54148,48824,3546,7,,
Prawn,---,2018,9,1,4,7945,13582,0,0,,
Prawn,---,2018,9,2,3,4950,8685,0,0,,
Prawn,---,2018,9,3,2,2600,*,*,*,,
Prawn,---,2018,9,4,3,2450,3122,0,0,,
Prawn,---,2018,9,5,2,700,*,*,*,,
Prawn,---,2018,9,6,2,4150,*,*,*,,
Prawn,---,2018,9,7,2,1400,*,*,*,,
Prawn,---,2018,9,8,1,300,*,*,*,,
Prawn,---,2018,9,9,2,4200,*,*,*,,
Prawn,---,2018,9,10,1,600,*,*,*,,
Prawn,---,2018,9,11,4,2249,4054,0,0,,
Prawn,---,2018,9,12,7,7700,9830,30,0,,
Prawn,---,2018,9,Total,10,39244,60458,30,0,,
Prawn,---,2018,10,1,2,1400,*,*,*,,
Prawn,---,2018,10,2,1,200,*,*,*,,
Prawn,---,2018,10,3,2,340,*,*,*,,
Prawn,---,2018,10,4,2,2100,*,*,*,,
Prawn,---,2018,10,5,2,1400,*,*,*,,
Prawn,---,2018,10,6,2,1450,*,*,*,,
Prawn,---,2018,10,7,2,800,*,*,*,,
Prawn,---,2018,10,8,2,250,*,*,*,,
Prawn,---,2018,10,9,1,550,*,*,*,,
Prawn,---,2018,10,10,1,1400,*,*,*,,
Prawn,---,2018,10,12,1,6200,*,*,*,,
Prawn,---,2018,10,Total,4,16090,21302,173,6,,
Prawn,---,2018,11,2,2,4557,*,*,*,,
Prawn,---,2018,11,3,5,12570,13356,432,280,,
Prawn,---,2018,11,4,5,4200,4202,91,0,,
Prawn,---,2018,11,5,3,1150,1144,64,0,,
Prawn,---,2018,11,8,3,3160,4430,157,13,,
Prawn,---,2018,11,9,1,300,*,*,*,,
Prawn,---,2018,11,10,2,1350,*,*,*,,
Prawn,---,2018,11,Total,7,27287,28967,948,293,,
Prawn,---,2018,12,2,6,3765,5162,0,0,,
Prawn,---,2018,12,3,1,200,*,*,*,,
Prawn,---,2018,12,4,2,2900,*,*,*,,
Prawn,---,2018,12,6,10,21018,41008,0,0,,
Prawn,---,2018,12,7,8,5205,6927,0,0,,
Prawn,---,2018,12,9,1,50,*,*,*,,
Prawn,---,2018,12,11,1,965,*,*,*,,
Prawn,---,2018,12,12,1,205,*,*,*,,
Prawn,---,2018,12,13,2,1412,*,*,*,,
Prawn,---,2018,12,22,4,7088,10509,0,0,,
Prawn,---,2018,12,23,7,21700,39861,0,0,,
Prawn,---,2018,12,26,20,151330,303420,13,0,,
Prawn,---,2018,12,27,13,47953,95235,0,0,,
Prawn,---,2018,12,28,5,3050,5073,0,0,,
Prawn,---,2018,12,29,5,4350,7749,13,0,,
Prawn,---,2018,12,30,3,3450,6340,0,0,,
Prawn,---,2018,12,31,2,3200,*,*,*,,
Prawn,---,2018,12,32,2,1550,*,*,*,,
Prawn,---,2018,12,33,2,1400,*,*,*,,
Prawn,---,2018,12,34,2,1300,*,*,*,,
Prawn,---,2018,12,35,24,47584,81642,78,0,,
Prawn,---,2018,12,36,9,11368,15758,0,0,,
Prawn,---,2018,12,37,8,8250,15970,50,0,,
Prawn,---,2018,12,38,9,18050,30019,0,0,,
Prawn,---,2018,12,39,18,72133,109399,172,2,,
Prawn,---,2018,12,40,16,31798,58745,965,4,,
Prawn,---,2018,12,41,12,47532,79266,34,0,,
Prawn,---,2018,12,42,5,23870,28111,0,11,,
Prawn,---,2018,12,43,8,11076,19881,468,0,,
Prawn,---,2018,12,44,4,450,797,0,0,,
Prawn,---,2018,12,45,6,8520,14961,131,0,,
Prawn,---,2018,12,46,2,511,*,*,*,,
Prawn,---,2018,12,47,6,2360,4109,48,0,,
Prawn,---,2018,12,48,3,1924,3166,105,0,,
Prawn,---,2018,12,Total,54,567517,998987,2168,17,,
Prawn,---,2018,13,1,2,850,*,*,*,,
Prawn,---,2018,13,12,9,15258,15950,0,0,,
Prawn,---,2018,13,13,3,400,275,0,0,,
Prawn,---,2018,13,14,8,4400,3400,0,0,,
Prawn,---,2018,13,15,5,2400,2015,0,0,,
Prawn,---,2018,13,16,7,9050,8825,5,0,,
Prawn,---,2018,13,17,8,15599,17927,0,0,,
Prawn,---,2018,13,18,8,4162,3069,0,0,,
Prawn,---,2018,13,19,7,9834,10779,0,0,,
Prawn,---,2018,13,20,2,4500,*,*,*,,
Prawn,---,2018,13,21,5,19650,25783,0,0,,
Prawn,---,2018,13,22,3,8650,12531,0,0,,
Prawn,---,2018,13,23,2,1000,*,*,*,,
Prawn,---,2018,13,24,1,1250,*,*,*,,
Prawn,---,2018,13,25,1,2000,*,*,*,,
Prawn,---,2018,13,26,2,1300,*,*,*,,
Prawn,---,2018,13,35,1,650,*,*,*,,
Prawn,---,2018,13,36,1,3550,*,*,*,,
Prawn,---,2018,13,37,1,100,*,*,*,,
Prawn,---,2018,13,42,2,3750,*,*,*,,
Prawn,---,2018,13,43,3,9600,15817,0,0,,
Prawn,---,2018,13,Total,20,117953,141336,5,45,,
Prawn,---,2018,14,1,5,2298,2546,0,0,,
Prawn,---,2018,14,2,6,3000,4662,0,0,,
Prawn,---,2018,14,3,14,20293,34963,0,0,,
Prawn,---,2018,14,4,3,5103,7196,0,0,,
Prawn,---,2018,14,5,7,9080,17155,0,0,,
Prawn,---,2018,14,6,11,14230,24487,0,0,,
Prawn,---,2018,14,7,3,400,340,0,0,,
Prawn,---,2018,14,8,5,3550,6051,0,0,,
Prawn,---,2018,14,9,5,3650,5846,0,0,,
Prawn,---,2018,14,12,7,6100,9598,0,0,,
Prawn,---,2018,14,13,12,16350,21663,0,0,,
Prawn,---,2018,14,Total,27,84054,134507,0,0,,
Prawn,---,2018,15,1,11,29400,42341,0,0,,
Prawn,---,2018,15,2,14,47144,66803,0,0,,
Prawn,---,2018,15,3,8,20288,32811,0,0,,
Prawn,---,2018,15,4,3,5850,**,**,**,,
Prawn,---,2018,15,5,14,55356,76078,0,0,,
Prawn,---,2018,15,6,2,4478,*,*,*,,
Prawn,---,2018,15,Total,24,162516,235187,0,0,,
Prawn,---,2018,16,1,10,14694,19517,0,0,,
Prawn,---,2018,16,2,6,7500,14507,0,0,,
Prawn,---,2018,16,4,1,50,*,*,*,,
Prawn,---,2018,16,5,1,50,*,*,*,,
Prawn,---,2018,16,6,5,3849,4179,0,0,,
Prawn,---,2018,16,7,4,546,370,0,0,,
Prawn,---,2018,16,8,2,400,*,*,*,,
Prawn,---,2018,16,9,2,1200,*,*,*,,
Prawn,---,2018,16,10,6,4100,3961,0,0,,
Prawn,---,2018,16,11,6,6700,9010,0,0,,
Prawn,---,2018,16,12,5,4050,2490,0,0,,
Prawn,---,2018,16,13,2,4400,*,*,*,,
Prawn,---,2018,16,14,2,800,*,*,*,,
Prawn,---,2018,16,15,1,2500,*,*,*,,
Prawn,---,2018,16,16,3,4985,9250,0,0,,
Prawn,---,2018,16,17,5,2700,2150,0,0,,
Prawn,---,2018,16,18,9,18050,27623,0,0,,
Prawn,---,2018,16,19,15,17521,26409,0,0,,
Prawn,---,2018,16,20,2,150,*,*,*,,
Prawn,---,2018,16,21,18,50150,81242,0,0,,
Prawn,---,2018,16,22,3,250,280,0,0,,
Prawn,---,2018,16,Total,27,144645,209342,0,0,,
Prawn,---,2018,17,0,1,149,*,*,*,,
Prawn,---,2018,17,1,3,3648,4698,0,0,,
Prawn,---,2018,17,2,5,3659,4418,0,0,,
Prawn,---,2018,17,3,4,3749,5524,0,0,,
Prawn,---,2018,17,4,10,16163,27540,47,65,,
Prawn,---,2018,17,5,7,22890,38021,0,45,,
Prawn,---,2018,17,6,12,48970,67616,97,30,,
Prawn,---,2018,17,8,1,100,*,*,*,,
Prawn,---,2018,17,9,6,9300,15667,252,45,,
Prawn,---,2018,17,10,7,5475,6838,0,10,,
Prawn,---,2018,17,11,17,22211,37750,0,0,,
Prawn,---,2018,17,12,12,31338,53059,0,0,,
Prawn,---,2018,17,13,2,450,*,*,*,,
Prawn,---,2018,17,14,1,50,*,*,*,,
Prawn,---,2018,17,15,2,970,*,*,*,,
Prawn,---,2018,17,16,3,5098,13752,0,0,,
Prawn,---,2018,17,17,8,15157,19709,1665,142,,
Prawn,---,2018,17,18,6,2894,4113,0,0,,
Prawn,---,2018,17,Total,33,192271,300997,2071,337,,
Prawn,---,2018,18,0,1,200,*,*,*,,
Prawn,---,2018,18,1,5,6418,12800,0,0,,
Prawn,---,2018,18,2,4,1150,879,0,0,,
Prawn,---,2018,18,3,2,200,*,*,*,,
Prawn,---,2018,18,4,9,9199,14498,15,27,,
Prawn,---,2018,18,5,6,11625,22403,0,25,,
Prawn,---,2018,18,6,11,25736,35078,626,16,,
Prawn,---,2018,18,7,8,15567,29217,81,37,,
Prawn,---,2018,18,8,1,900,*,*,*,,
Prawn,---,2018,18,9,3,650,1165,0,0,,
Prawn,---,2018,18,11,2,6150,*,*,*,,
Prawn,---,2018,18,Total,18,77795,131983,722,118,,
Prawn,---,2018,19,3,2,29860,*,*,*,,
Prawn,---,2018,19,4,2,200,*,*,*,,
Prawn,---,2018,19,5,9,62510,90832,726,6,,
Prawn,---,2018,19,7,9,7158,12403,142,30,,
Prawn,---,2018,19,8,9,11746,18119,285,32,,
Prawn,---,2018,19,9,1,48,*,*,*,,
Prawn,---,2018,19,10,2,200,*,*,*,,
Prawn,---,2018,19,11,1,300,*,*,*,,
Prawn,---,2018,19,Total,18,112022,185207,1153,68,,
Prawn,---,2018,23,1,4,3682,4817,0,0,,
Prawn,---,2018,23,2,4,7925,11821,0,0,,
Prawn,---,2018,23,3,3,4448,6280,0,0,,
Prawn,---,2018,23,4,4,6750,8164,0,0,,
Prawn,---,2018,23,5,3,950,**,**,**,,
Prawn,---,2018,23,6,3,6600,8260,0,0,,
Prawn,---,2018,23,7,3,1150,1665,0,0,,
Prawn,---,2018,23,8,1,100,*,*,*,,
Prawn,---,2018,23,Total,5,31605,42637,0,0,,
Prawn,---,2018,24,2,2,1850,*,*,*,,
Prawn,---,2018,24,3,3,1850,1451,0,0,,
Prawn,---,2018,24,4,2,2150,*,*,*,,
Prawn,---,2018,24,5,2,1150,*,*,*,,
Prawn,---,2018,24,7,2,2050,*,*,*,,
Prawn,---,2018,24,10,3,1895,1003,0,26,,
Prawn,---,2018,24,11,1,100,*,*,*,,
Prawn,---,2018,24,12,3,2050,665,0,2,,
Prawn,---,2018,24,13,3,3274,2988,0,0,,
Prawn,---,2018,24,14,4,1550,1668,0,2,,
Prawn,---,2018,24,Total,5,17919,15143,0,59,,
Prawn,---,2018,25,1,2,2800,*,*,*,,
Prawn,---,2018,25,2,2,2900,*,*,*,,
Prawn,---,2018,25,3,2,8550,*,*,*,,
Prawn,---,2018,25,4,2,6200,*,*,*,,
Prawn,---,2018,25,5,1,1600,*,*,*,,
Prawn,---,2018,25,6,2,5150,*,*,*,,
Prawn,---,2018,25,8,5,7650,8563,0,0,,
Prawn,---,2018,25,9,4,3200,2504,0,0,,
Prawn,---,2018,25,10,1,150,*,*,*,,
Prawn,---,2018,25,11,2,700,*,*,*,,
Prawn,---,2018,25,13,3,2950,3048,0,0,,
Prawn,---,2018,25,15,2,1750,*,*,*,,
Prawn,---,2018,25,16,2,350,*,*,*,,
Prawn,---,2018,25,Total,5,43950,50645,0,0,,
Prawn,---,2018,26,2,4,12800,16995,0,0,,
Prawn,---,2018,26,3,2,1150,*,*,*,,
Prawn,---,2018,26,4,4,9750,15463,0,0,,
Prawn,---,2018,26,5,4,6300,6511,0,0,,
Prawn,---,2018,26,7,1,100,*,*,*,,
Prawn,---,2018,26,9,1,150,*,*,*,,
Prawn,---,2018,26,Total,4,30250,40078,0,0,,
Prawn,---,2018,27,0,1,50,*,*,*,,
Prawn,---,2018,27,2,1,50,*,*,*,,
Prawn,---,2018,27,7,6,14350,15563,0,0,,
Prawn,---,2018,27,8,4,15550,16471,0,0,,
Prawn,---,2018,27,9,1,50,*,*,*,,
Prawn,---,2018,27,10,5,4603,5321,0,0,,
Prawn,---,2018,27,11,8,42615,44174,52,13,,
Prawn,---,2018,27,Total,10,77268,81599,52,13,,
Prawn,---,2018,28,1,9,6567,9321,0,0,,
Prawn,---,2018,28,2,9,6920,10475,0,0,,
Prawn,---,2018,28,3,7,7650,14437,0,0,,
Prawn,---,2018,28,4,9,8790,10548,0,0,,
Prawn,---,2018,28,5,6,4250,4960,0,0,,
Prawn,---,2018,28,6,2,700,*,*,*,,
Prawn,---,2018,28,7,5,11590,14383,0,205,,
Prawn,---,2018,28,9,1,1200,*,*,*,,
Prawn,---,2018,28,12,1,1030,*,*,*,,
Prawn,---,2018,28,13,1,300,*,*,*,,
Prawn,---,2018,28,Total,14,48997,67230,0,315,,
Prawn,---,2018,29,1,5,4900,5415,0,0,,
Prawn,---,2018,29,2,10,6354,13232,0,0,,
Prawn,---,2018,29,3,12,20953,28891,0,0,,
Prawn,---,2018,29,4,3,2950,**,**,**,,
Prawn,---,2018,29,5,10,17483,25626,0,0,,
Prawn,---,2018,29,12,1,50,*,*,*,,
Prawn,---,2018,29,Total,21,52690,78230,0,0,,
Prawn,---,2018,102,2,1,426,*,*,*,,
Prawn,---,2018,102,Total,1,426,*,*,*,,
Prawn,---,2018,105,1,1,32,*,*,*,,
Prawn,---,2018,105,2,1,400,*,*,*,,
Prawn,---,2018,105,Total,1,432,*,*,*,,
Prawn,---,2018,106,1,1,5850,*,*,*,,
Prawn,---,2018,106,2,5,10878,**,**,**,,
Prawn,---,2018,106,Total,6,16728,36824,0,0,,
Prawn,---,2018,107,1,6,12000,27392,0,0,,
Prawn,---,2018,107,2,8,27357,62054,0,0,,
Prawn,---,2018,107,3,4,6850,16427,0,0,,
Prawn,---,2018,107,Total,12,46207,105873,0,0,,
Prawn,---,2018,108,1,2,300,*,*,*,,
Prawn,---,2018,108,2,1,350,*,*,*,,
Prawn,---,2018,108,Total,2,650,*,*,*,,
Prawn,---,2018,109,0,2,550,*,*,*,,
Prawn,---,2018,109,Total,2,550,*,*,*,,
Prawn,---,2018,110,0,3,11400,15392,0,0,,
Prawn,---,2018,110,Total,3,11400,15392,0,0,,
Prawn,---,2018,111,0,2,1200,*,*,*,,
Prawn,---,2018,111,Total,2,1200,*,*,*,,
Prawn,---,2018,127,2,1,400,*,*,*,,
Prawn,---,2018,127,4,1,100,*,*,*,,
Prawn,---,2018,127,Total,1,500,*,*,*,,
Prawn,---,2019,2,3,3,8650,9273,12,0,,
Prawn,---,2019,2,4,4,5150,5576,4,0,,
Prawn,---,2019,2,5,2,300,*,*,*,,
Prawn,---,2019,2,6,2,1990,*,*,*,,
Prawn,---,2019,2,7,1,200,*,*,*,,
Prawn,---,2019,2,8,3,4350,4432,6,0,,
Prawn,---,2019,2,9,2,2450,*,*,*,,
Prawn,---,2019,2,10,4,2800,3263,0,0,,
Prawn,---,2019,2,11,2,300,*,*,*,,
Prawn,---,2019,2,13,1,2000,*,*,*,,
Prawn,---,2019,2,43,1,100,*,*,*,,
Prawn,---,2019,2,45,1,100,*,*,*,,
Prawn,---,2019,2,46,1,200,*,*,*,,
Prawn,---,2019,2,47,1,150,*,*,*,,
Prawn,---,2019,2,64,1,600,*,*,*,,
Prawn,---,2019,2,65,1,100,*,*,*,,
Prawn,---,2019,2,66,1,100,*,*,*,,
Prawn,---,2019,2,89,1,50,*,*,*,,
Prawn,---,2019,2,90,1,600,*,*,*,,
Prawn,---,2019,2,91,1,300,*,*,*,,
Prawn,---,2019,2,Total,5,30490,33384,510,0,,
Prawn,---,2019,3,1,5,2000,2180,0,0,,
Prawn,---,2019,3,2,3,2550,3174,0,0,,
Prawn,---,2019,3,3,4,2300,4085,76,0,,
Prawn,---,2019,3,4,2,2450,*,*,*,,
Prawn,---,2019,3,6,8,13156,15043,120,252,,
Prawn,---,2019,3,7,5,1900,3273,121,0,,
Prawn,---,2019,3,8,2,1600,*,*,*,,
Prawn,---,2019,3,9,2,2950,*,*,*,,
Prawn,---,2019,3,10,2,1550,*,*,*,,
Prawn,---,2019,3,11,3,5250,7074,1544,0,,
Prawn,---,2019,3,12,3,350,491,16,0,,
Prawn,---,2019,3,13,2,650,*,*,*,,
Prawn,---,2019,3,14,2,4300,*,*,*,,
Prawn,---,2019,3,15,1,2650,*,*,*,,
Prawn,---,2019,3,16,1,400,*,*,*,,
Prawn,---,2019,3,17,1,350,*,*,*,,
Prawn,---,2019,3,Total,12,44406,57504,4893,259,,
Prawn,---,2019,4,1,1,250,*,*,*,,
Prawn,---,2019,4,5,8,16400,22430,16,0,,
Prawn,---,2019,4,9,5,9324,**,**,**,,
Prawn,---,2019,4,10,4,81750,0,56745,0,,
Prawn,---,2019,4,12,8,9483,12480,241,22,,
Prawn,---,2019,4,Total,14,117207,43230,57137,32,,
Prawn,---,2019,5,1,3,3298,3375,182,205,,
Prawn,---,2019,5,2,4,4595,9006,31,0,,
Prawn,---,2019,5,3,2,200,*,*,*,,
Prawn,---,2019,5,9,2,3147,*,*,*,,
Prawn,---,2019,5,10,1,100,*,*,*,,
Prawn,---,2019,5,14,2,400,*,*,*,,
Prawn,---,2019,5,15,1,3450,*,*,*,,
Prawn,---,2019,5,16,3,12199,22029,2681,0,,
Prawn,---,2019,5,19,2,550,*,*,*,,
Prawn,---,2019,5,23,4,11345,12110,3700,206,,
Prawn,---,2019,5,24,8,3900,6137,84,5,,
Prawn,---,2019,5,Total,12,43184,63876,7638,416,,
Prawn,---,2019,6,1,6,12600,23175,2362,0,,
Prawn,---,2019,6,2,4,5450,11185,22,0,,
Prawn,---,2019,6,3,4,10350,16452,104,0,,
Prawn,---,2019,6,4,3,11000,12748,392,0,,
Prawn,---,2019,6,5,7,24198,43483,255,4,,
Prawn,---,2019,6,6,7,9050,14315,0,0,,
Prawn,---,2019,6,7,5,2800,4148,36,0,,
Prawn,---,2019,6,8,2,600,*,*,*,,
Prawn,---,2019,6,9,1,350,*,*,*,,
Prawn,---,2019,6,10,3,850,476,0,0,,
Prawn,---,2019,6,12,1,100,*,*,*,,
Prawn,---,2019,6,16,2,450,*,*,*,,
Prawn,---,2019,6,17,1,2200,*,*,*,,
Prawn,---,2019,6,18,1,100,*,*,*,,
Prawn,---,2019,6,19,2,1500,*,*,*,,
Prawn,---,2019,6,20,7,4000,5052,63,0,,
Prawn,---,2019,6,21,4,1800,2277,36,0,,
Prawn,---,2019,6,22,3,1250,1192,51,0,,
Prawn,---,2019,6,23,3,450,298,0,0,,
Prawn,---,2019,6,24,1,1350,*,*,*,,
Prawn,---,2019,6,25,5,9600,18616,172,0,,
Prawn,---,2019,6,26,3,1050,1701,0,0,,
Prawn,---,2019,6,27,3,900,2129,0,0,,
Prawn,---,2019,6,28,6,3200,5532,0,0,,
Prawn,---,2019,6,Total,18,105198,176093,3515,4,,
Prawn,---,2019,7,1,2,7150,*,*,*,,
Prawn,---,2019,7,2,2,1750,*,*,*,,
Prawn,---,2019,7,3,3,11300,23682,0,0,,
Prawn,---,2019,7,4,4,1300,1345,0,0,,
Prawn,---,2019,7,5,3,1300,1348,0,0,,
Prawn,---,2019,7,6,3,4600,5127,0,0,,
Prawn,---,2019,7,7,1,1850,*,*,*,,
Prawn,---,2019,7,9,7,20250,31117,0,0,,
Prawn,---,2019,7,10,3,1700,851,0,0,,
Prawn,---,2019,7,11,3,700,268,0,0,,
Prawn,---,2019,7,12,3,4300,6676,0,0,,
Prawn,---,2019,7,13,2,2800,*,*,*,,
Prawn,---,2019,7,14,3,4560,6930,0,0,,
Prawn,---,2019,7,15,3,7640,17141,0,0,,
Prawn,---,2019,7,17,2,3400,*,*,*,,
Prawn,---,2019,7,18,5,3024,3642,0,0,,
Prawn,---,2019,7,19,3,6100,13700,2,0,,
Prawn,---,2019,7,20,2,650,*,*,*,,
Prawn,---,2019,7,21,3,1200,1941,0,0,,
Prawn,---,2019,7,22,1,150,*,*,*,,
Prawn,---,2019,7,23,3,2845,5749,98,0,,
Prawn,---,2019,7,24,4,3757,5128,2,0,,
Prawn,---,2019,7,25,5,2020,2082,2,0,,
Prawn,---,2019,7,26,4,654,1070,0,0,,
Prawn,---,2019,7,27,3,3770,5367,7,0,,
Prawn,---,2019,7,28,2,3924,*,*,*,,
Prawn,---,2019,7,29,2,1100,*,*,*,,
Prawn,---,2019,7,31,2,8200,*,*,*,,
Prawn,---,2019,7,Total,20,111994,215724,1575,0,,
Prawn,---,2019,8,1,1,50,*,*,*,,
Prawn,---,2019,8,2,3,1400,1390,0,0,,
Prawn,---,2019,8,3,2,1050,*,*,*,,
Prawn,---,2019,8,4,5,10050,14634,0,0,,
Prawn,---,2019,8,5,5,1700,1286,0,0,,
Prawn,---,2019,8,6,3,750,472,0,0,,
Prawn,---,2019,8,7,3,5500,3111,22,0,,
Prawn,---,2019,8,8,4,4850,4790,325,0,,
Prawn,---,2019,8,9,4,4000,3081,193,0,,
Prawn,---,2019,8,10,2,700,*,*,*,,
Prawn,---,2019,8,11,3,3350,4020,2105,0,,
Prawn,---,2019,8,12,2,2750,*,*,*,,
Prawn,---,2019,8,13,2,5100,*,*,*,,
Prawn,---,2019,8,14,2,3150,*,*,*,,
Prawn,---,2019,8,15,2,1700,*,*,*,,
Prawn,---,2019,8,16,6,3950,5381,9,0,,
Prawn,---,2019,8,Total,13,50050,53866,3370,0,,
Prawn,---,2019,9,1,4,6900,13349,0,0,,
Prawn,---,2019,9,2,3,5650,12057,22,0,,
Prawn,---,2019,9,3,3,2600,3109,0,0,,
Prawn,---,2019,9,4,3,3150,4948,0,0,,
Prawn,---,2019,9,5,3,800,1157,0,0,,
Prawn,---,2019,9,6,2,2100,*,*,*,,
Prawn,---,2019,9,7,1,1848,*,*,*,,
Prawn,---,2019,9,8,2,1400,*,*,*,,
Prawn,---,2019,9,9,2,3100,*,*,*,,
Prawn,---,2019,9,10,1,1150,*,*,*,,
Prawn,---,2019,9,11,4,6950,13385,0,0,,
Prawn,---,2019,9,12,7,10250,17544,83,0,,
Prawn,---,2019,9,Total,9,45898,79247,815,0,,
Prawn,---,2019,10,1,1,1450,*,*,*,,
Prawn,---,2019,10,2,2,350,*,*,*,,
Prawn,---,2019,10,3,1,900,*,*,*,,
Prawn,---,2019,10,4,5,5350,6705,0,0,,
Prawn,---,2019,10,5,4,2200,2757,2,0,,
Prawn,---,2019,10,6,5,3000,4070,0,0,,
Prawn,---,2019,10,7,3,1000,1046,0,0,,
Prawn,---,2019,10,8,2,350,*,*,*,,
Prawn,---,2019,10,9,2,600,*,*,*,,
Prawn,---,2019,10,10,2,2000,*,*,*,,
Prawn,---,2019,10,12,2,5150,*,*,*,,
Prawn,---,2019,10,Total,6,22350,31028,33,0,,
Prawn,---,2019,11,2,1,2850,*,*,*,,
Prawn,---,2019,11,3,4,5650,7258,72,209,,
Prawn,---,2019,11,4,2,3800,*,*,*,,
Prawn,---,2019,11,5,2,1850,*,*,*,,
Prawn,---,2019,11,6,1,150,*,*,*,,
Prawn,---,2019,11,7,1,100,*,*,*,,
Prawn,---,2019,11,8,3,900,1033,53,57,,
Prawn,---,2019,11,9,1,50,*,*,*,,
Prawn,---,2019,11,10,2,300,*,*,*,,
Prawn,---,2019,11,Total,5,15650,18891,130,266,,
Prawn,---,2019,12,0,2,1700,*,*,*,,
Prawn,---,2019,12,2,4,2625,4426,0,0,,
Prawn,---,2019,12,3,1,400,*,*,*,,
Prawn,---,2019,12,4,2,1905,*,*,*,,
Prawn,---,2019,12,6,10,24600,53480,0,0,,
Prawn,---,2019,12,7,8,7450,11293,0,0,,
Prawn,---,2019,12,8,1,50,*,*,*,,
Prawn,---,2019,12,9,2,150,*,*,*,,
Prawn,---,2019,12,10,2,250,*,*,*,,
Prawn,---,2019,12,11,2,650,*,*,*,,
Prawn,---,2019,12,12,1,50,*,*,*,,
Prawn,---,2019,12,13,4,4900,3181,0,0,,
Prawn,---,2019,12,16,1,50,*,*,*,,
Prawn,---,2019,12,18,1,50,*,*,*,,
Prawn,---,2019,12,22,6,8240,17017,0,0,,
Prawn,---,2019,12,23,6,28290,55094,0,0,,
Prawn,---,2019,12,24,1,50,*,*,*,,
Prawn,---,2019,12,26,22,161010,343592,40,44,,
Prawn,---,2019,12,27,13,43655,78708,0,0,,
Prawn,---,2019,12,28,4,1550,1804,2,0,,
Prawn,---,2019,12,29,4,2200,2034,4,2,,
Prawn,---,2019,12,30,5,9050,9936,28,0,,
Prawn,---,2019,12,31,4,4550,4521,7,0,,
Prawn,---,2019,12,32,4,2500,1636,4,0,,
Prawn,---,2019,12,33,3,1850,757,0,0,,
Prawn,---,2019,12,34,3,1500,701,0,0,,
Prawn,---,2019,12,35,20,43148,68466,57,0,,
Prawn,---,2019,12,36,4,5050,8858,0,0,,
Prawn,---,2019,12,37,6,3233,6760,0,0,,
Prawn,---,2019,12,38,12,18470,30911,18,0,,
Prawn,---,2019,12,39,18,94182,156615,197,11,,
Prawn,---,2019,12,40,13,24383,47011,956,0,,
Prawn,---,2019,12,41,12,69015,120481,29,5,,
Prawn,---,2019,12,42,5,15577,23676,0,0,,
Prawn,---,2019,12,43,6,6788,12355,541,0,,
Prawn,---,2019,12,44,2,400,*,*,*,,
Prawn,---,2019,12,45,6,4766,6527,292,0,,
Prawn,---,2019,12,46,1,122,*,*,*,,
Prawn,---,2019,12,47,4,2452,3702,164,0,,
Prawn,---,2019,12,48,3,1842,2537,325,0,,
Prawn,---,2019,12,Total,54,598703,1087438,2696,62,,
Prawn,---,2019,13,1,3,850,1261,0,0,,
Prawn,---,2019,13,3,1,50,*,*,*,,
Prawn,---,2019,13,12,7,22030,39225,0,0,,
Prawn,---,2019,13,13,3,3150,5010,0,0,,
Prawn,---,2019,13,14,6,6400,8099,0,0,,
Prawn,---,2019,13,15,5,3350,4198,0,0,,
Prawn,---,2019,13,16,6,9550,11823,0,0,,
Prawn,---,2019,13,17,8,19498,24412,0,0,,
Prawn,---,2019,13,18,5,3144,2345,0,0,,
Prawn,---,2019,13,19,5,7949,10421,0,0,,
Prawn,---,2019,13,20,1,2600,*,*,*,,
Prawn,---,2019,13,21,3,15650,19102,0,0,,
Prawn,---,2019,13,22,4,15050,22664,0,0,,
Prawn,---,2019,13,23,3,800,1053,0,0,,
Prawn,---,2019,13,24,2,647,*,*,*,,
Prawn,---,2019,13,25,2,750,*,*,*,,
Prawn,---,2019,13,26,2,500,*,*,*,,
Prawn,---,2019,13,35,3,2484,3959,0,0,,
Prawn,---,2019,13,36,3,12934,21401,0,0,,
Prawn,---,2019,13,37,2,250,*,*,*,,
Prawn,---,2019,13,39,1,50,*,*,*,,
Prawn,---,2019,13,40,1,50,*,*,*,,
Prawn,---,2019,13,41,2,150,*,*,*,,
Prawn,---,2019,13,42,2,5047,*,*,*,,
Prawn,---,2019,13,43,2,14597,*,*,*,,
Prawn,---,2019,13,Total,21,147530,219898,0,0,,
Prawn,---,2019,14,1,5,2450,3665,0,0,,
Prawn,---,2019,14,2,6,3400,5728,0,0,,
Prawn,---,2019,14,3,12,27785,46966,0,0,,
Prawn,---,2019,14,4,6,12250,22573,0,0,,
Prawn,---,2019,14,5,9,12130,19861,0,0,,
Prawn,---,2019,14,6,13,10525,17551,0,0,,
Prawn,---,2019,14,7,3,600,516,0,0,,
Prawn,---,2019,14,8,2,7050,*,*,*,,
Prawn,---,2019,14,9,4,3750,6380,0,0,,
Prawn,---,2019,14,11,1,100,*,*,*,,
Prawn,---,2019,14,12,9,8450,14841,0,0,,
Prawn,---,2019,14,13,11,13450,17946,0,0,,
Prawn,---,2019,14,Total,25,101940,170127,0,0,,
Prawn,---,2019,15,0,1,250,*,*,*,,
Prawn,---,2019,15,1,11,51350,78228,0,0,,
Prawn,---,2019,15,2,13,38697,64340,0,0,,
Prawn,---,2019,15,3,10,31162,44774,0,0,,
Prawn,---,2019,15,4,3,5150,9239,0,0,,
Prawn,---,2019,15,5,16,55739,74914,0,0,,
Prawn,---,2019,15,6,1,4150,*,*,*,,
Prawn,---,2019,15,Total,26,186498,278903,0,0,,
Prawn,---,2019,16,1,12,14700,26295,0,0,,
Prawn,---,2019,16,2,6,12050,21121,0,0,,
Prawn,---,2019,16,4,1,50,*,*,*,,
Prawn,---,2019,16,6,1,1200,*,*,*,,
Prawn,---,2019,16,7,1,250,*,*,*,,
Prawn,---,2019,16,8,1,50,*,*,*,,
Prawn,---,2019,16,9,2,3150,*,*,*,,
Prawn,---,2019,16,10,6,4250,5508,0,0,,
Prawn,---,2019,16,11,10,29800,43129,0,0,,
Prawn,---,2019,16,12,5,2150,3328,0,0,,
Prawn,---,2019,16,13,3,5950,6551,0,0,,
Prawn,---,2019,16,16,7,7850,12998,0,0,,
Prawn,---,2019,16,17,9,7550,10362,0,0,,
Prawn,---,2019,16,18,16,40100,62266,0,0,,
Prawn,---,2019,16,19,10,20350,42253,0,0,,
Prawn,---,2019,16,20,2,100,*,*,*,,
Prawn,---,2019,16,21,18,48220,91774,0,0,,
Prawn,---,2019,16,22,3,400,771,0,0,,
Prawn,---,2019,16,Total,36,198170,333262,0,0,,
Prawn,---,2019,17,0,1,600,*,*,*,,
Prawn,---,2019,17,1,3,6042,8628,0,0,,
Prawn,---,2019,17,2,7,4969,7286,0,0,,
Prawn,---,2019,17,3,5,2349,2653,0,0,,
Prawn,---,2019,17,4,13,20477,35131,36,0,,
Prawn,---,2019,17,5,9,27766,49178,22,0,,
Prawn,---,2019,17,6,18,74789,119725,0,0,,
Prawn,---,2019,17,7,1,50,*,*,*,,
Prawn,---,2019,17,8,1,50,*,*,*,,
Prawn,---,2019,17,9,12,18997,32617,10,0,,
Prawn,---,2019,17,10,6,3919,4007,0,0,,
Prawn,---,2019,17,11,15,26200,44151,0,0,,
Prawn,---,2019,17,12,14,34055,54869,0,0,,
Prawn,---,2019,17,13,7,1550,2245,0,0,,
Prawn,---,2019,17,15,6,2950,4010,4,0,,
Prawn,---,2019,17,16,7,8052,16228,0,0,,
Prawn,---,2019,17,17,9,28685,48422,2936,0,,
Prawn,---,2019,17,18,5,3900,6732,0,0,,
Prawn,---,2019,17,20,1,700,*,*,*,,
Prawn,---,2019,17,Total,38,266100,438727,3008,0,,
Prawn,---,2019,18,1,4,9549,21196,0,0,,
Prawn,---,2019,18,2,3,1500,1823,0,0,,
Prawn,---,2019,18,3,2,550,*,*,*,,
Prawn,---,2019,18,4,11,7088,8946,0,0,,
Prawn,---,2019,18,5,7,10895,23447,0,0,,
Prawn,---,2019,18,6,12,43063,55444,0,0,,
Prawn,---,2019,18,7,11,23250,42882,0,0,,
Prawn,---,2019,18,8,5,2450,4282,0,0,,
Prawn,---,2019,18,9,4,295,420,0,0,,
Prawn,---,2019,18,10,2,100,*,*,*,,
Prawn,---,2019,18,11,3,6399,15434,0,0,,
Prawn,---,2019,18,Total,20,105139,174528,0,0,,
Prawn,---,2019,19,3,2,39100,*,*,*,,
Prawn,---,2019,19,4,2,250,*,*,*,,
Prawn,---,2019,19,5,10,50128,72709,0,22,,
Prawn,---,2019,19,6,1,100,*,*,*,,
Prawn,---,2019,19,7,9,7551,11162,10,0,,
Prawn,---,2019,19,8,9,16465,27398,0,0,,
Prawn,---,2019,19,9,1,50,*,*,*,,
Prawn,---,2019,19,10,2,550,*,*,*,,
Prawn,---,2019,19,11,2,850,*,*,*,,
Prawn,---,2019,19,12,1,50,*,*,*,,
Prawn,---,2019,19,Total,19,115094,228920,10,22,,
Prawn,---,2019,23,1,1,3500,*,*,*,,
Prawn,---,2019,23,2,4,5500,9018,0,0,,
Prawn,---,2019,23,3,4,5850,8584,0,0,,
Prawn,---,2019,23,4,5,13450,21325,0,0,,
Prawn,---,2019,23,5,5,4100,5357,0,0,,
Prawn,---,2019,23,6,5,10350,18659,0,0,,
Prawn,---,2019,23,7,3,9150,14613,0,0,,
Prawn,---,2019,23,8,1,1050,*,*,*,,
Prawn,---,2019,23,9,1,100,*,*,*,,
Prawn,---,2019,23,10,2,600,*,*,*,,
Prawn,---,2019,23,11,2,150,*,*,*,,
Prawn,---,2019,23,Total,5,53800,86761,0,0,,
Prawn,---,2019,24,2,1,3850,*,*,*,,
Prawn,---,2019,24,3,4,1200,1186,0,0,,
Prawn,---,2019,24,4,5,3950,4910,0,0,,
Prawn,---,2019,24,5,2,100,*,*,*,,
Prawn,---,2019,24,7,3,2600,3298,0,0,,
Prawn,---,2019,24,10,2,500,*,*,*,,
Prawn,---,2019,24,12,2,450,*,*,*,,
Prawn,---,2019,24,13,3,2800,4546,0,0,,
Prawn,---,2019,24,14,5,1200,868,0,0,,
Prawn,---,2019,24,Total,6,16650,20711,0,0,,
Prawn,---,2019,25,1,2,3850,*,*,*,,
Prawn,---,2019,25,2,3,1900,1799,0,0,,
Prawn,---,2019,25,3,3,7650,10275,0,0,,
Prawn,---,2019,25,4,3,13850,18045,0,0,,
Prawn,---,2019,25,5,2,850,*,*,*,,
Prawn,---,2019,25,6,3,8300,13670,0,0,,
Prawn,---,2019,25,8,2,3000,*,*,*,,
Prawn,---,2019,25,9,2,6125,*,*,*,,
Prawn,---,2019,25,10,2,625,*,*,*,,
Prawn,---,2019,25,11,2,900,*,*,*,,
Prawn,---,2019,25,12,1,50,*,*,*,,
Prawn,---,2019,25,13,2,2300,*,*,*,,
Prawn,---,2019,25,15,2,2500,*,*,*,,
Prawn,---,2019,25,16,1,350,*,*,*,,
Prawn,---,2019,25,Total,5,52250,68703,0,0,,
Prawn,---,2019,26,2,4,18343,27203,0,0,,
Prawn,---,2019,26,3,3,350,213,0,0,,
Prawn,---,2019,26,4,4,6555,9210,0,0,,
Prawn,---,2019,26,5,3,4355,6210,0,0,,
Prawn,---,2019,26,Total,4,29603,42836,0,0,,
Prawn,---,2019,27,2,1,50,*,*,*,,
Prawn,---,2019,27,7,5,6250,9106,0,0,,
Prawn,---,2019,27,8,5,4050,4985,0,0,,
Prawn,---,2019,27,10,3,2100,**,**,**,,
Prawn,---,2019,27,11,4,18700,24113,0,0,,
Prawn,---,2019,27,Total,5,31150,41585,0,0,,
Prawn,---,2019,28,1,10,9986,15454,0,0,,
Prawn,---,2019,28,2,12,29135,53819,0,0,,
Prawn,---,2019,28,3,9,11882,21535,0,0,,
Prawn,---,2019,28,4,9,4740,9656,0,0,,
Prawn,---,2019,28,5,3,1150,2520,0,0,,
Prawn,---,2019,28,6,1,500,*,*,*,,
Prawn,---,2019,28,7,5,6501,11590,0,0,,
Prawn,---,2019,28,9,2,1263,*,*,*,,
Prawn,---,2019,28,12,2,1250,*,*,*,,
Prawn,---,2019,28,13,1,150,*,*,*,,
Prawn,---,2019,28,Total,16,66557,118261,33,0,,
Prawn,---,2019,29,1,3,4296,6030,0,0,,
Prawn,---,2019,29,2,9,23506,51980,0,0,,
Prawn,---,2019,29,3,14,35690,60218,0,0,,
Prawn,---,2019,29,4,3,1450,3482,0,0,,
Prawn,---,2019,29,5,9,14005,22153,0,0,,
Prawn,---,2019,29,9,1,50,*,*,*,,
Prawn,---,2019,29,14,1,50,*,*,*,,
Prawn,---,2019,29,Total,24,79047,143988,0,0,,
Prawn,---,2019,102,2,1,100,*,*,*,,
Prawn,---,2019,102,3,1,500,*,*,*,,
Prawn,---,2019,102,Total,2,600,*,*,*,,
Prawn,---,2019,106,1,1,6450,*,*,*,,
Prawn,---,2019,106,2,2,4550,*,*,*,,
Prawn,---,2019,106,Total,3,11000,23724,0,0,,
Prawn,---,2019,107,1,5,11600,25707,0,0,,
Prawn,---,2019,107,2,8,24050,63537,0,24,,
Prawn,---,2019,107,3,4,8400,15980,0,0,,
Prawn,---,2019,107,Total,9,44050,105224,0,24,,
Prawn,---,2019,110,0,1,5250,*,*,*,,
Prawn,---,2019,110,Total,1,5250,*,*,*,,
Prawn,---,2019,111,0,1,1000,*,*,*,,
Prawn,---,2019,111,Total,1,1000,*,*,*,,
Prawn,---,2020,0,0,1,100,*,*,*,,
Prawn,---,2020,0,Total,1,100,*,*,*,,
Prawn,---,2020,2,3,1,3350,*,*,*,,
Prawn,---,2020,2,4,1,1200,*,*,*,,
Prawn,---,2020,2,5,1,100,*,*,*,,
Prawn,---,2020,2,6,3,3950,7576,0,0,,
Prawn,---,2020,2,8,3,1950,1861,0,0,,
Prawn,---,2020,2,9,1,1400,*,*,*,,
Prawn,---,2020,2,10,2,2749,*,*,*,,
Prawn,---,2020,2,11,2,405,*,*,*,,
Prawn,---,2020,2,12,1,310,*,*,*,,
Prawn,---,2020,2,13,1,3055,*,*,*,,
Prawn,---,2020,2,42,1,500,*,*,*,,
Prawn,---,2020,2,43,1,500,*,*,*,,
Prawn,---,2020,2,45,1,50,*,*,*,,
Prawn,---,2020,2,46,1,1450,*,*,*,,
Prawn,---,2020,2,47,1,300,*,*,*,,
Prawn,---,2020,2,49,1,50,*,*,*,,
Prawn,---,2020,2,50,1,50,*,*,*,,
Prawn,---,2020,2,51,1,50,*,*,*,,
Prawn,---,2020,2,53,1,50,*,*,*,,
Prawn,---,2020,2,54,1,50,*,*,*,,
Prawn,---,2020,2,55,1,100,*,*,*,,
Prawn,---,2020,2,57,1,250,*,*,*,,
Prawn,---,2020,2,58,1,100,*,*,*,,
Prawn,---,2020,2,63,1,550,*,*,*,,
Prawn,---,2020,2,65,1,896,*,*,*,,
Prawn,---,2020,2,68,1,1349,*,*,*,,
Prawn,---,2020,2,69,1,250,*,*,*,,
Prawn,---,2020,2,75,1,250,*,*,*,,
Prawn,---,2020,2,78,1,150,*,*,*,,
Prawn,---,2020,2,79,1,100,*,*,*,,
Prawn,---,2020,2,82,1,1000,*,*,*,,
Prawn,---,2020,2,83,1,100,*,*,*,,
Prawn,---,2020,2,87,1,250,*,*,*,,
Prawn,---,2020,2,89,1,50,*,*,*,,
Prawn,---,2020,2,90,1,1350,*,*,*,,
Prawn,---,2020,2,91,1,800,*,*,*,,
Prawn,---,2020,2,97,1,50,*,*,*,,
Prawn,---,2020,2,Total,4,29114,55919,16,0,,
Prawn,---,2020,3,1,2,1600,*,*,*,,
Prawn,---,2020,3,2,2,1500,*,*,*,,
Prawn,---,2020,3,3,4,2600,3555,11,0,,
Prawn,---,2020,3,4,3,1750,2669,0,0,,
Prawn,---,2020,3,6,2,4296,*,*,*,,
Prawn,---,2020,3,7,4,1700,2802,33,0,,
Prawn,---,2020,3,8,3,750,1054,34,0,,
Prawn,---,2020,3,9,2,1550,*,*,*,,
Prawn,---,2020,3,10,3,3800,4491,485,0,,
Prawn,---,2020,3,11,1,7550,*,*,*,,
Prawn,---,2020,3,12,1,200,*,*,*,,
Prawn,---,2020,3,13,1,1300,*,*,*,,
Prawn,---,2020,3,14,1,2400,*,*,*,,
Prawn,---,2020,3,15,2,2595,*,*,*,,
Prawn,---,2020,3,17,1,100,*,*,*,,
Prawn,---,2020,3,Total,4,33691,44084,1666,0,,
Prawn,---,2020,4,2,1,150,*,*,*,,
Prawn,---,2020,4,4,1,50,*,*,*,,
Prawn,---,2020,4,5,4,10900,14803,5,0,,
Prawn,---,2020,4,9,4,8430,8834,147,0,,
Prawn,---,2020,4,10,5,88455,1020,55354,0,,
Prawn,---,2020,4,11,1,120,*,*,*,,
Prawn,---,2020,4,12,4,8946,11617,72,0,,
Prawn,---,2020,4,13,1,100,*,*,*,,
Prawn,---,2020,4,Total,10,117151,36274,55618,0,,
Prawn,---,2020,5,1,4,3150,2657,213,22,,
Prawn,---,2020,5,2,4,1750,2312,20,0,,
Prawn,---,2020,5,9,1,4950,*,*,*,,
Prawn,---,2020,5,15,2,1749,*,*,*,,
Prawn,---,2020,5,16,2,6049,*,*,*,,
Prawn,---,2020,5,17,2,500,*,*,*,,
Prawn,---,2020,5,18,2,248,*,*,*,,
Prawn,---,2020,5,19,1,1000,*,*,*,,
Prawn,---,2020,5,23,3,12900,15139,2652,319,,
Prawn,---,2020,5,24,5,3001,4374,10,0,,
Prawn,---,2020,5,Total,11,35297,51133,3086,341,,
Prawn,---,2020,6,1,5,12550,18491,943,42,,
Prawn,---,2020,6,2,6,9100,12939,0,0,,
Prawn,---,2020,6,3,6,10200,16411,0,0,,
Prawn,---,2020,6,4,6,23490,38821,3396,16,,
Prawn,---,2020,6,5,7,12075,23593,94,0,,
Prawn,---,2020,6,6,7,7000,11158,51,0,,
Prawn,---,2020,6,7,6,2200,3198,51,0,,
Prawn,---,2020,6,9,2,550,*,*,*,,
Prawn,---,2020,6,10,5,670,555,0,0,,
Prawn,---,2020,6,12,3,2250,3350,0,0,,
Prawn,---,2020,6,14,2,1040,*,*,*,,
Prawn,---,2020,6,16,4,1200,1827,0,0,,
Prawn,---,2020,6,17,2,1750,*,*,*,,
Prawn,---,2020,6,18,3,600,1561,0,0,,
Prawn,---,2020,6,19,4,3950,5482,15,0,,
Prawn,---,2020,6,20,5,8750,15251,7,2,,
Prawn,---,2020,6,21,3,3550,7098,553,0,,
Prawn,---,2020,6,22,3,2050,4983,4,0,,
Prawn,---,2020,6,23,2,350,*,*,*,,
Prawn,---,2020,6,24,3,400,459,0,0,,
Prawn,---,2020,6,25,4,7500,17462,0,0,,
Prawn,---,2020,6,26,3,350,421,0,0,,
Prawn,---,2020,6,27,1,200,*,*,*,,
Prawn,---,2020,6,28,6,1250,1950,0,0,,
Prawn,---,2020,6,Total,19,113025,191743,5122,60,,
Prawn,---,2020,7,1,2,8450,*,*,*,,
Prawn,---,2020,7,2,5,4600,11658,0,0,,
Prawn,---,2020,7,3,6,15350,31729,0,0,,
Prawn,---,2020,7,4,4,1100,1601,0,0,,
Prawn,---,2020,7,5,2,600,*,*,*,,
Prawn,---,2020,7,6,2,3050,*,*,*,,
Prawn,---,2020,7,7,1,1650,*,*,*,,
Prawn,---,2020,7,9,6,15200,22405,0,0,,
Prawn,---,2020,7,10,1,50,*,*,*,,
Prawn,---,2020,7,11,1,50,*,*,*,,
Prawn,---,2020,7,12,5,3400,5398,0,0,,
Prawn,---,2020,7,13,2,1200,*,*,*,,
Prawn,---,2020,7,14,3,4350,6657,119,0,,
Prawn,---,2020,7,15,3,6950,12170,0,0,,
Prawn,---,2020,7,16,1,3950,*,*,*,,
Prawn,---,2020,7,17,3,5050,5109,0,0,,
Prawn,---,2020,7,18,6,1474,1823,0,0,,
Prawn,---,2020,7,19,3,5200,14949,0,0,,
Prawn,---,2020,7,20,1,1250,*,*,*,,
Prawn,---,2020,7,21,3,850,2478,0,0,,
Prawn,---,2020,7,22,1,50,*,*,*,,
Prawn,---,2020,7,23,3,3800,9028,61,0,,
Prawn,---,2020,7,24,5,1800,3215,0,0,,
Prawn,---,2020,7,25,3,2490,2764,0,0,,
Prawn,---,2020,7,26,3,910,1093,0,0,,
Prawn,---,2020,7,27,3,4698,5543,10,0,,
Prawn,---,2020,7,28,2,2500,*,*,*,,
Prawn,---,2020,7,29,1,150,*,*,*,,
Prawn,---,2020,7,30,2,800,*,*,*,,
Prawn,---,2020,7,31,4,7900,23094,0,0,,
Prawn,---,2020,7,32,2,300,*,*,*,,
Prawn,---,2020,7,Total,19,109172,211265,1060,0,,
Prawn,---,2020,8,1,1,50,*,*,*,,
Prawn,---,2020,8,2,3,1146,1064,0,0,,
Prawn,---,2020,8,3,2,700,*,*,*,,
Prawn,---,2020,8,4,6,11300,17424,2,0,,
Prawn,---,2020,8,5,3,1050,1289,0,0,,
Prawn,---,2020,8,6,3,1000,739,0,0,,
Prawn,---,2020,8,7,1,1850,*,*,*,,
Prawn,---,2020,8,8,3,1500,1637,546,0,,
Prawn,---,2020,8,9,2,850,*,*,*,,
Prawn,---,2020,8,10,1,200,*,*,*,,
Prawn,---,2020,8,11,2,1100,*,*,*,,
Prawn,---,2020,8,12,1,2550,*,*,*,,
Prawn,---,2020,8,13,2,5000,*,*,*,,
Prawn,---,2020,8,14,2,950,*,*,*,,
Prawn,---,2020,8,15,3,1200,1003,4,0,,
Prawn,---,2020,8,16,6,4858,5175,4,0,,
Prawn,---,2020,8,Total,14,35304,44277,1611,0,,
Prawn,---,2020,9,1,3,7900,16307,2,0,,
Prawn,---,2020,9,2,4,15800,34530,0,0,,
Prawn,---,2020,9,3,5,3350,4701,0,159,,
Prawn,---,2020,9,4,3,2650,3165,0,0,,
Prawn,---,2020,9,5,2,550,*,*,*,,
Prawn,---,2020,9,6,1,2150,*,*,*,,
Prawn,---,2020,9,7,1,1150,*,*,*,,
Prawn,---,2020,9,8,1,1900,*,*,*,,
Prawn,---,2020,9,9,1,1380,*,*,*,,
Prawn,---,2020,9,10,1,1600,*,*,*,,
Prawn,---,2020,9,11,5,3750,6222,0,0,,
Prawn,---,2020,9,12,2,4800,*,*,*,,
Prawn,---,2020,9,Total,8,46980,86268,46,936,,
Prawn,---,2020,10,1,1,350,*,*,*,,
Prawn,---,2020,10,2,1,50,*,*,*,,
Prawn,---,2020,10,3,1,1054,*,*,*,,
Prawn,---,2020,10,4,2,5136,*,*,*,,
Prawn,---,2020,10,5,3,1464,2006,0,0,,
Prawn,---,2020,10,6,2,932,*,*,*,,
Prawn,---,2020,10,7,3,2188,2249,0,0,,
Prawn,---,2020,10,8,3,524,749,0,0,,
Prawn,---,2020,10,9,3,1780,1698,0,0,,
Prawn,---,2020,10,10,2,2280,*,*,*,,
Prawn,---,2020,10,12,2,3900,*,*,*,,
Prawn,---,2020,10,Total,4,19658,30073,0,0,,
Prawn,---,2020,11,2,6,4800,3594,0,0,,
Prawn,---,2020,11,3,7,15358,22772,320,545,,
Prawn,---,2020,11,4,7,8808,11198,199,0,,
Prawn,---,2020,11,5,5,2532,2318,1077,0,,
Prawn,---,2020,11,6,3,668,423,63,0,,
Prawn,---,2020,11,7,2,704,*,*,*,,
Prawn,---,2020,11,8,4,3155,4730,4,20,,
Prawn,---,2020,11,9,2,152,*,*,*,,
Prawn,---,2020,11,10,3,2382,2570,14,0,,
Prawn,---,2020,11,Total,10,38559,47919,1979,565,,
Prawn,---,2020,12,1,1,45,*,*,*,,
Prawn,---,2020,12,2,4,1650,3103,0,0,,
Prawn,---,2020,12,3,2,550,*,*,*,,
Prawn,---,2020,12,4,2,3541,*,*,*,,
Prawn,---,2020,12,6,9,18139,47997,0,75,,
Prawn,---,2020,12,7,10,3028,5060,0,0,,
Prawn,---,2020,12,11,1,250,*,*,*,,
Prawn,---,2020,12,13,2,850,*,*,*,,
Prawn,---,2020,12,18,1,365,*,*,*,,
Prawn,---,2020,12,22,4,2650,4695,0,0,,
Prawn,---,2020,12,23,5,12438,20884,0,0,,
Prawn,---,2020,12,26,19,105196,204108,0,50,,
Prawn,---,2020,12,27,10,32324,59283,10,0,,
Prawn,---,2020,12,28,5,1725,2059,0,0,,
Prawn,---,2020,12,29,5,2150,2400,1,0,,
Prawn,---,2020,12,30,4,4575,3159,17,0,,
Prawn,---,2020,12,31,3,2200,1484,23,0,,
Prawn,---,2020,12,32,3,1700,1107,0,0,,
Prawn,---,2020,12,33,2,1200,*,*,*,,
Prawn,---,2020,12,34,2,1150,*,*,*,,
Prawn,---,2020,12,35,14,14098,25966,0,0,,
Prawn,---,2020,12,36,3,2800,6221,0,0,,
Prawn,---,2020,12,37,4,2650,7201,0,0,,
Prawn,---,2020,12,38,9,14946,24750,0,0,,
Prawn,---,2020,12,39,20,71093,140775,0,0,,
Prawn,---,2020,12,40,14,20616,45939,976,0,,
Prawn,---,2020,12,41,11,49214,105600,26,0,,
Prawn,---,2020,12,42,4,11810,21208,0,0,,
Prawn,---,2020,12,43,6,5981,11681,213,0,,
Prawn,---,2020,12,44,3,304,661,0,0,,
Prawn,---,2020,12,45,3,4876,9946,287,0,,
Prawn,---,2020,12,46,1,34,*,*,*,,
Prawn,---,2020,12,47,3,2470,5222,156,0,,
Prawn,---,2020,12,48,2,1300,*,*,*,,
Prawn,---,2020,12,Total,51,397918,780680,1887,125,,
Prawn,---,2020,13,0,1,50,*,*,*,,
Prawn,---,2020,13,1,8,2100,2061,0,0,,
Prawn,---,2020,13,2,1,50,*,*,*,,
Prawn,---,2020,13,10,1,50,*,*,*,,
Prawn,---,2020,13,12,8,20805,45114,0,0,,
Prawn,---,2020,13,13,7,2450,4133,0,0,,
Prawn,---,2020,13,14,8,5566,8799,0,0,,
Prawn,---,2020,13,15,9,2845,3924,0,0,,
Prawn,---,2020,13,16,12,8500,11929,0,0,,
Prawn,---,2020,13,17,13,21667,32112,0,0,,
Prawn,---,2020,13,18,7,2800,3075,0,0,,
Prawn,---,2020,13,19,7,10758,24455,0,0,,
Prawn,---,2020,13,20,3,2800,4150,0,0,,
Prawn,---,2020,13,21,5,13200,23534,0,0,,
Prawn,---,2020,13,22,2,7350,*,*,*,,
Prawn,---,2020,13,23,7,2700,2313,0,0,,
Prawn,---,2020,13,24,2,2000,*,*,*,,
Prawn,---,2020,13,25,3,200,204,0,0,,
Prawn,---,2020,13,26,4,4350,7522,0,0,,
Prawn,---,2020,13,35,2,3150,*,*,*,,
Prawn,---,2020,13,36,4,13450,20066,0,0,,
Prawn,---,2020,13,37,2,350,*,*,*,,
Prawn,---,2020,13,39,1,100,*,*,*,,
Prawn,---,2020,13,41,2,700,*,*,*,,
Prawn,---,2020,13,42,3,6798,12888,0,0,,
Prawn,---,2020,13,43,3,13199,28744,0,0,,
Prawn,---,2020,13,Total,31,147988,264674,33,4,,
Prawn,---,2020,14,1,4,1100,1818,0,0,,
Prawn,---,2020,14,2,6,2900,6460,0,0,,
Prawn,---,2020,14,3,12,21689,50934,0,0,,
Prawn,---,2020,14,4,5,6050,14215,0,0,,
Prawn,---,2020,14,5,10,13120,25280,0,0,,
Prawn,---,2020,14,6,15,15485,33590,0,0,,
Prawn,---,2020,14,7,5,450,308,0,0,,
Prawn,---,2020,14,8,5,3250,5425,20,0,,
Prawn,---,2020,14,9,8,5999,10889,0,0,,
Prawn,---,2020,14,12,13,13850,23367,0,0,,
Prawn,---,2020,14,13,15,26424,57053,0,0,,
Prawn,---,2020,14,Total,35,110317,229339,20,0,,
Prawn,---,2020,15,0,1,50,*,*,*,,
Prawn,---,2020,15,1,9,37764,71294,0,0,,
Prawn,---,2020,15,2,20,48556,94835,0,0,,
Prawn,---,2020,15,3,12,26062,47284,0,0,,
Prawn,---,2020,15,4,6,5100,**,**,**,,
Prawn,---,2020,15,5,21,67893,121820,0,0,,
Prawn,---,2020,15,6,4,6851,14433,0,0,,
Prawn,---,2020,15,Total,34,192276,363270,0,0,,
Prawn,---,2020,16,1,12,14502,33787,0,0,,
Prawn,---,2020,16,2,9,9000,21805,0,0,,
Prawn,---,2020,16,6,2,1850,*,*,*,,
Prawn,---,2020,16,7,1,100,*,*,*,,
Prawn,---,2020,16,8,1,50,*,*,*,,
Prawn,---,2020,16,9,3,2400,4669,0,0,,
Prawn,---,2020,16,10,7,8274,15783,0,0,,
Prawn,---,2020,16,11,9,23157,44152,0,0,,
Prawn,---,2020,16,12,4,6050,13332,0,0,,
Prawn,---,2020,16,13,3,6670,13003,0,0,,
Prawn,---,2020,16,14,1,500,*,*,*,,
Prawn,---,2020,16,15,2,3550,*,*,*,,
Prawn,---,2020,16,16,4,8848,21190,0,0,,
Prawn,---,2020,16,17,9,6480,11580,0,0,,
Prawn,---,2020,16,18,15,43708,97281,0,0,,
Prawn,---,2020,16,19,14,20857,57011,0,0,,
Prawn,---,2020,16,20,2,200,*,*,*,,
Prawn,---,2020,16,21,24,47146,122376,0,0,,
Prawn,---,2020,16,22,6,1350,3511,0,0,,
Prawn,---,2020,16,Total,39,204692,469707,0,0,,
Prawn,---,2020,17,0,1,50,*,*,*,,
Prawn,---,2020,17,1,5,5282,7822,0,0,,
Prawn,---,2020,17,2,8,16655,24244,81,317,,
Prawn,---,2020,17,3,4,2980,4913,40,0,,
Prawn,---,2020,17,4,10,14888,28596,45,0,,
Prawn,---,2020,17,5,12,38287,53980,0,0,,
Prawn,---,2020,17,6,16,79296,145873,168,439,,
Prawn,---,2020,17,8,4,1100,1738,10,0,,
Prawn,---,2020,17,9,11,28442,57534,172,416,,
Prawn,---,2020,17,10,7,4550,6166,0,0,,
Prawn,---,2020,17,11,17,27560,64960,0,0,,
Prawn,---,2020,17,12,11,31403,65431,0,0,,
Prawn,---,2020,17,13,8,2400,4768,0,0,,
Prawn,---,2020,17,15,5,1749,3805,0,0,,
Prawn,---,2020,17,16,4,2475,6747,0,0,,
Prawn,---,2020,17,17,8,21237,46973,930,0,,
Prawn,---,2020,17,18,4,2050,4516,0,0,,
Prawn,---,2020,17,19,1,100,*,*,*,,
Prawn,---,2020,17,20,1,150,*,*,*,,
Prawn,---,2020,17,Total,41,280654,529096,1446,1172,,
Prawn,---,2020,18,1,5,4102,5669,0,0,,
Prawn,---,2020,18,2,8,1700,2096,0,0,,
Prawn,---,2020,18,3,3,500,**,**,**,,
Prawn,---,2020,18,4,13,6050,9535,0,0,,
Prawn,---,2020,18,5,9,11856,26104,0,0,,
Prawn,---,2020,18,6,14,37745,58592,0,0,,
Prawn,---,2020,18,7,13,36205,70495,15,124,,
Prawn,---,2020,18,8,4,2220,3598,0,0,,
Prawn,---,2020,18,9,3,750,1360,0,0,,
Prawn,---,2020,18,10,1,300,*,*,*,,
Prawn,---,2020,18,11,3,4800,7335,2,0,,
Prawn,---,2020,18,Total,21,106228,185655,17,124,,
Prawn,---,2020,19,3,3,43487,193485,0,0,,
Prawn,---,2020,19,4,1,350,*,*,*,,
Prawn,---,2020,19,5,10,37127,59364,0,0,,
Prawn,---,2020,19,7,7,6565,6510,0,0,,
Prawn,---,2020,19,8,11,8429,13579,60,145,,
Prawn,---,2020,19,10,3,608,810,0,0,,
Prawn,---,2020,19,11,3,300,**,**,**,,
Prawn,---,2020,19,Total,19,96866,274125,60,145,,
Prawn,---,2020,20,5,1,150,*,*,*,,
Prawn,---,2020,20,Total,1,150,*,*,*,,
Prawn,---,2020,23,1,3,1750,3347,0,0,,
Prawn,---,2020,23,2,4,5050,7905,0,0,,
Prawn,---,2020,23,3,5,4200,6208,0,0,,
Prawn,---,2020,23,4,6,11903,21889,0,0,,
Prawn,---,2020,23,5,5,2217,**,**,**,,
Prawn,---,2020,23,6,5,15490,26786,0,9,,
Prawn,---,2020,23,7,4,4850,9701,0,0,,
Prawn,---,2020,23,8,2,950,*,*,*,,
Prawn,---,2020,23,Total,6,46410,80569,0,9,,
Prawn,---,2020,24,2,2,1450,*,*,*,,
Prawn,---,2020,24,3,2,850,*,*,*,,
Prawn,---,2020,24,4,2,1100,*,*,*,,
Prawn,---,2020,24,5,1,100,*,*,*,,
Prawn,---,2020,24,7,1,2700,*,*,*,,
Prawn,---,2020,24,12,1,200,*,*,*,,
Prawn,---,2020,24,13,2,1750,*,*,*,,
Prawn,---,2020,24,14,2,1000,*,*,*,,
Prawn,---,2020,24,Total,2,9150,*,*,*,,
Prawn,---,2020,25,1,2,2750,*,*,*,,
Prawn,---,2020,25,2,2,1450,*,*,*,,
Prawn,---,2020,25,3,3,4750,7732,0,0,,
Prawn,---,2020,25,4,5,10555,15278,0,0,,
Prawn,---,2020,25,5,2,2900,*,*,*,,
Prawn,---,2020,25,6,4,15100,22644,0,0,,
Prawn,---,2020,25,8,5,7989,10756,0,0,,
Prawn,---,2020,25,9,4,12714,24643,0,0,,
Prawn,---,2020,25,10,3,1355,2054,0,0,,
Prawn,---,2020,25,11,1,3539,*,*,*,,
Prawn,---,2020,25,12,1,55,*,*,*,,
Prawn,---,2020,25,13,3,4640,6702,0,0,,
Prawn,---,2020,25,15,3,3850,4888,0,0,,
Prawn,---,2020,25,16,2,700,*,*,*,,
Prawn,---,2020,25,Total,6,72347,115426,0,0,,
Prawn,---,2020,26,1,1,100,*,*,*,,
Prawn,---,2020,26,2,4,9798,15569,0,0,,
Prawn,---,2020,26,3,3,750,497,0,0,,
Prawn,---,2020,26,4,3,11729,17768,0,0,,
Prawn,---,2020,26,5,4,6150,9039,0,0,,
Prawn,---,2020,26,7,1,50,*,*,*,,
Prawn,---,2020,26,9,2,300,*,*,*,,
Prawn,---,2020,26,Total,4,28877,42996,0,0,,
Prawn,---,2020,27,7,3,9800,16979,0,0,,
Prawn,---,2020,27,8,3,6250,11148,0,0,,
Prawn,---,2020,27,10,4,3796,5988,0,0,,
Prawn,---,2020,27,11,6,31942,53579,0,0,,
Prawn,---,2020,27,Total,6,51788,87694,0,0,,
Prawn,---,2020,28,1,8,8210,9927,0,15,,
Prawn,---,2020,28,2,7,21434,34227,0,0,,
Prawn,---,2020,28,3,5,6430,11108,0,0,,
Prawn,---,2020,28,4,5,5051,9035,0,0,,
Prawn,---,2020,28,5,3,2104,3695,0,0,,
Prawn,---,2020,28,6,4,1096,1210,0,0,,
Prawn,---,2020,28,7,5,5843,10890,20,20,,
Prawn,---,2020,28,9,1,1530,*,*,*,,
Prawn,---,2020,28,12,1,1610,*,*,*,,
Prawn,---,2020,28,13,1,250,*,*,*,,
Prawn,---,2020,28,Total,11,53558,84015,40,147,,
Prawn,---,2020,29,1,7,6949,10600,0,0,,
Prawn,---,2020,29,2,12,18437,38637,0,0,,
Prawn,---,2020,29,3,14,34624,53769,0,0,,
Prawn,---,2020,29,4,5,2100,4242,2,0,,
Prawn,---,2020,29,5,10,8550,12166,0,0,,
Prawn,---,2020,29,Total,24,70660,119414,2,0,,
Prawn,---,2020,106,1,2,3400,*,*,*,,
Prawn,---,2020,106,2,2,2350,*,*,*,,
Prawn,---,2020,106,Total,4,5750,8852,0,9,,
Prawn,---,2020,107,1,4,7500,**,**,**,,
Prawn,---,2020,107,2,5,12772,27034,0,0,,
Prawn,---,2020,107,3,2,5790,*,*,*,,
Prawn,---,2020,107,Total,6,26062,56263,0,0,,
Prawn,---,2020,108,2,1,250,*,*,*,,
Prawn,---,2020,108,Total,1,250,*,*,*,,
Prawn,---,2020,109,0,1,250,*,*,*,,
Prawn,---,2020,109,Total,1,250,*,*,*,,
Prawn,---,2020,110,0,2,5150,*,*,*,,
Prawn,---,2020,110,Total,2,5150,*,*,*,,
Prawn,---,2020,111,0,2,1650,*,*,*,,
Prawn,---,2020,111,Total,2,1650,*,*,*,,
Prawn,---,2020,126,2,1,110,*,*,*,,
Prawn,---,2020,126,Total,1,110,*,*,*,,
Prawn,---,2020,127,2,1,500,*,*,*,,
Prawn,---,2020,127,4,1,100,*,*,*,,
Prawn,---,2020,127,Total,1,600,*,*,*,,
Prawn,---,2020,142,1,1,200,*,*,*,,
Prawn,---,2020,142,2,1,350,*,*,*,,
Prawn,---,2020,142,Total,1,550,*,*,*,,
Prawn,---,2021,0,0,1,50,*,*,*,,
Prawn,---,2021,0,Total,1,50,*,*,*,,
Prawn,---,2021,2,3,1,1850,*,*,*,,
Prawn,---,2021,2,4,1,3310,*,*,*,,
Prawn,---,2021,2,5,1,50,*,*,*,,
Prawn,---,2021,2,6,1,300,*,*,*,,
Prawn,---,2021,2,8,2,750,*,*,*,,
Prawn,---,2021,2,9,1,250,*,*,*,,
Prawn,---,2021,2,10,2,650,*,*,*,,
Prawn,---,2021,2,11,1,100,*,*,*,,
Prawn,---,2021,2,43,1,150,*,*,*,,
Prawn,---,2021,2,46,1,1250,*,*,*,,
Prawn,---,2021,2,47,1,50,*,*,*,,
Prawn,---,2021,2,61,1,200,*,*,*,,
Prawn,---,2021,2,63,1,100,*,*,*,,
Prawn,---,2021,2,65,1,800,*,*,*,,
Prawn,---,2021,2,68,1,1450,*,*,*,,
Prawn,---,2021,2,82,1,350,*,*,*,,
Prawn,---,2021,2,89,1,50,*,*,*,,
Prawn,---,2021,2,90,1,1550,*,*,*,,
Prawn,---,2021,2,91,1,700,*,*,*,,
Prawn,---,2021,2,Total,4,13910,31262,2322,0,,
Prawn,---,2021,3,1,2,500,*,*,*,,
Prawn,---,2021,3,2,1,650,*,*,*,,
Prawn,---,2021,3,3,4,1450,2692,4,0,,
Prawn,---,2021,3,4,3,550,610,0,0,,
Prawn,---,2021,3,6,3,6850,11378,493,30,,
Prawn,---,2021,3,7,4,2200,2784,88,0,,
Prawn,---,2021,3,8,2,1050,*,*,*,,
Prawn,---,2021,3,9,3,1450,2277,17,0,,
Prawn,---,2021,3,10,1,1600,*,*,*,,
Prawn,---,2021,3,11,2,2800,*,*,*,,
Prawn,---,2021,3,12,1,200,*,*,*,,
Prawn,---,2021,3,13,1,1000,*,*,*,,
Prawn,---,2021,3,15,1,3450,*,*,*,,
Prawn,---,2021,3,16,1,200,*,*,*,,
Prawn,---,2021,3,Total,4,23950,37790,1399,30,,
Prawn,---,2021,4,5,3,3800,**,**,**,,
Prawn,---,2021,4,9,4,4400,7199,192,0,,
Prawn,---,2021,4,10,4,68950,0,41286,0,,
Prawn,---,2021,4,11,2,150,*,*,*,,
Prawn,---,2021,4,12,5,4900,7822,42,0,,
Prawn,---,2021,4,Total,8,82200,20856,41658,0,,
Prawn,---,2021,5,1,5,5099,7151,538,13,,
Prawn,---,2021,5,2,3,1550,1874,0,0,,
Prawn,---,2021,5,9,2,6050,*,*,*,,
Prawn,---,2021,5,10,1,150,*,*,*,,
Prawn,---,2021,5,14,1,50,*,*,*,,
Prawn,---,2021,5,15,1,2800,*,*,*,,
Prawn,---,2021,5,16,3,5350,7947,25,0,,
Prawn,---,2021,5,17,1,300,*,*,*,,
Prawn,---,2021,5,18,1,200,*,*,*,,
Prawn,---,2021,5,19,1,400,*,*,*,,
Prawn,---,2021,5,23,4,11500,14577,2984,0,,
Prawn,---,2021,5,24,4,1801,2534,0,0,,
Prawn,---,2021,5,Total,10,35250,51534,3591,13,,
Prawn,---,2021,6,1,4,15352,25189,1427,0,,
Prawn,---,2021,6,2,5,2250,3116,0,0,,
Prawn,---,2021,6,3,6,12694,21211,50,6,,
Prawn,---,2021,6,4,4,28100,55958,2684,9,,
Prawn,---,2021,6,5,7,15043,29548,53,0,,
Prawn,---,2021,6,6,5,7250,12432,0,0,,
Prawn,---,2021,6,7,5,2700,4218,0,0,,
Prawn,---,2021,6,10,1,150,*,*,*,,
Prawn,---,2021,6,12,1,550,*,*,*,,
Prawn,---,2021,6,14,1,1150,*,*,*,,
Prawn,---,2021,6,16,2,700,*,*,*,,
Prawn,---,2021,6,17,2,400,*,*,*,,
Prawn,---,2021,6,18,1,400,*,*,*,,
Prawn,---,2021,6,19,2,3550,*,*,*,,
Prawn,---,2021,6,20,5,10850,22583,11,0,,
Prawn,---,2021,6,21,3,2750,5996,71,0,,
Prawn,---,2021,6,22,1,1200,*,*,*,,
Prawn,---,2021,6,23,2,800,*,*,*,,
Prawn,---,2021,6,24,2,250,*,*,*,,
Prawn,---,2021,6,25,3,6200,14712,0,0,,
Prawn,---,2021,6,26,1,750,*,*,*,,
Prawn,---,2021,6,27,1,400,*,*,*,,
Prawn,---,2021,6,28,5,1449,2490,0,0,,
Prawn,---,2021,6,Total,15,114938,212406,4314,15,,
Prawn,---,2021,7,1,1,6300,*,*,*,,
Prawn,---,2021,7,2,3,2100,3760,0,0,,
Prawn,---,2021,7,3,3,3850,6181,0,0,,
Prawn,---,2021,7,4,1,200,*,*,*,,
Prawn,---,2021,7,5,2,350,*,*,*,,
Prawn,---,2021,7,6,2,3250,*,*,*,,
Prawn,---,2021,7,7,3,2700,4926,16,9,,
Prawn,---,2021,7,8,1,50,*,*,*,,
Prawn,---,2021,7,9,3,14400,26858,0,0,,
Prawn,---,2021,7,10,2,200,*,*,*,,
Prawn,---,2021,7,11,2,3850,*,*,*,,
Prawn,---,2021,7,12,6,3399,5248,0,0,,
Prawn,---,2021,7,13,5,2700,6852,0,0,,
Prawn,---,2021,7,14,3,11650,31457,26,0,,
Prawn,---,2021,7,15,2,7850,*,*,*,,
Prawn,---,2021,7,16,1,7000,*,*,*,,
Prawn,---,2021,7,17,4,6927,10653,0,0,,
Prawn,---,2021,7,18,6,3298,6189,0,0,,
Prawn,---,2021,7,19,4,3850,11026,2,0,,
Prawn,---,2021,7,20,1,350,*,*,*,,
Prawn,---,2021,7,21,4,850,2265,0,0,,
Prawn,---,2021,7,22,1,50,*,*,*,,
Prawn,---,2021,7,23,4,3500,11495,21,0,,
Prawn,---,2021,7,24,5,3000,4815,0,0,,
Prawn,---,2021,7,25,4,900,691,0,0,,
Prawn,---,2021,7,26,2,150,*,*,*,,
Prawn,---,2021,7,27,4,4550,6839,0,0,,
Prawn,---,2021,7,28,4,3850,5690,56,0,,
Prawn,---,2021,7,29,3,350,807,0,0,,
Prawn,---,2021,7,30,2,700,*,*,*,,
Prawn,---,2021,7,31,3,3750,7137,0,0,,
Prawn,---,2021,7,32,1,150,*,*,*,,
Prawn,---,2021,7,Total,21,106074,210851,121,9,,
Prawn,---,2021,8,2,4,1350,1313,0,0,,
Prawn,---,2021,8,3,5,750,1405,0,0,,
Prawn,---,2021,8,4,7,9149,16068,20,0,,
Prawn,---,2021,8,5,3,1700,2492,0,0,,
Prawn,---,2021,8,6,2,1100,*,*,*,,
Prawn,---,2021,8,7,3,2850,6130,0,0,,
Prawn,---,2021,8,8,2,1550,*,*,*,,
Prawn,---,2021,8,9,2,2850,*,*,*,,
Prawn,---,2021,8,10,2,550,*,*,*,,
Prawn,---,2021,8,11,1,450,*,*,*,,
Prawn,---,2021,8,12,1,2850,*,*,*,,
Prawn,---,2021,8,13,3,12800,27477,0,0,,
Prawn,---,2021,8,14,1,1050,*,*,*,,
Prawn,---,2021,8,15,1,100,*,*,*,,
Prawn,---,2021,8,16,5,4150,6855,18,0,,
Prawn,---,2021,8,Total,14,43249,82400,678,0,,
Prawn,---,2021,9,1,4,6450,16134,0,0,,
Prawn,---,2021,9,2,4,15200,36901,0,0,,
Prawn,---,2021,9,3,4,7153,15449,0,0,,
Prawn,---,2021,9,4,3,6057,11826,0,0,,
Prawn,---,2021,9,5,2,3781,*,*,*,,
Prawn,---,2021,9,6,1,1000,*,*,*,,
Prawn,---,2021,9,7,1,1150,*,*,*,,
Prawn,---,2021,9,8,2,1450,*,*,*,,
Prawn,---,2021,9,9,3,3900,6214,0,0,,
Prawn,---,2021,9,10,1,400,*,*,*,,
Prawn,---,2021,9,11,4,2846,6264,0,0,,
Prawn,---,2021,9,12,2,9400,*,*,*,,
Prawn,---,2021,9,Total,8,58787,127872,184,0,,
Prawn,---,2021,10,1,1,300,*,*,*,,
Prawn,---,2021,10,2,1,100,*,*,*,,
Prawn,---,2021,10,3,1,100,*,*,*,,
Prawn,---,2021,10,4,2,4650,*,*,*,,
Prawn,---,2021,10,5,2,1550,*,*,*,,
Prawn,---,2021,10,6,2,1200,*,*,*,,
Prawn,---,2021,10,7,2,1359,*,*,*,,
Prawn,---,2021,10,8,1,591,*,*,*,,
Prawn,---,2021,10,9,1,850,*,*,*,,
Prawn,---,2021,10,10,2,1850,*,*,*,,
Prawn,---,2021,10,12,1,4130,*,*,*,,
Prawn,---,2021,10,Total,2,16680,*,*,*,,
Prawn,---,2021,11,1,1,450,*,*,*,,
Prawn,---,2021,11,2,1,300,*,*,*,,
Prawn,---,2021,11,3,4,5690,7429,329,9,,
Prawn,---,2021,11,4,5,6818,10477,203,0,,
Prawn,---,2021,11,5,3,1162,1284,178,0,,
Prawn,---,2021,11,6,2,400,*,*,*,,
Prawn,---,2021,11,7,1,400,*,*,*,,
Prawn,---,2021,11,8,3,1450,2374,14,0,,
Prawn,---,2021,11,10,1,656,*,*,*,,
Prawn,---,2021,11,Total,6,17326,23449,756,9,,
Prawn,---,2021,12,1,1,50,*,*,*,,
Prawn,---,2021,12,2,5,1585,2773,0,0,,
Prawn,---,2021,12,3,2,200,*,*,*,,
Prawn,---,2021,12,4,3,735,1410,0,0,,
Prawn,---,2021,12,6,6,20983,47766,0,0,,
Prawn,---,2021,12,7,8,945,1253,0,0,,
Prawn,---,2021,12,13,1,300,*,*,*,,
Prawn,---,2021,12,18,1,50,*,*,*,,
Prawn,---,2021,12,22,3,11000,27689,0,0,,
Prawn,---,2021,12,23,4,27300,48423,0,0,,
Prawn,---,2021,12,24,1,50,*,*,*,,
Prawn,---,2021,12,26,17,96621,184595,0,0,,
Prawn,---,2021,12,27,10,22642,43035,0,0,,
Prawn,---,2021,12,28,2,1500,*,*,*,,
Prawn,---,2021,12,29,2,1100,*,*,*,,
Prawn,---,2021,12,30,2,1850,*,*,*,,
Prawn,---,2021,12,31,1,1500,*,*,*,,
Prawn,---,2021,12,32,1,600,*,*,*,,
Prawn,---,2021,12,33,1,750,*,*,*,,
Prawn,---,2021,12,34,1,400,*,*,*,,
Prawn,---,2021,12,35,15,39625,66258,49,0,,
Prawn,---,2021,12,36,5,5230,9512,79,0,,
Prawn,---,2021,12,37,6,4798,7977,119,0,,
Prawn,---,2021,12,38,8,8700,13766,0,0,,
Prawn,---,2021,12,39,16,72209,110068,0,0,,
Prawn,---,2021,12,40,11,25666,47538,565,0,,
Prawn,---,2021,12,41,9,45745,78195,37,0,,
Prawn,---,2021,12,42,5,13300,45182,0,0,,
Prawn,---,2021,12,43,4,11472,22028,594,0,,
Prawn,---,2021,12,44,3,504,1119,0,0,,
Prawn,---,2021,12,45,4,7686,14541,248,0,,
Prawn,---,2021,12,47,4,3124,5707,64,2,,
Prawn,---,2021,12,48,4,2354,4533,145,2,,
Prawn,---,2021,12,Total,43,430574,790843,1918,4,,
Prawn,---,2021,13,1,1,1050,*,*,*,,
Prawn,---,2021,13,10,1,50,*,*,*,,
Prawn,---,2021,13,12,8,19645,42463,21,7,,
Prawn,---,2021,13,13,3,700,1490,0,0,,
Prawn,---,2021,13,14,3,2650,4785,0,0,,
Prawn,---,2021,13,15,2,450,*,*,*,,
Prawn,---,2021,13,16,6,6400,11414,0,0,,
Prawn,---,2021,13,17,9,15395,25912,0,0,,
Prawn,---,2021,13,18,7,3800,4907,0,0,,
Prawn,---,2021,13,19,5,11400,33809,0,0,,
Prawn,---,2021,13,20,2,3000,*,*,*,,
Prawn,---,2021,13,21,3,11550,15833,0,0,,
Prawn,---,2021,13,22,2,14150,*,*,*,,
Prawn,---,2021,13,23,5,1750,2010,0,0,,
Prawn,---,2021,13,24,4,1350,899,0,0,,
Prawn,---,2021,13,25,2,800,*,*,*,,
Prawn,---,2021,13,26,3,1400,2247,4,1,,
Prawn,---,2021,13,35,3,2750,4153,0,0,,
Prawn,---,2021,13,36,3,9350,12825,0,0,,
Prawn,---,2021,13,37,2,300,*,*,*,,
Prawn,---,2021,13,39,1,50,*,*,*,,
Prawn,---,2021,13,41,2,650,*,*,*,,
Prawn,---,2021,13,42,2,6155,*,*,*,,
Prawn,---,2021,13,43,2,13950,*,*,*,,
Prawn,---,2021,13,Total,19,128745,240168,25,8,,
Prawn,---,2021,14,1,2,1300,*,*,*,,
Prawn,---,2021,14,2,4,1650,1728,3,1,,
Prawn,---,2021,14,3,7,11370,14263,0,0,,
Prawn,---,2021,14,4,3,2370,2436,0,0,,
Prawn,---,2021,14,5,5,5840,6335,0,0,,
Prawn,---,2021,14,6,7,9230,11321,0,0,,
Prawn,---,2021,14,7,2,200,*,*,*,,
Prawn,---,2021,14,8,2,5000,*,*,*,,
Prawn,---,2021,14,9,2,1890,*,*,*,,
Prawn,---,2021,14,12,6,6050,7448,0,0,,
Prawn,---,2021,14,13,7,15050,16171,0,0,,
Prawn,---,2021,14,Total,15,59950,68839,6,3,,
Prawn,---,2021,15,1,13,15785,15768,0,0,,
Prawn,---,2021,15,2,11,31100,35976,0,0,,
Prawn,---,2021,15,3,13,23602,33329,0,0,,
Prawn,---,2021,15,4,5,6700,**,**,**,,
Prawn,---,2021,15,5,15,56690,82058,0,0,,
Prawn,---,2021,15,6,2,8800,*,*,*,,
Prawn,---,2021,15,Total,24,142677,197886,0,0,,
Prawn,---,2021,16,1,12,8402,11396,0,0,,
Prawn,---,2021,16,2,9,7082,8366,0,0,,
Prawn,---,2021,16,6,2,1300,*,*,*,,
Prawn,---,2021,16,7,2,1300,*,*,*,,
Prawn,---,2021,16,8,2,100,*,*,*,,
Prawn,---,2021,16,9,7,3880,6065,0,0,,
Prawn,---,2021,16,10,10,12878,19738,0,0,,
Prawn,---,2021,16,11,12,33440,51293,0,0,,
Prawn,---,2021,16,12,5,10560,14266,0,0,,
Prawn,---,2021,16,13,9,12140,17759,0,0,,
Prawn,---,2021,16,14,5,1700,2206,0,0,,
Prawn,---,2021,16,15,4,5050,4902,0,0,,
Prawn,---,2021,16,16,4,15000,25356,0,0,,
Prawn,---,2021,16,17,10,5090,4903,0,0,,
Prawn,---,2021,16,18,17,23735,29991,0,0,,
Prawn,---,2021,16,19,10,16138,24083,0,0,,
Prawn,---,2021,16,20,1,100,*,*,*,,
Prawn,---,2021,16,21,10,26798,34996,0,0,,
Prawn,---,2021,16,22,4,700,594,0,0,,
Prawn,---,2021,16,Total,32,185393,259855,0,0,,
Prawn,---,2021,17,1,6,5090,4812,10,0,,
Prawn,---,2021,17,2,8,12864,11499,32,0,,
Prawn,---,2021,17,3,4,3360,3855,0,0,,
Prawn,---,2021,17,4,12,22926,33146,26,0,,
Prawn,---,2021,17,5,13,36670,57750,35,0,,
Prawn,---,2021,17,6,19,89795,139554,1037,504,,
Prawn,---,2021,17,7,2,450,*,*,*,,
Prawn,---,2021,17,8,6,2150,2440,0,0,,
Prawn,---,2021,17,9,15,33149,50448,767,537,,
Prawn,---,2021,17,10,5,3200,3923,0,0,,
Prawn,---,2021,17,11,18,19678,25364,0,0,,
Prawn,---,2021,17,12,12,23945,30728,0,0,,
Prawn,---,2021,17,13,4,1117,2643,0,0,,
Prawn,---,2021,17,14,1,28,*,*,*,,
Prawn,---,2021,17,15,2,2093,*,*,*,,
Prawn,---,2021,17,16,3,4748,12910,0,0,,
Prawn,---,2021,17,17,9,38176,39994,900,0,,
Prawn,---,2021,17,18,5,2100,2164,0,0,,
Prawn,---,2021,17,19,1,190,*,*,*,,
Prawn,---,2021,17,20,1,50,*,*,*,,
Prawn,---,2021,17,Total,44,301779,427908,2807,1041,,
Prawn,---,2021,18,1,2,4750,*,*,*,,
Prawn,---,2021,18,2,6,2449,1890,0,0,,
Prawn,---,2021,18,3,4,1200,777,0,0,,
Prawn,---,2021,18,4,8,5000,6230,0,0,,
Prawn,---,2021,18,5,6,12150,20127,0,0,,
Prawn,---,2021,18,6,10,31096,35366,0,0,,
Prawn,---,2021,18,7,10,22180,34209,20,47,,
Prawn,---,2021,18,8,4,2600,3718,0,0,,
Prawn,---,2021,18,9,2,750,*,*,*,,
Prawn,---,2021,18,11,2,4350,*,*,*,,
Prawn,---,2021,18,Total,18,86525,110682,20,47,,
Prawn,---,2021,19,3,5,62276,180149,0,0,,
Prawn,---,2021,19,4,1,50,*,*,*,,
Prawn,---,2021,19,5,7,39350,36314,0,0,,
Prawn,---,2021,19,7,5,5600,5746,0,0,,
Prawn,---,2021,19,8,4,7994,18983,0,0,,
Prawn,---,2021,19,9,1,50,*,*,*,,
Prawn,---,2021,19,10,2,450,*,*,*,,
Prawn,---,2021,19,11,2,700,*,*,*,,
Prawn,---,2021,19,Total,15,116470,243050,0,0,,
Prawn,---,2021,20,1,1,150,*,*,*,,
Prawn,---,2021,20,Total,1,150,*,*,*,,
Prawn,---,2021,23,1,4,7547,11500,0,0,,
Prawn,---,2021,23,2,5,4358,6890,0,0,,
Prawn,---,2021,23,3,5,2723,4910,0,0,,
Prawn,---,2021,23,4,7,20218,27071,0,0,,
Prawn,---,2021,23,5,8,5700,5839,0,0,,
Prawn,---,2021,23,6,8,27927,36916,0,0,,
Prawn,---,2021,23,7,7,8650,14139,0,0,,
Prawn,---,2021,23,8,4,2550,3711,0,0,,
Prawn,---,2021,23,10,1,3250,*,*,*,,
Prawn,---,2021,23,11,1,450,*,*,*,,
Prawn,---,2021,23,Total,8,83373,115346,0,0,,
Prawn,---,2021,24,2,1,1700,*,*,*,,
Prawn,---,2021,24,3,3,2310,2916,0,0,,
Prawn,---,2021,24,4,3,5300,6733,0,0,,
Prawn,---,2021,24,5,2,680,*,*,*,,
Prawn,---,2021,24,6,1,180,*,*,*,,
Prawn,---,2021,24,7,2,8655,*,*,*,,
Prawn,---,2021,24,10,1,50,*,*,*,,
Prawn,---,2021,24,12,1,160,*,*,*,,
Prawn,---,2021,24,13,3,3870,5330,0,0,,
Prawn,---,2021,24,14,3,3915,6053,0,0,,
Prawn,---,2021,24,Total,3,26820,33525,0,0,,
Prawn,---,2021,25,1,5,7250,14061,0,0,,
Prawn,---,2021,25,2,6,1700,1999,0,0,,
Prawn,---,2021,25,3,6,10350,17946,0,0,,
Prawn,---,2021,25,4,7,10775,16308,0,0,,
Prawn,---,2021,25,5,2,4250,*,*,*,,
Prawn,---,2021,25,6,6,14025,20184,0,0,,
Prawn,---,2021,25,7,2,100,*,*,*,,
Prawn,---,2021,25,8,6,4488,5811,0,0,,
Prawn,---,2021,25,9,5,6250,10477,0,0,,
Prawn,---,2021,25,10,3,1950,4295,0,0,,
Prawn,---,2021,25,11,3,1400,1473,0,0,,
Prawn,---,2021,25,12,1,50,*,*,*,,
Prawn,---,2021,25,13,3,850,349,0,0,,
Prawn,---,2021,25,15,4,3450,4877,0,0,,
Prawn,---,2021,25,16,4,650,602,0,0,,
Prawn,---,2021,25,Total,10,67538,103599,0,0,,
Prawn,---,2021,26,2,3,5750,10919,0,0,,
Prawn,---,2021,26,3,2,200,*,*,*,,
Prawn,---,2021,26,4,2,7743,*,*,*,,
Prawn,---,2021,26,5,3,2650,4901,0,0,,
Prawn,---,2021,26,Total,3,16343,30339,0,0,,
Prawn,---,2021,27,2,1,150,*,*,*,,
Prawn,---,2021,27,7,4,16689,39891,0,0,,
Prawn,---,2021,27,8,4,14740,30240,0,0,,
Prawn,---,2021,27,9,1,50,*,*,*,,
Prawn,---,2021,27,10,5,6480,13673,0,0,,
Prawn,---,2021,27,11,7,40260,67480,0,0,,
Prawn,---,2021,27,Total,9,78369,151624,0,0,,
Prawn,---,2021,28,1,10,12677,15452,7,9,,
Prawn,---,2021,28,2,9,10950,12675,0,0,,
Prawn,---,2021,28,3,9,14689,23194,6,17,,
Prawn,---,2021,28,4,6,7096,14373,0,0,,
Prawn,---,2021,28,5,4,1850,4370,0,0,,
Prawn,---,2021,28,6,3,400,345,53,10,,
Prawn,---,2021,28,7,5,7900,11440,305,41,,
Prawn,---,2021,28,9,1,800,*,*,*,,
Prawn,---,2021,28,12,3,2350,1600,145,0,,
Prawn,---,2021,28,13,1,250,*,*,*,,
Prawn,---,2021,28,Total,15,58962,84474,516,77,,
Prawn,---,2021,29,1,6,2878,2245,0,0,,
Prawn,---,2021,29,2,11,10145,15753,18,0,,
Prawn,---,2021,29,3,16,21329,20607,55,1,,
Prawn,---,2021,29,4,6,1375,**,**,**,,
Prawn,---,2021,29,5,11,4200,2789,0,0,,
Prawn,---,2021,29,6,1,150,*,*,*,,
Prawn,---,2021,29,Total,25,40077,43105,73,1,,
Prawn,---,2021,106,1,1,450,*,*,*,,
Prawn,---,2021,106,Total,1,450,*,*,*,,
Prawn,---,2021,107,1,2,600,*,*,*,,
Prawn,---,2021,107,2,6,1550,1267,0,0,,
Prawn,---,2021,107,3,2,150,*,*,*,,
Prawn,---,2021,107,Total,6,2300,2117,0,0,,
Prawn,---,2021,110,0,1,650,*,*,*,,
Prawn,---,2021,110,Total,1,650,*,*,*,,
Prawn,---,2021,111,0,1,800,*,*,*,,
Prawn,---,2021,111,Total,1,800,*,*,*,,
Prawn,---,2021,123,3,1,50,*,*,*,,
Prawn,---,2021,123,9,1,300,*,*,*,,
Prawn,---,2021,123,Total,2,350,*,*,*,,
Prawn,---,2022,0,0,1,NULL,*,*,*,,
Prawn,---,2022,0,Total,1,NULL,*,*,*,,
Prawn,---,2022,2,1,1,300,*,*,*,,
Prawn,---,2022,2,3,2,3800,*,*,*,,
Prawn,---,2022,2,4,2,3650,*,*,*,,
Prawn,---,2022,2,5,1,50,*,*,*,,
Prawn,---,2022,2,6,1,1700,*,*,*,,
Prawn,---,2022,2,8,1,200,*,*,*,,
Prawn,---,2022,2,9,1,100,*,*,*,,
Prawn,---,2022,2,10,1,600,*,*,*,,
Prawn,---,2022,2,11,1,250,*,*,*,,
Prawn,---,2022,2,13,1,1050,*,*,*,,
Prawn,---,2022,2,42,1,50,*,*,*,,
Prawn,---,2022,2,43,2,400,*,*,*,,
Prawn,---,2022,2,45,1,50,*,*,*,,
Prawn,---,2022,2,46,2,1450,*,*,*,,
Prawn,---,2022,2,47,2,1150,*,*,*,,
Prawn,---,2022,2,53,1,200,*,*,*,,
Prawn,---,2022,2,54,1,100,*,*,*,,
Prawn,---,2022,2,57,1,100,*,*,*,,
Prawn,---,2022,2,58,1,200,*,*,*,,
Prawn,---,2022,2,61,1,600,*,*,*,,
Prawn,---,2022,2,63,1,650,*,*,*,,
Prawn,---,2022,2,64,1,450,*,*,*,,
Prawn,---,2022,2,65,2,1950,*,*,*,,
Prawn,---,2022,2,66,2,400,*,*,*,,
Prawn,---,2022,2,68,2,2850,*,*,*,,
Prawn,---,2022,2,82,1,900,*,*,*,,
Prawn,---,2022,2,89,1,50,*,*,*,,
Prawn,---,2022,2,90,1,850,*,*,*,,
Prawn,---,2022,2,91,1,750,*,*,*,,
Prawn,---,2022,2,Total,4,24850,42688,5659,15,,
Prawn,---,2022,3,1,1,300,*,*,*,,
Prawn,---,2022,3,2,1,250,*,*,*,,
Prawn,---,2022,3,3,2,1545,*,*,*,,
Prawn,---,2022,3,4,2,448,*,*,*,,
Prawn,---,2022,3,6,3,3550,3567,4,0,,
Prawn,---,2022,3,7,3,2050,2206,35,0,,
Prawn,---,2022,3,8,2,1000,*,*,*,,
Prawn,---,2022,3,9,2,1700,*,*,*,,
Prawn,---,2022,3,10,2,1950,*,*,*,,
Prawn,---,2022,3,11,2,7500,*,*,*,,
Prawn,---,2022,3,12,1,50,*,*,*,,
Prawn,---,2022,3,13,1,250,*,*,*,,
Prawn,---,2022,3,14,2,5050,*,*,*,,
Prawn,---,2022,3,17,1,550,*,*,*,,
Prawn,---,2022,3,Total,5,26193,36765,2544,2,,
Prawn,---,2022,4,5,3,3250,**,**,**,,
Prawn,---,2022,4,9,2,4220,*,*,*,,
Prawn,---,2022,4,10,4,65800,0,40192,0,,
Prawn,---,2022,4,11,4,6350,50,4036,0,,
Prawn,---,2022,4,12,4,2438,2344,67,0,,
Prawn,---,2022,4,Total,8,82058,6211,45750,0,,
Prawn,---,2022,5,1,4,2600,2231,306,0,,
Prawn,---,2022,5,2,3,450,317,13,0,,
Prawn,---,2022,5,9,2,7000,*,*,*,,
Prawn,---,2022,5,15,1,1350,*,*,*,,
Prawn,---,2022,5,16,1,2250,*,*,*,,
Prawn,---,2022,5,17,1,150,*,*,*,,
Prawn,---,2022,5,18,1,150,*,*,*,,
Prawn,---,2022,5,19,2,1650,*,*,*,,
Prawn,---,2022,5,23,2,5250,*,*,*,,
Prawn,---,2022,5,24,5,2450,4516,83,0,,
Prawn,---,2022,5,Total,8,23300,28366,2618,0,,
Prawn,---,2022,6,1,4,9466,12104,291,0,,
Prawn,---,2022,6,2,1,3900,*,*,*,,
Prawn,---,2022,6,3,5,7450,6010,6,0,,
Prawn,---,2022,6,4,3,20550,36378,4314,24,,
Prawn,---,2022,6,5,6,7447,9967,153,0,,
Prawn,---,2022,6,6,4,4500,4745,0,0,,
Prawn,---,2022,6,7,2,350,*,*,*,,
Prawn,---,2022,6,10,2,200,*,*,*,,
Prawn,---,2022,6,11,1,50,*,*,*,,
Prawn,---,2022,6,12,4,2120,1391,0,0,,
Prawn,---,2022,6,14,2,1650,*,*,*,,
Prawn,---,2022,6,15,1,50,*,*,*,,
Prawn,---,2022,6,16,2,500,*,*,*,,
Prawn,---,2022,6,18,2,450,*,*,*,,
Prawn,---,2022,6,19,3,3800,3692,0,0,,
Prawn,---,2022,6,20,6,1900,2688,13,2,,
Prawn,---,2022,6,21,3,1450,1267,319,20,,
Prawn,---,2022,6,22,1,2250,*,*,*,,
Prawn,---,2022,6,23,1,100,*,*,*,,
Prawn,---,2022,6,24,1,600,*,*,*,,
Prawn,---,2022,6,25,4,3650,5530,0,0,,
Prawn,---,2022,6,26,2,1000,*,*,*,,
Prawn,---,2022,6,28,3,900,1217,0,0,,
Prawn,---,2022,6,Total,14,74333,99873,5557,76,,
Prawn,---,2022,7,1,2,3600,*,*,*,,
Prawn,---,2022,7,2,2,1050,*,*,*,,
Prawn,---,2022,7,3,2,8350,*,*,*,,
Prawn,---,2022,7,4,4,1250,2075,0,0,,
Prawn,---,2022,7,5,2,800,*,*,*,,
Prawn,---,2022,7,6,1,1750,*,*,*,,
Prawn,---,2022,7,7,2,800,*,*,*,,
Prawn,---,2022,7,9,4,13450,21323,0,2,,
Prawn,---,2022,7,10,2,400,*,*,*,,
Prawn,---,2022,7,11,2,1350,*,*,*,,
Prawn,---,2022,7,12,7,4650,5862,0,0,,
Prawn,---,2022,7,13,3,5350,8061,0,0,,
Prawn,---,2022,7,14,3,4600,7272,0,0,,
Prawn,---,2022,7,15,3,8250,9979,0,0,,
Prawn,---,2022,7,16,2,3349,*,*,*,,
Prawn,---,2022,7,17,4,5849,7042,0,0,,
Prawn,---,2022,7,18,6,2650,2727,0,0,,
Prawn,---,2022,7,19,4,2900,8425,0,0,,
Prawn,---,2022,7,20,1,150,*,*,*,,
Prawn,---,2022,7,21,3,550,1484,0,0,,
Prawn,---,2022,7,22,1,50,*,*,*,,
Prawn,---,2022,7,23,4,5900,7584,0,0,,
Prawn,---,2022,7,24,5,3450,5270,0,0,,
Prawn,---,2022,7,25,2,1750,*,*,*,,
Prawn,---,2022,7,26,1,100,*,*,*,,
Prawn,---,2022,7,27,3,2199,5944,9,0,,
Prawn,---,2022,7,28,2,2750,*,*,*,,
Prawn,---,2022,7,29,2,850,*,*,*,,
Prawn,---,2022,7,30,2,650,*,*,*,,
Prawn,---,2022,7,31,1,1950,*,*,*,,
Prawn,---,2022,7,Total,18,90747,148529,256,2,,
Prawn,---,2022,8,1,1,50,*,*,*,,
Prawn,---,2022,8,2,4,1350,1700,2,0,,
Prawn,---,2022,8,3,4,1500,2543,0,0,,
Prawn,---,2022,8,4,8,12300,23091,142,0,,
Prawn,---,2022,8,5,6,4350,5474,5,0,,
Prawn,---,2022,8,6,5,2200,3945,0,0,,
Prawn,---,2022,8,7,4,9848,12929,0,0,,
Prawn,---,2022,8,8,3,6295,15324,7,78,,
Prawn,---,2022,8,9,2,4050,*,*,*,,
Prawn,---,2022,8,10,2,1500,*,*,*,,
Prawn,---,2022,8,11,2,550,*,*,*,,
Prawn,---,2022,8,12,2,5500,*,*,*,,
Prawn,---,2022,8,13,3,6900,14657,0,7,,
Prawn,---,2022,8,14,3,8750,22416,44,0,,
Prawn,---,2022,8,15,5,4749,9952,47,0,,
Prawn,---,2022,8,16,6,3750,5961,5,0,,
Prawn,---,2022,8,Total,15,73642,141854,827,113,,
Prawn,---,2022,9,1,6,5700,11206,0,0,,
Prawn,---,2022,9,2,4,15200,36969,44,9,,
Prawn,---,2022,9,3,3,1900,3292,0,0,,
Prawn,---,2022,9,4,2,3450,*,*,*,,
Prawn,---,2022,9,5,3,3450,5106,0,0,,
Prawn,---,2022,9,6,2,12150,*,*,*,,
Prawn,---,2022,9,7,2,4250,*,*,*,,
Prawn,---,2022,9,8,3,2100,3097,0,0,,
Prawn,---,2022,9,9,3,2150,5538,0,0,,
Prawn,---,2022,9,10,1,1600,*,*,*,,
Prawn,---,2022,9,11,3,5750,12833,0,0,,
Prawn,---,2022,9,12,4,8300,20943,9,0,,
Prawn,---,2022,9,Total,9,66000,146699,141,592,,
Prawn,---,2022,10,1,1,900,*,*,*,,
Prawn,---,2022,10,2,2,850,*,*,*,,
Prawn,---,2022,10,3,4,1850,2181,0,0,,
Prawn,---,2022,10,4,4,8950,16219,0,0,,
Prawn,---,2022,10,5,5,3260,5250,0,0,,
Prawn,---,2022,10,6,2,950,*,*,*,,
Prawn,---,2022,10,7,3,2200,2920,0,0,,
Prawn,---,2022,10,8,4,1050,1481,0,0,,
Prawn,---,2022,10,9,2,1250,*,*,*,,
Prawn,---,2022,10,10,3,2200,2917,0,0,,
Prawn,---,2022,10,12,4,7000,10934,161,0,,
Prawn,---,2022,10,Total,7,30460,48768,161,0,,
Prawn,---,2022,11,2,1,150,*,*,*,,
Prawn,---,2022,11,3,2,5150,*,*,*,,
Prawn,---,2022,11,4,3,6041,8518,492,0,,
Prawn,---,2022,11,5,1,1009,*,*,*,,
Prawn,---,2022,11,6,2,107,*,*,*,,
Prawn,---,2022,11,8,1,1450,*,*,*,,
Prawn,---,2022,11,10,1,611,*,*,*,,
Prawn,---,2022,11,Total,4,14518,21753,1090,11,,
Prawn,---,2022,12,2,5,2342,3915,0,0,,
Prawn,---,2022,12,3,2,100,*,*,*,,
Prawn,---,2022,12,4,2,1638,*,*,*,,
Prawn,---,2022,12,5,1,50,*,*,*,,
Prawn,---,2022,12,6,5,14618,35780,0,0,,
Prawn,---,2022,12,7,3,850,1520,0,0,,
Prawn,---,2022,12,18,1,50,*,*,*,,
Prawn,---,2022,12,22,4,9500,20954,0,0,,
Prawn,---,2022,12,23,6,34390,70581,0,0,,
Prawn,---,2022,12,26,17,113367,223851,0,0,,
Prawn,---,2022,12,27,7,23735,43556,2,0,,
Prawn,---,2022,12,28,2,1300,*,*,*,,
Prawn,---,2022,12,29,2,1450,*,*,*,,
Prawn,---,2022,12,30,1,2250,*,*,*,,
Prawn,---,2022,12,31,1,1230,*,*,*,,
Prawn,---,2022,12,32,1,850,*,*,*,,
Prawn,---,2022,12,33,1,1150,*,*,*,,
Prawn,---,2022,12,34,1,1150,*,*,*,,
Prawn,---,2022,12,35,13,23385,42918,41,0,,
Prawn,---,2022,12,36,3,3612,5489,0,0,,
Prawn,---,2022,12,37,5,2524,5472,75,0,,
Prawn,---,2022,12,38,7,8898,15156,0,0,,
Prawn,---,2022,12,39,13,69316,124761,0,0,,
Prawn,---,2022,12,40,12,36989,75923,1223,0,,
Prawn,---,2022,12,41,12,54030,95453,86,0,,
Prawn,---,2022,12,42,4,18190,47596,0,0,,
Prawn,---,2022,12,43,7,9554,17461,350,0,,
Prawn,---,2022,12,44,2,153,*,*,*,,
Prawn,---,2022,12,45,5,6342,9996,304,0,,
Prawn,---,2022,12,47,3,1902,4049,82,0,,
Prawn,---,2022,12,48,3,3300,5286,199,0,,
Prawn,---,2022,12,Total,46,448215,861647,2430,0,,
Prawn,---,2022,13,1,3,1050,2364,0,0,,
Prawn,---,2022,13,5,1,50,*,*,*,,
Prawn,---,2022,13,10,1,50,*,*,*,,
Prawn,---,2022,13,12,7,20120,44548,0,0,,
Prawn,---,2022,13,13,2,2500,*,*,*,,
Prawn,---,2022,13,14,5,3450,7669,0,0,,
Prawn,---,2022,13,15,3,950,814,0,0,,
Prawn,---,2022,13,16,6,9950,14933,0,0,,
Prawn,---,2022,13,17,11,24000,39436,0,0,,
Prawn,---,2022,13,18,11,4700,5286,0,0,,
Prawn,---,2022,13,19,7,7900,14935,0,0,,
Prawn,---,2022,13,20,3,3550,4747,0,0,,
Prawn,---,2022,13,21,3,9950,12497,0,0,,
Prawn,---,2022,13,22,2,6600,*,*,*,,
Prawn,---,2022,13,23,6,3750,3696,0,0,,
Prawn,---,2022,13,24,3,1250,1792,0,0,,
Prawn,---,2022,13,25,2,1050,*,*,*,,
Prawn,---,2022,13,26,5,3100,3636,0,0,,
Prawn,---,2022,13,35,4,2250,2295,0,0,,
Prawn,---,2022,13,36,4,13882,17776,0,0,,
Prawn,---,2022,13,37,2,650,*,*,*,,
Prawn,---,2022,13,39,1,50,*,*,*,,
Prawn,---,2022,13,41,1,550,*,*,*,,
Prawn,---,2022,13,42,2,9850,*,*,*,,
Prawn,---,2022,13,43,1,4250,*,*,*,,
Prawn,---,2022,13,Total,23,135452,219989,0,0,,
Prawn,---,2022,14,1,7,1600,1194,0,0,,
Prawn,---,2022,14,2,8,2900,2739,0,0,,
Prawn,---,2022,14,3,11,8850,11327,0,0,,
Prawn,---,2022,14,4,6,1050,1111,0,0,,
Prawn,---,2022,14,5,7,2800,3981,0,0,,
Prawn,---,2022,14,6,9,5450,6553,0,0,,
Prawn,---,2022,14,7,1,100,*,*,*,,
Prawn,---,2022,14,8,4,3050,4279,213,0,,
Prawn,---,2022,14,9,2,800,*,*,*,,
Prawn,---,2022,14,12,7,1450,1928,0,0,,
Prawn,---,2022,14,13,6,5300,4851,0,0,,
Prawn,---,2022,14,Total,20,33350,39229,213,0,,
Prawn,---,2022,15,1,8,8045,10144,0,0,,
Prawn,---,2022,15,2,7,15200,21064,0,0,,
Prawn,---,2022,15,3,8,22710,32433,0,0,,
Prawn,---,2022,15,4,3,6200,12116,0,0,,
Prawn,---,2022,15,5,15,61549,78589,0,0,,
Prawn,---,2022,15,6,3,5470,8851,0,0,,
Prawn,---,2022,15,Total,18,119174,163197,0,0,,
Prawn,---,2022,16,1,8,6400,8333,0,0,,
Prawn,---,2022,16,2,10,6647,5545,0,0,,
Prawn,---,2022,16,5,2,200,*,*,*,,
Prawn,---,2022,16,6,6,6110,9066,0,0,,
Prawn,---,2022,16,7,4,1930,2354,0,0,,
Prawn,---,2022,16,8,5,500,283,0,0,,
Prawn,---,2022,16,9,4,3150,4555,0,0,,
Prawn,---,2022,16,10,5,3200,3242,0,0,,
Prawn,---,2022,16,11,12,12550,14702,0,0,,
Prawn,---,2022,16,12,4,7330,4894,0,0,,
Prawn,---,2022,16,13,8,8820,8042,0,0,,
Prawn,---,2022,16,14,3,1450,1034,0,0,,
Prawn,---,2022,16,15,2,2900,*,*,*,,
Prawn,---,2022,16,16,3,8010,10580,0,0,,
Prawn,---,2022,16,17,11,4000,2736,0,0,,
Prawn,---,2022,16,18,13,26950,27525,0,0,,
Prawn,---,2022,16,19,8,8650,13077,0,0,,
Prawn,---,2022,16,21,11,20350,24079,0,0,,
Prawn,---,2022,16,22,4,300,236,0,0,,
Prawn,---,2022,16,Total,29,129447,141503,0,0,,
Prawn,---,2022,17,1,5,4693,4741,0,3,,
Prawn,---,2022,17,2,8,13573,10756,330,75,,
Prawn,---,2022,17,3,5,6950,7203,48,0,,
Prawn,---,2022,17,4,14,27960,44380,192,10,,
Prawn,---,2022,17,5,12,19415,35457,79,0,,
Prawn,---,2022,17,6,18,67705,109215,742,20,,
Prawn,---,2022,17,7,1,50,*,*,*,,
Prawn,---,2022,17,8,5,1750,1304,0,0,,
Prawn,---,2022,17,9,13,21285,35985,804,43,,
Prawn,---,2022,17,10,6,4900,7141,0,0,,
Prawn,---,2022,17,11,19,14250,24679,0,0,,
Prawn,---,2022,17,12,12,21239,35587,0,0,,
Prawn,---,2022,17,13,7,3138,3787,0,0,,
Prawn,---,2022,17,15,7,4295,6403,2,0,,
Prawn,---,2022,17,16,7,5674,11627,0,0,,
Prawn,---,2022,17,17,11,33729,31383,1737,65,,
Prawn,---,2022,17,18,5,700,823,0,0,,
Prawn,---,2022,17,19,1,200,*,*,*,,
Prawn,---,2022,17,20,1,100,*,*,*,,
Prawn,---,2022,17,Total,42,251606,371591,3934,216,,
Prawn,---,2022,18,1,1,3600,*,*,*,,
Prawn,---,2022,18,2,4,3149,2061,0,0,,
Prawn,---,2022,18,3,3,700,292,0,0,,
Prawn,---,2022,18,4,9,4738,4733,10,0,,
Prawn,---,2022,18,5,5,11700,17116,14,0,,
Prawn,---,2022,18,6,10,32807,33407,0,0,,
Prawn,---,2022,18,7,12,28939,52748,488,83,,
Prawn,---,2022,18,8,4,2050,4921,15,0,,
Prawn,---,2022,18,9,2,450,*,*,*,,
Prawn,---,2022,18,10,3,750,713,0,0,,
Prawn,---,2022,18,11,1,3050,*,*,*,,
Prawn,---,2022,18,Total,21,91933,123900,527,83,,
Prawn,---,2022,19,3,6,46997,77160,0,0,,
Prawn,---,2022,19,4,3,250,76,0,0,,
Prawn,---,2022,19,5,10,25900,23117,0,0,,
Prawn,---,2022,19,7,5,6480,9987,70,0,,
Prawn,---,2022,19,8,6,11000,26985,303,0,,
Prawn,---,2022,19,9,1,50,*,*,*,,
Prawn,---,2022,19,10,1,200,*,*,*,,
Prawn,---,2022,19,Total,19,90877,137965,393,0,,
Prawn,---,2022,20,5,1,50,*,*,*,,
Prawn,---,2022,20,Total,1,50,*,*,*,,
Prawn,---,2022,23,1,4,4270,8233,0,0,,
Prawn,---,2022,23,2,7,11278,23165,0,0,,
Prawn,---,2022,23,3,6,8370,17463,0,0,,
Prawn,---,2022,23,4,9,26506,44686,0,0,,
Prawn,---,2022,23,5,7,6351,8365,0,0,,
Prawn,---,2022,23,6,7,22358,36973,0,90,,
Prawn,---,2022,23,7,7,14500,29529,0,0,,
Prawn,---,2022,23,8,4,2250,4570,0,0,,
Prawn,---,2022,23,9,1,50,*,*,*,,
Prawn,---,2022,23,10,1,200,*,*,*,,
Prawn,---,2022,23,11,2,500,*,*,*,,
Prawn,---,2022,23,Total,9,96633,173776,0,90,,
Prawn,---,2022,24,2,3,4750,12610,0,0,,
Prawn,---,2022,24,3,3,2050,3120,0,0,,
Prawn,---,2022,24,4,3,2150,3286,0,0,,
Prawn,---,2022,24,7,3,9150,9699,0,0,,
Prawn,---,2022,24,10,1,250,*,*,*,,
Prawn,---,2022,24,12,2,850,*,*,*,,
Prawn,---,2022,24,13,3,5600,11783,0,0,,
Prawn,---,2022,24,14,4,3000,5147,0,0,,
Prawn,---,2022,24,Total,4,27800,46085,0,0,,
Prawn,---,2022,25,1,5,7950,15544,0,0,,
Prawn,---,2022,25,2,6,3850,5925,0,0,,
Prawn,---,2022,25,3,6,11771,21855,0,0,,
Prawn,---,2022,25,4,9,11692,20022,0,0,,
Prawn,---,2022,25,5,3,5350,11733,0,0,,
Prawn,---,2022,25,6,9,16056,26828,0,0,,
Prawn,---,2022,25,8,9,8100,14140,0,0,,
Prawn,---,2022,25,9,6,8310,19820,0,0,,
Prawn,---,2022,25,10,5,3800,9168,0,0,,
Prawn,---,2022,25,11,2,4000,*,*,*,,
Prawn,---,2022,25,12,1,50,*,*,*,,
Prawn,---,2022,25,13,4,2500,2881,0,0,,
Prawn,---,2022,25,15,5,4450,6915,0,0,,
Prawn,---,2022,25,16,3,850,1222,0,0,,
Prawn,---,2022,25,Total,11,88729,168138,0,0,,
Prawn,---,2022,26,2,4,11648,20155,0,0,,
Prawn,---,2022,26,3,3,700,754,0,0,,
Prawn,---,2022,26,4,4,12500,24334,0,0,,
Prawn,---,2022,26,5,4,8200,12708,0,0,,
Prawn,---,2022,26,6,1,50,*,*,*,,
Prawn,---,2022,26,9,1,138,*,*,*,,
Prawn,---,2022,26,Total,4,33236,58089,0,0,,
Prawn,---,2022,27,2,4,1480,**,**,**,,
Prawn,---,2022,27,7,11,30552,48419,0,0,,
Prawn,---,2022,27,8,8,16658,24325,0,0,,
Prawn,---,2022,27,9,2,150,*,*,*,,
Prawn,---,2022,27,10,5,7150,13363,0,100,,
Prawn,---,2022,27,11,9,30227,50216,0,24,,
Prawn,---,2022,27,Total,13,86217,140013,0,124,,
Prawn,---,2022,28,1,11,5700,7647,0,0,,
Prawn,---,2022,28,2,8,7350,13891,0,0,,
Prawn,---,2022,28,3,7,14749,25736,0,0,,
Prawn,---,2022,28,4,6,5180,8799,0,0,,
Prawn,---,2022,28,5,4,2900,5231,0,0,,
Prawn,---,2022,28,6,1,350,*,*,*,,
Prawn,---,2022,28,7,3,2750,4360,0,0,,
Prawn,---,2022,28,9,1,250,*,*,*,,
Prawn,---,2022,28,12,2,1550,*,*,*,,
Prawn,---,2022,28,13,2,300,*,*,*,,
Prawn,---,2022,28,14,1,50,*,*,*,,
Prawn,---,2022,28,Total,14,41129,67599,0,0,,
Prawn,---,2022,29,1,3,2549,2743,0,0,,
Prawn,---,2022,29,2,14,23499,36050,0,0,,
Prawn,---,2022,29,3,11,16364,22696,0,0,,
Prawn,---,2022,29,4,6,900,**,**,**,,
Prawn,---,2022,29,5,6,4692,3036,0,0,,
Prawn,---,2022,29,8,1,50,*,*,*,,
Prawn,---,2022,29,Total,23,48054,65498,0,0,,
Prawn,---,2022,106,1,1,600,*,*,*,,
Prawn,---,2022,106,Total,1,600,*,*,*,,
Prawn,---,2022,107,1,2,2050,*,*,*,,
Prawn,---,2022,107,2,4,6900,18826,0,0,,
Prawn,---,2022,107,3,2,1950,*,*,*,,
Prawn,---,2022,107,Total,4,10900,28476,0,0,,
Prawn,---,2023,0,0,1,50,*,*,*,,
Prawn,---,2023,0,Total,1,50,*,*,*,,
Prawn,---,2023,2,3,1,100,*,*,*,,
Prawn,---,2023,2,4,1,300,*,*,*,,
Prawn,---,2023,2,5,1,50,*,*,*,,
Prawn,---,2023,2,6,2,400,*,*,*,,
Prawn,---,2023,2,9,1,50,*,*,*,,
Prawn,---,2023,2,13,1,150,*,*,*,,
Prawn,---,2023,2,42,1,200,*,*,*,,
Prawn,---,2023,2,43,1,300,*,*,*,,
Prawn,---,2023,2,45,1,50,*,*,*,,
Prawn,---,2023,2,46,1,1950,*,*,*,,
Prawn,---,2023,2,47,1,450,*,*,*,,
Prawn,---,2023,2,53,1,150,*,*,*,,
Prawn,---,2023,2,57,1,50,*,*,*,,
Prawn,---,2023,2,58,1,200,*,*,*,,
Prawn,---,2023,2,61,1,200,*,*,*,,
Prawn,---,2023,2,63,1,750,*,*,*,,
Prawn,---,2023,2,65,1,450,*,*,*,,
Prawn,---,2023,2,68,1,900,*,*,*,,
Prawn,---,2023,2,82,1,300,*,*,*,,
Prawn,---,2023,2,89,1,250,*,*,*,,
Prawn,---,2023,2,90,1,1250,*,*,*,,
Prawn,---,2023,2,91,1,1050,*,*,*,,
Prawn,---,2023,2,Total,2,9550,*,*,*,,
Prawn,---,2023,3,1,1,500,*,*,*,,
Prawn,---,2023,3,2,1,250,*,*,*,,
Prawn,---,2023,3,3,2,600,*,*,*,,
Prawn,---,2023,3,4,2,300,*,*,*,,
Prawn,---,2023,3,6,1,1800,*,*,*,,
Prawn,---,2023,3,7,3,1150,882,51,0,,
Prawn,---,2023,3,8,3,850,947,68,0,,
Prawn,---,2023,3,9,2,900,*,*,*,,
Prawn,---,2023,3,10,1,2350,*,*,*,,
Prawn,---,2023,3,11,1,5450,*,*,*,,
Prawn,---,2023,3,12,1,900,*,*,*,,
Prawn,---,2023,3,13,3,800,904,14,0,,
Prawn,---,2023,3,15,1,5250,*,*,*,,
Prawn,---,2023,3,16,1,650,*,*,*,,
Prawn,---,2023,3,17,2,1000,*,*,*,,
Prawn,---,2023,3,Total,3,22750,27059,1127,0,,
Prawn,---,2023,4,5,2,2350,*,*,*,,
Prawn,---,2023,4,9,2,550,*,*,*,,
Prawn,---,2023,4,10,3,36750,0,29235,0,,
Prawn,---,2023,4,12,3,1200,1027,8,0,,
Prawn,---,2023,4,Total,7,40850,4454,29305,0,,
Prawn,---,2023,5,1,4,1200,1224,1,158,,
Prawn,---,2023,5,2,1,150,*,*,*,,
Prawn,---,2023,5,9,1,4700,*,*,*,,
Prawn,---,2023,5,15,2,1750,*,*,*,,
Prawn,---,2023,5,16,2,4944,*,*,*,,
Prawn,---,2023,5,17,1,50,*,*,*,,
Prawn,---,2023,5,18,1,200,*,*,*,,
Prawn,---,2023,5,19,1,750,*,*,*,,
Prawn,---,2023,5,23,2,5200,*,*,*,,
Prawn,---,2023,5,24,6,2059,2551,59,132,,
Prawn,---,2023,5,Total,8,21003,24251,452,1289,,
Prawn,---,2023,6,1,3,9195,11588,297,2,,
Prawn,---,2023,6,2,4,8200,11593,600,0,,
Prawn,---,2023,6,3,4,3600,4033,40,0,,
Prawn,---,2023,6,4,2,9750,*,*,*,,
Prawn,---,2023,6,5,7,16587,19611,206,125,,
Prawn,---,2023,6,6,3,4200,5254,0,0,,
Prawn,---,2023,6,7,3,700,697,0,0,,
Prawn,---,2023,6,9,1,350,*,*,*,,
Prawn,---,2023,6,10,1,50,*,*,*,,
Prawn,---,2023,6,12,3,970,721,0,0,,
Prawn,---,2023,6,14,1,180,*,*,*,,
Prawn,---,2023,6,16,1,850,*,*,*,,
Prawn,---,2023,6,17,1,900,*,*,*,,
Prawn,---,2023,6,19,2,4850,*,*,*,,
Prawn,---,2023,6,20,5,2100,2080,0,0,,
Prawn,---,2023,6,21,4,1300,1074,0,79,,
Prawn,---,2023,6,22,3,2150,2624,0,91,,
Prawn,---,2023,6,23,3,700,1162,0,0,,
Prawn,---,2023,6,24,1,1200,*,*,*,,
Prawn,---,2023,6,25,4,5300,8644,4,0,,
Prawn,---,2023,6,26,3,500,483,0,0,,
Prawn,---,2023,6,27,2,703,*,*,*,,
Prawn,---,2023,6,28,4,1550,1271,0,0,,
Prawn,---,2023,6,Total,12,75885,95975,3104,297,,
Prawn,---,2023,7,1,1,4500,*,*,*,,
Prawn,---,2023,7,2,3,1650,3270,0,0,,
Prawn,---,2023,7,3,6,8650,14386,0,0,,
Prawn,---,2023,7,4,4,900,1272,0,0,,
Prawn,---,2023,7,5,2,750,*,*,*,,
Prawn,---,2023,7,6,3,450,255,0,0,,
Prawn,---,2023,7,7,2,1100,*,*,*,,
Prawn,---,2023,7,9,6,9550,12905,74,0,,
Prawn,---,2023,7,10,1,100,*,*,*,,
Prawn,---,2023,7,11,1,1100,*,*,*,,
Prawn,---,2023,7,12,5,4650,8370,0,0,,
Prawn,---,2023,7,13,2,1050,*,*,*,,
Prawn,---,2023,7,14,3,5000,6931,0,0,,
Prawn,---,2023,7,15,3,2400,3952,0,0,,
Prawn,---,2023,7,16,1,2580,*,*,*,,
Prawn,---,2023,7,17,2,4899,*,*,*,,
Prawn,---,2023,7,18,5,1850,3440,0,0,,
Prawn,---,2023,7,19,2,5300,*,*,*,,
Prawn,---,2023,7,20,1,50,*,*,*,,
Prawn,---,2023,7,21,2,850,*,*,*,,
Prawn,---,2023,7,22,1,100,*,*,*,,
Prawn,---,2023,7,23,4,3126,5421,4,0,,
Prawn,---,2023,7,24,4,3200,5237,0,0,,
Prawn,---,2023,7,25,2,550,*,*,*,,
Prawn,---,2023,7,26,2,700,*,*,*,,
Prawn,---,2023,7,27,4,4250,6312,96,0,,
Prawn,---,2023,7,28,3,2400,4332,76,0,,
Prawn,---,2023,7,29,1,100,*,*,*,,
Prawn,---,2023,7,30,2,400,*,*,*,,
Prawn,---,2023,7,31,3,7200,13771,0,0,,
Prawn,---,2023,7,Total,17,79405,145886,252,0,,
Prawn,---,2023,8,1,1,150,*,*,*,,
Prawn,---,2023,8,2,3,1100,994,0,0,,
Prawn,---,2023,8,3,3,850,1059,0,0,,
Prawn,---,2023,8,4,5,9399,17394,70,0,,
Prawn,---,2023,8,5,1,1350,*,*,*,,
Prawn,---,2023,8,6,2,600,*,*,*,,
Prawn,---,2023,8,7,2,3543,*,*,*,,
Prawn,---,2023,8,8,2,3500,*,*,*,,
Prawn,---,2023,8,9,2,2900,*,*,*,,
Prawn,---,2023,8,10,3,350,928,0,0,,
Prawn,---,2023,8,11,1,50,*,*,*,,
Prawn,---,2023,8,12,1,1446,*,*,*,,
Prawn,---,2023,8,13,6,16705,24453,0,0,,
Prawn,---,2023,8,14,5,8467,15173,4,0,,
Prawn,---,2023,8,15,6,8987,11111,160,0,,
Prawn,---,2023,8,16,4,5700,8996,0,0,,
Prawn,---,2023,8,Total,13,65097,102649,267,19,,
Prawn,---,2023,9,1,3,4300,6647,0,0,,
Prawn,---,2023,9,2,5,10750,22408,9,0,,
Prawn,---,2023,9,3,4,4900,8306,0,0,,
Prawn,---,2023,9,4,4,6000,10220,0,0,,
Prawn,---,2023,9,5,3,2550,2984,0,0,,
Prawn,---,2023,9,6,2,4600,*,*,*,,
Prawn,---,2023,9,7,3,4554,8654,0,0,,
Prawn,---,2023,9,8,2,2000,*,*,*,,
Prawn,---,2023,9,9,3,9176,13143,0,0,,
Prawn,---,2023,9,10,1,11100,*,*,*,,
Prawn,---,2023,9,11,5,5550,11214,0,24,,
Prawn,---,2023,9,12,5,11740,25374,0,0,,
Prawn,---,2023,9,Total,9,77220,136594,1030,24,,
Prawn,---,2023,10,1,1,300,*,*,*,,
Prawn,---,2023,10,2,2,300,*,*,*,,
Prawn,---,2023,10,3,4,1700,1766,0,0,,
Prawn,---,2023,10,4,4,6850,12287,0,0,,
Prawn,---,2023,10,5,4,1750,3233,0,0,,
Prawn,---,2023,10,6,2,7200,*,*,*,,
Prawn,---,2023,10,7,4,4750,6203,0,0,,
Prawn,---,2023,10,8,3,1650,1421,0,0,,
Prawn,---,2023,10,9,2,2250,*,*,*,,
Prawn,---,2023,10,10,3,2300,3550,0,0,,
Prawn,---,2023,10,12,4,6847,13991,0,17,,
Prawn,---,2023,10,Total,7,35897,64548,30,17,,
Prawn,---,2023,11,2,1,300,*,*,*,,
Prawn,---,2023,11,3,2,5950,*,*,*,,
Prawn,---,2023,11,4,3,4214,6887,72,0,,
Prawn,---,2023,11,5,3,536,441,105,0,,
Prawn,---,2023,11,6,2,300,*,*,*,,
Prawn,---,2023,11,7,1,200,*,*,*,,
Prawn,---,2023,11,8,2,2150,*,*,*,,
Prawn,---,2023,11,Total,4,13650,21973,270,0,,
Prawn,---,2023,12,2,3,2000,3701,0,0,,
Prawn,---,2023,12,3,1,50,*,*,*,,
Prawn,---,2023,12,4,2,1487,*,*,*,,
Prawn,---,2023,12,6,8,19776,42198,0,0,,
Prawn,---,2023,12,7,6,1400,2811,0,0,,
Prawn,---,2023,12,18,1,140,*,*,*,,
Prawn,---,2023,12,22,3,11350,24280,0,0,,
Prawn,---,2023,12,23,5,28028,64274,0,0,,
Prawn,---,2023,12,26,18,108557,228055,0,0,,
Prawn,---,2023,12,27,6,11044,20703,2,0,,
Prawn,---,2023,12,28,2,1700,*,*,*,,
Prawn,---,2023,12,29,2,2200,*,*,*,,
Prawn,---,2023,12,30,1,3600,*,*,*,,
Prawn,---,2023,12,31,1,950,*,*,*,,
Prawn,---,2023,12,32,1,600,*,*,*,,
Prawn,---,2023,12,33,1,400,*,*,*,,
Prawn,---,2023,12,34,1,500,*,*,*,,
Prawn,---,2023,12,35,17,27187,55671,29,0,,
Prawn,---,2023,12,36,6,7789,15381,0,0,,
Prawn,---,2023,12,37,5,3144,7129,0,0,,
Prawn,---,2023,12,38,8,8950,16066,0,0,,
Prawn,---,2023,12,39,15,74814,137783,0,0,,
Prawn,---,2023,12,40,11,34748,59491,310,2,,
Prawn,---,2023,12,41,10,45686,74180,27,0,,
Prawn,---,2023,12,42,4,16450,53743,0,0,,
Prawn,---,2023,12,43,7,9084,15529,263,4,,
Prawn,---,2023,12,44,2,350,*,*,*,,
Prawn,---,2023,12,45,3,8492,14024,365,0,,
Prawn,---,2023,12,46,1,232,*,*,*,,
Prawn,---,2023,12,47,4,3620,5474,37,0,,
Prawn,---,2023,12,48,4,2330,3828,83,0,,
Prawn,---,2023,12,Total,45,436658,855052,1184,6,,
Prawn,---,2023,13,1,2,900,*,*,*,,
Prawn,---,2023,13,9,1,50,*,*,*,,
Prawn,---,2023,13,10,2,327,*,*,*,,
Prawn,---,2023,13,12,6,20250,47825,0,0,,
Prawn,---,2023,13,13,4,1150,1450,0,0,,
Prawn,---,2023,13,14,5,4750,6715,0,0,,
Prawn,---,2023,13,15,4,1400,1248,0,0,,
Prawn,---,2023,13,16,12,12248,15497,0,0,,
Prawn,---,2023,13,17,12,23647,35456,0,0,,
Prawn,---,2023,13,18,10,4150,5249,0,0,,
Prawn,---,2023,13,19,7,7050,9907,0,0,,
Prawn,---,2023,13,20,5,4100,5599,0,0,,
Prawn,---,2023,13,21,5,19350,20289,0,0,,
Prawn,---,2023,13,22,2,5250,*,*,*,,
Prawn,---,2023,13,23,5,2400,1845,0,0,,
Prawn,---,2023,13,24,5,1150,833,0,0,,
Prawn,---,2023,13,25,2,2050,*,*,*,,
Prawn,---,2023,13,26,7,3150,2556,0,0,,
Prawn,---,2023,13,35,2,950,*,*,*,,
Prawn,---,2023,13,36,3,12797,19121,0,0,,
Prawn,---,2023,13,37,2,835,*,*,*,,
Prawn,---,2023,13,39,1,80,*,*,*,,
Prawn,---,2023,13,40,1,48,*,*,*,,
Prawn,---,2023,13,41,2,661,*,*,*,,
Prawn,---,2023,13,42,4,8470,11616,0,0,,
Prawn,---,2023,13,43,5,14987,26683,0,0,,
Prawn,---,2023,13,Total,25,152200,226543,0,0,,
Prawn,---,2023,14,1,5,350,82,0,0,,
Prawn,---,2023,14,2,4,1600,1120,0,0,,
Prawn,---,2023,14,3,8,7300,8078,0,0,,
Prawn,---,2023,14,4,6,1750,1611,0,0,,
Prawn,---,2023,14,5,4,2550,2507,0,0,,
Prawn,---,2023,14,6,8,3200,3676,0,0,,
Prawn,---,2023,14,7,1,50,*,*,*,,
Prawn,---,2023,14,8,1,1850,*,*,*,,
Prawn,---,2023,14,9,2,250,*,*,*,,
Prawn,---,2023,14,12,4,1250,1390,0,0,,
Prawn,---,2023,14,13,5,4249,5505,0,0,,
Prawn,---,2023,14,Total,18,24399,26182,0,0,,
Prawn,---,2023,15,1,5,4850,**,**,**,,
Prawn,---,2023,15,2,8,15092,21687,0,0,,
Prawn,---,2023,15,3,10,23785,40066,0,0,,
Prawn,---,2023,15,4,3,8850,15791,0,0,,
Prawn,---,2023,15,5,15,46845,69174,0,0,,
Prawn,---,2023,15,6,2,3900,*,*,*,,
Prawn,---,2023,15,Total,20,103322,161086,0,0,,
Prawn,---,2023,16,1,6,3500,4238,0,0,,
Prawn,---,2023,16,2,5,2000,2245,0,0,,
Prawn,---,2023,16,6,2,1900,*,*,*,,
Prawn,---,2023,16,7,1,400,*,*,*,,
Prawn,---,2023,16,9,2,1300,*,*,*,,
Prawn,---,2023,16,10,3,3200,3450,0,0,,
Prawn,---,2023,16,11,6,15346,17403,0,0,,
Prawn,---,2023,16,12,4,2797,2564,0,0,,
Prawn,---,2023,16,13,3,3400,2741,0,0,,
Prawn,---,2023,16,14,2,400,*,*,*,,
Prawn,---,2023,16,15,2,400,*,*,*,,
Prawn,---,2023,16,16,3,4740,6218,0,0,,
Prawn,---,2023,16,17,5,1850,1033,0,0,,
Prawn,---,2023,16,18,7,11715,12786,0,0,,
Prawn,---,2023,16,19,4,6420,9604,0,0,,
Prawn,---,2023,16,21,8,16980,19599,0,0,,
Prawn,---,2023,16,22,2,149,*,*,*,,
Prawn,---,2023,16,Total,15,76497,89050,0,0,,
Prawn,---,2023,17,1,3,5548,6481,95,20,,
Prawn,---,2023,17,2,7,6398,7027,5,0,,
Prawn,---,2023,17,3,4,4650,5142,0,0,,
Prawn,---,2023,17,4,13,21538,39196,147,10,,
Prawn,---,2023,17,5,10,34671,68840,0,10,,
Prawn,---,2023,17,6,17,90583,138135,157,0,,
Prawn,---,2023,17,7,3,250,394,0,0,,
Prawn,---,2023,17,8,2,100,*,*,*,,
Prawn,---,2023,17,9,12,34318,63551,1186,0,,
Prawn,---,2023,17,10,4,6250,8290,0,0,,
Prawn,---,2023,17,11,16,18500,20247,0,0,,
Prawn,---,2023,17,12,12,27942,33982,0,0,,
Prawn,---,2023,17,13,7,5046,7993,0,0,,
Prawn,---,2023,17,14,1,50,*,*,*,,
Prawn,---,2023,17,15,4,3282,5551,0,0,,
Prawn,---,2023,17,16,5,3521,7930,0,0,,
Prawn,---,2023,17,17,7,31673,21079,1946,0,,
Prawn,---,2023,17,18,6,2150,2456,0,0,,
Prawn,---,2023,17,19,1,150,*,*,*,,
Prawn,---,2023,17,20,1,100,*,*,*,,
Prawn,---,2023,17,Total,41,296720,436877,3536,40,,
Prawn,---,2023,18,1,3,3400,3575,0,0,,
Prawn,---,2023,18,2,4,3132,2926,35,0,,
Prawn,---,2023,18,3,2,1950,*,*,*,,
Prawn,---,2023,18,4,6,5550,10856,0,0,,
Prawn,---,2023,18,5,8,13145,15480,10,0,,
Prawn,---,2023,18,6,17,44952,53062,0,0,,
Prawn,---,2023,18,7,14,35668,60890,11,10,,
Prawn,---,2023,18,8,7,9451,13243,0,0,,
Prawn,---,2023,18,9,3,1250,1978,0,0,,
Prawn,---,2023,18,10,2,400,*,*,*,,
Prawn,---,2023,18,11,2,3700,*,*,*,,
Prawn,---,2023,18,Total,22,122598,169076,91,10,,
Prawn,---,2023,19,3,3,14500,22196,0,0,,
Prawn,---,2023,19,4,2,400,*,*,*,,
Prawn,---,2023,19,5,9,18594,25844,0,0,,
Prawn,---,2023,19,7,7,3250,5260,10,0,,
Prawn,---,2023,19,8,9,18849,55873,216,0,,
Prawn,---,2023,19,9,2,250,*,*,*,,
Prawn,---,2023,19,10,4,1599,3320,50,0,,
Prawn,---,2023,19,11,3,645,1252,0,0,,
Prawn,---,2023,19,Total,19,58087,115169,276,0,,
Prawn,---,2023,23,1,6,7350,15058,0,0,,
Prawn,---,2023,23,2,8,16650,33816,0,0,,
Prawn,---,2023,23,3,7,7300,14141,0,0,,
Prawn,---,2023,23,4,9,24820,45673,0,0,,
Prawn,---,2023,23,5,6,4950,7296,0,0,,
Prawn,---,2023,23,6,7,19250,36751,0,0,,
Prawn,---,2023,23,7,8,16200,30030,0,0,,
Prawn,---,2023,23,8,5,2200,4339,0,0,,
Prawn,---,2023,23,10,1,200,*,*,*,,
Prawn,---,2023,23,11,2,750,*,*,*,,
Prawn,---,2023,23,Total,10,99670,187733,0,0,,
Prawn,---,2023,24,2,3,4523,8412,0,0,,
Prawn,---,2023,24,3,3,2715,4009,0,0,,
Prawn,---,2023,24,4,4,3900,5097,0,0,,
Prawn,---,2023,24,5,3,8900,19005,0,0,,
Prawn,---,2023,24,7,2,2850,*,*,*,,
Prawn,---,2023,24,10,2,500,*,*,*,,
Prawn,---,2023,24,12,2,350,*,*,*,,
Prawn,---,2023,24,13,3,4200,8379,0,0,,
Prawn,---,2023,24,14,3,4865,9375,0,0,,
Prawn,---,2023,24,Total,5,32803,59343,0,0,,
Prawn,---,2023,25,1,6,9550,15843,0,0,,
Prawn,---,2023,25,2,6,4900,7890,0,0,,
Prawn,---,2023,25,3,8,19000,38992,0,0,,
Prawn,---,2023,25,4,11,18394,30823,0,0,,
Prawn,---,2023,25,5,6,3700,8536,0,0,,
Prawn,---,2023,25,6,11,27500,36608,0,0,,
Prawn,---,2023,25,7,1,50,*,*,*,,
Prawn,---,2023,25,8,9,7008,10124,0,0,,
Prawn,---,2023,25,9,7,4000,6163,0,0,,
Prawn,---,2023,25,10,4,2262,3101,0,0,,
Prawn,---,2023,25,11,2,1050,*,*,*,,
Prawn,---,2023,25,12,1,50,*,*,*,,
Prawn,---,2023,25,13,3,300,44,0,0,,
Prawn,---,2023,25,15,10,6198,9696,0,0,,
Prawn,---,2023,25,16,2,550,*,*,*,,
Prawn,---,2023,25,Total,12,104512,170836,0,0,,
Prawn,---,2023,26,2,7,12950,19106,0,0,,
Prawn,---,2023,26,3,5,850,911,0,0,,
Prawn,---,2023,26,4,7,12650,20213,0,0,,
Prawn,---,2023,26,5,7,8900,13332,0,0,,
Prawn,---,2023,26,6,1,50,*,*,*,,
Prawn,---,2023,26,7,1,250,*,*,*,,
Prawn,---,2023,26,9,1,2050,*,*,*,,
Prawn,---,2023,26,Total,7,37700,58652,0,0,,
Prawn,---,2023,27,2,5,1550,2116,0,0,,
Prawn,---,2023,27,7,8,24774,33729,0,0,,
Prawn,---,2023,27,8,6,14399,18232,0,0,,
Prawn,---,2023,27,9,1,50,*,*,*,,
Prawn,---,2023,27,10,2,13699,*,*,*,,
Prawn,---,2023,27,11,7,27189,45176,0,0,,
Prawn,---,2023,27,Total,10,81661,122043,0,0,,
Prawn,---,2023,28,1,5,7200,11197,0,0,,
Prawn,---,2023,28,2,9,27903,56311,0,0,,
Prawn,---,2023,28,3,4,4600,8061,0,0,,
Prawn,---,2023,28,4,5,4800,9125,0,0,,
Prawn,---,2023,28,5,2,1700,*,*,*,,
Prawn,---,2023,28,6,3,2770,4698,0,0,,
Prawn,---,2023,28,7,6,14408,26556,0,0,,
Prawn,---,2023,28,8,1,100,*,*,*,,
Prawn,---,2023,28,9,1,1050,*,*,*,,
Prawn,---,2023,28,12,1,450,*,*,*,,
Prawn,---,2023,28,Total,13,64981,122563,0,0,,
Prawn,---,2023,29,1,7,6200,7094,0,0,,
Prawn,---,2023,29,2,13,24450,48012,0,0,,
Prawn,---,2023,29,3,11,13955,19746,40,0,,
Prawn,---,2023,29,4,4,1050,1045,0,0,,
Prawn,---,2023,29,5,5,800,720,0,0,,
Prawn,---,2023,29,Total,20,46455,76617,40,0,,
Prawn,---,2023,106,2,1,NULL,*,*,*,,
Prawn,---,2023,106,Total,1,NULL,*,*,*,,
Prawn,---,2023,107,1,3,450,**,**,**,,
Prawn,---,2023,107,2,6,4248,6893,0,0,,
Prawn,---,2023,107,3,2,4450,*,*,*,,
Prawn,---,2023,107,Total,6,9148,17043,0,0,,
Prawn,---,2023,110,0,1,300,*,*,*,,
Prawn,---,2023,110,Total,1,300,*,*,*,,
Prawn,---,2023,123,3,3,1100,60,0,0,,
Prawn,---,2023,123,Total,3,1100,60,0,0,,
Prawn,---,2024,0,0,1,50,*,*,*,,
Prawn,---,2024,0,Total,1,50,*,*,*,,
Prawn,---,2024,2,3,1,350,*,*,*,,
Prawn,---,2024,2,4,1,150,*,*,*,,
Prawn,---,2024,2,8,1,400,*,*,*,,
Prawn,---,2024,2,10,1,100,*,*,*,,
Prawn,---,2024,2,13,1,400,*,*,*,,
Prawn,---,2024,2,38,1,50,*,*,*,,
Prawn,---,2024,2,42,1,25,*,*,*,,
Prawn,---,2024,2,43,1,100,*,*,*,,
Prawn,---,2024,2,45,1,450,*,*,*,,
Prawn,---,2024,2,46,2,2675,*,*,*,,
Prawn,---,2024,2,47,2,1000,*,*,*,,
Prawn,---,2024,2,48,1,50,*,*,*,,
Prawn,---,2024,2,53,1,100,*,*,*,,
Prawn,---,2024,2,55,1,50,*,*,*,,
Prawn,---,2024,2,57,2,700,*,*,*,,
Prawn,---,2024,2,58,2,1150,*,*,*,,
Prawn,---,2024,2,59,1,1100,*,*,*,,
Prawn,---,2024,2,60,2,300,*,*,*,,
Prawn,---,2024,2,61,1,270,*,*,*,,
Prawn,---,2024,2,63,1,800,*,*,*,,
Prawn,---,2024,2,64,1,200,*,*,*,,
Prawn,---,2024,2,65,2,2900,*,*,*,,
Prawn,---,2024,2,66,1,200,*,*,*,,
Prawn,---,2024,2,67,1,350,*,*,*,,
Prawn,---,2024,2,68,2,2650,*,*,*,,
Prawn,---,2024,2,82,1,300,*,*,*,,
Prawn,---,2024,2,83,1,250,*,*,*,,
Prawn,---,2024,2,84,1,50,*,*,*,,
Prawn,---,2024,2,89,1,100,*,*,*,,
Prawn,---,2024,2,90,1,2650,*,*,*,,
Prawn,---,2024,2,91,1,1550,*,*,*,,
Prawn,---,2024,2,Total,3,21420,29226,1659,0,,
Prawn,---,2024,3,2,1,50,*,*,*,,
Prawn,---,2024,3,3,2,250,*,*,*,,
Prawn,---,2024,3,4,1,50,*,*,*,,
Prawn,---,2024,3,6,1,2200,*,*,*,,
Prawn,---,2024,3,7,3,1400,1380,43,0,,
Prawn,---,2024,3,8,3,750,644,77,0,,
Prawn,---,2024,3,9,1,1450,*,*,*,,
Prawn,---,2024,3,10,2,1900,*,*,*,,
Prawn,---,2024,3,11,3,7250,6853,201,2,,
Prawn,---,2024,3,12,3,650,588,9,0,,
Prawn,---,2024,3,13,2,2050,*,*,*,,
Prawn,---,2024,3,14,1,5950,*,*,*,,
Prawn,---,2024,3,15,1,2850,*,*,*,,
Prawn,---,2024,3,16,1,550,*,*,*,,
Prawn,---,2024,3,17,2,700,*,*,*,,
Prawn,---,2024,3,Total,5,28050,23697,1020,2,,
Prawn,---,2024,4,5,3,5850,7276,57,0,,
Prawn,---,2024,4,9,3,1632,1234,18,0,,
Prawn,---,2024,4,10,3,49250,0,25019,0,,
Prawn,---,2024,4,11,2,1350,*,*,*,,
Prawn,---,2024,4,12,3,1038,**,**,**,,
Prawn,---,2024,4,Total,5,59120,9727,25744,0,,
Prawn,---,2024,5,1,1,1050,*,*,*,,
Prawn,---,2024,5,2,1,100,*,*,*,,
Prawn,---,2024,5,9,1,5100,*,*,*,,
Prawn,---,2024,5,15,1,647,*,*,*,,
Prawn,---,2024,5,16,1,3899,*,*,*,,
Prawn,---,2024,5,17,1,149,*,*,*,,
Prawn,---,2024,5,18,1,200,*,*,*,,
Prawn,---,2024,5,19,2,650,*,*,*,,
Prawn,---,2024,5,23,1,2850,*,*,*,,
Prawn,---,2024,5,24,3,400,498,111,0,,
Prawn,---,2024,5,Total,5,15045,17701,972,0,,
Prawn,---,2024,6,1,3,11700,17493,466,0,,
Prawn,---,2024,6,2,2,3500,*,*,*,,
Prawn,---,2024,6,3,5,5100,4915,2,0,,
Prawn,---,2024,6,4,3,7300,6639,755,0,,
Prawn,---,2024,6,5,3,6750,8004,236,0,,
Prawn,---,2024,6,6,3,1900,1599,0,0,,
Prawn,---,2024,6,7,2,700,*,*,*,,
Prawn,---,2024,6,10,1,200,*,*,*,,
Prawn,---,2024,6,12,2,2270,*,*,*,,
Prawn,---,2024,6,14,1,1380,*,*,*,,
Prawn,---,2024,6,16,1,250,*,*,*,,
Prawn,---,2024,6,17,1,900,*,*,*,,
Prawn,---,2024,6,18,1,50,*,*,*,,
Prawn,---,2024,6,19,1,1450,*,*,*,,
Prawn,---,2024,6,20,4,3300,3307,9,0,,
Prawn,---,2024,6,21,3,1400,1588,195,0,,
Prawn,---,2024,6,22,2,1300,*,*,*,,
Prawn,---,2024,6,23,1,450,*,*,*,,
Prawn,---,2024,6,24,2,750,*,*,*,,
Prawn,---,2024,6,25,4,9750,11275,0,0,,
Prawn,---,2024,6,26,2,150,*,*,*,,
Prawn,---,2024,6,27,2,150,*,*,*,,
Prawn,---,2024,6,28,1,50,*,*,*,,
Prawn,---,2024,6,Total,10,60750,71872,1893,0,,
Prawn,---,2024,7,1,4,7100,19007,0,0,,
Prawn,---,2024,7,2,3,2250,5119,0,0,,
Prawn,---,2024,7,3,6,9550,13321,0,0,,
Prawn,---,2024,7,4,3,850,841,0,0,,
Prawn,---,2024,7,5,1,200,*,*,*,,
Prawn,---,2024,7,6,1,900,*,*,*,,
Prawn,---,2024,7,7,3,2300,1818,0,0,,
Prawn,---,2024,7,9,7,16600,23359,0,0,,
Prawn,---,2024,7,10,2,600,*,*,*,,
Prawn,---,2024,7,11,2,2850,*,*,*,,
Prawn,---,2024,7,12,6,7650,7833,0,0,,
Prawn,---,2024,7,13,4,2750,3260,0,0,,
Prawn,---,2024,7,14,3,6110,8292,30,0,,
Prawn,---,2024,7,15,6,1200,1414,0,0,,
Prawn,---,2024,7,16,4,3550,3159,0,0,,
Prawn,---,2024,7,17,3,9550,13253,0,0,,
Prawn,---,2024,7,18,4,2200,5302,0,0,,
Prawn,---,2024,7,19,3,6950,22703,10,0,,
Prawn,---,2024,7,20,1,1300,*,*,*,,
Prawn,---,2024,7,21,3,1350,4523,10,0,,
Prawn,---,2024,7,22,2,100,*,*,*,,
Prawn,---,2024,7,23,5,5250,11357,0,0,,
Prawn,---,2024,7,24,6,5070,5858,0,0,,
Prawn,---,2024,7,25,1,50,*,*,*,,
Prawn,---,2024,7,26,3,250,110,3,0,,
Prawn,---,2024,7,27,3,3350,6748,64,0,,
Prawn,---,2024,7,28,2,2900,*,*,*,,
Prawn,---,2024,7,29,3,1750,1818,0,0,,
Prawn,---,2024,7,30,2,200,*,*,*,,
Prawn,---,2024,7,31,2,10400,*,*,*,,
Prawn,---,2024,7,32,2,350,*,*,*,,
Prawn,---,2024,7,Total,23,115480,196363,144,0,,
Prawn,---,2024,8,2,4,2750,2127,0,0,,
Prawn,---,2024,8,3,6,1150,1212,0,0,,
Prawn,---,2024,8,4,9,11100,12110,149,3,,
Prawn,---,2024,8,5,4,2550,2499,0,0,,
Prawn,---,2024,8,6,4,650,467,0,0,,
Prawn,---,2024,8,7,5,7900,7388,12,0,,
Prawn,---,2024,8,8,3,4600,8380,145,0,,
Prawn,---,2024,8,9,2,3000,*,*,*,,
Prawn,---,2024,8,10,3,750,730,0,0,,
Prawn,---,2024,8,11,2,1000,*,*,*,,
Prawn,---,2024,8,12,3,6700,11202,10,0,,
Prawn,---,2024,8,13,3,2800,5071,0,0,,
Prawn,---,2024,8,14,3,4950,8421,0,0,,
Prawn,---,2024,8,15,5,4800,5833,23,0,,
Prawn,---,2024,8,16,7,8000,8407,0,0,,
Prawn,---,2024,8,Total,15,62700,80394,923,3,,
Prawn,---,2024,9,1,6,5050,5576,0,0,,
Prawn,---,2024,9,2,4,14250,27145,10,0,,
Prawn,---,2024,9,3,4,6273,10564,0,0,,
Prawn,---,2024,9,4,4,2400,3620,0,0,,
Prawn,---,2024,9,5,3,1450,2895,0,0,,
Prawn,---,2024,9,6,2,5950,*,*,*,,
Prawn,---,2024,9,7,3,3150,5716,0,0,,
Prawn,---,2024,9,8,2,700,*,*,*,,
Prawn,---,2024,9,9,3,3900,6179,0,0,,
Prawn,---,2024,9,10,1,7250,*,*,*,,
Prawn,---,2024,9,11,7,8644,12387,0,0,,
Prawn,---,2024,9,12,5,8449,15699,7,0,,
Prawn,---,2024,9,Total,10,67466,113856,169,0,,
Prawn,---,2024,10,1,2,550,*,*,*,,
Prawn,---,2024,10,2,1,50,*,*,*,,
Prawn,---,2024,10,3,2,1000,*,*,*,,
Prawn,---,2024,10,4,5,8750,17066,3,48,,
Prawn,---,2024,10,5,4,3900,6295,0,0,,
Prawn,---,2024,10,6,4,1400,1604,0,0,,
Prawn,---,2024,10,7,4,1950,1960,2,0,,
Prawn,---,2024,10,8,4,700,705,24,0,,
Prawn,---,2024,10,9,1,1200,*,*,*,,
Prawn,---,2024,10,10,1,750,*,*,*,,
Prawn,---,2024,10,12,4,6649,10160,281,0,,
Prawn,---,2024,10,Total,8,26899,41251,310,58,,
Prawn,---,2024,11,2,3,2600,1460,0,0,,
Prawn,---,2024,11,3,6,15129,23718,247,0,,
Prawn,---,2024,11,4,3,9350,14757,357,0,,
Prawn,---,2024,11,5,3,1950,2468,169,0,,
Prawn,---,2024,11,6,2,450,*,*,*,,
Prawn,---,2024,11,7,2,1200,*,*,*,,
Prawn,---,2024,11,8,3,6509,9508,162,0,,
Prawn,---,2024,11,10,3,2048,918,0,0,,
Prawn,---,2024,11,Total,7,39236,55408,945,0,,
Prawn,---,2024,12,2,2,1735,*,*,*,,
Prawn,---,2024,12,4,3,2260,4500,0,0,,
Prawn,---,2024,12,6,6,17255,37121,0,0,,
Prawn,---,2024,12,7,5,1365,1674,0,0,,
Prawn,---,2024,12,9,1,50,*,*,*,,
Prawn,---,2024,12,10,1,200,*,*,*,,
Prawn,---,2024,12,11,2,300,*,*,*,,
Prawn,---,2024,12,12,1,100,*,*,*,,
Prawn,---,2024,12,13,2,550,*,*,*,,
Prawn,---,2024,12,15,1,50,*,*,*,,
Prawn,---,2024,12,16,1,100,*,*,*,,
Prawn,---,2024,12,18,2,95,*,*,*,,
Prawn,---,2024,12,20,1,50,*,*,*,,
Prawn,---,2024,12,22,3,5376,11358,0,0,,
Prawn,---,2024,12,23,4,39350,84686,0,0,,
Prawn,---,2024,12,26,15,120311,196660,2,0,,
Prawn,---,2024,12,27,6,12800,16918,2,0,,
Prawn,---,2024,12,28,4,1600,931,2,0,,
Prawn,---,2024,12,29,2,1500,*,*,*,,
Prawn,---,2024,12,30,1,2700,*,*,*,,
Prawn,---,2024,12,31,1,1550,*,*,*,,
Prawn,---,2024,12,32,1,800,*,*,*,,
Prawn,---,2024,12,33,1,950,*,*,*,,
Prawn,---,2024,12,34,1,550,*,*,*,,
Prawn,---,2024,12,35,15,23786,40305,0,0,,
Prawn,---,2024,12,36,4,6185,10017,0,0,,
Prawn,---,2024,12,37,3,245,615,0,0,,
Prawn,---,2024,12,38,7,9699,17199,0,0,,
Prawn,---,2024,12,39,17,85355,152235,0,0,,
Prawn,---,2024,12,40,11,39490,65897,153,9,,
Prawn,---,2024,12,41,11,58844,100323,4,0,,
Prawn,---,2024,12,42,5,18170,61734,0,0,,
Prawn,---,2024,12,43,6,9350,18469,276,0,,
Prawn,---,2024,12,44,1,300,*,*,*,,
Prawn,---,2024,12,45,4,2922,4475,65,0,,
Prawn,---,2024,12,47,3,2090,3577,37,0,,
Prawn,---,2024,12,48,3,1808,2982,60,0,,
Prawn,---,2024,12,Total,50,469841,840293,714,9,,
Prawn,---,2024,13,1,4,1239,1798,0,0,,
Prawn,---,2024,13,10,1,50,*,*,*,,
Prawn,---,2024,13,12,10,28238,59414,0,0,,
Prawn,---,2024,13,13,6,2607,3633,0,0,,
Prawn,---,2024,13,14,4,3800,6609,0,0,,
Prawn,---,2024,13,15,8,1280,1279,0,0,,
Prawn,---,2024,13,16,8,8918,12226,0,0,,
Prawn,---,2024,13,17,14,24330,37661,0,0,,
Prawn,---,2024,13,18,10,7550,10855,0,0,,
Prawn,---,2024,13,19,9,11065,14333,0,0,,
Prawn,---,2024,13,20,5,8050,14781,0,0,,
Prawn,---,2024,13,21,5,14950,15409,0,0,,
Prawn,---,2024,13,22,3,5150,5571,0,0,,
Prawn,---,2024,13,23,7,2600,2990,0,0,,
Prawn,---,2024,13,24,1,1600,*,*,*,,
Prawn,---,2024,13,25,1,1150,*,*,*,,
Prawn,---,2024,13,26,2,2350,*,*,*,,
Prawn,---,2024,13,35,3,400,393,0,0,,
Prawn,---,2024,13,36,3,13098,23083,0,0,,
Prawn,---,2024,13,37,3,650,876,0,0,,
Prawn,---,2024,13,39,1,50,*,*,*,,
Prawn,---,2024,13,41,1,400,*,*,*,,
Prawn,---,2024,13,42,1,6049,*,*,*,,
Prawn,---,2024,13,43,3,13800,22758,244,246,,
Prawn,---,2024,13,Total,26,159374,251920,244,266,,
Prawn,---,2024,14,1,3,300,**,**,**,,
Prawn,---,2024,14,2,5,600,675,0,0,,
Prawn,---,2024,14,3,9,5220,5639,0,0,,
Prawn,---,2024,14,4,4,450,450,0,0,,
Prawn,---,2024,14,5,7,2157,2498,0,0,,
Prawn,---,2024,14,6,8,3250,4612,0,0,,
Prawn,---,2024,14,7,1,135,*,*,*,,
Prawn,---,2024,14,8,3,2972,6801,0,0,,
Prawn,---,2024,14,9,3,365,219,0,0,,
Prawn,---,2024,14,12,5,1018,1444,0,0,,
Prawn,---,2024,14,13,4,4050,4987,0,0,,
Prawn,---,2024,14,Total,15,20517,27435,0,0,,
Prawn,---,2024,15,1,8,5550,6880,0,0,,
Prawn,---,2024,15,2,10,11900,19129,0,0,,
Prawn,---,2024,15,3,15,24284,44909,0,0,,
Prawn,---,2024,15,4,5,11550,21299,0,0,,
Prawn,---,2024,15,5,20,66342,113021,0,0,,
Prawn,---,2024,15,6,4,3020,5456,0,0,,
Prawn,---,2024,15,Total,27,122646,210694,0,0,,
Prawn,---,2024,16,1,5,2700,3124,0,0,,
Prawn,---,2024,16,2,4,2700,3355,0,0,,
Prawn,---,2024,16,5,2,350,*,*,*,,
Prawn,---,2024,16,6,3,4100,4422,0,0,,
Prawn,---,2024,16,7,2,700,*,*,*,,
Prawn,---,2024,16,8,1,50,*,*,*,,
Prawn,---,2024,16,9,3,2100,2987,0,0,,
Prawn,---,2024,16,10,7,6750,9118,0,0,,
Prawn,---,2024,16,11,11,14160,18418,0,0,,
Prawn,---,2024,16,12,4,2700,2625,0,0,,
Prawn,---,2024,16,13,5,6800,7271,0,0,,
Prawn,---,2024,16,14,2,350,*,*,*,,
Prawn,---,2024,16,15,2,650,*,*,*,,
Prawn,---,2024,16,16,4,6050,9880,0,0,,
Prawn,---,2024,16,17,8,2499,1915,0,0,,
Prawn,---,2024,16,18,7,13740,15702,0,0,,
Prawn,---,2024,16,19,6,6800,8374,0,0,,
Prawn,---,2024,16,21,7,9780,10887,0,0,,
Prawn,---,2024,16,22,1,150,*,*,*,,
Prawn,---,2024,16,Total,16,83129,100160,0,0,,
Prawn,---,2024,17,0,1,50,*,*,*,,
Prawn,---,2024,17,1,4,4194,4810,0,0,,
Prawn,---,2024,17,2,9,7732,8986,6,93,,
Prawn,---,2024,17,3,3,3075,4160,0,0,,
Prawn,---,2024,17,4,13,16292,28645,64,0,,
Prawn,---,2024,17,5,12,40734,75646,0,2,,
Prawn,---,2024,17,6,18,98208,157280,27,2,,
Prawn,---,2024,17,7,3,204,305,0,0,,
Prawn,---,2024,17,8,3,245,205,2,2,,
Prawn,---,2024,17,9,14,33150,62512,398,1,,
Prawn,---,2024,17,10,7,5750,8751,0,0,,
Prawn,---,2024,17,11,13,9350,12421,0,0,,
Prawn,---,2024,17,12,12,19321,23900,0,0,,
Prawn,---,2024,17,13,7,4638,5931,0,0,,
Prawn,---,2024,17,14,3,250,420,0,0,,
Prawn,---,2024,17,15,5,5149,8106,5,0,,
Prawn,---,2024,17,16,5,8070,15686,3,0,,
Prawn,---,2024,17,17,7,37583,28571,1071,0,,
Prawn,---,2024,17,18,5,1300,1498,0,0,,
Prawn,---,2024,17,20,1,100,*,*,*,,
Prawn,---,2024,17,Total,35,295395,448083,1576,100,,
Prawn,---,2024,18,1,3,7350,10540,0,0,,
Prawn,---,2024,18,2,9,5099,5396,0,0,,
Prawn,---,2024,18,3,4,791,571,0,0,,
Prawn,---,2024,18,4,9,5300,6338,0,0,,
Prawn,---,2024,18,5,9,11100,12820,270,0,,
Prawn,---,2024,18,6,15,49165,57608,0,0,,
Prawn,---,2024,18,7,13,37020,64881,17,4,,
Prawn,---,2024,18,8,6,3650,3242,0,0,,
Prawn,---,2024,18,9,5,1150,1865,0,0,,
Prawn,---,2024,18,10,4,500,693,0,0,,
Prawn,---,2024,18,11,3,5750,6047,0,0,,
Prawn,---,2024,18,Total,25,126875,170001,287,4,,
Prawn,---,2024,19,5,7,12561,18951,0,0,,
Prawn,---,2024,19,7,7,12884,22035,0,0,,
Prawn,---,2024,19,8,9,28039,56046,64,0,,
Prawn,---,2024,19,9,2,400,*,*,*,,
Prawn,---,2024,19,10,3,2500,4565,10,0,,
Prawn,---,2024,19,11,3,2000,4245,10,0,,
Prawn,---,2024,19,12,1,33,*,*,*,,
Prawn,---,2024,19,Total,14,58417,106660,84,0,,
Prawn,---,2024,23,1,6,5757,7586,0,0,,
Prawn,---,2024,23,2,8,18907,34970,0,0,,
Prawn,---,2024,23,3,8,10660,19868,0,0,,
Prawn,---,2024,23,4,7,34401,58595,0,0,,
Prawn,---,2024,23,5,7,4296,6689,0,0,,
Prawn,---,2024,23,6,9,26115,42428,0,0,,
Prawn,---,2024,23,7,8,11475,27345,0,0,,
Prawn,---,2024,23,8,3,2500,5309,0,0,,
Prawn,---,2024,23,9,1,50,*,*,*,,
Prawn,---,2024,23,10,1,300,*,*,*,,
Prawn,---,2024,23,11,2,650,*,*,*,,
Prawn,---,2024,23,Total,10,115111,204651,0,0,,
Prawn,---,2024,24,1,1,50,*,*,*,,
Prawn,---,2024,24,2,1,1000,*,*,*,,
Prawn,---,2024,24,3,1,650,*,*,*,,
Prawn,---,2024,24,4,3,1600,2342,0,0,,
Prawn,---,2024,24,5,2,8100,*,*,*,,
Prawn,---,2024,24,6,2,100,*,*,*,,
Prawn,---,2024,24,7,2,6450,*,*,*,,
Prawn,---,2024,24,12,1,250,*,*,*,,
Prawn,---,2024,24,13,1,4740,*,*,*,,
Prawn,---,2024,24,14,1,10040,*,*,*,,
Prawn,---,2024,24,Total,4,32980,53784,0,0,,
Prawn,---,2024,25,1,5,5250,7194,0,35,,
Prawn,---,2024,25,2,4,815,757,0,0,,
Prawn,---,2024,25,3,6,12505,20516,0,0,,
Prawn,---,2024,25,4,9,10370,14198,0,0,,
Prawn,---,2024,25,5,3,3090,3810,0,0,,
Prawn,---,2024,25,6,8,14300,24311,0,0,,
Prawn,---,2024,25,7,1,100,*,*,*,,
Prawn,---,2024,25,8,6,8820,14193,0,0,,
Prawn,---,2024,25,9,4,5950,12468,0,0,,
Prawn,---,2024,25,10,2,3550,*,*,*,,
Prawn,---,2024,25,11,3,5750,11730,0,0,,
Prawn,---,2024,25,12,1,50,*,*,*,,
Prawn,---,2024,25,13,4,1450,1982,0,0,,
Prawn,---,2024,25,15,6,3550,5274,0,0,,
Prawn,---,2024,25,16,2,1500,*,*,*,,
Prawn,---,2024,25,Total,10,77050,129030,0,35,,
Prawn,---,2024,26,2,5,9100,13409,0,0,,
Prawn,---,2024,26,3,3,350,504,0,0,,
Prawn,---,2024,26,4,5,14300,23490,0,0,,
Prawn,---,2024,26,5,5,13750,23910,0,0,,
Prawn,---,2024,26,6,1,150,*,*,*,,
Prawn,---,2024,26,7,1,50,*,*,*,,
Prawn,---,2024,26,9,1,100,*,*,*,,
Prawn,---,2024,26,Total,5,37800,61551,0,0,,
Prawn,---,2024,27,2,6,2500,**,**,**,,
Prawn,---,2024,27,7,8,26841,46664,0,0,,
Prawn,---,2024,27,8,7,19450,26657,0,0,,
Prawn,---,2024,27,10,4,19460,33179,0,0,,
Prawn,---,2024,27,11,6,57600,115309,0,0,,
Prawn,---,2024,27,17,1,50,*,*,*,,
Prawn,---,2024,27,Total,13,125901,223926,0,0,,
Prawn,---,2024,28,1,7,9550,13505,0,0,,
Prawn,---,2024,28,2,11,27569,54361,0,0,,
Prawn,---,2024,28,3,7,6308,9475,0,0,,
Prawn,---,2024,28,4,6,2900,4010,0,0,,
Prawn,---,2024,28,5,2,1100,*,*,*,,
Prawn,---,2024,28,6,3,1490,2075,0,0,,
Prawn,---,2024,28,7,4,4160,6448,0,0,,
Prawn,---,2024,28,8,2,150,*,*,*,,
Prawn,---,2024,28,9,2,1953,*,*,*,,
Prawn,---,2024,28,Total,12,55180,96794,0,0,,
Prawn,---,2024,29,1,4,3300,4018,0,0,,
Prawn,---,2024,29,2,14,35133,65235,0,0,,
Prawn,---,2024,29,3,10,18694,25690,0,0,,
Prawn,---,2024,29,4,6,1350,**,**,**,,
Prawn,---,2024,29,5,10,4800,3290,0,0,,
Prawn,---,2024,29,6,1,50,*,*,*,,
Prawn,---,2024,29,Total,24,63327,100113,0,0,,
Prawn,---,2024,106,1,1,2300,*,*,*,,
Prawn,---,2024,106,Total,1,2300,*,*,*,,
Prawn,---,2024,107,1,2,2350,*,*,*,,
Prawn,---,2024,107,2,5,14900,23924,10,0,,
Prawn,---,2024,107,3,3,1550,**,**,**,,
Prawn,---,2024,107,Total,5,18800,29967,18,0,,
Prawn,---,2024,110,0,1,3900,*,*,*,,
Prawn,---,2024,110,Total,1,3900,*,*,*,,
Prawn,---,2024,123,9,1,800,*,*,*,,
Prawn,---,2024,123,Total,1,800,*,*,*,,
Prawn,---,2024,126,2,1,2450,*,*,*,,
Prawn,---,2024,126,Total,1,2450,*,*,*,,
Prawn,---,2024,127,1,1,50,*,*,*,,
Prawn,---,2024,127,4,1,400,*,*,*,,
Prawn,---,2024,127,Total,1,450,*,*,*,,
Prawn,---,2024,142,2,1,180,*,*,*,,
Prawn,---,2024,142,Total,1,180,*,*,*,,
Prawn,---,2025,0,0,1,50,*,*,*,,
Prawn,---,2025,0,Total,1,50,*,*,*,,
Prawn,---,2025,2,3,1,100,*,*,*,,
Prawn,---,2025,2,4,1,200,*,*,*,,
Prawn,---,2025,2,45,1,100,*,*,*,,
Prawn,---,2025,2,46,1,2254,*,*,*,,
Prawn,---,2025,2,47,1,1050,*,*,*,,
Prawn,---,2025,2,57,2,255,*,*,*,,
Prawn,---,2025,2,58,2,300,*,*,*,,
Prawn,---,2025,2,59,1,400,*,*,*,,
Prawn,---,2025,2,60,1,50,*,*,*,,
Prawn,---,2025,2,61,1,100,*,*,*,,
Prawn,---,2025,2,63,1,855,*,*,*,,
Prawn,---,2025,2,64,1,400,*,*,*,,
Prawn,---,2025,2,65,2,1150,*,*,*,,
Prawn,---,2025,2,66,1,100,*,*,*,,
Prawn,---,2025,2,68,1,1200,*,*,*,,
Prawn,---,2025,2,76,1,100,*,*,*,,
Prawn,---,2025,2,77,1,50,*,*,*,,
Prawn,---,2025,2,82,1,150,*,*,*,,
Prawn,---,2025,2,90,1,2300,*,*,*,,
Prawn,---,2025,2,91,1,1400,*,*,*,,
Prawn,---,2025,2,Total,2,12514,*,*,*,,
Prawn,---,2025,3,6,1,4050,*,*,*,,
Prawn,---,2025,3,7,1,50,*,*,*,,
Prawn,---,2025,3,8,1,50,*,*,*,,
Prawn,---,2025,3,10,1,1150,*,*,*,,
Prawn,---,2025,3,11,1,1750,*,*,*,,
Prawn,---,2025,3,13,1,1750,*,*,*,,
Prawn,---,2025,3,14,1,2550,*,*,*,,
Prawn,---,2025,3,15,1,3100,*,*,*,,
Prawn,---,2025,3,17,1,100,*,*,*,,
Prawn,---,2025,3,Total,2,14550,*,*,*,,
Prawn,---,2025,4,5,1,900,*,*,*,,
Prawn,---,2025,4,9,1,900,*,*,*,,
Prawn,---,2025,4,10,3,53300,0,25744,0,,
Prawn,---,2025,4,11,1,1000,*,*,*,,
Prawn,---,2025,4,12,1,250,*,*,*,,
Prawn,---,2025,4,Total,4,56350,1321,26204,0,,
Prawn,---,2025,5,1,2,150,*,*,*,,
Prawn,---,2025,5,9,1,1050,*,*,*,,
Prawn,---,2025,5,15,1,400,*,*,*,,
Prawn,---,2025,5,16,1,1849,*,*,*,,
Prawn,---,2025,5,19,1,150,*,*,*,,
Prawn,---,2025,5,23,1,6300,*,*,*,,
Prawn,---,2025,5,24,3,850,273,91,0,,
Prawn,---,2025,5,Total,4,10749,16584,656,4,,
Prawn,---,2025,6,1,4,16443,28934,448,0,,
Prawn,---,2025,6,2,1,150,*,*,*,,
Prawn,---,2025,6,3,5,3900,3666,2,0,,
Prawn,---,2025,6,4,3,11950,26952,1834,2,,
Prawn,---,2025,6,5,2,5398,*,*,*,,
Prawn,---,2025,6,6,3,2050,1929,0,0,,
Prawn,---,2025,6,7,4,850,1110,0,0,,
Prawn,---,2025,6,16,1,50,*,*,*,,
Prawn,---,2025,6,17,1,100,*,*,*,,
Prawn,---,2025,6,19,3,2250,1891,0,0,,
Prawn,---,2025,6,20,5,3648,3332,0,0,,
Prawn,---,2025,6,21,3,700,503,87,0,,
Prawn,---,2025,6,22,2,1100,*,*,*,,
Prawn,---,2025,6,23,1,250,*,*,*,,
Prawn,---,2025,6,24,1,100,*,*,*,,
Prawn,---,2025,6,25,6,8595,15854,0,0,,
Prawn,---,2025,6,26,1,350,*,*,*,,
Prawn,---,2025,6,27,1,100,*,*,*,,
Prawn,---,2025,6,28,1,100,*,*,*,,
Prawn,---,2025,6,Total,15,58084,96919,2523,2,,
Prawn,---,2025,7,1,2,4850,*,*,*,,
Prawn,---,2025,7,2,2,850,*,*,*,,
Prawn,---,2025,7,3,3,3700,4468,0,0,,
Prawn,---,2025,7,4,2,200,*,*,*,,
Prawn,---,2025,7,6,1,100,*,*,*,,
Prawn,---,2025,7,7,2,1450,*,*,*,,
Prawn,---,2025,7,9,4,10050,18164,11,0,,
Prawn,---,2025,7,10,1,50,*,*,*,,
Prawn,---,2025,7,11,1,1150,*,*,*,,
Prawn,---,2025,7,12,3,350,98,0,0,,
Prawn,---,2025,7,13,2,450,*,*,*,,
Prawn,---,2025,7,14,5,7250,9488,75,0,,
Prawn,---,2025,7,15,4,1600,2922,0,0,,
Prawn,---,2025,7,16,2,2650,*,*,*,,
Prawn,---,2025,7,17,3,4200,5385,0,0,,
Prawn,---,2025,7,18,6,2551,3839,0,0,,
Prawn,---,2025,7,19,5,4600,12979,0,0,,
Prawn,---,2025,7,20,2,1250,*,*,*,,
Prawn,---,2025,7,21,4,1650,4419,0,0,,
Prawn,---,2025,7,23,3,2696,4833,0,0,,
Prawn,---,2025,7,24,3,549,246,0,0,,
Prawn,---,2025,7,25,3,550,248,0,0,,
Prawn,---,2025,7,27,2,4300,*,*,*,,
Prawn,---,2025,7,28,2,2150,*,*,*,,
Prawn,---,2025,7,29,1,100,*,*,*,,
Prawn,---,2025,7,30,1,50,*,*,*,,
Prawn,---,2025,7,31,2,3550,*,*,*,,
Prawn,---,2025,7,Total,18,62896,119888,94,0,,
Prawn,---,2025,8,1,1,150,*,*,*,,
Prawn,---,2025,8,2,2,790,*,*,*,,
Prawn,---,2025,8,3,2,350,*,*,*,,
Prawn,---,2025,8,4,5,6300,7730,148,10,,
Prawn,---,2025,8,5,3,300,93,0,0,,
Prawn,---,2025,8,6,3,1850,1887,0,0,,
Prawn,---,2025,8,7,5,6900,7865,0,60,,
Prawn,---,2025,8,8,1,2100,*,*,*,,
Prawn,---,2025,8,9,1,850,*,*,*,,
Prawn,---,2025,8,10,1,300,*,*,*,,
Prawn,---,2025,8,11,1,250,*,*,*,,
Prawn,---,2025,8,12,2,5850,*,*,*,,
Prawn,---,2025,8,13,3,2150,2645,20,0,,
Prawn,---,2025,8,14,3,3050,6327,0,0,,
Prawn,---,2025,8,15,1,1100,*,*,*,,
Prawn,---,2025,8,16,4,2900,4558,26,0,,
Prawn,---,2025,8,Total,15,35190,46735,302,70,,
Prawn,---,2025,9,1,3,2850,3346,0,0,,
Prawn,---,2025,9,2,4,15054,25894,0,0,,
Prawn,---,2025,9,3,3,5650,8821,0,0,,
Prawn,---,2025,9,4,3,5200,12165,13,0,,
Prawn,---,2025,9,5,3,2050,4159,0,0,,
Prawn,---,2025,9,6,1,2250,*,*,*,,
Prawn,---,2025,9,7,2,1400,*,*,*,,
Prawn,---,2025,9,8,1,100,*,*,*,,
Prawn,---,2025,9,9,2,2700,*,*,*,,
Prawn,---,2025,9,10,1,4750,*,*,*,,
Prawn,---,2025,9,11,3,5200,11170,7,7,,
Prawn,---,2025,9,12,4,9150,15044,31,0,,
Prawn,---,2025,9,Total,7,56354,101567,172,7,,
Prawn,---,2025,10,1,1,150,*,*,*,,
Prawn,---,2025,10,3,2,1050,*,*,*,,
Prawn,---,2025,10,4,5,10050,16638,0,0,,
Prawn,---,2025,10,5,5,2750,4541,0,0,,
Prawn,---,2025,10,6,3,1450,2065,0,0,,
Prawn,---,2025,10,7,4,1150,1307,0,0,,
Prawn,---,2025,10,8,2,400,*,*,*,,
Prawn,---,2025,10,9,1,150,*,*,*,,
Prawn,---,2025,10,10,1,1250,*,*,*,,
Prawn,---,2025,10,12,4,9300,17518,87,16,,
Prawn,---,2025,10,Total,6,27700,45748,87,16,,
Prawn,---,2025,11,3,2,6685,*,*,*,,
Prawn,---,2025,11,4,3,5850,8946,131,0,,
Prawn,---,2025,11,5,2,700,*,*,*,,
Prawn,---,2025,11,6,1,350,*,*,*,,
Prawn,---,2025,11,7,1,650,*,*,*,,
Prawn,---,2025,11,8,2,1049,*,*,*,,
Prawn,---,2025,11,9,1,50,*,*,*,,
Prawn,---,2025,11,10,1,50,*,*,*,,
Prawn,---,2025,11,Total,3,15384,26991,461,0,,
Prawn,---,2025,12,2,2,1200,*,*,*,,
Prawn,---,2025,12,3,1,42,*,*,*,,
Prawn,---,2025,12,4,2,395,*,*,*,,
Prawn,---,2025,12,5,1,40,*,*,*,,
Prawn,---,2025,12,6,7,8501,17018,0,0,,
Prawn,---,2025,12,7,4,1086,2359,0,0,,
Prawn,---,2025,12,19,1,487,*,*,*,,
Prawn,---,2025,12,20,2,90,*,*,*,,
Prawn,---,2025,12,22,3,4200,10049,0,0,,
Prawn,---,2025,12,23,4,28500,68825,0,0,,
Prawn,---,2025,12,26,11,71120,153095,0,0,,
Prawn,---,2025,12,27,5,10050,12590,0,0,,
Prawn,---,2025,12,28,3,1300,1428,0,0,,
Prawn,---,2025,12,29,3,3200,3563,40,0,,
Prawn,---,2025,12,30,3,6448,8416,46,0,,
Prawn,---,2025,12,31,3,3098,3200,136,0,,
Prawn,---,2025,12,32,2,1298,*,*,*,,
Prawn,---,2025,12,33,3,1200,1350,34,0,,
Prawn,---,2025,12,34,3,2100,2108,27,0,,
Prawn,---,2025,12,35,13,29297,44258,58,0,,
Prawn,---,2025,12,36,2,5850,*,*,*,,
Prawn,---,2025,12,37,2,450,*,*,*,,
Prawn,---,2025,12,38,9,10549,16538,0,0,,
Prawn,---,2025,12,39,17,73375,137032,0,0,,
Prawn,---,2025,12,40,15,39780,75113,4,0,,
Prawn,---,2025,12,41,9,37478,73171,4,2,,
Prawn,---,2025,12,42,4,12410,50208,0,0,,
Prawn,---,2025,12,43,8,17280,26969,235,0,,
Prawn,---,2025,12,44,1,300,*,*,*,,
Prawn,---,2025,12,45,5,5661,14595,223,0,,
Prawn,---,2025,12,47,5,3859,5338,37,0,,
Prawn,---,2025,12,48,5,3792,5665,44,0,,
Prawn,---,2025,12,Total,47,384436,749516,928,2,,
Prawn,---,2025,13,1,4,1450,1700,0,0,,
Prawn,---,2025,13,12,5,19900,37401,0,0,,
Prawn,---,2025,13,13,3,2250,3138,0,0,,
Prawn,---,2025,13,14,5,4200,5321,0,0,,
Prawn,---,2025,13,15,4,1000,1060,0,0,,
Prawn,---,2025,13,16,5,4700,5644,0,0,,
Prawn,---,2025,13,17,9,14950,18922,0,0,,
Prawn,---,2025,13,18,6,5450,6218,0,0,,
Prawn,---,2025,13,19,6,3550,4100,0,0,,
Prawn,---,2025,13,20,2,3750,*,*,*,,
Prawn,---,2025,13,21,4,4650,5466,0,0,,
Prawn,---,2025,13,22,2,6250,*,*,*,,
Prawn,---,2025,13,23,3,1050,1120,0,0,,
Prawn,---,2025,13,24,1,2200,*,*,*,,
Prawn,---,2025,13,25,1,500,*,*,*,,
Prawn,---,2025,13,26,1,1250,*,*,*,,
Prawn,---,2025,13,35,3,250,24,0,0,,
Prawn,---,2025,13,36,3,8150,15254,0,0,,
Prawn,---,2025,13,37,1,360,*,*,*,,
Prawn,---,2025,13,41,3,350,406,0,0,,
Prawn,---,2025,13,42,2,6850,*,*,*,,
Prawn,---,2025,13,43,3,13400,22478,96,144,,
Prawn,---,2025,13,Total,19,106460,161444,96,144,,
Prawn,---,2025,14,1,1,50,*,*,*,,
Prawn,---,2025,14,2,1,100,*,*,*,,
Prawn,---,2025,14,3,4,1950,1990,0,0,,
Prawn,---,2025,14,4,1,100,*,*,*,,
Prawn,---,2025,14,5,2,300,*,*,*,,
Prawn,---,2025,14,6,7,3200,3835,0,0,,
Prawn,---,2025,14,7,1,50,*,*,*,,
Prawn,---,2025,14,8,1,50,*,*,*,,
Prawn,---,2025,14,9,1,50,*,*,*,,
Prawn,---,2025,14,12,4,1300,1446,0,0,,
Prawn,---,2025,14,13,3,1100,1375,0,0,,
Prawn,---,2025,14,Total,9,8250,9058,0,0,,
Prawn,---,2025,15,1,5,4600,7430,0,0,,
Prawn,---,2025,15,2,4,2750,3652,33,10,,
Prawn,---,2025,15,3,10,14897,21614,51,15,,
Prawn,---,2025,15,4,3,9700,17171,0,0,,
Prawn,---,2025,15,5,18,49848,77660,0,0,,
Prawn,---,2025,15,6,3,5200,8380,0,0,,
Prawn,---,2025,15,Total,22,86995,135907,84,25,,
Prawn,---,2025,16,1,5,1650,2130,0,0,,
Prawn,---,2025,16,2,10,2800,3027,0,0,,
Prawn,---,2025,16,5,2,350,*,*,*,,
Prawn,---,2025,16,6,2,1600,*,*,*,,
Prawn,---,2025,16,7,2,600,*,*,*,,
Prawn,---,2025,16,8,1,100,*,*,*,,
Prawn,---,2025,16,9,3,1050,1666,0,0,,
Prawn,---,2025,16,10,9,8799,13237,0,0,,
Prawn,---,2025,16,11,10,10950,15591,0,0,,
Prawn,---,2025,16,12,5,2300,2768,0,0,,
Prawn,---,2025,16,13,4,3450,6375,0,0,,
Prawn,---,2025,16,14,2,700,*,*,*,,
Prawn,---,2025,16,15,2,2450,*,*,*,,
Prawn,---,2025,16,16,3,4999,8871,0,0,,
Prawn,---,2025,16,17,6,2650,2624,0,0,,
Prawn,---,2025,16,18,11,13250,16692,0,0,,
Prawn,---,2025,16,19,7,3550,3811,0,0,,
Prawn,---,2025,16,21,8,8250,8776,0,0,,
Prawn,---,2025,16,Total,17,69498,92352,0,0,,
Prawn,---,2025,17,1,5,2049,2077,2,0,,
Prawn,---,2025,17,2,5,2424,2535,0,0,,
Prawn,---,2025,17,3,3,3525,4808,0,0,,
Prawn,---,2025,17,4,8,3764,4625,0,0,,
Prawn,---,2025,17,5,8,14665,24480,0,0,,
Prawn,---,2025,17,6,14,43370,61160,18,0,,
Prawn,---,2025,17,7,2,200,*,*,*,,
Prawn,---,2025,17,8,3,200,120,0,0,,
Prawn,---,2025,17,9,11,13906,20791,434,0,,
Prawn,---,2025,17,10,10,7949,10971,0,0,,
Prawn,---,2025,17,11,11,9500,12040,0,0,,
Prawn,---,2025,17,12,12,12340,14180,0,0,,
Prawn,---,2025,17,13,4,3498,2629,0,0,,
Prawn,---,2025,17,15,4,3170,3421,0,0,,
Prawn,---,2025,17,16,6,3310,6083,0,0,,
Prawn,---,2025,17,17,2,9000,*,*,*,,
Prawn,---,2025,17,18,4,550,596,0,0,,
Prawn,---,2025,17,19,1,50,*,*,*,,
Prawn,---,2025,17,Total,31,133470,176162,454,0,,
Prawn,---,2025,18,1,3,6100,10789,0,0,,
Prawn,---,2025,18,2,7,4417,5520,0,0,,
Prawn,---,2025,18,3,5,1049,468,0,0,,
Prawn,---,2025,18,4,9,4197,5316,0,0,,
Prawn,---,2025,18,5,5,8850,10699,0,0,,
Prawn,---,2025,18,6,14,36910,29719,0,0,,
Prawn,---,2025,18,7,12,22339,36095,139,10,,
Prawn,---,2025,18,8,5,2780,2029,10,0,,
Prawn,---,2025,18,9,2,1050,*,*,*,,
Prawn,---,2025,18,10,1,150,*,*,*,,
Prawn,---,2025,18,11,1,4700,*,*,*,,
Prawn,---,2025,18,Total,20,92542,110125,149,10,,
Prawn,---,2025,19,5,7,7900,8717,0,0,,
Prawn,---,2025,19,6,1,50,*,*,*,,
Prawn,---,2025,19,7,9,8481,11760,0,0,,
Prawn,---,2025,19,8,10,15859,28765,327,5,,
Prawn,---,2025,19,10,3,1399,2225,41,0,,
Prawn,---,2025,19,11,3,2000,2590,74,0,,
Prawn,---,2025,19,12,2,100,*,*,*,,
Prawn,---,2025,19,Total,16,35789,54192,457,5,,
Prawn,---,2025,23,1,4,2700,3279,0,0,,
Prawn,---,2025,23,2,8,12400,21615,0,0,,
Prawn,---,2025,23,3,9,7400,12834,0,0,,
Prawn,---,2025,23,4,10,23758,31284,0,0,,
Prawn,---,2025,23,5,7,5750,8634,0,0,,
Prawn,---,2025,23,6,11,22400,33722,0,0,,
Prawn,---,2025,23,7,10,9800,18044,0,0,,
Prawn,---,2025,23,8,3,1000,**,**,**,,
Prawn,---,2025,23,11,1,350,*,*,*,,
Prawn,---,2025,23,Total,12,85558,131700,0,0,,
Prawn,---,2025,24,2,1,1350,*,*,*,,
Prawn,---,2025,24,3,1,925,*,*,*,,
Prawn,---,2025,24,4,2,125,*,*,*,,
Prawn,---,2025,24,5,1,150,*,*,*,,
Prawn,---,2025,24,7,2,875,*,*,*,,
Prawn,---,2025,24,10,1,425,*,*,*,,
Prawn,---,2025,24,12,1,100,*,*,*,,
Prawn,---,2025,24,13,1,1650,*,*,*,,
Prawn,---,2025,24,14,1,2750,*,*,*,,
Prawn,---,2025,24,Total,2,8350,*,*,*,,
Prawn,---,2025,25,1,3,2750,5220,0,0,,
Prawn,---,2025,25,2,4,2100,4156,0,0,,
Prawn,---,2025,25,3,5,10150,21721,0,0,,
Prawn,---,2025,25,4,6,7660,14205,0,0,,
Prawn,---,2025,25,5,3,3810,10493,0,0,,
Prawn,---,2025,25,6,6,15890,30008,0,0,,
Prawn,---,2025,25,8,5,6550,12397,0,0,,
Prawn,---,2025,25,9,3,2650,3897,0,0,,
Prawn,---,2025,25,11,3,3550,7524,0,0,,
Prawn,---,2025,25,13,1,350,*,*,*,,
Prawn,---,2025,25,15,5,3350,5700,0,0,,
Prawn,---,2025,25,16,3,600,**,**,**,,
Prawn,---,2025,25,Total,8,59410,117163,0,0,,
Prawn,---,2025,26,2,5,10750,14347,0,0,,
Prawn,---,2025,26,3,3,1100,1122,0,0,,
Prawn,---,2025,26,4,5,8350,14692,0,0,,
Prawn,---,2025,26,5,5,8300,8641,0,0,,
Prawn,---,2025,26,6,1,50,*,*,*,,
Prawn,---,2025,26,7,1,50,*,*,*,,
Prawn,---,2025,26,9,2,350,*,*,*,,
Prawn,---,2025,26,Total,5,28950,38986,0,0,,
Prawn,---,2025,27,2,2,150,*,*,*,,
Prawn,---,2025,27,7,7,11185,14668,0,0,,
Prawn,---,2025,27,8,7,6053,10670,0,0,,
Prawn,---,2025,27,9,1,50,*,*,*,,
Prawn,---,2025,27,10,5,15930,32974,0,0,,
Prawn,---,2025,27,11,11,26020,53906,0,0,,
Prawn,---,2025,27,Total,12,59388,112257,0,0,,
Prawn,---,2025,28,1,8,3700,5309,0,0,,
Prawn,---,2025,28,2,10,13648,24643,0,0,,
Prawn,---,2025,28,3,7,9250,15772,0,0,,
Prawn,---,2025,28,4,4,2850,4460,0,0,,
Prawn,---,2025,28,5,1,1150,*,*,*,,
Prawn,---,2025,28,6,3,600,630,0,0,,
Prawn,---,2025,28,7,4,2900,2933,10,15,,
Prawn,---,2025,28,9,2,647,*,*,*,,
Prawn,---,2025,28,12,3,1542,1500,0,0,,
Prawn,---,2025,28,13,2,350,*,*,*,,
Prawn,---,2025,28,Total,11,36637,57849,20,55,,
Prawn,---,2025,29,1,7,4350,3873,0,0,,
Prawn,---,2025,29,2,10,7050,10272,0,0,,
Prawn,---,2025,29,3,10,10717,14892,0,0,,
Prawn,---,2025,29,4,7,1080,**,**,**,,
Prawn,---,2025,29,5,12,16142,20739,0,0,,
Prawn,---,2025,29,6,1,50,*,*,*,,
Prawn,---,2025,29,Total,21,39389,51323,0,0,,
Prawn,---,2025,107,1,2,1000,*,*,*,,
Prawn,---,2025,107,2,4,8150,18969,0,0,,
Prawn,---,2025,107,3,1,100,*,*,*,,
Prawn,---,2025,107,Total,4,9250,22316,0,0,,
Prawn,---,2025,142,2,1,345,*,*,*,,
Prawn,---,2025,142,Total,1,345,*,*,*,,
