"Annual commercial landings and effort for Dive fisheries in the Pacific Region, by Pacific Fishery Management Area (PFMA) and Subarea.",,,,,,,,,
"All data available through 2025, by calendar year",,,,,,,,,
"Harvest log data from Dive Fisheries fisheries are made available as a whole season after the season ends; therefore, data from 2025-26 Season are not yet available.",,,,,,,,,
,Fishery,Last Date Available,,,,,,,
,Geoduck,2025-03-31,,,,,,,
,Red Urchin,2025-07-24,,,,,,,
,Green Urchin,2025-08-28,,,,,,,
,Sea Cucumber,2024-12-04,(complete 2024-25 season),,,,,,
Selected Pacific Fishery Management Areas: All PFMA,,,,,,,,,
"Date compiled: July 7, 2026",,,,,,,,,
"Information source: Fisheries and Oceans Canada, Pacific Region Science Branch, Stock Assessment and Research Division, Shellfish Data Unit",,,,,,,,,
,commercial fishery harvest log data holdings,,,,,,,,
Information presented in this worksheet has been summarized to respect individuals' rights to privacy,,,,,,,,,
,as described in the Privacy Act and Access to Information Act,,,,,,,,
,* information does not meet the requirement for release - fewer than 3 vessels reporting,,,,,,,,
,** information withheld from public release so as to allow public release of information at the PFM Area level,,,,,,,,
PFM areas and subareas for which zero landings and effort have been reported have been omitted from the table.,,,,,,,,,
Effort is defined as the reported dive time in minutes.,,,,,,,,,
"This table Includes only regular commercial harvest records. It excludes any special harvesting, for example under scientific licence, test fishery, etc.",,,,,,,,,
All information presented in this table arises from fishery dependent logbook programs.  Fishery dependent catch reporting relies on individual harvesters or groups of harvesters to monitor and report their own catch.,,,,,,,,,
Dependability of data arising from fishery dependent catch reporting programs is higher for those fisheries which also participate in independent verification such as 3rd party monitoring programs.  ,,,,,,,,,
"In addition, substantial changes in management regimes, such as the adoption of a rotational model in the sea cucumber fishery, and market conditions for invertebrate fisheries over the period will contribute to variations in the data.",,,,,,,,,
,,,,,,,,,
Please consult the relevant Integrated Fisheries Management Plan for more information about this data. (Available at https://science-libraries.canada.ca/eng/fisheries-oceans/),,,,,,,,,
,,,,,,,,,
Fishery¹,Species¹,Year,PFMA,PFM Subarea†,Vessel Count,Dive Time (minutes),Total Landing (lbs),,
Geoduck and Horseclam,76D,1980,13,15,4,2329,8366,,¹Fishery & Species
Geoduck and Horseclam,76D,1980,13,Total,4,2329,8366,,"Geoduck and Horseclam, 84C = Pacific Geoduck (Panopea generosa), 76D = Horse Clam (Tresus Spp)"
Geoduck and Horseclam,76D,1980,14,0,1,720,*,,"Green Urchin, 6BB = Strongylocentrotus droebachiensis"
Geoduck and Horseclam,76D,1980,14,10,3,24791,13682,,"Red Urchin, 6BC = Mesocentrotus franciscanus"
Geoduck and Horseclam,76D,1980,14,11,3,7274,29252,,"Sea Cucumber, 6OB = Apostichopus californicus"
Geoduck and Horseclam,76D,1980,14,13,1,200,*,,
Geoduck and Horseclam,76D,1980,14,Total,4,32985,47154,,"†NOTE: Values are duplicated in this table, to allow the release of data for areas where few vessels operate."
Geoduck and Horseclam,76D,1980,15,0,1,676,*,,"Landings are presented separately for each Subarea and again as a sum ""Total"" for each PFMA."
Geoduck and Horseclam,76D,1980,15,2,3,10765,37467,,
Geoduck and Horseclam,76D,1980,15,3,3,7122,23718,,This data is provided under the Open Government Licence - Canada (https://open.canada.ca/en/open-government-licence-canada)
Geoduck and Horseclam,76D,1980,15,5,1,1630,*,,The Shellfish Data Unit may be contacted by email at: PACSDU@dfo-mpo.gc.ca
Geoduck and Horseclam,76D,1980,15,Total,3,20193,70469,,
Geoduck and Horseclam,76D,1980,16,0,1,6685,*,,
Geoduck and Horseclam,76D,1980,16,6,1,5823,*,,
Geoduck and Horseclam,76D,1980,16,19,2,1845,*,,
Geoduck and Horseclam,76D,1980,16,20,1,1450,*,,
Geoduck and Horseclam,76D,1980,16,21,1,1350,*,,
Geoduck and Horseclam,76D,1980,16,22,1,874,*,,
Geoduck and Horseclam,76D,1980,16,Total,4,18027,40122,,
Geoduck and Horseclam,76D,1980,24,6,1,2640,*,,
Geoduck and Horseclam,76D,1980,24,7,1,6406,*,,
Geoduck and Horseclam,76D,1980,24,Total,1,9046,*,,
Geoduck and Horseclam,76D,1981,14,1,1,366,*,,
Geoduck and Horseclam,76D,1981,14,7,1,0,*,,
Geoduck and Horseclam,76D,1981,14,10,5,9295,50014,,
Geoduck and Horseclam,76D,1981,14,11,2,0,*,,
Geoduck and Horseclam,76D,1981,14,Total,6,9661,60908,,
Geoduck and Horseclam,76D,1981,16,21,1,0,*,,
Geoduck and Horseclam,76D,1981,16,Total,1,0,*,,
Geoduck and Horseclam,76D,1982,14,5,1,0,*,,
Geoduck and Horseclam,76D,1982,14,7,2,360,*,,
Geoduck and Horseclam,76D,1982,14,8,3,6120,32180,,
Geoduck and Horseclam,76D,1982,14,10,4,25069,84887,,
Geoduck and Horseclam,76D,1982,14,11,4,15603,69686,,
Geoduck and Horseclam,76D,1982,14,Total,7,47152,190342,,
Geoduck and Horseclam,76D,1982,16,19,4,730,**,,
Geoduck and Horseclam,76D,1982,16,20,2,0,*,,
Geoduck and Horseclam,76D,1982,16,21,4,5175,11895,,
Geoduck and Horseclam,76D,1982,16,Total,7,5905,20032,,
Geoduck and Horseclam,76D,1982,17,5,1,5185,*,,
Geoduck and Horseclam,76D,1982,17,17,1,4205,*,,
Geoduck and Horseclam,76D,1982,17,Total,1,9390,*,,
Geoduck and Horseclam,76D,1982,23,8,1,0,*,,
Geoduck and Horseclam,76D,1982,23,9,1,0,*,,
Geoduck and Horseclam,76D,1982,23,Total,1,0,*,,
Geoduck and Horseclam,76D,1982,24,6,5,10218,41212,,
Geoduck and Horseclam,76D,1982,24,7,1,3192,*,,
Geoduck and Horseclam,76D,1982,24,8,6,9140,**,,
Geoduck and Horseclam,76D,1982,24,9,7,26824,98350,,
Geoduck and Horseclam,76D,1982,24,Total,8,49374,182804,,
Geoduck and Horseclam,76D,1982,25,0,1,395,*,,
Geoduck and Horseclam,76D,1982,25,13,1,960,*,,
Geoduck and Horseclam,76D,1982,25,14,1,3835,*,,
Geoduck and Horseclam,76D,1982,25,Total,3,5190,23109,,
Geoduck and Horseclam,76D,1982,26,1,3,8690,**,,
Geoduck and Horseclam,76D,1982,26,6,2,7110,*,,
Geoduck and Horseclam,76D,1982,26,Total,3,15800,7824,,
Geoduck and Horseclam,76D,1983,14,0,1,0,*,,
Geoduck and Horseclam,76D,1983,14,Total,1,0,*,,
Geoduck and Horseclam,76D,1983,23,10,1,0,*,,
Geoduck and Horseclam,76D,1983,23,Total,1,0,*,,
Geoduck and Horseclam,76D,1983,25,14,1,3562,*,,
Geoduck and Horseclam,76D,1983,25,Total,1,3562,*,,
Geoduck and Horseclam,76D,1985,14,11,2,1000,*,,
Geoduck and Horseclam,76D,1985,14,Total,2,1000,*,,
Geoduck and Horseclam,76D,1986,14,10,6,11750,**,,
Geoduck and Horseclam,76D,1986,14,11,2,5460,*,,
Geoduck and Horseclam,76D,1986,14,Total,6,17210,138072,,
Geoduck and Horseclam,76D,1986,15,2,1,0,*,,
Geoduck and Horseclam,76D,1986,15,Total,1,0,*,,
Geoduck and Horseclam,76D,1986,16,22,1,0,*,,
Geoduck and Horseclam,76D,1986,16,Total,1,0,*,,
Geoduck and Horseclam,76D,1986,17,5,1,400,*,,
Geoduck and Horseclam,76D,1986,17,Total,1,400,*,,
Geoduck and Horseclam,76D,1987,0,0,2,0,*,,
Geoduck and Horseclam,76D,1987,0,Total,2,0,*,,
Geoduck and Horseclam,76D,1987,12,0,2,4630,*,,
Geoduck and Horseclam,76D,1987,12,Total,2,4630,*,,
Geoduck and Horseclam,76D,1987,14,0,1,0,*,,
Geoduck and Horseclam,76D,1987,14,1,1,0,*,,
Geoduck and Horseclam,76D,1987,14,5,1,520,*,,
Geoduck and Horseclam,76D,1987,14,8,1,6398,*,,
Geoduck and Horseclam,76D,1987,14,10,6,8326,149034,,
Geoduck and Horseclam,76D,1987,14,11,1,0,*,,
Geoduck and Horseclam,76D,1987,14,Total,8,15244,297651,,
Geoduck and Horseclam,76D,1987,15,1,1,360,*,,
Geoduck and Horseclam,76D,1987,15,2,1,1505,*,,
Geoduck and Horseclam,76D,1987,15,Total,2,1865,*,,
Geoduck and Horseclam,76D,1987,16,19,1,1284,*,,
Geoduck and Horseclam,76D,1987,16,21,1,0,*,,
Geoduck and Horseclam,76D,1987,16,Total,1,1284,*,,
Geoduck and Horseclam,76D,1987,17,2,1,10800,*,,
Geoduck and Horseclam,76D,1987,17,5,2,835,*,,
Geoduck and Horseclam,76D,1987,17,8,1,1800,*,,
Geoduck and Horseclam,76D,1987,17,13,1,1600,*,,
Geoduck and Horseclam,76D,1987,17,16,1,1600,*,,
Geoduck and Horseclam,76D,1987,17,17,1,2400,*,,
Geoduck and Horseclam,76D,1987,17,19,5,32685,178751,,
Geoduck and Horseclam,76D,1987,17,Total,7,51720,266137,,
Geoduck and Horseclam,76D,1988,2,0,1,0,*,,
Geoduck and Horseclam,76D,1988,2,Total,1,0,*,,
Geoduck and Horseclam,76D,1988,5,21,1,0,*,,
Geoduck and Horseclam,76D,1988,5,Total,1,0,*,,
Geoduck and Horseclam,76D,1988,13,15,4,4715,25276,,
Geoduck and Horseclam,76D,1988,13,Total,4,4715,25276,,
Geoduck and Horseclam,76D,1988,14,1,1,6115,*,,
Geoduck and Horseclam,76D,1988,14,5,2,2770,*,,
Geoduck and Horseclam,76D,1988,14,10,5,4380,64250,,
Geoduck and Horseclam,76D,1988,14,13,1,200,*,,
Geoduck and Horseclam,76D,1988,14,Total,9,13465,94267,,
Geoduck and Horseclam,76D,1988,15,2,1,0,*,,
Geoduck and Horseclam,76D,1988,15,3,1,0,*,,
Geoduck and Horseclam,76D,1988,15,4,1,1920,*,,
Geoduck and Horseclam,76D,1988,15,Total,3,1920,6645,,
Geoduck and Horseclam,76D,1988,16,21,2,4390,*,,
Geoduck and Horseclam,76D,1988,16,Total,2,4390,*,,
Geoduck and Horseclam,76D,1988,17,0,2,200,*,,
Geoduck and Horseclam,76D,1988,17,2,1,4758,*,,
Geoduck and Horseclam,76D,1988,17,4,1,3200,*,,
Geoduck and Horseclam,76D,1988,17,5,1,1860,*,,
Geoduck and Horseclam,76D,1988,17,6,1,1350,*,,
Geoduck and Horseclam,76D,1988,17,17,2,7130,*,,
Geoduck and Horseclam,76D,1988,17,19,4,2235,10920,,
Geoduck and Horseclam,76D,1988,17,Total,8,20733,107673,,
Geoduck and Horseclam,76D,1988,18,0,1,120,*,,
Geoduck and Horseclam,76D,1988,18,Total,1,120,*,,
Geoduck and Horseclam,76D,1988,19,5,1,820,*,,
Geoduck and Horseclam,76D,1988,19,Total,1,820,*,,
Geoduck and Horseclam,76D,1988,23,10,2,430,*,,
Geoduck and Horseclam,76D,1988,23,Total,2,430,*,,
Geoduck and Horseclam,76D,1988,24,6,6,32962,296540,,
Geoduck and Horseclam,76D,1988,24,9,2,120,*,,
Geoduck and Horseclam,76D,1988,24,10,1,173,*,,
Geoduck and Horseclam,76D,1988,24,11,1,165,*,,
Geoduck and Horseclam,76D,1988,24,Total,6,33420,310679,,
Geoduck and Horseclam,76D,1989,12,6,1,0,*,,
Geoduck and Horseclam,76D,1989,12,8,2,0,*,,
Geoduck and Horseclam,76D,1989,12,16,2,0,*,,
Geoduck and Horseclam,76D,1989,12,Total,2,0,*,,
Geoduck and Horseclam,76D,1989,13,15,1,1145,*,,
Geoduck and Horseclam,76D,1989,13,Total,1,1145,*,,
Geoduck and Horseclam,76D,1989,16,19,1,0,*,,
Geoduck and Horseclam,76D,1989,16,Total,1,0,*,,
Geoduck and Horseclam,76D,1989,17,19,1,2045,*,,
Geoduck and Horseclam,76D,1989,17,Total,1,2045,*,,
Geoduck and Horseclam,76D,1989,19,6,1,143,*,,
Geoduck and Horseclam,76D,1989,19,Total,1,143,*,,
Geoduck and Horseclam,76D,1989,23,0,1,230,*,,
Geoduck and Horseclam,76D,1989,23,4,1,400,*,,
Geoduck and Horseclam,76D,1989,23,5,1,120,*,,
Geoduck and Horseclam,76D,1989,23,Total,3,750,2389,,
Geoduck and Horseclam,76D,1989,24,0,1,0,*,,
Geoduck and Horseclam,76D,1989,24,6,3,7042,34942,,
Geoduck and Horseclam,76D,1989,24,7,1,360,*,,
Geoduck and Horseclam,76D,1989,24,9,1,0,*,,
Geoduck and Horseclam,76D,1989,24,10,1,1500,*,,
Geoduck and Horseclam,76D,1989,24,Total,5,8902,67663,,
Geoduck and Horseclam,76D,1990,14,1,1,1354,*,,
Geoduck and Horseclam,76D,1990,14,4,1,135,*,,
Geoduck and Horseclam,76D,1990,14,5,2,680,*,,
Geoduck and Horseclam,76D,1990,14,10,1,80,*,,
Geoduck and Horseclam,76D,1990,14,11,2,9255,*,,
Geoduck and Horseclam,76D,1990,14,13,1,539,*,,
Geoduck and Horseclam,76D,1990,14,Total,4,12043,53983,,
Geoduck and Horseclam,76D,1990,16,18,1,2665,*,,
Geoduck and Horseclam,76D,1990,16,19,2,55,*,,
Geoduck and Horseclam,76D,1990,16,21,3,3250,9321,,
Geoduck and Horseclam,76D,1990,16,Total,3,5970,11164,,
Geoduck and Horseclam,76D,1990,24,6,5,3950,**,,
Geoduck and Horseclam,76D,1990,24,7,2,7250,*,,
Geoduck and Horseclam,76D,1990,24,Total,5,11200,91866,,
Geoduck and Horseclam,76D,1991,15,2,3,2320,**,,
Geoduck and Horseclam,76D,1991,15,3,2,6980,*,,
Geoduck and Horseclam,76D,1991,15,Total,3,9300,8895,,
Geoduck and Horseclam,76D,1991,17,2,3,5411,41742,,
Geoduck and Horseclam,76D,1991,17,4,1,308,*,,
Geoduck and Horseclam,76D,1991,17,8,2,590,*,,
Geoduck and Horseclam,76D,1991,17,17,1,80,*,,
Geoduck and Horseclam,76D,1991,17,Total,3,6389,46117,,
Geoduck and Horseclam,76D,1991,24,6,4,28120,171948,,
Geoduck and Horseclam,76D,1991,24,Total,4,28120,171948,,
Geoduck and Horseclam,76D,1991,25,13,1,110,*,,
Geoduck and Horseclam,76D,1991,25,14,1,250,*,,
Geoduck and Horseclam,76D,1991,25,Total,2,360,*,,
Geoduck and Horseclam,76D,1992,24,7,1,500,*,,
Geoduck and Horseclam,76D,1992,24,Total,1,500,*,,
Geoduck and Horseclam,76D,1993,5,20,1,5,*,,
Geoduck and Horseclam,76D,1993,5,Total,1,5,*,,
Geoduck and Horseclam,76D,1993,6,9,2,50,*,,
Geoduck and Horseclam,76D,1993,6,Total,2,50,*,,
Geoduck and Horseclam,76D,1993,14,5,1,210,*,,
Geoduck and Horseclam,76D,1993,14,9,1,100,*,,
Geoduck and Horseclam,76D,1993,14,Total,2,310,*,,
Geoduck and Horseclam,76D,1993,15,3,1,2850,*,,
Geoduck and Horseclam,76D,1993,15,Total,1,2850,*,,
Geoduck and Horseclam,76D,1993,24,7,4,2535,20102,,
Geoduck and Horseclam,76D,1993,24,Total,4,2535,20102,,
Geoduck and Horseclam,76D,1993,27,5,1,1160,*,,
Geoduck and Horseclam,76D,1993,27,Total,1,1160,*,,
Geoduck and Horseclam,76D,1994,15,1,1,0,*,,
Geoduck and Horseclam,76D,1994,15,2,3,2455,15555,,
Geoduck and Horseclam,76D,1994,15,3,4,13259,94614,,
Geoduck and Horseclam,76D,1994,15,5,2,397,*,,
Geoduck and Horseclam,76D,1994,15,Total,5,16111,117339,,
Geoduck and Horseclam,76D,1994,17,4,1,1135,*,,
Geoduck and Horseclam,76D,1994,17,5,1,780,*,,
Geoduck and Horseclam,76D,1994,17,17,1,1005,*,,
Geoduck and Horseclam,76D,1994,17,Total,1,2920,*,,
Geoduck and Horseclam,76D,1995,6,14,1,0,*,,
Geoduck and Horseclam,76D,1995,6,Total,1,0,*,,
Geoduck and Horseclam,76D,1995,7,25,1,0,*,,
Geoduck and Horseclam,76D,1995,7,Total,1,0,*,,
Geoduck and Horseclam,76D,1995,8,2,2,0,*,,
Geoduck and Horseclam,76D,1995,8,Total,2,0,*,,
Geoduck and Horseclam,76D,1995,14,9,1,0,*,,
Geoduck and Horseclam,76D,1995,14,11,2,0,*,,
Geoduck and Horseclam,76D,1995,14,Total,3,0,2467,,
Geoduck and Horseclam,76D,1995,24,9,1,50,*,,
Geoduck and Horseclam,76D,1995,24,Total,1,50,*,,
Geoduck and Horseclam,76D,1996,6,13,1,5,*,,
Geoduck and Horseclam,76D,1996,6,Total,1,5,*,,
Geoduck and Horseclam,76D,1997,1,3,1,44,*,,
Geoduck and Horseclam,76D,1997,1,Total,1,44,*,,
Geoduck and Horseclam,76D,1997,2,3,8,932,6632,,
Geoduck and Horseclam,76D,1997,2,6,5,225,1269,,
Geoduck and Horseclam,76D,1997,2,7,2,69,*,,
Geoduck and Horseclam,76D,1997,2,8,3,342,1860,,
Geoduck and Horseclam,76D,1997,2,11,1,195,*,,
Geoduck and Horseclam,76D,1997,2,12,2,216,*,,
Geoduck and Horseclam,76D,1997,2,13,1,45,*,,
Geoduck and Horseclam,76D,1997,2,14,4,148,1040,,
Geoduck and Horseclam,76D,1997,2,15,2,87,*,,
Geoduck and Horseclam,76D,1997,2,17,2,30,*,,
Geoduck and Horseclam,76D,1997,2,18,1,11,*,,
Geoduck and Horseclam,76D,1997,2,19,2,27,*,,
Geoduck and Horseclam,76D,1997,2,Total,11,2327,15885,,
Geoduck and Horseclam,76D,1997,15,1,1,25,*,,
Geoduck and Horseclam,76D,1997,15,2,1,15,*,,
Geoduck and Horseclam,76D,1997,15,Total,1,40,*,,
Geoduck and Horseclam,76D,1998,6,18,1,5,*,,
Geoduck and Horseclam,76D,1998,6,Total,1,5,*,,
Geoduck and Horseclam,76D,1998,7,31,1,10,*,,
Geoduck and Horseclam,76D,1998,7,Total,1,10,*,,
Geoduck and Horseclam,76D,1998,23,9,1,45,*,,
Geoduck and Horseclam,76D,1998,23,Total,1,45,*,,
Geoduck and Horseclam,76D,1998,24,6,4,325,1048,,
Geoduck and Horseclam,76D,1998,24,7,1,108,*,,
Geoduck and Horseclam,76D,1998,24,8,2,101,*,,
Geoduck and Horseclam,76D,1998,24,Total,4,534,1659,,
Geoduck and Horseclam,76D,1999,4,2,2,14,*,,
Geoduck and Horseclam,76D,1999,4,3,1,28,*,,
Geoduck and Horseclam,76D,1999,4,5,1,4,*,,
Geoduck and Horseclam,76D,1999,4,13,1,7,*,,
Geoduck and Horseclam,76D,1999,4,Total,2,53,*,,
Geoduck and Horseclam,76D,1999,5,21,2,18,*,,
Geoduck and Horseclam,76D,1999,5,Total,2,18,*,,
Geoduck and Horseclam,76D,1999,6,13,6,442,1970,,
Geoduck and Horseclam,76D,1999,6,Total,6,442,1970,,
Geoduck and Horseclam,76D,1999,13,15,1,28,*,,
Geoduck and Horseclam,76D,1999,13,Total,1,28,*,,
Geoduck and Horseclam,76D,1999,14,4,1,19,*,,
Geoduck and Horseclam,76D,1999,14,5,4,853,3761,,
Geoduck and Horseclam,76D,1999,14,7,1,65,*,,
Geoduck and Horseclam,76D,1999,14,Total,4,937,3955,,
Geoduck and Horseclam,76D,1999,15,2,1,84,*,,
Geoduck and Horseclam,76D,1999,15,Total,1,84,*,,
Geoduck and Horseclam,76D,1999,16,1,1,10,*,,
Geoduck and Horseclam,76D,1999,16,11,1,40,*,,
Geoduck and Horseclam,76D,1999,16,19,1,16,*,,
Geoduck and Horseclam,76D,1999,16,20,1,166,*,,
Geoduck and Horseclam,76D,1999,16,21,1,26,*,,
Geoduck and Horseclam,76D,1999,16,22,1,15,*,,
Geoduck and Horseclam,76D,1999,16,Total,2,273,*,,
Geoduck and Horseclam,76D,1999,24,6,4,243,906,,
Geoduck and Horseclam,76D,1999,24,7,1,28,*,,
Geoduck and Horseclam,76D,1999,24,8,4,264,814,,
Geoduck and Horseclam,76D,1999,24,9,3,65,**,,
Geoduck and Horseclam,76D,1999,24,Total,5,600,1980,,
Geoduck and Horseclam,76D,1999,106,2,2,69,*,,
Geoduck and Horseclam,76D,1999,106,Total,2,69,*,,
Geoduck and Horseclam,76D,2000,2,3,8,1655,9124,,
Geoduck and Horseclam,76D,2000,2,6,6,369,1884,,
Geoduck and Horseclam,76D,2000,2,7,5,251,1274,,
Geoduck and Horseclam,76D,2000,2,8,8,743,5006,,
Geoduck and Horseclam,76D,2000,2,11,1,99,*,,
Geoduck and Horseclam,76D,2000,2,14,5,189,870,,
Geoduck and Horseclam,76D,2000,2,15,1,12,*,,
Geoduck and Horseclam,76D,2000,2,17,1,19,*,,
Geoduck and Horseclam,76D,2000,2,90,1,68,*,,
Geoduck and Horseclam,76D,2000,2,Total,11,3405,19116,,
Geoduck and Horseclam,76D,2000,13,12,1,10,*,,
Geoduck and Horseclam,76D,2000,13,13,1,101,*,,
Geoduck and Horseclam,76D,2000,13,14,1,40,*,,
Geoduck and Horseclam,76D,2000,13,15,1,92,*,,
Geoduck and Horseclam,76D,2000,13,16,1,42,*,,
Geoduck and Horseclam,76D,2000,13,Total,1,285,*,,
Geoduck and Horseclam,76D,2000,14,11,5,1102,**,,
Geoduck and Horseclam,76D,2000,14,13,1,70,*,,
Geoduck and Horseclam,76D,2000,14,Total,5,1172,6024,,
Geoduck and Horseclam,76D,2000,15,1,1,10,*,,
Geoduck and Horseclam,76D,2000,15,2,1,160,*,,
Geoduck and Horseclam,76D,2000,15,3,1,130,*,,
Geoduck and Horseclam,76D,2000,15,5,1,10,*,,
Geoduck and Horseclam,76D,2000,15,Total,1,310,*,,
Geoduck and Horseclam,76D,2000,19,5,2,120,*,,
Geoduck and Horseclam,76D,2000,19,Total,2,120,*,,
Geoduck and Horseclam,76D,2000,24,6,3,69,276,,
Geoduck and Horseclam,76D,2000,24,7,1,23,*,,
Geoduck and Horseclam,76D,2000,24,8,1,51,*,,
Geoduck and Horseclam,76D,2000,24,Total,3,143,558,,
Geoduck and Horseclam,76D,2001,6,11,1,9,*,,
Geoduck and Horseclam,76D,2001,6,19,1,17,*,,
Geoduck and Horseclam,76D,2001,6,Total,2,26,*,,
Geoduck and Horseclam,76D,2001,7,25,1,40,*,,
Geoduck and Horseclam,76D,2001,7,27,1,39,*,,
Geoduck and Horseclam,76D,2001,7,Total,2,79,*,,
Geoduck and Horseclam,76D,2001,8,2,1,161,*,,
Geoduck and Horseclam,76D,2001,8,Total,1,161,*,,
Geoduck and Horseclam,76D,2001,12,17,1,30,*,,
Geoduck and Horseclam,76D,2001,12,31,1,10,*,,
Geoduck and Horseclam,76D,2001,12,Total,1,40,*,,
Geoduck and Horseclam,76D,2001,14,1,1,10,*,,
Geoduck and Horseclam,76D,2001,14,4,1,80,*,,
Geoduck and Horseclam,76D,2001,14,5,1,100,*,,
Geoduck and Horseclam,76D,2001,14,8,1,40,*,,
Geoduck and Horseclam,76D,2001,14,10,1,140,*,,
Geoduck and Horseclam,76D,2001,14,11,1,15,*,,
Geoduck and Horseclam,76D,2001,14,15,1,55,*,,
Geoduck and Horseclam,76D,2001,14,Total,1,440,*,,
Geoduck and Horseclam,76D,2001,15,2,1,10,*,,
Geoduck and Horseclam,76D,2001,15,Total,1,10,*,,
Geoduck and Horseclam,76D,2001,17,5,1,150,*,,
Geoduck and Horseclam,76D,2001,17,6,1,20,*,,
Geoduck and Horseclam,76D,2001,17,17,1,30,*,,
Geoduck and Horseclam,76D,2001,17,Total,1,200,*,,
Geoduck and Horseclam,76D,2001,24,7,1,30,*,,
Geoduck and Horseclam,76D,2001,24,Total,1,30,*,,
Geoduck and Horseclam,76D,2002,5,17,1,11,*,,
Geoduck and Horseclam,76D,2002,5,Total,1,11,*,,
Geoduck and Horseclam,76D,2002,6,13,1,23,*,,
Geoduck and Horseclam,76D,2002,6,Total,1,23,*,,
Geoduck and Horseclam,76D,2002,14,4,1,300,*,,
Geoduck and Horseclam,76D,2002,14,5,1,260,*,,
Geoduck and Horseclam,76D,2002,14,Total,1,560,*,,
Geoduck and Horseclam,76D,2002,16,19,1,180,*,,
Geoduck and Horseclam,76D,2002,16,20,1,90,*,,
Geoduck and Horseclam,76D,2002,16,Total,1,270,*,,
Geoduck and Horseclam,76D,2002,19,5,1,80,*,,
Geoduck and Horseclam,76D,2002,19,Total,1,80,*,,
Geoduck and Horseclam,76D,2003,1,3,1,7,*,,
Geoduck and Horseclam,76D,2003,1,Total,1,7,*,,
Geoduck and Horseclam,76D,2003,2,3,7,1430,6919,,
Geoduck and Horseclam,76D,2003,2,6,6,276,1114,,
Geoduck and Horseclam,76D,2003,2,7,5,250,1315,,
Geoduck and Horseclam,76D,2003,2,8,7,503,2735,,
Geoduck and Horseclam,76D,2003,2,9,2,36,*,,
Geoduck and Horseclam,76D,2003,2,11,3,410,1425,,
Geoduck and Horseclam,76D,2003,2,12,1,215,*,,
Geoduck and Horseclam,76D,2003,2,14,3,217,987,,
Geoduck and Horseclam,76D,2003,2,17,1,16,*,,
Geoduck and Horseclam,76D,2003,2,65,1,20,*,,
Geoduck and Horseclam,76D,2003,2,70,1,52,*,,
Geoduck and Horseclam,76D,2003,2,Total,10,3425,15857,,
Geoduck and Horseclam,76D,2003,13,16,1,30,*,,
Geoduck and Horseclam,76D,2003,13,Total,1,30,*,,
Geoduck and Horseclam,76D,2003,14,11,3,3490,20648,,
Geoduck and Horseclam,76D,2003,14,Total,3,3490,20648,,
Geoduck and Horseclam,76D,2003,15,2,1,20,*,,
Geoduck and Horseclam,76D,2003,15,3,1,10,*,,
Geoduck and Horseclam,76D,2003,15,Total,1,30,*,,
Geoduck and Horseclam,76D,2003,19,5,1,126,*,,
Geoduck and Horseclam,76D,2003,19,Total,1,126,*,,
Geoduck and Horseclam,76D,2003,24,9,3,1739,2793,,
Geoduck and Horseclam,76D,2003,24,Total,3,1739,2793,,
Geoduck and Horseclam,76D,2004,6,10,1,6,*,,
Geoduck and Horseclam,76D,2004,6,11,2,12,*,,
Geoduck and Horseclam,76D,2004,6,14,1,5,*,,
Geoduck and Horseclam,76D,2004,6,17,1,60,*,,
Geoduck and Horseclam,76D,2004,6,18,1,30,*,,
Geoduck and Horseclam,76D,2004,6,Total,3,113,157,,
Geoduck and Horseclam,76D,2004,7,17,1,9,*,,
Geoduck and Horseclam,76D,2004,7,18,1,15,*,,
Geoduck and Horseclam,76D,2004,7,25,1,8,*,,
Geoduck and Horseclam,76D,2004,7,31,1,4,*,,
Geoduck and Horseclam,76D,2004,7,Total,2,36,*,,
Geoduck and Horseclam,76D,2004,8,2,2,161,*,,
Geoduck and Horseclam,76D,2004,8,Total,2,161,*,,
Geoduck and Horseclam,76D,2004,12,11,1,23,*,,
Geoduck and Horseclam,76D,2004,12,17,1,13,*,,
Geoduck and Horseclam,76D,2004,12,41,1,26,*,,
Geoduck and Horseclam,76D,2004,12,Total,1,62,*,,
Geoduck and Horseclam,76D,2004,14,10,1,183,*,,
Geoduck and Horseclam,76D,2004,14,11,3,4278,20623,,
Geoduck and Horseclam,76D,2004,14,15,1,15,*,,
Geoduck and Horseclam,76D,2004,14,Total,3,4476,21451,,
Geoduck and Horseclam,76D,2004,17,6,1,18,*,,
Geoduck and Horseclam,76D,2004,17,Total,1,18,*,,
Geoduck and Horseclam,76D,2004,19,5,1,31,*,,
Geoduck and Horseclam,76D,2004,19,Total,1,31,*,,
Geoduck and Horseclam,76D,2005,4,2,1,9,*,,
Geoduck and Horseclam,76D,2005,4,4,1,10,*,,
Geoduck and Horseclam,76D,2005,4,13,1,15,*,,
Geoduck and Horseclam,76D,2005,4,Total,1,34,*,,
Geoduck and Horseclam,76D,2005,6,9,1,5,*,,
Geoduck and Horseclam,76D,2005,6,13,1,40,*,,
Geoduck and Horseclam,76D,2005,6,Total,2,45,*,,
Geoduck and Horseclam,76D,2005,14,1,1,40,*,,
Geoduck and Horseclam,76D,2005,14,4,1,24,*,,
Geoduck and Horseclam,76D,2005,14,5,1,73,*,,
Geoduck and Horseclam,76D,2005,14,11,3,4717,19544,,
Geoduck and Horseclam,76D,2005,14,13,1,76,*,,
Geoduck and Horseclam,76D,2005,14,Total,4,4930,20416,,
Geoduck and Horseclam,76D,2005,24,6,1,37,*,,
Geoduck and Horseclam,76D,2005,24,Total,1,37,*,,
Geoduck and Horseclam,76D,2005,106,2,2,225,*,,
Geoduck and Horseclam,76D,2005,106,Total,2,225,*,,
Geoduck and Horseclam,76D,2006,2,3,9,3006,15154,,
Geoduck and Horseclam,76D,2006,2,6,5,253,1002,,
Geoduck and Horseclam,76D,2006,2,7,5,197,1168,,
Geoduck and Horseclam,76D,2006,2,8,2,345,*,,
Geoduck and Horseclam,76D,2006,2,11,3,623,1131,,
Geoduck and Horseclam,76D,2006,2,12,2,125,*,,
Geoduck and Horseclam,76D,2006,2,13,1,85,*,,
Geoduck and Horseclam,76D,2006,2,14,4,997,2222,,
Geoduck and Horseclam,76D,2006,2,15,1,80,*,,
Geoduck and Horseclam,76D,2006,2,31,1,12,*,,
Geoduck and Horseclam,76D,2006,2,50,1,70,*,,
Geoduck and Horseclam,76D,2006,2,66,1,118,*,,
Geoduck and Horseclam,76D,2006,2,87,1,3,*,,
Geoduck and Horseclam,76D,2006,2,Total,12,5914,23468,,
Geoduck and Horseclam,76D,2006,13,15,1,31,*,,
Geoduck and Horseclam,76D,2006,13,16,1,6,*,,
Geoduck and Horseclam,76D,2006,13,Total,1,37,*,,
Geoduck and Horseclam,76D,2006,14,11,3,3544,16921,,
Geoduck and Horseclam,76D,2006,14,Total,3,3544,16921,,
Geoduck and Horseclam,76D,2006,15,2,1,120,*,,
Geoduck and Horseclam,76D,2006,15,Total,1,120,*,,
Geoduck and Horseclam,76D,2006,19,5,1,90,*,,
Geoduck and Horseclam,76D,2006,19,Total,1,90,*,,
Geoduck and Horseclam,76D,2007,7,3,1,0,*,,
Geoduck and Horseclam,76D,2007,7,18,1,0,*,,
Geoduck and Horseclam,76D,2007,7,24,1,0,*,,
Geoduck and Horseclam,76D,2007,7,25,1,249,*,,
Geoduck and Horseclam,76D,2007,7,27,1,110,*,,
Geoduck and Horseclam,76D,2007,7,Total,3,359,336,,
Geoduck and Horseclam,76D,2007,8,2,2,1039,*,,
Geoduck and Horseclam,76D,2007,8,Total,2,1039,*,,
Geoduck and Horseclam,76D,2007,12,11,1,35,*,,
Geoduck and Horseclam,76D,2007,12,Total,1,35,*,,
Geoduck and Horseclam,76D,2007,14,10,1,305,*,,
Geoduck and Horseclam,76D,2007,14,Total,1,305,*,,
Geoduck and Horseclam,76D,2007,16,2,1,0,*,,
Geoduck and Horseclam,76D,2007,16,19,2,130,*,,
Geoduck and Horseclam,76D,2007,16,21,2,0,*,,
Geoduck and Horseclam,76D,2007,16,Total,3,130,2549,,
Geoduck and Horseclam,76D,2007,17,5,1,220,*,,
Geoduck and Horseclam,76D,2007,17,Total,1,220,*,,
Geoduck and Horseclam,76D,2007,24,6,2,474,*,,
Geoduck and Horseclam,76D,2007,24,Total,2,474,*,,
Geoduck and Horseclam,76D,2008,6,9,1,0,*,,
Geoduck and Horseclam,76D,2008,6,Total,1,0,*,,
Geoduck and Horseclam,76D,2008,14,4,1,0,*,,
Geoduck and Horseclam,76D,2008,14,5,1,1818,*,,
Geoduck and Horseclam,76D,2008,14,8,1,0,*,,
Geoduck and Horseclam,76D,2008,14,11,1,1560,*,,
Geoduck and Horseclam,76D,2008,14,Total,1,3378,*,,
Geoduck and Horseclam,76D,2008,16,19,1,65,*,,
Geoduck and Horseclam,76D,2008,16,Total,1,65,*,,
Geoduck and Horseclam,76D,2009,2,3,4,0,8153,,
Geoduck and Horseclam,76D,2009,2,6,3,0,1155,,
Geoduck and Horseclam,76D,2009,2,7,4,0,1392,,
Geoduck and Horseclam,76D,2009,2,8,5,0,1353,,
Geoduck and Horseclam,76D,2009,2,9,3,0,251,,
Geoduck and Horseclam,76D,2009,2,11,3,0,2276,,
Geoduck and Horseclam,76D,2009,2,12,4,0,1342,,
Geoduck and Horseclam,76D,2009,2,13,2,0,*,,
Geoduck and Horseclam,76D,2009,2,14,4,76,1500,,
Geoduck and Horseclam,76D,2009,2,15,1,8,*,,
Geoduck and Horseclam,76D,2009,2,17,1,0,*,,
Geoduck and Horseclam,76D,2009,2,18,1,0,*,,
Geoduck and Horseclam,76D,2009,2,49,1,0,*,,
Geoduck and Horseclam,76D,2009,2,53,1,0,*,,
Geoduck and Horseclam,76D,2009,2,55,1,0,*,,
Geoduck and Horseclam,76D,2009,2,87,2,0,*,,
Geoduck and Horseclam,76D,2009,2,90,1,0,*,,
Geoduck and Horseclam,76D,2009,2,Total,10,84,19770,,
Geoduck and Horseclam,76D,2009,4,2,1,0,*,,
Geoduck and Horseclam,76D,2009,4,4,1,0,*,,
Geoduck and Horseclam,76D,2009,4,Total,2,0,*,,
Geoduck and Horseclam,76D,2009,14,7,1,0,*,,
Geoduck and Horseclam,76D,2009,14,11,2,3655,*,,
Geoduck and Horseclam,76D,2009,14,Total,2,3655,*,,
Geoduck and Horseclam,76D,2009,15,2,1,0,*,,
Geoduck and Horseclam,76D,2009,15,Total,1,0,*,,
Geoduck and Horseclam,76D,2009,16,2,1,0,*,,
Geoduck and Horseclam,76D,2009,16,Total,1,0,*,,
Geoduck and Horseclam,76D,2009,18,7,1,0,*,,
Geoduck and Horseclam,76D,2009,18,Total,1,0,*,,
Geoduck and Horseclam,76D,2010,6,11,1,21,*,,
Geoduck and Horseclam,76D,2010,6,14,1,5,*,,
Geoduck and Horseclam,76D,2010,6,15,1,5,*,,
Geoduck and Horseclam,76D,2010,6,16,1,5,*,,
Geoduck and Horseclam,76D,2010,6,18,2,78,*,,
Geoduck and Horseclam,76D,2010,6,19,1,6,*,,
Geoduck and Horseclam,76D,2010,6,Total,4,120,536,,
Geoduck and Horseclam,76D,2010,7,9,2,17,*,,
Geoduck and Horseclam,76D,2010,7,17,1,11,*,,
Geoduck and Horseclam,76D,2010,7,25,3,114,515,,
Geoduck and Horseclam,76D,2010,7,27,4,54,325,,
Geoduck and Horseclam,76D,2010,7,Total,5,196,979,,
Geoduck and Horseclam,76D,2010,8,2,1,24,*,,
Geoduck and Horseclam,76D,2010,8,Total,1,24,*,,
Geoduck and Horseclam,76D,2010,14,10,1,304,*,,
Geoduck and Horseclam,76D,2010,14,11,1,4234,*,,
Geoduck and Horseclam,76D,2010,14,15,1,75,*,,
Geoduck and Horseclam,76D,2010,14,Total,1,4613,*,,
Geoduck and Horseclam,76D,2010,15,2,1,28,*,,
Geoduck and Horseclam,76D,2010,15,3,1,10,*,,
Geoduck and Horseclam,76D,2010,15,Total,2,38,*,,
Geoduck and Horseclam,76D,2010,16,2,1,8,*,,
Geoduck and Horseclam,76D,2010,16,Total,1,8,*,,
Geoduck and Horseclam,76D,2010,17,6,1,8,*,,
Geoduck and Horseclam,76D,2010,17,8,1,44,*,,
Geoduck and Horseclam,76D,2010,17,16,1,56,*,,
Geoduck and Horseclam,76D,2010,17,Total,1,108,*,,
Geoduck and Horseclam,76D,2011,4,2,2,26,*,,
Geoduck and Horseclam,76D,2011,4,13,1,5,*,,
Geoduck and Horseclam,76D,2011,4,Total,2,31,*,,
Geoduck and Horseclam,76D,2011,5,10,1,5,*,,
Geoduck and Horseclam,76D,2011,5,17,1,4,*,,
Geoduck and Horseclam,76D,2011,5,Total,2,9,*,,
Geoduck and Horseclam,76D,2011,6,10,3,16,63,,
Geoduck and Horseclam,76D,2011,6,13,3,282,1535,,
Geoduck and Horseclam,76D,2011,6,Total,4,298,1598,,
Geoduck and Horseclam,76D,2011,14,1,3,241,1097,,
Geoduck and Horseclam,76D,2011,14,4,2,69,*,,
Geoduck and Horseclam,76D,2011,14,5,2,926,*,,
Geoduck and Horseclam,76D,2011,14,11,1,3530,*,,
Geoduck and Horseclam,76D,2011,14,13,1,214,*,,
Geoduck and Horseclam,76D,2011,14,Total,3,4980,25644,,
Geoduck and Horseclam,76D,2011,16,2,2,104,*,,
Geoduck and Horseclam,76D,2011,16,19,2,155,*,,
Geoduck and Horseclam,76D,2011,16,21,2,180,*,,
Geoduck and Horseclam,76D,2011,16,Total,3,439,2076,,
Geoduck and Horseclam,76D,2011,17,10,1,16,*,,
Geoduck and Horseclam,76D,2011,17,Total,1,16,*,,
Geoduck and Horseclam,76D,2011,106,2,2,142,*,,
Geoduck and Horseclam,76D,2011,106,Total,2,142,*,,
Geoduck and Horseclam,76D,2012,2,3,9,1859,10516,,
Geoduck and Horseclam,76D,2012,2,6,6,391,1912,,
Geoduck and Horseclam,76D,2012,2,7,7,373,1978,,
Geoduck and Horseclam,76D,2012,2,8,6,994,5831,,
Geoduck and Horseclam,76D,2012,2,9,2,19,*,,
Geoduck and Horseclam,76D,2012,2,11,7,449,2732,,
Geoduck and Horseclam,76D,2012,2,12,3,189,1256,,
Geoduck and Horseclam,76D,2012,2,14,2,196,*,,
Geoduck and Horseclam,76D,2012,2,15,2,11,*,,
Geoduck and Horseclam,76D,2012,2,17,1,4,*,,
Geoduck and Horseclam,76D,2012,2,49,3,54,272,,
Geoduck and Horseclam,76D,2012,2,50,3,65,314,,
Geoduck and Horseclam,76D,2012,2,52,1,37,*,,
Geoduck and Horseclam,76D,2012,2,53,2,126,*,,
Geoduck and Horseclam,76D,2012,2,55,2,35,*,,
Geoduck and Horseclam,76D,2012,2,58,1,11,*,,
Geoduck and Horseclam,76D,2012,2,65,1,7,*,,
Geoduck and Horseclam,76D,2012,2,66,1,15,*,,
Geoduck and Horseclam,76D,2012,2,87,1,22,*,,
Geoduck and Horseclam,76D,2012,2,Total,11,4857,27828,,
Geoduck and Horseclam,76D,2012,5,17,2,9,*,,
Geoduck and Horseclam,76D,2012,5,Total,2,9,*,,
Geoduck and Horseclam,76D,2012,6,9,2,14,*,,
Geoduck and Horseclam,76D,2012,6,Total,2,14,*,,
Geoduck and Horseclam,76D,2012,13,15,1,76,*,,
Geoduck and Horseclam,76D,2012,13,16,1,21,*,,
Geoduck and Horseclam,76D,2012,13,Total,1,97,*,,
Geoduck and Horseclam,76D,2012,14,11,2,409,*,,
Geoduck and Horseclam,76D,2012,14,Total,2,409,*,,
Geoduck and Horseclam,76D,2012,15,2,1,291,*,,
Geoduck and Horseclam,76D,2012,15,3,1,114,*,,
Geoduck and Horseclam,76D,2012,15,Total,1,405,*,,
Geoduck and Horseclam,76D,2012,17,18,1,24,*,,
Geoduck and Horseclam,76D,2012,17,Total,1,24,*,,
Geoduck and Horseclam,76D,2012,18,7,1,7,*,,
Geoduck and Horseclam,76D,2012,18,Total,1,7,*,,
Geoduck and Horseclam,76D,2012,19,5,1,18,*,,
Geoduck and Horseclam,76D,2012,19,Total,1,18,*,,
Geoduck and Horseclam,76D,2013,6,9,2,61,*,,
Geoduck and Horseclam,76D,2013,6,11,1,12,*,,
Geoduck and Horseclam,76D,2013,6,14,3,87,371,,
Geoduck and Horseclam,76D,2013,6,18,1,22,*,,
Geoduck and Horseclam,76D,2013,6,19,2,27,*,,
Geoduck and Horseclam,76D,2013,6,Total,3,209,939,,
Geoduck and Horseclam,76D,2013,7,4,1,5,*,,
Geoduck and Horseclam,76D,2013,7,9,1,21,*,,
Geoduck and Horseclam,76D,2013,7,12,1,5,*,,
Geoduck and Horseclam,76D,2013,7,18,1,34,*,,
Geoduck and Horseclam,76D,2013,7,25,2,74,*,,
Geoduck and Horseclam,76D,2013,7,27,1,14,*,,
Geoduck and Horseclam,76D,2013,7,Total,3,153,715,,
Geoduck and Horseclam,76D,2013,8,2,1,11,*,,
Geoduck and Horseclam,76D,2013,8,4,1,16,*,,
Geoduck and Horseclam,76D,2013,8,Total,1,27,*,,
Geoduck and Horseclam,76D,2013,14,10,1,222,*,,
Geoduck and Horseclam,76D,2013,14,11,1,3721,*,,
Geoduck and Horseclam,76D,2013,14,Total,1,3943,*,,
Geoduck and Horseclam,76D,2013,16,2,1,18,*,,
Geoduck and Horseclam,76D,2013,16,Total,1,18,*,,
Geoduck and Horseclam,76D,2013,17,16,1,39,*,,
Geoduck and Horseclam,76D,2013,17,18,1,3,*,,
Geoduck and Horseclam,76D,2013,17,Total,1,42,*,,
Geoduck and Horseclam,76D,2014,4,2,4,100,641,,
Geoduck and Horseclam,76D,2014,4,4,1,8,*,,
Geoduck and Horseclam,76D,2014,4,9,1,8,*,,
Geoduck and Horseclam,76D,2014,4,13,3,81,312,,
Geoduck and Horseclam,76D,2014,4,Total,4,197,993,,
Geoduck and Horseclam,76D,2014,5,12,1,17,*,,
Geoduck and Horseclam,76D,2014,5,20,1,8,*,,
Geoduck and Horseclam,76D,2014,5,Total,1,25,*,,
Geoduck and Horseclam,76D,2014,6,9,2,14,*,,
Geoduck and Horseclam,76D,2014,6,10,1,5,*,,
Geoduck and Horseclam,76D,2014,6,13,2,27,*,,
Geoduck and Horseclam,76D,2014,6,Total,3,46,272,,
Geoduck and Horseclam,76D,2014,8,4,1,6,*,,
Geoduck and Horseclam,76D,2014,8,Total,1,6,*,,
Geoduck and Horseclam,76D,2014,12,6,1,226,*,,
Geoduck and Horseclam,76D,2014,12,8,1,84,*,,
Geoduck and Horseclam,76D,2014,12,16,1,17,*,,
Geoduck and Horseclam,76D,2014,12,Total,1,327,*,,
Geoduck and Horseclam,76D,2014,14,1,1,34,*,,
Geoduck and Horseclam,76D,2014,14,4,1,66,*,,
Geoduck and Horseclam,76D,2014,14,5,1,16,*,,
Geoduck and Horseclam,76D,2014,14,10,1,59,*,,
Geoduck and Horseclam,76D,2014,14,11,1,3630,*,,
Geoduck and Horseclam,76D,2014,14,Total,1,3805,*,,
Geoduck and Horseclam,76D,2014,16,2,1,23,*,,
Geoduck and Horseclam,76D,2014,16,19,1,300,*,,
Geoduck and Horseclam,76D,2014,16,21,2,407,*,,
Geoduck and Horseclam,76D,2014,16,Total,2,730,*,,
Geoduck and Horseclam,76D,2014,106,2,1,84,*,,
Geoduck and Horseclam,76D,2014,106,Total,1,84,*,,
Geoduck and Horseclam,76D,2015,2,3,6,686,4319,,
Geoduck and Horseclam,76D,2015,2,6,5,129,701,,
Geoduck and Horseclam,76D,2015,2,7,7,293,1988,,
Geoduck and Horseclam,76D,2015,2,12,3,83,511,,
Geoduck and Horseclam,76D,2015,2,13,1,6,*,,
Geoduck and Horseclam,76D,2015,2,53,1,22,*,,
Geoduck and Horseclam,76D,2015,2,71,1,7,*,,
Geoduck and Horseclam,76D,2015,2,87,2,153,*,,
Geoduck and Horseclam,76D,2015,2,Total,9,1379,8740,,
Geoduck and Horseclam,76D,2015,4,1,1,7,*,,
Geoduck and Horseclam,76D,2015,4,Total,1,7,*,,
Geoduck and Horseclam,76D,2015,13,1,1,12,*,,
Geoduck and Horseclam,76D,2015,13,Total,1,12,*,,
Geoduck and Horseclam,76D,2015,14,5,1,115,*,,
Geoduck and Horseclam,76D,2015,14,11,2,4150,*,,
Geoduck and Horseclam,76D,2015,14,13,1,41,*,,
Geoduck and Horseclam,76D,2015,14,Total,2,4306,*,,
Geoduck and Horseclam,76D,2015,15,1,1,7,*,,
Geoduck and Horseclam,76D,2015,15,2,1,10,*,,
Geoduck and Horseclam,76D,2015,15,Total,1,17,*,,
Geoduck and Horseclam,76D,2015,16,1,1,8,*,,
Geoduck and Horseclam,76D,2015,16,2,1,19,*,,
Geoduck and Horseclam,76D,2015,16,Total,1,27,*,,
Geoduck and Horseclam,76D,2015,19,5,1,119,*,,
Geoduck and Horseclam,76D,2015,19,Total,1,119,*,,
Geoduck and Horseclam,76D,2016,4,1,1,28,*,,
Geoduck and Horseclam,76D,2016,4,Total,1,28,*,,
Geoduck and Horseclam,76D,2016,6,14,1,31,*,,
Geoduck and Horseclam,76D,2016,6,18,1,5,*,,
Geoduck and Horseclam,76D,2016,6,Total,2,36,*,,
Geoduck and Horseclam,76D,2016,14,10,1,67,*,,
Geoduck and Horseclam,76D,2016,14,11,1,1790,*,,
Geoduck and Horseclam,76D,2016,14,Total,1,1857,*,,
Geoduck and Horseclam,76D,2016,16,2,1,18,*,,
Geoduck and Horseclam,76D,2016,16,Total,1,18,*,,
Geoduck and Horseclam,76D,2016,19,5,1,19,*,,
Geoduck and Horseclam,76D,2016,19,Total,1,19,*,,
Geoduck and Horseclam,76D,2017,4,2,1,5,*,,
Geoduck and Horseclam,76D,2017,4,4,1,9,*,,
Geoduck and Horseclam,76D,2017,4,Total,1,14,*,,
Geoduck and Horseclam,76D,2017,5,12,1,16,*,,
Geoduck and Horseclam,76D,2017,5,Total,1,16,*,,
Geoduck and Horseclam,76D,2017,6,9,2,22,*,,
Geoduck and Horseclam,76D,2017,6,13,1,19,*,,
Geoduck and Horseclam,76D,2017,6,Total,2,41,*,,
Geoduck and Horseclam,76D,2017,12,16,1,5,*,,
Geoduck and Horseclam,76D,2017,12,Total,1,5,*,,
Geoduck and Horseclam,76D,2017,14,1,1,52,*,,
Geoduck and Horseclam,76D,2017,14,4,2,105,*,,
Geoduck and Horseclam,76D,2017,14,5,2,529,*,,
Geoduck and Horseclam,76D,2017,14,8,1,39,*,,
Geoduck and Horseclam,76D,2017,14,Total,3,725,2378,,
Geoduck and Horseclam,76D,2017,16,2,1,42,*,,
Geoduck and Horseclam,76D,2017,16,19,1,8,*,,
Geoduck and Horseclam,76D,2017,16,21,1,69,*,,
Geoduck and Horseclam,76D,2017,16,Total,1,119,*,,
Geoduck and Horseclam,76D,2017,19,5,1,25,*,,
Geoduck and Horseclam,76D,2017,19,Total,1,25,*,,
Geoduck and Horseclam,76D,2017,24,9,1,15,*,,
Geoduck and Horseclam,76D,2017,24,Total,1,15,*,,
Geoduck and Horseclam,76D,2018,2,8,2,245,*,,
Geoduck and Horseclam,76D,2018,2,9,1,23,*,,
Geoduck and Horseclam,76D,2018,2,11,1,95,*,,
Geoduck and Horseclam,76D,2018,2,14,3,193,1693,,
Geoduck and Horseclam,76D,2018,2,15,2,38,*,,
Geoduck and Horseclam,76D,2018,2,17,2,49,*,,
Geoduck and Horseclam,76D,2018,2,19,1,12,*,,
Geoduck and Horseclam,76D,2018,2,31,1,10,*,,
Geoduck and Horseclam,76D,2018,2,50,1,13,*,,
Geoduck and Horseclam,76D,2018,2,53,2,25,*,,
Geoduck and Horseclam,76D,2018,2,55,1,10,*,,
Geoduck and Horseclam,76D,2018,2,65,1,7,*,,
Geoduck and Horseclam,76D,2018,2,70,1,19,*,,
Geoduck and Horseclam,76D,2018,2,71,1,24,*,,
Geoduck and Horseclam,76D,2018,2,76,1,7,*,,
Geoduck and Horseclam,76D,2018,2,82,1,31,*,,
Geoduck and Horseclam,76D,2018,2,87,3,282,2181,,
Geoduck and Horseclam,76D,2018,2,Total,7,1083,7305,,
Geoduck and Horseclam,76D,2018,4,13,1,7,*,,
Geoduck and Horseclam,76D,2018,4,Total,1,7,*,,
Geoduck and Horseclam,76D,2018,13,13,1,14,*,,
Geoduck and Horseclam,76D,2018,13,16,1,26,*,,
Geoduck and Horseclam,76D,2018,13,Total,1,40,*,,
Geoduck and Horseclam,76D,2018,14,9,1,167,*,,
Geoduck and Horseclam,76D,2018,14,11,2,367,*,,
Geoduck and Horseclam,76D,2018,14,Total,2,534,*,,
Geoduck and Horseclam,76D,2018,15,1,1,21,*,,
Geoduck and Horseclam,76D,2018,15,2,2,67,*,,
Geoduck and Horseclam,76D,2018,15,Total,2,88,*,,
Geoduck and Horseclam,76D,2018,16,2,1,23,*,,
Geoduck and Horseclam,76D,2018,16,Total,1,23,*,,
Geoduck and Horseclam,76D,2018,18,7,1,10,*,,
Geoduck and Horseclam,76D,2018,18,Total,1,10,*,,
Geoduck and Horseclam,76D,2018,19,5,1,38,*,,
Geoduck and Horseclam,76D,2018,19,Total,1,38,*,,
Geoduck and Horseclam,76D,2019,2,3,3,257,1464,,
Geoduck and Horseclam,76D,2019,2,6,2,42,*,,
Geoduck and Horseclam,76D,2019,2,7,3,79,587,,
Geoduck and Horseclam,76D,2019,2,8,3,130,972,,
Geoduck and Horseclam,76D,2019,2,11,2,31,*,,
Geoduck and Horseclam,76D,2019,2,12,2,29,*,,
Geoduck and Horseclam,76D,2019,2,13,1,40,*,,
Geoduck and Horseclam,76D,2019,2,17,2,106,*,,
Geoduck and Horseclam,76D,2019,2,Total,3,714,4766,,
Geoduck and Horseclam,76D,2019,6,11,1,24,*,,
Geoduck and Horseclam,76D,2019,6,18,1,12,*,,
Geoduck and Horseclam,76D,2019,6,Total,1,36,*,,
Geoduck and Horseclam,76D,2019,7,3,1,8,*,,
Geoduck and Horseclam,76D,2019,7,18,1,31,*,,
Geoduck and Horseclam,76D,2019,7,19,1,11,*,,
Geoduck and Horseclam,76D,2019,7,23,1,8,*,,
Geoduck and Horseclam,76D,2019,7,25,1,11,*,,
Geoduck and Horseclam,76D,2019,7,27,2,34,*,,
Geoduck and Horseclam,76D,2019,7,Total,3,103,335,,
Geoduck and Horseclam,76D,2019,8,2,1,7,*,,
Geoduck and Horseclam,76D,2019,8,Total,1,7,*,,
Geoduck and Horseclam,76D,2019,12,16,1,14,*,,
Geoduck and Horseclam,76D,2019,12,Total,1,14,*,,
Geoduck and Horseclam,76D,2019,14,10,1,15,*,,
Geoduck and Horseclam,76D,2019,14,Total,1,15,*,,
Geoduck and Horseclam,76D,2019,16,2,1,10,*,,
Geoduck and Horseclam,76D,2019,16,Total,1,10,*,,
Geoduck and Horseclam,76D,2019,17,5,1,27,*,,
Geoduck and Horseclam,76D,2019,17,10,1,14,*,,
Geoduck and Horseclam,76D,2019,17,16,1,53,*,,
Geoduck and Horseclam,76D,2019,17,Total,1,94,*,,
Geoduck and Horseclam,76D,2019,19,5,1,15,*,,
Geoduck and Horseclam,76D,2019,19,Total,1,15,*,,
Geoduck and Horseclam,76D,2020,6,13,1,11,*,,
Geoduck and Horseclam,76D,2020,6,Total,1,11,*,,
Geoduck and Horseclam,76D,2020,7,28,1,22,*,,
Geoduck and Horseclam,76D,2020,7,Total,1,22,*,,
Geoduck and Horseclam,76D,2020,12,6,1,77,*,,
Geoduck and Horseclam,76D,2020,12,8,1,56,*,,
Geoduck and Horseclam,76D,2020,12,16,1,5,*,,
Geoduck and Horseclam,76D,2020,12,Total,1,138,*,,
Geoduck and Horseclam,76D,2020,14,1,1,13,*,,
Geoduck and Horseclam,76D,2020,14,4,1,41,*,,
Geoduck and Horseclam,76D,2020,14,5,2,287,*,,
Geoduck and Horseclam,76D,2020,14,Total,2,341,*,,
Geoduck and Horseclam,76D,2020,16,19,1,17,*,,
Geoduck and Horseclam,76D,2020,16,21,2,52,*,,
Geoduck and Horseclam,76D,2020,16,Total,2,69,*,,
Geoduck and Horseclam,76D,2020,106,2,1,20,*,,
Geoduck and Horseclam,76D,2020,106,Total,1,20,*,,
Geoduck and Horseclam,76D,2021,2,6,1,65,*,,
Geoduck and Horseclam,76D,2021,2,7,1,21,*,,
Geoduck and Horseclam,76D,2021,2,8,1,115,*,,
Geoduck and Horseclam,76D,2021,2,Total,1,201,*,,
Geoduck and Horseclam,76D,2021,4,2,3,33,242,,
Geoduck and Horseclam,76D,2021,4,13,4,79,480,,
Geoduck and Horseclam,76D,2021,4,Total,5,112,722,,
Geoduck and Horseclam,76D,2021,15,3,1,8,*,,
Geoduck and Horseclam,76D,2021,15,Total,1,8,*,,
Geoduck and Horseclam,76D,2021,16,21,2,29,*,,
Geoduck and Horseclam,76D,2021,16,Total,2,29,*,,
Geoduck and Horseclam,76D,2022,2,12,1,26,*,,
Geoduck and Horseclam,76D,2022,2,14,1,5,*,,
Geoduck and Horseclam,76D,2022,2,15,1,10,*,,
Geoduck and Horseclam,76D,2022,2,17,1,29,*,,
Geoduck and Horseclam,76D,2022,2,19,1,40,*,,
Geoduck and Horseclam,76D,2022,2,Total,2,110,*,,
Geoduck and Horseclam,76D,2022,7,3,1,6,*,,
Geoduck and Horseclam,76D,2022,7,9,1,35,*,,
Geoduck and Horseclam,76D,2022,7,18,1,9,*,,
Geoduck and Horseclam,76D,2022,7,25,1,14,*,,
Geoduck and Horseclam,76D,2022,7,Total,1,64,*,,
Geoduck and Horseclam,76D,2022,24,6,2,165,*,,
Geoduck and Horseclam,76D,2022,24,Total,2,165,*,,
Geoduck and Horseclam,76D,2023,4,1,1,6,*,,
Geoduck and Horseclam,76D,2023,4,2,3,142,760,,
Geoduck and Horseclam,76D,2023,4,4,3,258,1457,,
Geoduck and Horseclam,76D,2023,4,13,3,57,**,,
Geoduck and Horseclam,76D,2023,4,Total,4,463,2541,,
Geoduck and Horseclam,76D,2023,5,17,2,35,*,,
Geoduck and Horseclam,76D,2023,5,Total,2,35,*,,
Geoduck and Horseclam,76D,2023,6,9,2,132,*,,
Geoduck and Horseclam,76D,2023,6,10,2,16,*,,
Geoduck and Horseclam,76D,2023,6,11,2,54,*,,
Geoduck and Horseclam,76D,2023,6,13,4,532,2580,,
Geoduck and Horseclam,76D,2023,6,14,1,25,*,,
Geoduck and Horseclam,76D,2023,6,Total,4,759,3571,,
Geoduck and Horseclam,76D,2023,14,3,1,28,*,,
Geoduck and Horseclam,76D,2023,14,5,2,632,*,,
Geoduck and Horseclam,76D,2023,14,8,2,132,*,,
Geoduck and Horseclam,76D,2023,14,Total,2,792,*,,
Geoduck and Horseclam,76D,2023,16,19,1,12,*,,
Geoduck and Horseclam,76D,2023,16,20,1,16,*,,
Geoduck and Horseclam,76D,2023,16,21,2,312,*,,
Geoduck and Horseclam,76D,2023,16,Total,2,340,*,,
Geoduck and Horseclam,76D,2023,17,5,1,81,*,,
Geoduck and Horseclam,76D,2023,17,Total,1,81,*,,
Geoduck and Horseclam,76D,2023,19,5,1,13,*,,
Geoduck and Horseclam,76D,2023,19,Total,1,13,*,,
Geoduck and Horseclam,76D,2023,24,6,1,40,*,,
Geoduck and Horseclam,76D,2023,24,Total,1,40,*,,
Geoduck and Horseclam,76D,2023,106,2,4,291,1067,,
Geoduck and Horseclam,76D,2023,106,Total,4,291,1067,,
Geoduck and Horseclam,76D,2024,2,3,3,510,1831,,
Geoduck and Horseclam,76D,2024,2,6,1,41,*,,
Geoduck and Horseclam,76D,2024,2,7,2,273,*,,
Geoduck and Horseclam,76D,2024,2,8,2,212,*,,
Geoduck and Horseclam,76D,2024,2,9,1,21,*,,
Geoduck and Horseclam,76D,2024,2,11,3,259,1038,,
Geoduck and Horseclam,76D,2024,2,12,2,172,*,,
Geoduck and Horseclam,76D,2024,2,49,1,21,*,,
Geoduck and Horseclam,76D,2024,2,50,2,68,*,,
Geoduck and Horseclam,76D,2024,2,53,1,24,*,,
Geoduck and Horseclam,76D,2024,2,87,2,44,*,,
Geoduck and Horseclam,76D,2024,2,Total,6,1645,6556,,
Geoduck and Horseclam,76D,2024,4,2,1,18,*,,
Geoduck and Horseclam,76D,2024,4,9,1,12,*,,
Geoduck and Horseclam,76D,2024,4,13,1,58,*,,
Geoduck and Horseclam,76D,2024,4,Total,2,88,*,,
Geoduck and Horseclam,76D,2024,5,20,1,10,*,,
Geoduck and Horseclam,76D,2024,5,Total,1,10,*,,
Geoduck and Horseclam,76D,2024,13,15,1,32,*,,
Geoduck and Horseclam,76D,2024,13,Total,1,32,*,,
Geoduck and Horseclam,76D,2024,14,7,1,12,*,,
Geoduck and Horseclam,76D,2024,14,11,2,129,*,,
Geoduck and Horseclam,76D,2024,14,Total,3,141,422,,
Geoduck and Horseclam,76D,2024,15,2,3,113,174,,
Geoduck and Horseclam,76D,2024,15,Total,3,113,174,,
Geoduck and Horseclam,76D,2024,17,5,1,73,*,,
Geoduck and Horseclam,76D,2024,17,Total,1,73,*,,
Geoduck and Horseclam,76D,2024,24,9,1,60,*,,
Geoduck and Horseclam,76D,2024,24,Total,1,60,*,,
Geoduck and Horseclam,76D,2025,2,12,2,22,*,,
Geoduck and Horseclam,76D,2025,2,14,3,341,1601,,
Geoduck and Horseclam,76D,2025,2,15,2,107,*,,
Geoduck and Horseclam,76D,2025,2,17,3,96,372,,
Geoduck and Horseclam,76D,2025,2,18,2,51,*,,
Geoduck and Horseclam,76D,2025,2,19,1,27,*,,
Geoduck and Horseclam,76D,2025,2,Total,5,644,2780,,
Geoduck and Horseclam,76D,2025,3,1,2,21,*,,
Geoduck and Horseclam,76D,2025,3,Total,2,21,*,,
Geoduck and Horseclam,76D,2025,4,1,3,60,197,,
Geoduck and Horseclam,76D,2025,4,Total,3,60,197,,
Geoduck and Horseclam,84C,1976,14,0,1,0,*,,
Geoduck and Horseclam,84C,1976,14,Total,1,0,*,,
Geoduck and Horseclam,84C,1976,17,0,1,0,*,,
Geoduck and Horseclam,84C,1976,17,Total,1,0,*,,
Geoduck and Horseclam,84C,1976,19,0,1,0,*,,
Geoduck and Horseclam,84C,1976,19,Total,1,0,*,,
Geoduck and Horseclam,84C,1977,13,0,1,0,*,,
Geoduck and Horseclam,84C,1977,13,Total,1,0,*,,
Geoduck and Horseclam,84C,1977,14,0,1,0,*,,
Geoduck and Horseclam,84C,1977,14,Total,1,0,*,,
Geoduck and Horseclam,84C,1977,15,0,1,0,*,,
Geoduck and Horseclam,84C,1977,15,Total,1,0,*,,
Geoduck and Horseclam,84C,1977,17,0,1,0,*,,
Geoduck and Horseclam,84C,1977,17,Total,1,0,*,,
Geoduck and Horseclam,84C,1977,18,0,1,0,*,,
Geoduck and Horseclam,84C,1977,18,Total,1,0,*,,
Geoduck and Horseclam,84C,1977,23,0,1,0,*,,
Geoduck and Horseclam,84C,1977,23,Total,1,0,*,,
Geoduck and Horseclam,84C,1978,13,15,8,32845,190378,,
Geoduck and Horseclam,84C,1978,13,Total,8,32845,190378,,
Geoduck and Horseclam,84C,1978,14,0,1,1755,*,,
Geoduck and Horseclam,84C,1978,14,4,1,1240,*,,
Geoduck and Horseclam,84C,1978,14,8,1,1560,*,,
Geoduck and Horseclam,84C,1978,14,9,1,1495,*,,
Geoduck and Horseclam,84C,1978,14,10,7,65480,209646,,
Geoduck and Horseclam,84C,1978,14,11,4,73154,269385,,
Geoduck and Horseclam,84C,1978,14,13,7,46564,188074,,
Geoduck and Horseclam,84C,1978,14,Total,11,191248,687727,,
Geoduck and Horseclam,84C,1978,15,1,1,1225,*,,
Geoduck and Horseclam,84C,1978,15,2,7,17515,**,,
Geoduck and Horseclam,84C,1978,15,3,7,29647,125286,,
Geoduck and Horseclam,84C,1978,15,Total,7,48387,202862,,
Geoduck and Horseclam,84C,1978,16,1,1,945,*,,
Geoduck and Horseclam,84C,1978,16,21,2,5105,*,,
Geoduck and Horseclam,84C,1978,16,22,1,1040,*,,
Geoduck and Horseclam,84C,1978,16,Total,2,7090,*,,
Geoduck and Horseclam,84C,1978,17,5,4,2985,8275,,
Geoduck and Horseclam,84C,1978,17,6,3,6610,27161,,
Geoduck and Horseclam,84C,1978,17,17,1,3680,*,,
Geoduck and Horseclam,84C,1978,17,19,1,4745,*,,
Geoduck and Horseclam,84C,1978,17,Total,6,18020,70588,,
Geoduck and Horseclam,84C,1978,19,5,5,80542,293644,,
Geoduck and Horseclam,84C,1978,19,Total,5,80542,293644,,
Geoduck and Horseclam,84C,1978,24,0,1,825,*,,
Geoduck and Horseclam,84C,1978,24,6,3,105858,**,,
Geoduck and Horseclam,84C,1978,24,Total,3,106683,400845,,
Geoduck and Horseclam,84C,1979,12,16,4,24633,96444,,
Geoduck and Horseclam,84C,1979,12,Total,4,24633,96444,,
Geoduck and Horseclam,84C,1979,13,0,3,400,2039,,
Geoduck and Horseclam,84C,1979,13,2,1,550,*,,
Geoduck and Horseclam,84C,1979,13,13,1,150,*,,
Geoduck and Horseclam,84C,1979,13,15,14,102421,510752,,
Geoduck and Horseclam,84C,1979,13,16,4,11177,41520,,
Geoduck and Horseclam,84C,1979,13,17,1,85,*,,
Geoduck and Horseclam,84C,1979,13,Total,15,114783,558127,,
Geoduck and Horseclam,84C,1979,14,0,3,3738,21132,,
Geoduck and Horseclam,84C,1979,14,1,1,4855,*,,
Geoduck and Horseclam,84C,1979,14,4,1,2000,*,,
Geoduck and Horseclam,84C,1979,14,5,2,16495,*,,
Geoduck and Horseclam,84C,1979,14,7,3,17999,91871,,
Geoduck and Horseclam,84C,1979,14,8,1,1740,*,,
Geoduck and Horseclam,84C,1979,14,10,11,68805,255022,,
Geoduck and Horseclam,84C,1979,14,11,3,13955,63498,,
Geoduck and Horseclam,84C,1979,14,13,10,37598,129551,,
Geoduck and Horseclam,84C,1979,14,Total,19,167185,686094,,
Geoduck and Horseclam,84C,1979,15,1,2,4154,*,,
Geoduck and Horseclam,84C,1979,15,2,7,13067,**,,
Geoduck and Horseclam,84C,1979,15,3,8,13139,63867,,
Geoduck and Horseclam,84C,1979,15,5,7,13745,54576,,
Geoduck and Horseclam,84C,1979,15,Total,15,44105,193862,,
Geoduck and Horseclam,84C,1979,16,0,1,195,*,,
Geoduck and Horseclam,84C,1979,16,2,1,40,*,,
Geoduck and Horseclam,84C,1979,16,11,3,4413,7522,,
Geoduck and Horseclam,84C,1979,16,19,8,21279,105418,,
Geoduck and Horseclam,84C,1979,16,21,10,47753,259302,,
Geoduck and Horseclam,84C,1979,16,22,1,9165,*,,
Geoduck and Horseclam,84C,1979,16,Total,12,82845,423363,,
Geoduck and Horseclam,84C,1979,17,0,2,1403,*,,
Geoduck and Horseclam,84C,1979,17,2,1,3428,*,,
Geoduck and Horseclam,84C,1979,17,5,1,100,*,,
Geoduck and Horseclam,84C,1979,17,6,2,14742,*,,
Geoduck and Horseclam,84C,1979,17,7,1,1752,*,,
Geoduck and Horseclam,84C,1979,17,10,1,1977,*,,
Geoduck and Horseclam,84C,1979,17,16,3,13226,81529,,
Geoduck and Horseclam,84C,1979,17,17,6,42828,228348,,
Geoduck and Horseclam,84C,1979,17,20,1,485,*,,
Geoduck and Horseclam,84C,1979,17,Total,8,79941,397473,,
Geoduck and Horseclam,84C,1979,18,7,1,0,*,,
Geoduck and Horseclam,84C,1979,18,Total,1,0,*,,
Geoduck and Horseclam,84C,1979,19,5,5,83993,300833,,
Geoduck and Horseclam,84C,1979,19,Total,5,83993,300833,,
Geoduck and Horseclam,84C,1979,23,9,2,705,*,,
Geoduck and Horseclam,84C,1979,23,10,15,103431,**,,
Geoduck and Horseclam,84C,1979,23,Total,15,104136,430629,,
Geoduck and Horseclam,84C,1979,24,0,4,2147,**,,
Geoduck and Horseclam,84C,1979,24,6,11,265612,1419788,,
Geoduck and Horseclam,84C,1979,24,7,2,9075,*,,
Geoduck and Horseclam,84C,1979,24,8,3,7067,27645,,
Geoduck and Horseclam,84C,1979,24,9,6,162282,539626,,
Geoduck and Horseclam,84C,1979,24,Total,12,446183,2028898,,
Geoduck and Horseclam,84C,1979,25,13,4,28756,**,,
Geoduck and Horseclam,84C,1979,25,14,1,8290,*,,
Geoduck and Horseclam,84C,1979,25,Total,5,37046,175783,,
Geoduck and Horseclam,84C,1979,27,3,1,540,*,,
Geoduck and Horseclam,84C,1979,27,Total,1,540,*,,
Geoduck and Horseclam,84C,1980,2,3,3,19781,91134,,
Geoduck and Horseclam,84C,1980,2,Total,3,19781,91134,,
Geoduck and Horseclam,84C,1980,4,3,1,735,*,,
Geoduck and Horseclam,84C,1980,4,Total,1,735,*,,
Geoduck and Horseclam,84C,1980,9,1,2,11750,*,,
Geoduck and Horseclam,84C,1980,9,Total,2,11750,*,,
Geoduck and Horseclam,84C,1980,13,12,1,78,*,,
Geoduck and Horseclam,84C,1980,13,13,1,90,*,,
Geoduck and Horseclam,84C,1980,13,15,13,57970,294367,,
Geoduck and Horseclam,84C,1980,13,16,2,5902,*,,
Geoduck and Horseclam,84C,1980,13,17,1,438,*,,
Geoduck and Horseclam,84C,1980,13,Total,13,64478,316686,,
Geoduck and Horseclam,84C,1980,14,0,5,5180,22753,,
Geoduck and Horseclam,84C,1980,14,1,2,6079,*,,
Geoduck and Horseclam,84C,1980,14,4,3,5875,27568,,
Geoduck and Horseclam,84C,1980,14,5,2,1953,*,,
Geoduck and Horseclam,84C,1980,14,7,2,13140,*,,
Geoduck and Horseclam,84C,1980,14,8,3,2663,6345,,
Geoduck and Horseclam,84C,1980,14,10,9,55957,213396,,
Geoduck and Horseclam,84C,1980,14,11,4,17771,68538,,
Geoduck and Horseclam,84C,1980,14,13,6,4705,11623,,
Geoduck and Horseclam,84C,1980,14,Total,19,113323,445750,,
Geoduck and Horseclam,84C,1980,15,1,4,12318,49747,,
Geoduck and Horseclam,84C,1980,15,2,4,9973,26286,,
Geoduck and Horseclam,84C,1980,15,3,3,2842,11675,,
Geoduck and Horseclam,84C,1980,15,Total,5,25133,87708,,
Geoduck and Horseclam,84C,1980,16,0,1,1200,*,,
Geoduck and Horseclam,84C,1980,16,16,1,5823,*,,
Geoduck and Horseclam,84C,1980,16,19,11,94437,445415,,
Geoduck and Horseclam,84C,1980,16,20,2,5342,*,,
Geoduck and Horseclam,84C,1980,16,21,4,13771,80477,,
Geoduck and Horseclam,84C,1980,16,22,4,12023,66002,,
Geoduck and Horseclam,84C,1980,16,Total,15,132596,643081,,
Geoduck and Horseclam,84C,1980,17,0,3,8898,45658,,
Geoduck and Horseclam,84C,1980,17,2,6,11422,51003,,
Geoduck and Horseclam,84C,1980,17,5,3,7579,34506,,
Geoduck and Horseclam,84C,1980,17,6,5,20229,94114,,
Geoduck and Horseclam,84C,1980,17,10,2,4536,*,,
Geoduck and Horseclam,84C,1980,17,12,2,1020,*,,
Geoduck and Horseclam,84C,1980,17,16,3,6265,27481,,
Geoduck and Horseclam,84C,1980,17,17,5,10695,24797,,
Geoduck and Horseclam,84C,1980,17,18,6,8205,31810,,
Geoduck and Horseclam,84C,1980,17,19,1,2238,*,,
Geoduck and Horseclam,84C,1980,17,20,1,3195,*,,
Geoduck and Horseclam,84C,1980,17,Total,20,84282,351246,,
Geoduck and Horseclam,84C,1980,18,0,2,492,*,,
Geoduck and Horseclam,84C,1980,18,2,2,930,*,,
Geoduck and Horseclam,84C,1980,18,7,2,1700,*,,
Geoduck and Horseclam,84C,1980,18,Total,4,3122,14769,,
Geoduck and Horseclam,84C,1980,19,5,7,51022,217310,,
Geoduck and Horseclam,84C,1980,19,8,4,11550,57816,,
Geoduck and Horseclam,84C,1980,19,Total,9,62572,275126,,
Geoduck and Horseclam,84C,1980,23,8,2,8866,*,,
Geoduck and Horseclam,84C,1980,23,9,5,35322,191479,,
Geoduck and Horseclam,84C,1980,23,10,13,76730,353301,,
Geoduck and Horseclam,84C,1980,23,11,1,3046,*,,
Geoduck and Horseclam,84C,1980,23,Total,13,123964,617977,,
Geoduck and Horseclam,84C,1980,24,0,4,11937,37814,,
Geoduck and Horseclam,84C,1980,24,4,2,0,*,,
Geoduck and Horseclam,84C,1980,24,6,20,326394,1398925,,
Geoduck and Horseclam,84C,1980,24,7,8,36360,159592,,
Geoduck and Horseclam,84C,1980,24,8,4,14983,71080,,
Geoduck and Horseclam,84C,1980,24,14,1,665,*,,
Geoduck and Horseclam,84C,1980,24,Total,22,390339,1708049,,
Geoduck and Horseclam,84C,1980,25,0,1,490,*,,
Geoduck and Horseclam,84C,1980,25,13,17,95157,**,,
Geoduck and Horseclam,84C,1980,25,Total,17,95647,702878,,
Geoduck and Horseclam,84C,1980,26,1,2,504,*,,
Geoduck and Horseclam,84C,1980,26,2,2,1875,*,,
Geoduck and Horseclam,84C,1980,26,6,8,90146,649328,,
Geoduck and Horseclam,84C,1980,26,Total,11,92525,662250,,
Geoduck and Horseclam,84C,1980,29,1,2,18490,*,,
Geoduck and Horseclam,84C,1980,29,Total,2,18490,*,,
Geoduck and Horseclam,84C,1981,2,3,1,4065,*,,
Geoduck and Horseclam,84C,1981,2,Total,1,4065,*,,
Geoduck and Horseclam,84C,1981,5,12,1,7017,*,,
Geoduck and Horseclam,84C,1981,5,21,3,8010,**,,
Geoduck and Horseclam,84C,1981,5,Total,3,15027,113147,,
Geoduck and Horseclam,84C,1981,6,9,3,28478,223826,,
Geoduck and Horseclam,84C,1981,6,Total,3,28478,223826,,
Geoduck and Horseclam,84C,1981,7,1,1,300,*,,
Geoduck and Horseclam,84C,1981,7,27,13,64263,591383,,
Geoduck and Horseclam,84C,1981,7,28,1,535,*,,
Geoduck and Horseclam,84C,1981,7,32,2,3222,*,,
Geoduck and Horseclam,84C,1981,7,Total,14,68320,635658,,
Geoduck and Horseclam,84C,1981,9,1,1,2585,*,,
Geoduck and Horseclam,84C,1981,9,Total,1,2585,*,,
Geoduck and Horseclam,84C,1981,13,15,3,14474,**,,
Geoduck and Horseclam,84C,1981,13,16,2,900,*,,
Geoduck and Horseclam,84C,1981,13,Total,3,15374,80251,,
Geoduck and Horseclam,84C,1981,14,1,3,4438,15902,,
Geoduck and Horseclam,84C,1981,14,4,2,3660,*,,
Geoduck and Horseclam,84C,1981,14,5,1,915,*,,
Geoduck and Horseclam,84C,1981,14,7,3,6395,29310,,
Geoduck and Horseclam,84C,1981,14,8,1,790,*,,
Geoduck and Horseclam,84C,1981,14,9,1,5667,*,,
Geoduck and Horseclam,84C,1981,14,10,4,12422,40237,,
Geoduck and Horseclam,84C,1981,14,11,2,27954,*,,
Geoduck and Horseclam,84C,1981,14,13,2,8250,*,,
Geoduck and Horseclam,84C,1981,14,Total,9,70491,245914,,
Geoduck and Horseclam,84C,1981,15,1,1,650,*,,
Geoduck and Horseclam,84C,1981,15,2,1,220,*,,
Geoduck and Horseclam,84C,1981,15,3,5,6029,24229,,
Geoduck and Horseclam,84C,1981,15,5,2,5271,*,,
Geoduck and Horseclam,84C,1981,15,Total,7,12170,52579,,
Geoduck and Horseclam,84C,1981,16,17,2,2809,*,,
Geoduck and Horseclam,84C,1981,16,18,1,5119,*,,
Geoduck and Horseclam,84C,1981,16,19,3,27549,136403,,
Geoduck and Horseclam,84C,1981,16,20,2,8610,*,,
Geoduck and Horseclam,84C,1981,16,21,3,5374,23109,,
Geoduck and Horseclam,84C,1981,16,22,1,555,*,,
Geoduck and Horseclam,84C,1981,16,Total,7,50016,245810,,
Geoduck and Horseclam,84C,1981,17,2,4,2415,10984,,
Geoduck and Horseclam,84C,1981,17,5,2,5478,*,,
Geoduck and Horseclam,84C,1981,17,6,6,9902,39750,,
Geoduck and Horseclam,84C,1981,17,8,1,5577,*,,
Geoduck and Horseclam,84C,1981,17,10,1,1815,*,,
Geoduck and Horseclam,84C,1981,17,12,2,1855,*,,
Geoduck and Horseclam,84C,1981,17,13,1,545,*,,
Geoduck and Horseclam,84C,1981,17,16,2,4855,*,,
Geoduck and Horseclam,84C,1981,17,17,1,180,*,,
Geoduck and Horseclam,84C,1981,17,18,2,5221,*,,
Geoduck and Horseclam,84C,1981,17,19,2,7595,*,,
Geoduck and Horseclam,84C,1981,17,20,2,8257,*,,
Geoduck and Horseclam,84C,1981,17,Total,10,53695,272974,,
Geoduck and Horseclam,84C,1981,18,6,1,440,*,,
Geoduck and Horseclam,84C,1981,18,7,1,5711,*,,
Geoduck and Horseclam,84C,1981,18,Total,2,6151,*,,
Geoduck and Horseclam,84C,1981,19,5,5,29533,**,,
Geoduck and Horseclam,84C,1981,19,8,1,700,*,,
Geoduck and Horseclam,84C,1981,19,Total,6,30233,107120,,
Geoduck and Horseclam,84C,1981,23,0,1,143,*,,
Geoduck and Horseclam,84C,1981,23,6,3,9220,**,,
Geoduck and Horseclam,84C,1981,23,8,3,8769,62744,,
Geoduck and Horseclam,84C,1981,23,9,9,43969,246527,,
Geoduck and Horseclam,84C,1981,23,10,7,18994,104497,,
Geoduck and Horseclam,84C,1981,23,Total,15,81095,473762,,
Geoduck and Horseclam,84C,1981,24,0,2,2677,*,,
Geoduck and Horseclam,84C,1981,24,6,24,221510,1376075,,
Geoduck and Horseclam,84C,1981,24,7,13,65265,268756,,
Geoduck and Horseclam,84C,1981,24,8,1,1255,*,,
Geoduck and Horseclam,84C,1981,24,9,4,9584,38325,,
Geoduck and Horseclam,84C,1981,24,13,1,575,*,,
Geoduck and Horseclam,84C,1981,24,Total,25,300866,1700058,,
Geoduck and Horseclam,84C,1981,25,6,1,95,*,,
Geoduck and Horseclam,84C,1981,25,13,19,150935,**,,
Geoduck and Horseclam,84C,1981,25,Total,19,151030,894477,,
Geoduck and Horseclam,84C,1981,26,1,2,16816,*,,
Geoduck and Horseclam,84C,1981,26,6,6,37970,**,,
Geoduck and Horseclam,84C,1981,26,Total,7,54786,424128,,
Geoduck and Horseclam,84C,1981,27,2,1,580,*,,
Geoduck and Horseclam,84C,1981,27,Total,1,580,*,,
Geoduck and Horseclam,84C,1981,29,5,1,800,*,,
Geoduck and Horseclam,84C,1981,29,Total,1,800,*,,
Geoduck and Horseclam,84C,1982,7,27,10,93827,636799,,
Geoduck and Horseclam,84C,1982,7,Total,10,93827,636799,,
Geoduck and Horseclam,84C,1982,8,2,5,17268,111953,,
Geoduck and Horseclam,84C,1982,8,Total,5,17268,111953,,
Geoduck and Horseclam,84C,1982,13,15,3,1100,3588,,
Geoduck and Horseclam,84C,1982,13,Total,3,1100,3588,,
Geoduck and Horseclam,84C,1982,14,3,2,2795,*,,
Geoduck and Horseclam,84C,1982,14,4,1,2675,*,,
Geoduck and Horseclam,84C,1982,14,5,2,1720,*,,
Geoduck and Horseclam,84C,1982,14,7,1,1560,*,,
Geoduck and Horseclam,84C,1982,14,10,6,22250,85949,,
Geoduck and Horseclam,84C,1982,14,11,5,14700,58928,,
Geoduck and Horseclam,84C,1982,14,13,1,1640,*,,
Geoduck and Horseclam,84C,1982,14,Total,10,47340,201575,,
Geoduck and Horseclam,84C,1982,15,1,2,2012,*,,
Geoduck and Horseclam,84C,1982,15,2,2,2560,*,,
Geoduck and Horseclam,84C,1982,15,3,4,7732,34234,,
Geoduck and Horseclam,84C,1982,15,5,1,1085,*,,
Geoduck and Horseclam,84C,1982,15,Total,5,13389,60220,,
Geoduck and Horseclam,84C,1982,16,17,1,298,*,,
Geoduck and Horseclam,84C,1982,16,18,3,21049,123048,,
Geoduck and Horseclam,84C,1982,16,19,7,31787,138523,,
Geoduck and Horseclam,84C,1982,16,20,3,16020,87524,,
Geoduck and Horseclam,84C,1982,16,21,3,9540,**,,
Geoduck and Horseclam,84C,1982,16,Total,11,78694,386556,,
Geoduck and Horseclam,84C,1982,17,8,1,2700,*,,
Geoduck and Horseclam,84C,1982,17,Total,1,2700,*,,
Geoduck and Horseclam,84C,1982,18,7,1,205,*,,
Geoduck and Horseclam,84C,1982,18,Total,1,205,*,,
Geoduck and Horseclam,84C,1982,19,5,1,150,*,,
Geoduck and Horseclam,84C,1982,19,Total,1,150,*,,
Geoduck and Horseclam,84C,1982,23,6,4,20262,98644,,
Geoduck and Horseclam,84C,1982,23,8,2,20682,*,,
Geoduck and Horseclam,84C,1982,23,9,5,15944,**,,
Geoduck and Horseclam,84C,1982,23,10,5,24949,136401,,
Geoduck and Horseclam,84C,1982,23,Total,10,81837,436969,,
Geoduck and Horseclam,84C,1982,24,0,5,24346,127822,,
Geoduck and Horseclam,84C,1982,24,2,1,220,*,,
Geoduck and Horseclam,84C,1982,24,4,1,620,*,,
Geoduck and Horseclam,84C,1982,24,6,24,415958,2189079,,
Geoduck and Horseclam,84C,1982,24,7,5,17888,59557,,
Geoduck and Horseclam,84C,1982,24,8,8,37877,167481,,
Geoduck and Horseclam,84C,1982,24,9,2,405,*,,
Geoduck and Horseclam,84C,1982,24,Total,25,497314,2550003,,
Geoduck and Horseclam,84C,1982,25,13,7,101430,715627,,
Geoduck and Horseclam,84C,1982,25,Total,7,101430,715627,,
Geoduck and Horseclam,84C,1982,26,1,5,20445,151556,,
Geoduck and Horseclam,84C,1982,26,2,2,17835,*,,
Geoduck and Horseclam,84C,1982,26,6,8,195334,1240277,,
Geoduck and Horseclam,84C,1982,26,7,1,8612,*,,
Geoduck and Horseclam,84C,1982,26,8,1,280,*,,
Geoduck and Horseclam,84C,1982,26,10,2,6005,*,,
Geoduck and Horseclam,84C,1982,26,Total,10,248511,1539623,,
Geoduck and Horseclam,84C,1983,6,13,1,420,*,,
Geoduck and Horseclam,84C,1983,6,Total,1,420,*,,
Geoduck and Horseclam,84C,1983,7,0,1,150,*,,
Geoduck and Horseclam,84C,1983,7,18,1,600,*,,
Geoduck and Horseclam,84C,1983,7,27,9,86474,608488,,
Geoduck and Horseclam,84C,1983,7,Total,9,87224,614090,,
Geoduck and Horseclam,84C,1983,8,1,1,968,*,,
Geoduck and Horseclam,84C,1983,8,2,7,15912,**,,
Geoduck and Horseclam,84C,1983,8,Total,7,16880,109949,,
Geoduck and Horseclam,84C,1983,12,16,1,4900,*,,
Geoduck and Horseclam,84C,1983,12,Total,1,4900,*,,
Geoduck and Horseclam,84C,1983,13,12,1,0,*,,
Geoduck and Horseclam,84C,1983,13,15,3,5355,**,,
Geoduck and Horseclam,84C,1983,13,Total,3,5355,31720,,
Geoduck and Horseclam,84C,1983,14,0,2,4301,*,,
Geoduck and Horseclam,84C,1983,14,1,2,8700,*,,
Geoduck and Horseclam,84C,1983,14,4,2,7645,*,,
Geoduck and Horseclam,84C,1983,14,5,6,87454,303615,,
Geoduck and Horseclam,84C,1983,14,7,2,2445,*,,
Geoduck and Horseclam,84C,1983,14,8,2,1078,*,,
Geoduck and Horseclam,84C,1983,14,10,3,4462,26780,,
Geoduck and Horseclam,84C,1983,14,11,1,8695,*,,
Geoduck and Horseclam,84C,1983,14,Total,12,124780,517583,,
Geoduck and Horseclam,84C,1983,15,2,2,1040,*,,
Geoduck and Horseclam,84C,1983,15,3,3,2850,10803,,
Geoduck and Horseclam,84C,1983,15,5,1,1055,*,,
Geoduck and Horseclam,84C,1983,15,Total,3,4945,18886,,
Geoduck and Horseclam,84C,1983,16,0,1,0,*,,
Geoduck and Horseclam,84C,1983,16,18,1,6426,*,,
Geoduck and Horseclam,84C,1983,16,19,1,17375,*,,
Geoduck and Horseclam,84C,1983,16,20,1,6785,*,,
Geoduck and Horseclam,84C,1983,16,21,2,14355,*,,
Geoduck and Horseclam,84C,1983,16,Total,5,44941,215926,,
Geoduck and Horseclam,84C,1983,17,13,2,919,*,,
Geoduck and Horseclam,84C,1983,17,19,1,640,*,,
Geoduck and Horseclam,84C,1983,17,Total,3,1559,6745,,
Geoduck and Horseclam,84C,1983,19,5,2,4015,*,,
Geoduck and Horseclam,84C,1983,19,Total,2,4015,*,,
Geoduck and Horseclam,84C,1983,23,4,1,1220,*,,
Geoduck and Horseclam,84C,1983,23,5,1,620,*,,
Geoduck and Horseclam,84C,1983,23,6,2,7630,*,,
Geoduck and Horseclam,84C,1983,23,8,1,2680,*,,
Geoduck and Horseclam,84C,1983,23,9,2,6947,*,,
Geoduck and Horseclam,84C,1983,23,10,3,19674,59638,,
Geoduck and Horseclam,84C,1983,23,Total,5,38771,134546,,
Geoduck and Horseclam,84C,1983,24,0,3,2532,**,,
Geoduck and Horseclam,84C,1983,24,6,18,219600,1327651,,
Geoduck and Horseclam,84C,1983,24,7,5,21452,64370,,
Geoduck and Horseclam,84C,1983,24,8,7,14629,49095,,
Geoduck and Horseclam,84C,1983,24,9,1,1215,*,,
Geoduck and Horseclam,84C,1983,24,Total,20,259428,1454995,,
Geoduck and Horseclam,84C,1983,25,13,6,79254,**,,
Geoduck and Horseclam,84C,1983,25,15,1,1880,*,,
Geoduck and Horseclam,84C,1983,25,Total,7,81134,451006,,
Geoduck and Horseclam,84C,1983,26,0,2,3550,*,,
Geoduck and Horseclam,84C,1983,26,1,3,8830,44524,,
Geoduck and Horseclam,84C,1983,26,2,1,4647,*,,
Geoduck and Horseclam,84C,1983,26,6,6,94073,440989,,
Geoduck and Horseclam,84C,1983,26,7,1,2007,*,,
Geoduck and Horseclam,84C,1983,26,10,3,23990,162680,,
Geoduck and Horseclam,84C,1983,26,Total,8,137097,702718,,
Geoduck and Horseclam,84C,1983,27,3,1,2489,*,,
Geoduck and Horseclam,84C,1983,27,Total,1,2489,*,,
Geoduck and Horseclam,84C,1984,2,12,1,790,*,,
Geoduck and Horseclam,84C,1984,2,Total,1,790,*,,
Geoduck and Horseclam,84C,1984,5,20,4,40354,317097,,
Geoduck and Horseclam,84C,1984,5,21,3,16640,132419,,
Geoduck and Horseclam,84C,1984,5,Total,5,56994,449516,,
Geoduck and Horseclam,84C,1984,7,0,1,993,*,,
Geoduck and Horseclam,84C,1984,7,18,2,30720,*,,
Geoduck and Horseclam,84C,1984,7,27,7,79354,575953,,
Geoduck and Horseclam,84C,1984,7,32,2,7913,*,,
Geoduck and Horseclam,84C,1984,7,Total,12,118980,908411,,
Geoduck and Horseclam,84C,1984,8,2,1,3105,*,,
Geoduck and Horseclam,84C,1984,8,Total,1,3105,*,,
Geoduck and Horseclam,84C,1984,9,1,1,1540,*,,
Geoduck and Horseclam,84C,1984,9,Total,1,1540,*,,
Geoduck and Horseclam,84C,1984,12,0,3,6840,53845,,
Geoduck and Horseclam,84C,1984,12,11,3,31767,159314,,
Geoduck and Horseclam,84C,1984,12,12,1,270,*,,
Geoduck and Horseclam,84C,1984,12,15,1,1552,*,,
Geoduck and Horseclam,84C,1984,12,16,7,46056,297731,,
Geoduck and Horseclam,84C,1984,12,41,1,3310,*,,
Geoduck and Horseclam,84C,1984,12,Total,10,89795,531915,,
Geoduck and Horseclam,84C,1984,13,0,2,1207,*,,
Geoduck and Horseclam,84C,1984,13,13,2,2356,*,,
Geoduck and Horseclam,84C,1984,13,14,1,1200,*,,
Geoduck and Horseclam,84C,1984,13,15,8,32053,241808,,
Geoduck and Horseclam,84C,1984,13,Total,10,36816,265348,,
Geoduck and Horseclam,84C,1984,14,0,1,0,*,,
Geoduck and Horseclam,84C,1984,14,1,1,1300,*,,
Geoduck and Horseclam,84C,1984,14,3,1,3490,*,,
Geoduck and Horseclam,84C,1984,14,5,3,12229,50345,,
Geoduck and Horseclam,84C,1984,14,7,3,8300,50006,,
Geoduck and Horseclam,84C,1984,14,9,3,12799,67198,,
Geoduck and Horseclam,84C,1984,14,10,4,45117,229062,,
Geoduck and Horseclam,84C,1984,14,11,3,12343,176634,,
Geoduck and Horseclam,84C,1984,14,13,1,8143,*,,
Geoduck and Horseclam,84C,1984,14,Total,10,103721,661362,,
Geoduck and Horseclam,84C,1984,15,0,1,600,*,,
Geoduck and Horseclam,84C,1984,15,1,1,762,*,,
Geoduck and Horseclam,84C,1984,15,2,2,2400,*,,
Geoduck and Horseclam,84C,1984,15,4,1,770,*,,
Geoduck and Horseclam,84C,1984,15,Total,5,4532,58927,,
Geoduck and Horseclam,84C,1984,16,0,2,615,*,,
Geoduck and Horseclam,84C,1984,16,1,1,975,*,,
Geoduck and Horseclam,84C,1984,16,2,2,5234,*,,
Geoduck and Horseclam,84C,1984,16,18,1,2665,*,,
Geoduck and Horseclam,84C,1984,16,19,3,25098,97009,,
Geoduck and Horseclam,84C,1984,16,20,2,23572,*,,
Geoduck and Horseclam,84C,1984,16,21,1,16945,*,,
Geoduck and Horseclam,84C,1984,16,22,2,720,*,,
Geoduck and Horseclam,84C,1984,16,Total,11,75824,346261,,
Geoduck and Horseclam,84C,1984,17,2,2,4024,*,,
Geoduck and Horseclam,84C,1984,17,6,1,14492,*,,
Geoduck and Horseclam,84C,1984,17,10,2,28996,*,,
Geoduck and Horseclam,84C,1984,17,12,1,3105,*,,
Geoduck and Horseclam,84C,1984,17,13,2,3563,*,,
Geoduck and Horseclam,84C,1984,17,18,1,190,*,,
Geoduck and Horseclam,84C,1984,17,Total,4,54370,286120,,
Geoduck and Horseclam,84C,1984,18,0,1,2635,*,,
Geoduck and Horseclam,84C,1984,18,Total,1,2635,*,,
Geoduck and Horseclam,84C,1984,19,0,2,2795,*,,
Geoduck and Horseclam,84C,1984,19,5,7,27330,**,,
Geoduck and Horseclam,84C,1984,19,Total,9,30125,172743,,
Geoduck and Horseclam,84C,1984,23,0,3,32488,116687,,
Geoduck and Horseclam,84C,1984,23,4,2,3265,*,,
Geoduck and Horseclam,84C,1984,23,5,3,9694,75793,,
Geoduck and Horseclam,84C,1984,23,6,2,9810,*,,
Geoduck and Horseclam,84C,1984,23,Total,8,55257,293075,,
Geoduck and Horseclam,84C,1984,24,3,1,240,*,,
Geoduck and Horseclam,84C,1984,24,6,11,152669,854636,,
Geoduck and Horseclam,84C,1984,24,7,9,44412,217966,,
Geoduck and Horseclam,84C,1984,24,8,3,10913,64210,,
Geoduck and Horseclam,84C,1984,24,9,2,1725,*,,
Geoduck and Horseclam,84C,1984,24,14,1,365,*,,
Geoduck and Horseclam,84C,1984,24,Total,11,210324,1145727,,
Geoduck and Horseclam,84C,1984,25,0,1,600,*,,
Geoduck and Horseclam,84C,1984,25,13,10,74858,489088,,
Geoduck and Horseclam,84C,1984,25,14,5,75690,**,,
Geoduck and Horseclam,84C,1984,25,Total,12,151148,925622,,
Geoduck and Horseclam,84C,1984,26,0,3,3601,21870,,
Geoduck and Horseclam,84C,1984,26,1,3,13955,92550,,
Geoduck and Horseclam,84C,1984,26,2,1,7025,*,,
Geoduck and Horseclam,84C,1984,26,6,11,93961,621182,,
Geoduck and Horseclam,84C,1984,26,7,7,18838,115261,,
Geoduck and Horseclam,84C,1984,26,10,2,20975,*,,
Geoduck and Horseclam,84C,1984,26,Total,14,158355,995294,,
Geoduck and Horseclam,84C,1984,27,0,3,54543,325383,,
Geoduck and Horseclam,84C,1984,27,Total,3,54543,325383,,
Geoduck and Horseclam,84C,1984,29,5,1,195,*,,
Geoduck and Horseclam,84C,1984,29,Total,1,195,*,,
Geoduck and Horseclam,84C,1985,2,3,1,5240,*,,
Geoduck and Horseclam,84C,1985,2,11,1,540,*,,
Geoduck and Horseclam,84C,1985,2,12,6,49408,461719,,
Geoduck and Horseclam,84C,1985,2,13,2,1920,*,,
Geoduck and Horseclam,84C,1985,2,14,1,1640,*,,
Geoduck and Horseclam,84C,1985,2,15,3,2235,56162,,
Geoduck and Horseclam,84C,1985,2,16,1,540,*,,
Geoduck and Horseclam,84C,1985,2,18,3,4744,28980,,
Geoduck and Horseclam,84C,1985,2,19,2,15285,*,,
Geoduck and Horseclam,84C,1985,2,31,7,36255,386569,,
Geoduck and Horseclam,84C,1985,2,36,1,1340,*,,
Geoduck and Horseclam,84C,1985,2,40,1,1530,*,,
Geoduck and Horseclam,84C,1985,2,71,1,4040,*,,
Geoduck and Horseclam,84C,1985,2,75,1,3370,*,,
Geoduck and Horseclam,84C,1985,2,Total,9,128087,1182898,,
Geoduck and Horseclam,84C,1985,5,20,11,57694,**,,
Geoduck and Horseclam,84C,1985,5,21,1,2007,*,,
Geoduck and Horseclam,84C,1985,5,Total,12,59701,473071,,
Geoduck and Horseclam,84C,1985,6,16,3,17575,168118,,
Geoduck and Horseclam,84C,1985,6,Total,3,17575,168118,,
Geoduck and Horseclam,84C,1985,7,21,1,3500,*,,
Geoduck and Horseclam,84C,1985,7,25,1,880,*,,
Geoduck and Horseclam,84C,1985,7,27,5,46627,300413,,
Geoduck and Horseclam,84C,1985,7,32,6,40605,380140,,
Geoduck and Horseclam,84C,1985,7,Total,10,91612,714882,,
Geoduck and Horseclam,84C,1985,8,2,2,4350,*,,
Geoduck and Horseclam,84C,1985,8,Total,2,4350,*,,
Geoduck and Horseclam,84C,1985,12,0,4,35576,238312,,
Geoduck and Horseclam,84C,1985,12,6,9,19266,143913,,
Geoduck and Horseclam,84C,1985,12,8,18,67887,440136,,
Geoduck and Horseclam,84C,1985,12,13,1,3700,*,,
Geoduck and Horseclam,84C,1985,12,16,2,1460,*,,
Geoduck and Horseclam,84C,1985,12,17,7,17571,91132,,
Geoduck and Horseclam,84C,1985,12,Total,23,145460,950703,,
Geoduck and Horseclam,84C,1985,13,0,1,0,*,,
Geoduck and Horseclam,84C,1985,13,13,1,2950,*,,
Geoduck and Horseclam,84C,1985,13,14,1,700,*,,
Geoduck and Horseclam,84C,1985,13,15,9,23150,110555,,
Geoduck and Horseclam,84C,1985,13,Total,11,26800,139186,,
Geoduck and Horseclam,84C,1985,14,5,4,35035,167100,,
Geoduck and Horseclam,84C,1985,14,7,2,7610,*,,
Geoduck and Horseclam,84C,1985,14,8,2,1840,*,,
Geoduck and Horseclam,84C,1985,14,9,2,360,*,,
Geoduck and Horseclam,84C,1985,14,10,3,5040,103594,,
Geoduck and Horseclam,84C,1985,14,11,4,3717,26783,,
Geoduck and Horseclam,84C,1985,14,15,3,2358,9998,,
Geoduck and Horseclam,84C,1985,14,Total,8,55960,348242,,
Geoduck and Horseclam,84C,1985,15,0,2,1705,*,,
Geoduck and Horseclam,84C,1985,15,2,1,1200,*,,
Geoduck and Horseclam,84C,1985,15,3,4,5225,24023,,
Geoduck and Horseclam,84C,1985,15,4,1,3100,*,,
Geoduck and Horseclam,84C,1985,15,Total,5,11230,62626,,
Geoduck and Horseclam,84C,1985,16,0,1,2860,*,,
Geoduck and Horseclam,84C,1985,16,19,3,2495,10880,,
Geoduck and Horseclam,84C,1985,16,20,4,2949,13253,,
Geoduck and Horseclam,84C,1985,16,21,2,4390,*,,
Geoduck and Horseclam,84C,1985,16,Total,7,12694,70885,,
Geoduck and Horseclam,84C,1985,17,2,1,1200,*,,
Geoduck and Horseclam,84C,1985,17,5,3,13482,61083,,
Geoduck and Horseclam,84C,1985,17,6,3,3986,15470,,
Geoduck and Horseclam,84C,1985,17,10,2,16045,*,,
Geoduck and Horseclam,84C,1985,17,12,1,1800,*,,
Geoduck and Horseclam,84C,1985,17,13,2,70,*,,
Geoduck and Horseclam,84C,1985,17,16,3,11905,43395,,
Geoduck and Horseclam,84C,1985,17,17,3,5993,26399,,
Geoduck and Horseclam,84C,1985,17,18,1,310,*,,
Geoduck and Horseclam,84C,1985,17,19,1,1130,*,,
Geoduck and Horseclam,84C,1985,17,20,1,504,*,,
Geoduck and Horseclam,84C,1985,17,Total,8,56425,242087,,
Geoduck and Horseclam,84C,1985,19,5,7,18671,112066,,
Geoduck and Horseclam,84C,1985,19,Total,7,18671,112066,,
Geoduck and Horseclam,84C,1985,23,5,4,28245,199459,,
Geoduck and Horseclam,84C,1985,23,6,1,5080,*,,
Geoduck and Horseclam,84C,1985,23,7,1,2865,*,,
Geoduck and Horseclam,84C,1985,23,8,1,320,*,,
Geoduck and Horseclam,84C,1985,23,9,1,575,*,,
Geoduck and Horseclam,84C,1985,23,10,1,4820,*,,
Geoduck and Horseclam,84C,1985,23,Total,5,41905,289727,,
Geoduck and Horseclam,84C,1985,24,0,2,6165,*,,
Geoduck and Horseclam,84C,1985,24,2,7,46221,225095,,
Geoduck and Horseclam,84C,1985,24,6,12,100633,533132,,
Geoduck and Horseclam,84C,1985,24,7,5,20245,**,,
Geoduck and Horseclam,84C,1985,24,8,12,60366,379930,,
Geoduck and Horseclam,84C,1985,24,Total,15,233630,1373255,,
Geoduck and Horseclam,84C,1985,25,0,1,695,*,,
Geoduck and Horseclam,84C,1985,25,6,2,5923,*,,
Geoduck and Horseclam,84C,1985,25,13,16,68710,507755,,
Geoduck and Horseclam,84C,1985,25,14,18,79140,624210,,
Geoduck and Horseclam,84C,1985,25,15,4,2135,17100,,
Geoduck and Horseclam,84C,1985,25,Total,25,156603,1191397,,
Geoduck and Horseclam,84C,1985,26,1,4,26650,145992,,
Geoduck and Horseclam,84C,1985,26,6,9,70555,380838,,
Geoduck and Horseclam,84C,1985,26,Total,11,97205,526830,,
Geoduck and Horseclam,84C,1985,27,2,8,20150,152489,,
Geoduck and Horseclam,84C,1985,27,3,13,64714,517733,,
Geoduck and Horseclam,84C,1985,27,5,14,90991,747838,,
Geoduck and Horseclam,84C,1985,27,6,9,41221,257648,,
Geoduck and Horseclam,84C,1985,27,7,5,20134,**,,
Geoduck and Horseclam,84C,1985,27,9,1,61,*,,
Geoduck and Horseclam,84C,1985,27,Total,22,237271,1787997,,
Geoduck and Horseclam,84C,1985,29,5,1,4392,*,,
Geoduck and Horseclam,84C,1985,29,Total,1,4392,*,,
Geoduck and Horseclam,84C,1985,124,3,3,6753,34936,,
Geoduck and Horseclam,84C,1985,124,Total,3,6753,34936,,
Geoduck and Horseclam,84C,1986,1,0,1,1560,*,,
Geoduck and Horseclam,84C,1986,1,Total,1,1560,*,,
Geoduck and Horseclam,84C,1986,2,0,2,10287,*,,
Geoduck and Horseclam,84C,1986,2,3,2,14720,*,,
Geoduck and Horseclam,84C,1986,2,7,1,2100,*,,
Geoduck and Horseclam,84C,1986,2,11,2,4980,*,,
Geoduck and Horseclam,84C,1986,2,12,3,7370,47329,,
Geoduck and Horseclam,84C,1986,2,17,1,1055,*,,
Geoduck and Horseclam,84C,1986,2,18,5,29628,302776,,
Geoduck and Horseclam,84C,1986,2,31,6,48749,427874,,
Geoduck and Horseclam,84C,1986,2,32,1,250,*,,
Geoduck and Horseclam,84C,1986,2,82,1,1070,*,,
Geoduck and Horseclam,84C,1986,2,87,7,21357,151398,,
Geoduck and Horseclam,84C,1986,2,90,1,8640,*,,
Geoduck and Horseclam,84C,1986,2,Total,11,150206,1224189,,
Geoduck and Horseclam,84C,1986,3,1,3,22325,176300,,
Geoduck and Horseclam,84C,1986,3,Total,3,22325,176300,,
Geoduck and Horseclam,84C,1986,4,0,2,1380,*,,
Geoduck and Horseclam,84C,1986,4,2,3,15985,112402,,
Geoduck and Horseclam,84C,1986,4,4,2,6850,*,,
Geoduck and Horseclam,84C,1986,4,13,4,14383,113144,,
Geoduck and Horseclam,84C,1986,4,Total,5,38598,298921,,
Geoduck and Horseclam,84C,1986,5,0,1,4325,*,,
Geoduck and Horseclam,84C,1986,5,20,4,30173,185157,,
Geoduck and Horseclam,84C,1986,5,22,2,11240,*,,
Geoduck and Horseclam,84C,1986,5,Total,6,45738,313163,,
Geoduck and Horseclam,84C,1986,6,9,2,7780,*,,
Geoduck and Horseclam,84C,1986,6,13,1,1610,*,,
Geoduck and Horseclam,84C,1986,6,16,3,35981,265583,,
Geoduck and Horseclam,84C,1986,6,Total,6,45371,329241,,
Geoduck and Horseclam,84C,1986,7,0,2,9620,*,,
Geoduck and Horseclam,84C,1986,7,9,1,1750,*,,
Geoduck and Horseclam,84C,1986,7,27,4,19696,132337,,
Geoduck and Horseclam,84C,1986,7,32,5,25955,212559,,
Geoduck and Horseclam,84C,1986,7,Total,9,57021,419048,,
Geoduck and Horseclam,84C,1986,8,2,2,6645,*,,
Geoduck and Horseclam,84C,1986,8,4,1,2640,*,,
Geoduck and Horseclam,84C,1986,8,Total,2,9285,*,,
Geoduck and Horseclam,84C,1986,9,0,1,13355,*,,
Geoduck and Horseclam,84C,1986,9,2,1,675,*,,
Geoduck and Horseclam,84C,1986,9,Total,2,14030,*,,
Geoduck and Horseclam,84C,1986,10,4,4,10029,87244,,
Geoduck and Horseclam,84C,1986,10,Total,4,10029,87244,,
Geoduck and Horseclam,84C,1986,11,0,1,1210,*,,
Geoduck and Horseclam,84C,1986,11,Total,1,1210,*,,
Geoduck and Horseclam,84C,1986,12,0,5,27639,181559,,
Geoduck and Horseclam,84C,1986,12,11,2,3612,*,,
Geoduck and Horseclam,84C,1986,12,15,1,400,*,,
Geoduck and Horseclam,84C,1986,12,16,9,20704,320801,,
Geoduck and Horseclam,84C,1986,12,Total,16,52355,531727,,
Geoduck and Horseclam,84C,1986,13,0,1,987,*,,
Geoduck and Horseclam,84C,1986,13,1,1,5416,*,,
Geoduck and Horseclam,84C,1986,13,13,3,7190,35975,,
Geoduck and Horseclam,84C,1986,13,15,7,30005,153879,,
Geoduck and Horseclam,84C,1986,13,16,1,0,*,,
Geoduck and Horseclam,84C,1986,13,17,1,0,*,,
Geoduck and Horseclam,84C,1986,13,Total,9,43598,225972,,
Geoduck and Horseclam,84C,1986,14,0,2,1940,*,,
Geoduck and Horseclam,84C,1986,14,5,3,45741,197859,,
Geoduck and Horseclam,84C,1986,14,7,3,18496,90924,,
Geoduck and Horseclam,84C,1986,14,8,3,4873,16533,,
Geoduck and Horseclam,84C,1986,14,10,4,20855,123437,,
Geoduck and Horseclam,84C,1986,14,11,5,3340,23677,,
Geoduck and Horseclam,84C,1986,14,15,3,2732,**,,
Geoduck and Horseclam,84C,1986,14,Total,10,97977,468494,,
Geoduck and Horseclam,84C,1986,15,0,3,4266,22599,,
Geoduck and Horseclam,84C,1986,15,1,4,5345,35946,,
Geoduck and Horseclam,84C,1986,15,2,5,17240,94561,,
Geoduck and Horseclam,84C,1986,15,3,7,28545,150541,,
Geoduck and Horseclam,84C,1986,15,Total,16,55396,303647,,
Geoduck and Horseclam,84C,1986,16,1,2,4062,*,,
Geoduck and Horseclam,84C,1986,16,2,1,4260,*,,
Geoduck and Horseclam,84C,1986,16,11,1,425,*,,
Geoduck and Horseclam,84C,1986,16,18,2,3960,*,,
Geoduck and Horseclam,84C,1986,16,19,3,8125,41469,,
Geoduck and Horseclam,84C,1986,16,21,5,8435,60506,,
Geoduck and Horseclam,84C,1986,16,22,3,6730,30904,,
Geoduck and Horseclam,84C,1986,16,Total,13,35997,194537,,
Geoduck and Horseclam,84C,1986,17,0,2,2485,*,,
Geoduck and Horseclam,84C,1986,17,2,3,5914,20068,,
Geoduck and Horseclam,84C,1986,17,5,5,16972,75034,,
Geoduck and Horseclam,84C,1986,17,6,4,17496,79200,,
Geoduck and Horseclam,84C,1986,17,10,2,13425,*,,
Geoduck and Horseclam,84C,1986,17,12,1,1370,*,,
Geoduck and Horseclam,84C,1986,17,13,1,420,*,,
Geoduck and Horseclam,84C,1986,17,16,2,5548,*,,
Geoduck and Horseclam,84C,1986,17,17,2,2405,*,,
Geoduck and Horseclam,84C,1986,17,18,2,1610,*,,
Geoduck and Horseclam,84C,1986,17,19,1,470,*,,
Geoduck and Horseclam,84C,1986,17,Total,9,68115,312730,,
Geoduck and Horseclam,84C,1986,18,0,2,435,*,,
Geoduck and Horseclam,84C,1986,18,5,1,180,*,,
Geoduck and Horseclam,84C,1986,18,7,2,1954,*,,
Geoduck and Horseclam,84C,1986,18,Total,4,2569,18433,,
Geoduck and Horseclam,84C,1986,19,0,2,1995,*,,
Geoduck and Horseclam,84C,1986,19,5,13,52786,**,,
Geoduck and Horseclam,84C,1986,19,Total,15,54781,226911,,
Geoduck and Horseclam,84C,1986,20,0,2,10655,*,,
Geoduck and Horseclam,84C,1986,20,5,4,30986,**,,
Geoduck and Horseclam,84C,1986,20,Total,5,41641,198545,,
Geoduck and Horseclam,84C,1986,23,0,2,8765,*,,
Geoduck and Horseclam,84C,1986,23,4,1,125,*,,
Geoduck and Horseclam,84C,1986,23,5,8,36257,240847,,
Geoduck and Horseclam,84C,1986,23,7,1,340,*,,
Geoduck and Horseclam,84C,1986,23,9,1,1305,*,,
Geoduck and Horseclam,84C,1986,23,10,6,36530,192540,,
Geoduck and Horseclam,84C,1986,23,Total,13,83322,489134,,
Geoduck and Horseclam,84C,1986,24,0,4,18570,108675,,
Geoduck and Horseclam,84C,1986,24,2,7,37847,190426,,
Geoduck and Horseclam,84C,1986,24,3,5,13820,80759,,
Geoduck and Horseclam,84C,1986,24,5,2,3635,*,,
Geoduck and Horseclam,84C,1986,24,6,10,103836,671156,,
Geoduck and Horseclam,84C,1986,24,7,4,9658,41570,,
Geoduck and Horseclam,84C,1986,24,8,10,47045,252977,,
Geoduck and Horseclam,84C,1986,24,9,1,200,*,,
Geoduck and Horseclam,84C,1986,24,13,3,11735,59898,,
Geoduck and Horseclam,84C,1986,24,14,2,535,*,,
Geoduck and Horseclam,84C,1986,24,Total,15,246881,1442450,,
Geoduck and Horseclam,84C,1986,25,0,3,25795,139391,,
Geoduck and Horseclam,84C,1986,25,6,7,52119,399435,,
Geoduck and Horseclam,84C,1986,25,12,3,5265,26092,,
Geoduck and Horseclam,84C,1986,25,13,7,49250,292581,,
Geoduck and Horseclam,84C,1986,25,14,1,2755,*,,
Geoduck and Horseclam,84C,1986,25,15,2,4325,*,,
Geoduck and Horseclam,84C,1986,25,Total,14,139509,890086,,
Geoduck and Horseclam,84C,1986,26,0,2,3280,*,,
Geoduck and Horseclam,84C,1986,26,1,1,2400,*,,
Geoduck and Horseclam,84C,1986,26,2,2,5530,*,,
Geoduck and Horseclam,84C,1986,26,6,7,66673,436856,,
Geoduck and Horseclam,84C,1986,26,Total,8,77883,507135,,
Geoduck and Horseclam,84C,1986,27,0,5,14930,97055,,
Geoduck and Horseclam,84C,1986,27,3,9,38007,278790,,
Geoduck and Horseclam,84C,1986,27,5,3,1646,20897,,
Geoduck and Horseclam,84C,1986,27,6,11,37439,323522,,
Geoduck and Horseclam,84C,1986,27,Total,21,92022,720264,,
Geoduck and Horseclam,84C,1986,29,1,2,4600,*,,
Geoduck and Horseclam,84C,1986,29,4,1,1245,*,,
Geoduck and Horseclam,84C,1986,29,5,1,1122,*,,
Geoduck and Horseclam,84C,1986,29,Total,4,6967,38520,,
Geoduck and Horseclam,84C,1986,124,3,1,255,*,,
Geoduck and Horseclam,84C,1986,124,Total,1,255,*,,
Geoduck and Horseclam,84C,1987,1,2,4,22339,206581,,
Geoduck and Horseclam,84C,1987,1,Total,4,22339,206581,,
Geoduck and Horseclam,84C,1987,2,3,5,18960,191701,,
Geoduck and Horseclam,84C,1987,2,7,1,0,*,,
Geoduck and Horseclam,84C,1987,2,11,4,7729,127664,,
Geoduck and Horseclam,84C,1987,2,12,5,13183,120124,,
Geoduck and Horseclam,84C,1987,2,13,1,1810,*,,
Geoduck and Horseclam,84C,1987,2,14,4,4125,33424,,
Geoduck and Horseclam,84C,1987,2,15,7,9314,122296,,
Geoduck and Horseclam,84C,1987,2,18,3,4860,52384,,
Geoduck and Horseclam,84C,1987,2,31,9,35594,326622,,
Geoduck and Horseclam,84C,1987,2,87,6,10730,96044,,
Geoduck and Horseclam,84C,1987,2,89,1,0,*,,
Geoduck and Horseclam,84C,1987,2,90,1,0,*,,
Geoduck and Horseclam,84C,1987,2,Total,15,106305,1184945,,
Geoduck and Horseclam,84C,1987,3,1,9,29250,251847,,
Geoduck and Horseclam,84C,1987,3,Total,9,29250,251847,,
Geoduck and Horseclam,84C,1987,4,2,3,3510,29305,,
Geoduck and Horseclam,84C,1987,4,4,8,17245,140443,,
Geoduck and Horseclam,84C,1987,4,13,4,4785,27816,,
Geoduck and Horseclam,84C,1987,4,Total,11,25540,197564,,
Geoduck and Horseclam,84C,1987,5,12,2,8860,*,,
Geoduck and Horseclam,84C,1987,5,20,12,26115,256889,,
Geoduck and Horseclam,84C,1987,5,21,3,6758,57323,,
Geoduck and Horseclam,84C,1987,5,22,1,2520,*,,
Geoduck and Horseclam,84C,1987,5,Total,16,44253,391530,,
Geoduck and Horseclam,84C,1987,6,9,14,37392,352523,,
Geoduck and Horseclam,84C,1987,6,10,2,5196,*,,
Geoduck and Horseclam,84C,1987,6,11,1,2415,*,,
Geoduck and Horseclam,84C,1987,6,12,2,6400,*,,
Geoduck and Horseclam,84C,1987,6,13,11,26110,273078,,
Geoduck and Horseclam,84C,1987,6,16,8,31559,289491,,
Geoduck and Horseclam,84C,1987,6,17,1,1360,*,,
Geoduck and Horseclam,84C,1987,6,18,1,790,*,,
Geoduck and Horseclam,84C,1987,6,Total,15,111222,1042750,,
Geoduck and Horseclam,84C,1987,7,9,5,17740,123538,,
Geoduck and Horseclam,84C,1987,7,25,1,0,*,,
Geoduck and Horseclam,84C,1987,7,27,8,17862,209262,,
Geoduck and Horseclam,84C,1987,7,32,3,13516,**,,
Geoduck and Horseclam,84C,1987,7,Total,10,49118,513312,,
Geoduck and Horseclam,84C,1987,8,0,1,763,*,,
Geoduck and Horseclam,84C,1987,8,2,4,12130,**,,
Geoduck and Horseclam,84C,1987,8,Total,4,12893,76383,,
Geoduck and Horseclam,84C,1987,9,1,1,3974,*,,
Geoduck and Horseclam,84C,1987,9,Total,1,3974,*,,
Geoduck and Horseclam,84C,1987,10,0,2,970,*,,
Geoduck and Horseclam,84C,1987,10,1,1,6834,*,,
Geoduck and Horseclam,84C,1987,10,3,4,9180,57518,,
Geoduck and Horseclam,84C,1987,10,4,7,13535,135776,,
Geoduck and Horseclam,84C,1987,10,Total,12,30519,244076,,
Geoduck and Horseclam,84C,1987,12,0,1,89,*,,
Geoduck and Horseclam,84C,1987,12,11,5,4736,39379,,
Geoduck and Horseclam,84C,1987,12,15,2,1600,*,,
Geoduck and Horseclam,84C,1987,12,16,15,55398,394763,,
Geoduck and Horseclam,84C,1987,12,Total,21,61823,462610,,
Geoduck and Horseclam,84C,1987,13,15,9,42669,**,,
Geoduck and Horseclam,84C,1987,13,16,1,575,*,,
Geoduck and Horseclam,84C,1987,13,Total,9,43244,224742,,
Geoduck and Horseclam,84C,1987,14,0,2,1000,*,,
Geoduck and Horseclam,84C,1987,14,1,3,4455,19005,,
Geoduck and Horseclam,84C,1987,14,4,2,4020,*,,
Geoduck and Horseclam,84C,1987,14,5,13,15235,85557,,
Geoduck and Horseclam,84C,1987,14,7,3,4660,18208,,
Geoduck and Horseclam,84C,1987,14,8,4,5955,29263,,
Geoduck and Horseclam,84C,1987,14,9,3,7682,31355,,
Geoduck and Horseclam,84C,1987,14,10,10,53973,271463,,
Geoduck and Horseclam,84C,1987,14,11,2,1610,*,,
Geoduck and Horseclam,84C,1987,14,13,12,15987,111733,,
Geoduck and Horseclam,84C,1987,14,15,1,1095,*,,
Geoduck and Horseclam,84C,1987,14,Total,31,115672,621074,,
Geoduck and Horseclam,84C,1987,15,0,1,1355,*,,
Geoduck and Horseclam,84C,1987,15,1,5,4780,**,,
Geoduck and Horseclam,84C,1987,15,2,6,6073,32191,,
Geoduck and Horseclam,84C,1987,15,3,9,8695,48060,,
Geoduck and Horseclam,84C,1987,15,Total,19,20903,114668,,
Geoduck and Horseclam,84C,1987,16,0,4,6385,32025,,
Geoduck and Horseclam,84C,1987,16,1,2,2350,*,,
Geoduck and Horseclam,84C,1987,16,2,3,4200,32557,,
Geoduck and Horseclam,84C,1987,16,5,5,7140,33136,,
Geoduck and Horseclam,84C,1987,16,18,8,10425,68533,,
Geoduck and Horseclam,84C,1987,16,19,7,19773,99104,,
Geoduck and Horseclam,84C,1987,16,20,1,1995,*,,
Geoduck and Horseclam,84C,1987,16,21,5,12677,90810,,
Geoduck and Horseclam,84C,1987,16,22,1,3200,*,,
Geoduck and Horseclam,84C,1987,16,Total,23,68145,392639,,
Geoduck and Horseclam,84C,1987,17,0,6,8749,38861,,
Geoduck and Horseclam,84C,1987,17,1,1,200,*,,
Geoduck and Horseclam,84C,1987,17,2,5,6120,31052,,
Geoduck and Horseclam,84C,1987,17,5,7,14690,74911,,
Geoduck and Horseclam,84C,1987,17,6,5,9315,46351,,
Geoduck and Horseclam,84C,1987,17,8,1,1200,*,,
Geoduck and Horseclam,84C,1987,17,10,7,17816,93139,,
Geoduck and Horseclam,84C,1987,17,13,3,3870,15605,,
Geoduck and Horseclam,84C,1987,17,16,3,5175,36736,,
Geoduck and Horseclam,84C,1987,17,17,2,0,*,,
Geoduck and Horseclam,84C,1987,17,19,1,4200,*,,
Geoduck and Horseclam,84C,1987,17,Total,31,71335,378004,,
Geoduck and Horseclam,84C,1987,18,0,1,789,*,,
Geoduck and Horseclam,84C,1987,18,1,3,2661,9624,,
Geoduck and Horseclam,84C,1987,18,5,2,4180,*,,
Geoduck and Horseclam,84C,1987,18,7,1,1275,*,,
Geoduck and Horseclam,84C,1987,18,11,3,9888,54632,,
Geoduck and Horseclam,84C,1987,18,Total,6,18793,92647,,
Geoduck and Horseclam,84C,1987,19,0,2,1150,*,,
Geoduck and Horseclam,84C,1987,19,5,18,14545,**,,
Geoduck and Horseclam,84C,1987,19,Total,20,15695,96407,,
Geoduck and Horseclam,84C,1987,20,5,4,20331,80689,,
Geoduck and Horseclam,84C,1987,20,Total,4,20331,80689,,
Geoduck and Horseclam,84C,1987,23,0,1,0,*,,
Geoduck and Horseclam,84C,1987,23,4,1,415,*,,
Geoduck and Horseclam,84C,1987,23,5,5,37784,234505,,
Geoduck and Horseclam,84C,1987,23,6,3,11953,79586,,
Geoduck and Horseclam,84C,1987,23,8,1,220,*,,
Geoduck and Horseclam,84C,1987,23,9,1,1165,*,,
Geoduck and Horseclam,84C,1987,23,10,5,24705,129799,,
Geoduck and Horseclam,84C,1987,23,Total,11,76242,455688,,
Geoduck and Horseclam,84C,1987,24,0,6,7876,51450,,
Geoduck and Horseclam,84C,1987,24,2,8,14234,104013,,
Geoduck and Horseclam,84C,1987,24,3,3,1847,10801,,
Geoduck and Horseclam,84C,1987,24,5,1,0,*,,
Geoduck and Horseclam,84C,1987,24,6,9,129994,741099,,
Geoduck and Horseclam,84C,1987,24,7,1,8510,*,,
Geoduck and Horseclam,84C,1987,24,8,8,43507,245557,,
Geoduck and Horseclam,84C,1987,24,9,1,60,*,,
Geoduck and Horseclam,84C,1987,24,10,1,9955,*,,
Geoduck and Horseclam,84C,1987,24,11,3,2030,11446,,
Geoduck and Horseclam,84C,1987,24,13,4,5222,39205,,
Geoduck and Horseclam,84C,1987,24,14,4,5385,36496,,
Geoduck and Horseclam,84C,1987,24,Total,18,228620,1345758,,
Geoduck and Horseclam,84C,1987,25,0,2,1180,*,,
Geoduck and Horseclam,84C,1987,25,6,4,68500,499658,,
Geoduck and Horseclam,84C,1987,25,12,1,790,*,,
Geoduck and Horseclam,84C,1987,25,13,15,77703,561020,,
Geoduck and Horseclam,84C,1987,25,14,4,15362,106287,,
Geoduck and Horseclam,84C,1987,25,15,2,3065,*,,
Geoduck and Horseclam,84C,1987,25,Total,20,166600,1193763,,
Geoduck and Horseclam,84C,1987,26,1,7,31684,**,,
Geoduck and Horseclam,84C,1987,26,6,9,77728,596177,,
Geoduck and Horseclam,84C,1987,26,10,1,3625,*,,
Geoduck and Horseclam,84C,1987,26,Total,12,113037,811631,,
Geoduck and Horseclam,84C,1987,27,0,1,2880,*,,
Geoduck and Horseclam,84C,1987,27,2,1,740,*,,
Geoduck and Horseclam,84C,1987,27,3,3,8926,54572,,
Geoduck and Horseclam,84C,1987,27,5,3,11078,76699,,
Geoduck and Horseclam,84C,1987,27,6,6,23900,157036,,
Geoduck and Horseclam,84C,1987,27,7,2,18335,*,,
Geoduck and Horseclam,84C,1987,27,Total,9,65859,438795,,
Geoduck and Horseclam,84C,1987,28,1,2,447,*,,
Geoduck and Horseclam,84C,1987,28,Total,2,447,*,,
Geoduck and Horseclam,84C,1987,29,0,2,535,*,,
Geoduck and Horseclam,84C,1987,29,1,7,8222,**,,
Geoduck and Horseclam,84C,1987,29,4,3,11789,83742,,
Geoduck and Horseclam,84C,1987,29,5,8,27039,165008,,
Geoduck and Horseclam,84C,1987,29,Total,14,47585,278333,,
Geoduck and Horseclam,84C,1988,1,0,1,8290,*,,
Geoduck and Horseclam,84C,1988,1,2,7,23368,**,,
Geoduck and Horseclam,84C,1988,1,Total,8,31658,163882,,
Geoduck and Horseclam,84C,1988,2,0,4,12230,85169,,
Geoduck and Horseclam,84C,1988,2,1,5,2800,81093,,
Geoduck and Horseclam,84C,1988,2,3,7,8101,64255,,
Geoduck and Horseclam,84C,1988,2,6,1,1020,*,,
Geoduck and Horseclam,84C,1988,2,7,4,4948,34749,,
Geoduck and Horseclam,84C,1988,2,8,9,10778,134112,,
Geoduck and Horseclam,84C,1988,2,11,2,5583,*,,
Geoduck and Horseclam,84C,1988,2,12,2,2770,*,,
Geoduck and Horseclam,84C,1988,2,13,1,4533,*,,
Geoduck and Horseclam,84C,1988,2,14,4,6730,52377,,
Geoduck and Horseclam,84C,1988,2,15,2,2015,*,,
Geoduck and Horseclam,84C,1988,2,17,5,9886,107287,,
Geoduck and Horseclam,84C,1988,2,18,7,14219,135478,,
Geoduck and Horseclam,84C,1988,2,19,1,0,*,,
Geoduck and Horseclam,84C,1988,2,31,3,1720,60169,,
Geoduck and Horseclam,84C,1988,2,68,2,1669,*,,
Geoduck and Horseclam,84C,1988,2,87,5,14183,106626,,
Geoduck and Horseclam,84C,1988,2,90,2,4416,*,,
Geoduck and Horseclam,84C,1988,2,Total,30,107601,1065144,,
Geoduck and Horseclam,84C,1988,3,0,3,3420,14680,,
Geoduck and Horseclam,84C,1988,3,1,4,25083,210557,,
Geoduck and Horseclam,84C,1988,3,Total,7,28503,225237,,
Geoduck and Horseclam,84C,1988,4,0,2,3260,*,,
Geoduck and Horseclam,84C,1988,4,1,3,10480,47810,,
Geoduck and Horseclam,84C,1988,4,2,4,5878,36532,,
Geoduck and Horseclam,84C,1988,4,3,1,4590,*,,
Geoduck and Horseclam,84C,1988,4,5,2,9380,*,,
Geoduck and Horseclam,84C,1988,4,13,2,2670,*,,
Geoduck and Horseclam,84C,1988,4,Total,9,36258,208736,,
Geoduck and Horseclam,84C,1988,5,10,3,7711,**,,
Geoduck and Horseclam,84C,1988,5,12,6,13115,64157,,
Geoduck and Horseclam,84C,1988,5,20,2,6620,*,,
Geoduck and Horseclam,84C,1988,5,21,8,28954,219010,,
Geoduck and Horseclam,84C,1988,5,Total,11,56400,393907,,
Geoduck and Horseclam,84C,1988,6,0,2,3470,*,,
Geoduck and Horseclam,84C,1988,6,9,1,855,*,,
Geoduck and Horseclam,84C,1988,6,10,9,21445,170797,,
Geoduck and Horseclam,84C,1988,6,11,1,1230,*,,
Geoduck and Horseclam,84C,1988,6,12,5,9494,90209,,
Geoduck and Horseclam,84C,1988,6,13,8,18067,192418,,
Geoduck and Horseclam,84C,1988,6,14,1,1865,*,,
Geoduck and Horseclam,84C,1988,6,16,8,8858,89388,,
Geoduck and Horseclam,84C,1988,6,19,9,19230,204021,,
Geoduck and Horseclam,84C,1988,6,Total,13,84514,814289,,
Geoduck and Horseclam,84C,1988,7,0,4,15977,121668,,
Geoduck and Horseclam,84C,1988,7,3,4,10190,82543,,
Geoduck and Horseclam,84C,1988,7,18,5,15818,131837,,
Geoduck and Horseclam,84C,1988,7,25,10,29640,271525,,
Geoduck and Horseclam,84C,1988,7,27,1,3643,*,,
Geoduck and Horseclam,84C,1988,7,32,1,694,*,,
Geoduck and Horseclam,84C,1988,7,Total,11,75962,630267,,
Geoduck and Horseclam,84C,1988,8,0,5,25340,150992,,
Geoduck and Horseclam,84C,1988,8,1,1,800,*,,
Geoduck and Horseclam,84C,1988,8,2,4,4168,**,,
Geoduck and Horseclam,84C,1988,8,4,5,20305,217688,,
Geoduck and Horseclam,84C,1988,8,Total,13,50613,403672,,
Geoduck and Horseclam,84C,1988,11,2,4,9772,40943,,
Geoduck and Horseclam,84C,1988,11,3,4,2465,10107,,
Geoduck and Horseclam,84C,1988,11,4,4,12706,51071,,
Geoduck and Horseclam,84C,1988,11,Total,4,24943,102121,,
Geoduck and Horseclam,84C,1988,12,0,4,15037,65943,,
Geoduck and Horseclam,84C,1988,12,11,4,11690,73283,,
Geoduck and Horseclam,84C,1988,12,15,1,4445,*,,
Geoduck and Horseclam,84C,1988,12,16,7,61869,419449,,
Geoduck and Horseclam,84C,1988,12,18,1,180,*,,
Geoduck and Horseclam,84C,1988,12,Total,11,93221,592123,,
Geoduck and Horseclam,84C,1988,13,0,2,1570,*,,
Geoduck and Horseclam,84C,1988,13,1,1,600,*,,
Geoduck and Horseclam,84C,1988,13,2,2,0,*,,
Geoduck and Horseclam,84C,1988,13,3,1,350,*,,
Geoduck and Horseclam,84C,1988,13,14,3,2180,9184,,
Geoduck and Horseclam,84C,1988,13,15,22,14324,73956,,
Geoduck and Horseclam,84C,1988,13,16,1,1600,*,,
Geoduck and Horseclam,84C,1988,13,32,1,1135,*,,
Geoduck and Horseclam,84C,1988,13,Total,29,21759,114379,,
Geoduck and Horseclam,84C,1988,14,0,4,10370,32978,,
Geoduck and Horseclam,84C,1988,14,7,2,5081,*,,
Geoduck and Horseclam,84C,1988,14,9,3,4910,19639,,
Geoduck and Horseclam,84C,1988,14,10,16,28482,107908,,
Geoduck and Horseclam,84C,1988,14,13,32,30817,211198,,
Geoduck and Horseclam,84C,1988,14,15,2,6150,*,,
Geoduck and Horseclam,84C,1988,14,Total,36,85810,420518,,
Geoduck and Horseclam,84C,1988,15,0,4,4705,15089,,
Geoduck and Horseclam,84C,1988,15,1,4,1890,**,,
Geoduck and Horseclam,84C,1988,15,2,10,14253,66543,,
Geoduck and Horseclam,84C,1988,15,3,5,10036,52392,,
Geoduck and Horseclam,84C,1988,15,4,2,3890,*,,
Geoduck and Horseclam,84C,1988,15,Total,20,34774,183259,,
Geoduck and Horseclam,84C,1988,16,0,2,2740,*,,
Geoduck and Horseclam,84C,1988,16,2,2,1600,*,,
Geoduck and Horseclam,84C,1988,16,5,6,17433,78378,,
Geoduck and Horseclam,84C,1988,16,18,1,620,*,,
Geoduck and Horseclam,84C,1988,16,20,4,5650,30860,,
Geoduck and Horseclam,84C,1988,16,21,8,11935,77983,,
Geoduck and Horseclam,84C,1988,16,Total,20,39978,211432,,
Geoduck and Horseclam,84C,1988,17,0,3,4220,22045,,
Geoduck and Horseclam,84C,1988,17,2,1,1200,*,,
Geoduck and Horseclam,84C,1988,17,3,1,850,*,,
Geoduck and Horseclam,84C,1988,17,4,2,960,*,,
Geoduck and Horseclam,84C,1988,17,5,1,260,*,,
Geoduck and Horseclam,84C,1988,17,6,1,810,*,,
Geoduck and Horseclam,84C,1988,17,8,1,2160,*,,
Geoduck and Horseclam,84C,1988,17,10,4,7420,38248,,
Geoduck and Horseclam,84C,1988,17,12,1,430,*,,
Geoduck and Horseclam,84C,1988,17,16,1,2845,*,,
Geoduck and Horseclam,84C,1988,17,17,1,2295,*,,
Geoduck and Horseclam,84C,1988,17,19,1,2200,*,,
Geoduck and Horseclam,84C,1988,17,Total,15,25650,146730,,
Geoduck and Horseclam,84C,1988,19,5,8,19129,110199,,
Geoduck and Horseclam,84C,1988,19,Total,8,19129,110199,,
Geoduck and Horseclam,84C,1988,20,0,1,6000,*,,
Geoduck and Horseclam,84C,1988,20,4,1,260,*,,
Geoduck and Horseclam,84C,1988,20,5,6,26480,84227,,
Geoduck and Horseclam,84C,1988,20,Total,7,32740,94818,,
Geoduck and Horseclam,84C,1988,23,5,3,13105,67071,,
Geoduck and Horseclam,84C,1988,23,6,4,16141,91170,,
Geoduck and Horseclam,84C,1988,23,9,4,6600,37384,,
Geoduck and Horseclam,84C,1988,23,10,8,24317,247959,,
Geoduck and Horseclam,84C,1988,23,Total,14,60163,443584,,
Geoduck and Horseclam,84C,1988,24,5,2,565,*,,
Geoduck and Horseclam,84C,1988,24,6,16,128757,893807,,
Geoduck and Horseclam,84C,1988,24,7,5,10325,131191,,
Geoduck and Horseclam,84C,1988,24,8,7,24945,156092,,
Geoduck and Horseclam,84C,1988,24,10,4,0,69428,,
Geoduck and Horseclam,84C,1988,24,11,3,3771,23420,,
Geoduck and Horseclam,84C,1988,24,14,2,4783,*,,
Geoduck and Horseclam,84C,1988,24,Total,17,173146,1318561,,
Geoduck and Horseclam,84C,1988,25,0,2,780,*,,
Geoduck and Horseclam,84C,1988,25,6,6,34049,216059,,
Geoduck and Horseclam,84C,1988,25,13,4,8945,108425,,
Geoduck and Horseclam,84C,1988,25,15,3,10351,**,,
Geoduck and Horseclam,84C,1988,25,Total,11,54125,390904,,
Geoduck and Horseclam,84C,1988,26,6,22,66529,424708,,
Geoduck and Horseclam,84C,1988,26,Total,22,66529,424708,,
Geoduck and Horseclam,84C,1988,27,0,2,3680,*,,
Geoduck and Horseclam,84C,1988,27,1,10,35440,260983,,
Geoduck and Horseclam,84C,1988,27,2,1,3940,*,,
Geoduck and Horseclam,84C,1988,27,3,2,11585,*,,
Geoduck and Horseclam,84C,1988,27,5,7,15065,96410,,
Geoduck and Horseclam,84C,1988,27,6,7,7140,67895,,
Geoduck and Horseclam,84C,1988,27,7,5,14540,74785,,
Geoduck and Horseclam,84C,1988,27,Total,18,91390,605844,,
Geoduck and Horseclam,84C,1988,29,1,5,13385,34499,,
Geoduck and Horseclam,84C,1988,29,5,3,2210,15505,,
Geoduck and Horseclam,84C,1988,29,Total,8,15595,50004,,
Geoduck and Horseclam,84C,1989,0,0,1,0,*,,
Geoduck and Horseclam,84C,1989,0,Total,1,0,*,,
Geoduck and Horseclam,84C,1989,6,18,1,1475,*,,
Geoduck and Horseclam,84C,1989,6,19,6,31500,**,,
Geoduck and Horseclam,84C,1989,6,Total,6,32975,325574,,
Geoduck and Horseclam,84C,1989,7,0,5,3780,121051,,
Geoduck and Horseclam,84C,1989,7,8,1,1153,*,,
Geoduck and Horseclam,84C,1989,7,9,3,11614,72028,,
Geoduck and Horseclam,84C,1989,7,12,5,14550,148917,,
Geoduck and Horseclam,84C,1989,7,18,9,38633,373050,,
Geoduck and Horseclam,84C,1989,7,19,2,3421,*,,
Geoduck and Horseclam,84C,1989,7,23,1,560,*,,
Geoduck and Horseclam,84C,1989,7,25,10,105733,815116,,
Geoduck and Horseclam,84C,1989,7,27,9,56464,635251,,
Geoduck and Horseclam,84C,1989,7,31,6,41612,489447,,
Geoduck and Horseclam,84C,1989,7,Total,20,277520,2696301,,
Geoduck and Horseclam,84C,1989,8,4,3,6045,88774,,
Geoduck and Horseclam,84C,1989,8,Total,3,6045,88774,,
Geoduck and Horseclam,84C,1989,9,1,1,0,*,,
Geoduck and Horseclam,84C,1989,9,Total,1,0,*,,
Geoduck and Horseclam,84C,1989,10,0,1,0,*,,
Geoduck and Horseclam,84C,1989,10,1,3,33439,**,,
Geoduck and Horseclam,84C,1989,10,Total,3,33439,318495,,
Geoduck and Horseclam,84C,1989,11,2,2,3513,*,,
Geoduck and Horseclam,84C,1989,11,3,1,278,*,,
Geoduck and Horseclam,84C,1989,11,4,1,249,*,,
Geoduck and Horseclam,84C,1989,11,Total,2,4040,*,,
Geoduck and Horseclam,84C,1989,12,8,2,895,*,,
Geoduck and Horseclam,84C,1989,12,11,6,46078,399114,,
Geoduck and Horseclam,84C,1989,12,13,7,18450,**,,
Geoduck and Horseclam,84C,1989,12,15,4,33438,287140,,
Geoduck and Horseclam,84C,1989,12,16,8,82875,593967,,
Geoduck and Horseclam,84C,1989,12,Total,8,181736,1417528,,
Geoduck and Horseclam,84C,1989,13,1,2,1659,*,,
Geoduck and Horseclam,84C,1989,13,12,1,486,*,,
Geoduck and Horseclam,84C,1989,13,13,3,4840,28863,,
Geoduck and Horseclam,84C,1989,13,14,2,2264,*,,
Geoduck and Horseclam,84C,1989,13,15,7,77885,378253,,
Geoduck and Horseclam,84C,1989,13,16,2,3675,*,,
Geoduck and Horseclam,84C,1989,13,17,2,809,*,,
Geoduck and Horseclam,84C,1989,13,Total,7,91618,451833,,
Geoduck and Horseclam,84C,1989,19,5,1,1258,*,,
Geoduck and Horseclam,84C,1989,19,Total,1,1258,*,,
Geoduck and Horseclam,84C,1989,23,0,1,300,*,,
Geoduck and Horseclam,84C,1989,23,4,1,6776,*,,
Geoduck and Horseclam,84C,1989,23,5,6,49252,290152,,
Geoduck and Horseclam,84C,1989,23,6,8,41051,344023,,
Geoduck and Horseclam,84C,1989,23,8,1,1220,*,,
Geoduck and Horseclam,84C,1989,23,9,5,24007,161145,,
Geoduck and Horseclam,84C,1989,23,10,8,50089,336249,,
Geoduck and Horseclam,84C,1989,23,Total,14,172695,1181977,,
Geoduck and Horseclam,84C,1989,24,0,3,4470,31470,,
Geoduck and Horseclam,84C,1989,24,1,1,975,*,,
Geoduck and Horseclam,84C,1989,24,2,5,9690,80159,,
Geoduck and Horseclam,84C,1989,24,5,2,560,*,,
Geoduck and Horseclam,84C,1989,24,6,16,126609,997651,,
Geoduck and Horseclam,84C,1989,24,7,4,10622,64610,,
Geoduck and Horseclam,84C,1989,24,8,4,19660,135527,,
Geoduck and Horseclam,84C,1989,24,9,1,0,*,,
Geoduck and Horseclam,84C,1989,24,10,1,0,*,,
Geoduck and Horseclam,84C,1989,24,Total,17,172586,1324018,,
Geoduck and Horseclam,84C,1989,27,0,2,6010,*,,
Geoduck and Horseclam,84C,1989,27,2,3,1361,**,,
Geoduck and Horseclam,84C,1989,27,3,7,87036,595147,,
Geoduck and Horseclam,84C,1989,27,7,4,15095,94976,,
Geoduck and Horseclam,84C,1989,27,Total,8,109502,755597,,
Geoduck and Horseclam,84C,1989,124,3,1,710,*,,
Geoduck and Horseclam,84C,1989,124,Total,1,710,*,,
Geoduck and Horseclam,84C,1990,3,1,4,13730,180524,,
Geoduck and Horseclam,84C,1990,3,Total,4,13730,180524,,
Geoduck and Horseclam,84C,1990,4,1,8,50192,530944,,
Geoduck and Horseclam,84C,1990,4,2,2,4140,*,,
Geoduck and Horseclam,84C,1990,4,5,1,570,*,,
Geoduck and Horseclam,84C,1990,4,13,5,24438,203011,,
Geoduck and Horseclam,84C,1990,4,Total,9,79340,767741,,
Geoduck and Horseclam,84C,1990,5,12,1,510,*,,
Geoduck and Horseclam,84C,1990,5,17,1,60,*,,
Geoduck and Horseclam,84C,1990,5,20,8,91850,801855,,
Geoduck and Horseclam,84C,1990,5,21,2,2960,*,,
Geoduck and Horseclam,84C,1990,5,22,3,20365,157869,,
Geoduck and Horseclam,84C,1990,5,Total,9,115745,984314,,
Geoduck and Horseclam,84C,1990,6,9,4,43415,385015,,
Geoduck and Horseclam,84C,1990,6,10,2,4120,*,,
Geoduck and Horseclam,84C,1990,6,11,1,12179,*,,
Geoduck and Horseclam,84C,1990,6,12,1,2840,*,,
Geoduck and Horseclam,84C,1990,6,13,11,133065,1084618,,
Geoduck and Horseclam,84C,1990,6,14,1,1685,*,,
Geoduck and Horseclam,84C,1990,6,Total,12,197304,1620513,,
Geoduck and Horseclam,84C,1990,14,1,4,8990,40261,,
Geoduck and Horseclam,84C,1990,14,4,7,36272,194076,,
Geoduck and Horseclam,84C,1990,14,5,8,34271,240634,,
Geoduck and Horseclam,84C,1990,14,7,5,9452,54090,,
Geoduck and Horseclam,84C,1990,14,9,3,18517,99949,,
Geoduck and Horseclam,84C,1990,14,10,10,41395,223583,,
Geoduck and Horseclam,84C,1990,14,11,2,2795,*,,
Geoduck and Horseclam,84C,1990,14,13,9,53588,432580,,
Geoduck and Horseclam,84C,1990,14,15,2,575,*,,
Geoduck and Horseclam,84C,1990,14,Total,10,205855,1298789,,
Geoduck and Horseclam,84C,1990,16,1,2,2495,*,,
Geoduck and Horseclam,84C,1990,16,5,3,1634,8697,,
Geoduck and Horseclam,84C,1990,16,11,2,4060,*,,
Geoduck and Horseclam,84C,1990,16,17,1,785,*,,
Geoduck and Horseclam,84C,1990,16,18,8,28368,157986,,
Geoduck and Horseclam,84C,1990,16,19,4,9409,63440,,
Geoduck and Horseclam,84C,1990,16,20,1,6612,*,,
Geoduck and Horseclam,84C,1990,16,21,9,37920,238833,,
Geoduck and Horseclam,84C,1990,16,22,1,3542,*,,
Geoduck and Horseclam,84C,1990,16,Total,10,94825,564212,,
Geoduck and Horseclam,84C,1990,24,0,4,11085,90953,,
Geoduck and Horseclam,84C,1990,24,2,2,6950,*,,
Geoduck and Horseclam,84C,1990,24,3,2,5105,*,,
Geoduck and Horseclam,84C,1990,24,4,1,1240,*,,
Geoduck and Horseclam,84C,1990,24,5,1,310,*,,
Geoduck and Horseclam,84C,1990,24,6,17,120593,728968,,
Geoduck and Horseclam,84C,1990,24,7,10,34558,171792,,
Geoduck and Horseclam,84C,1990,24,8,7,14406,65324,,
Geoduck and Horseclam,84C,1990,24,10,5,10430,52216,,
Geoduck and Horseclam,84C,1990,24,13,2,4256,*,,
Geoduck and Horseclam,84C,1990,24,14,2,1142,*,,
Geoduck and Horseclam,84C,1990,24,Total,20,210075,1200764,,
Geoduck and Horseclam,84C,1990,26,0,2,1270,*,,
Geoduck and Horseclam,84C,1990,26,1,4,785,19672,,
Geoduck and Horseclam,84C,1990,26,2,11,26053,277056,,
Geoduck and Horseclam,84C,1990,26,6,20,109255,833528,,
Geoduck and Horseclam,84C,1990,26,7,4,3790,**,,
Geoduck and Horseclam,84C,1990,26,8,4,4060,52888,,
Geoduck and Horseclam,84C,1990,26,10,5,21538,139758,,
Geoduck and Horseclam,84C,1990,26,Total,20,166751,1351513,,
Geoduck and Horseclam,84C,1990,27,5,7,38348,307718,,
Geoduck and Horseclam,84C,1990,27,6,10,48166,450023,,
Geoduck and Horseclam,84C,1990,27,Total,13,86514,757741,,
Geoduck and Horseclam,84C,1991,1,2,3,1197,12253,,
Geoduck and Horseclam,84C,1991,1,3,3,23589,185730,,
Geoduck and Horseclam,84C,1991,1,Total,5,24786,197983,,
Geoduck and Horseclam,84C,1991,2,1,5,16625,81189,,
Geoduck and Horseclam,84C,1991,2,3,15,35828,225941,,
Geoduck and Horseclam,84C,1991,2,7,3,9595,69850,,
Geoduck and Horseclam,84C,1991,2,8,6,2810,50383,,
Geoduck and Horseclam,84C,1991,2,9,2,1510,*,,
Geoduck and Horseclam,84C,1991,2,11,13,37249,333869,,
Geoduck and Horseclam,84C,1991,2,12,12,24671,225458,,
Geoduck and Horseclam,84C,1991,2,13,4,4380,40239,,
Geoduck and Horseclam,84C,1991,2,14,6,6742,62367,,
Geoduck and Horseclam,84C,1991,2,15,11,22869,203673,,
Geoduck and Horseclam,84C,1991,2,17,11,17007,143971,,
Geoduck and Horseclam,84C,1991,2,18,11,21440,239006,,
Geoduck and Horseclam,84C,1991,2,19,8,19665,139779,,
Geoduck and Horseclam,84C,1991,2,31,14,29968,236787,,
Geoduck and Horseclam,84C,1991,2,32,4,5025,28291,,
Geoduck and Horseclam,84C,1991,2,36,4,2135,19694,,
Geoduck and Horseclam,84C,1991,2,38,1,0,*,,
Geoduck and Horseclam,84C,1991,2,39,2,1020,*,,
Geoduck and Horseclam,84C,1991,2,40,1,270,*,,
Geoduck and Horseclam,84C,1991,2,41,1,210,*,,
Geoduck and Horseclam,84C,1991,2,63,1,975,*,,
Geoduck and Horseclam,84C,1991,2,64,2,400,*,,
Geoduck and Horseclam,84C,1991,2,66,3,3075,22410,,
Geoduck and Horseclam,84C,1991,2,71,1,0,*,,
Geoduck and Horseclam,84C,1991,2,80,1,2125,*,,
Geoduck and Horseclam,84C,1991,2,82,1,4530,*,,
Geoduck and Horseclam,84C,1991,2,87,9,39914,273714,,
Geoduck and Horseclam,84C,1991,2,90,1,2440,*,,
Geoduck and Horseclam,84C,1991,2,93,1,0,*,,
Geoduck and Horseclam,84C,1991,2,95,1,0,*,,
Geoduck and Horseclam,84C,1991,2,Total,18,312478,2611698,,
Geoduck and Horseclam,84C,1991,15,1,8,22930,152075,,
Geoduck and Horseclam,84C,1991,15,2,9,49828,265837,,
Geoduck and Horseclam,84C,1991,15,3,9,26563,**,,
Geoduck and Horseclam,84C,1991,15,5,1,395,*,,
Geoduck and Horseclam,84C,1991,15,Total,10,99716,561450,,
Geoduck and Horseclam,84C,1991,17,1,1,261,*,,
Geoduck and Horseclam,84C,1991,17,2,9,28635,162726,,
Geoduck and Horseclam,84C,1991,17,4,4,3175,15412,,
Geoduck and Horseclam,84C,1991,17,5,9,12363,54871,,
Geoduck and Horseclam,84C,1991,17,6,6,7295,35093,,
Geoduck and Horseclam,84C,1991,17,8,3,2185,13327,,
Geoduck and Horseclam,84C,1991,17,10,1,1000,*,,
Geoduck and Horseclam,84C,1991,17,12,1,220,*,,
Geoduck and Horseclam,84C,1991,17,16,1,500,*,,
Geoduck and Horseclam,84C,1991,17,18,10,20206,89522,,
Geoduck and Horseclam,84C,1991,17,19,1,320,*,,
Geoduck and Horseclam,84C,1991,17,Total,10,76160,387902,,
Geoduck and Horseclam,84C,1991,18,1,3,3450,19611,,
Geoduck and Horseclam,84C,1991,18,2,1,290,*,,
Geoduck and Horseclam,84C,1991,18,5,1,2834,*,,
Geoduck and Horseclam,84C,1991,18,7,7,4021,32918,,
Geoduck and Horseclam,84C,1991,18,11,4,4342,26011,,
Geoduck and Horseclam,84C,1991,18,Total,10,14937,98228,,
Geoduck and Horseclam,84C,1991,19,5,10,90942,547951,,
Geoduck and Horseclam,84C,1991,19,Total,10,90942,547951,,
Geoduck and Horseclam,84C,1991,20,5,3,1002,2841,,
Geoduck and Horseclam,84C,1991,20,Total,3,1002,2841,,
Geoduck and Horseclam,84C,1991,24,0,1,2700,*,,
Geoduck and Horseclam,84C,1991,24,6,19,143479,770343,,
Geoduck and Horseclam,84C,1991,24,7,6,10947,**,,
Geoduck and Horseclam,84C,1991,24,8,7,10967,70010,,
Geoduck and Horseclam,84C,1991,24,Total,19,168093,922451,,
Geoduck and Horseclam,84C,1991,25,6,5,7957,55391,,
Geoduck and Horseclam,84C,1991,25,12,1,3074,*,,
Geoduck and Horseclam,84C,1991,25,13,18,91282,767410,,
Geoduck and Horseclam,84C,1991,25,14,15,71270,559939,,
Geoduck and Horseclam,84C,1991,25,15,1,2001,*,,
Geoduck and Horseclam,84C,1991,25,Total,19,175584,1430772,,
Geoduck and Horseclam,84C,1991,26,0,1,4560,*,,
Geoduck and Horseclam,84C,1991,26,1,3,5871,29945,,
Geoduck and Horseclam,84C,1991,26,2,2,4695,*,,
Geoduck and Horseclam,84C,1991,26,6,13,48363,259258,,
Geoduck and Horseclam,84C,1991,26,Total,14,63489,336248,,
Geoduck and Horseclam,84C,1991,29,5,6,4887,29900,,
Geoduck and Horseclam,84C,1991,29,Total,6,4887,29900,,
Geoduck and Horseclam,84C,1991,102,1,1,665,*,,
Geoduck and Horseclam,84C,1991,102,Total,1,665,*,,
Geoduck and Horseclam,84C,1992,6,11,2,5410,*,,
Geoduck and Horseclam,84C,1992,6,13,4,5437,39350,,
Geoduck and Horseclam,84C,1992,6,14,3,3225,27610,,
Geoduck and Horseclam,84C,1992,6,16,11,27124,218717,,
Geoduck and Horseclam,84C,1992,6,17,3,9781,79495,,
Geoduck and Horseclam,84C,1992,6,18,1,735,*,,
Geoduck and Horseclam,84C,1992,6,19,3,5095,36631,,
Geoduck and Horseclam,84C,1992,6,Total,11,56807,462506,,
Geoduck and Horseclam,84C,1992,7,1,3,1712,**,,
Geoduck and Horseclam,84C,1992,7,3,6,8966,70327,,
Geoduck and Horseclam,84C,1992,7,9,8,11970,79824,,
Geoduck and Horseclam,84C,1992,7,12,3,3780,31610,,
Geoduck and Horseclam,84C,1992,7,18,7,15555,147770,,
Geoduck and Horseclam,84C,1992,7,19,4,2525,24026,,
Geoduck and Horseclam,84C,1992,7,20,6,5530,51694,,
Geoduck and Horseclam,84C,1992,7,23,7,3880,24560,,
Geoduck and Horseclam,84C,1992,7,24,2,2180,*,,
Geoduck and Horseclam,84C,1992,7,25,12,32142,307219,,
Geoduck and Horseclam,84C,1992,7,27,14,66517,593761,,
Geoduck and Horseclam,84C,1992,7,31,5,43743,304002,,
Geoduck and Horseclam,84C,1992,7,32,7,15242,137976,,
Geoduck and Horseclam,84C,1992,7,Total,17,213742,1804132,,
Geoduck and Horseclam,84C,1992,8,2,10,13987,132725,,
Geoduck and Horseclam,84C,1992,8,4,7,6698,55007,,
Geoduck and Horseclam,84C,1992,8,Total,12,20685,187732,,
Geoduck and Horseclam,84C,1992,9,1,1,25,*,,
Geoduck and Horseclam,84C,1992,9,2,5,6215,50224,,
Geoduck and Horseclam,84C,1992,9,12,2,4371,*,,
Geoduck and Horseclam,84C,1992,9,Total,7,10611,80776,,
Geoduck and Horseclam,84C,1992,10,1,2,5344,*,,
Geoduck and Horseclam,84C,1992,10,3,8,6420,41950,,
Geoduck and Horseclam,84C,1992,10,4,3,1415,**,,
Geoduck and Horseclam,84C,1992,10,Total,8,13179,82713,,
Geoduck and Horseclam,84C,1992,12,6,9,33190,204707,,
Geoduck and Horseclam,84C,1992,12,8,10,37117,168207,,
Geoduck and Horseclam,84C,1992,12,9,1,300,*,,
Geoduck and Horseclam,84C,1992,12,11,6,11557,95506,,
Geoduck and Horseclam,84C,1992,12,16,5,4022,**,,
Geoduck and Horseclam,84C,1992,12,17,5,14385,62005,,
Geoduck and Horseclam,84C,1992,12,Total,10,100571,557361,,
Geoduck and Horseclam,84C,1992,13,1,2,1495,*,,
Geoduck and Horseclam,84C,1992,13,13,2,1130,*,,
Geoduck and Horseclam,84C,1992,13,14,4,6595,36435,,
Geoduck and Horseclam,84C,1992,13,15,8,15740,97224,,
Geoduck and Horseclam,84C,1992,13,16,1,2500,*,,
Geoduck and Horseclam,84C,1992,13,Total,8,27460,170372,,
Geoduck and Horseclam,84C,1992,14,10,9,29890,178624,,
Geoduck and Horseclam,84C,1992,14,11,6,2397,15063,,
Geoduck and Horseclam,84C,1992,14,13,10,48290,412158,,
Geoduck and Horseclam,84C,1992,14,15,4,2445,10871,,
Geoduck and Horseclam,84C,1992,14,Total,10,83022,616716,,
Geoduck and Horseclam,84C,1992,23,6,11,16117,89310,,
Geoduck and Horseclam,84C,1992,23,8,8,6451,40195,,
Geoduck and Horseclam,84C,1992,23,9,7,19676,119124,,
Geoduck and Horseclam,84C,1992,23,10,16,46688,309444,,
Geoduck and Horseclam,84C,1992,23,Total,19,88932,558073,,
Geoduck and Horseclam,84C,1992,24,2,2,2395,*,,
Geoduck and Horseclam,84C,1992,24,6,18,112826,702245,,
Geoduck and Horseclam,84C,1992,24,7,15,46379,244574,,
Geoduck and Horseclam,84C,1992,24,8,12,14782,**,,
Geoduck and Horseclam,84C,1992,24,Total,18,176382,1055123,,
Geoduck and Horseclam,84C,1992,27,1,11,26960,199375,,
Geoduck and Horseclam,84C,1992,27,2,8,19243,132722,,
Geoduck and Horseclam,84C,1992,27,5,6,3177,42961,,
Geoduck and Horseclam,84C,1992,27,6,12,22204,184981,,
Geoduck and Horseclam,84C,1992,27,7,8,12167,114992,,
Geoduck and Horseclam,84C,1992,27,Total,15,83751,675031,,
Geoduck and Horseclam,84C,1993,3,1,7,8035,56797,,
Geoduck and Horseclam,84C,1993,3,3,2,455,*,,
Geoduck and Horseclam,84C,1993,3,4,1,1210,*,,
Geoduck and Horseclam,84C,1993,3,Total,7,9700,66922,,
Geoduck and Horseclam,84C,1993,4,1,7,23525,190652,,
Geoduck and Horseclam,84C,1993,4,2,5,6596,45331,,
Geoduck and Horseclam,84C,1993,4,3,3,3855,26982,,
Geoduck and Horseclam,84C,1993,4,4,1,1985,*,,
Geoduck and Horseclam,84C,1993,4,5,3,2310,**,,
Geoduck and Horseclam,84C,1993,4,13,5,11110,89378,,
Geoduck and Horseclam,84C,1993,4,Total,10,49381,380471,,
Geoduck and Horseclam,84C,1993,5,10,3,1130,6840,,
Geoduck and Horseclam,84C,1993,5,12,5,3703,26980,,
Geoduck and Horseclam,84C,1993,5,20,14,61786,509885,,
Geoduck and Horseclam,84C,1993,5,21,6,15577,124570,,
Geoduck and Horseclam,84C,1993,5,22,5,25680,207561,,
Geoduck and Horseclam,84C,1993,5,Total,16,107876,875836,,
Geoduck and Horseclam,84C,1993,6,9,8,33962,245142,,
Geoduck and Horseclam,84C,1993,6,10,9,12524,102922,,
Geoduck and Horseclam,84C,1993,6,12,1,720,*,,
Geoduck and Horseclam,84C,1993,6,13,11,63666,548862,,
Geoduck and Horseclam,84C,1993,6,14,4,3061,26922,,
Geoduck and Horseclam,84C,1993,6,15,1,853,*,,
Geoduck and Horseclam,84C,1993,6,Total,14,114786,940319,,
Geoduck and Horseclam,84C,1993,14,4,5,5575,28205,,
Geoduck and Horseclam,84C,1993,14,5,10,83284,460802,,
Geoduck and Horseclam,84C,1993,14,7,10,25149,129427,,
Geoduck and Horseclam,84C,1993,14,8,2,4770,*,,
Geoduck and Horseclam,84C,1993,14,9,9,21063,110708,,
Geoduck and Horseclam,84C,1993,14,10,4,2014,8673,,
Geoduck and Horseclam,84C,1993,14,12,1,534,*,,
Geoduck and Horseclam,84C,1993,14,Total,10,142389,762662,,
Geoduck and Horseclam,84C,1993,15,1,1,325,*,,
Geoduck and Horseclam,84C,1993,15,Total,1,325,*,,
Geoduck and Horseclam,84C,1993,16,2,3,6429,43043,,
Geoduck and Horseclam,84C,1993,16,18,6,7868,46767,,
Geoduck and Horseclam,84C,1993,16,19,7,17025,85331,,
Geoduck and Horseclam,84C,1993,16,20,5,7780,34243,,
Geoduck and Horseclam,84C,1993,16,21,10,33230,181692,,
Geoduck and Horseclam,84C,1993,16,Total,10,72332,391076,,
Geoduck and Horseclam,84C,1993,24,6,19,127658,849001,,
Geoduck and Horseclam,84C,1993,24,7,11,21517,127782,,
Geoduck and Horseclam,84C,1993,24,8,16,17633,114451,,
Geoduck and Horseclam,84C,1993,24,Total,19,166808,1091234,,
Geoduck and Horseclam,84C,1993,26,1,9,15070,103131,,
Geoduck and Horseclam,84C,1993,26,2,11,31878,233735,,
Geoduck and Horseclam,84C,1993,26,6,5,12537,49485,,
Geoduck and Horseclam,84C,1993,26,8,1,3400,*,,
Geoduck and Horseclam,84C,1993,26,9,1,565,*,,
Geoduck and Horseclam,84C,1993,26,10,5,8660,76953,,
Geoduck and Horseclam,84C,1993,26,Total,14,72110,486161,,
Geoduck and Horseclam,84C,1993,27,5,13,31650,272144,,
Geoduck and Horseclam,84C,1993,27,Total,13,31650,272144,,
Geoduck and Horseclam,84C,1993,29,1,3,3705,17607,,
Geoduck and Horseclam,84C,1993,29,Total,3,3705,17607,,
Geoduck and Horseclam,84C,1994,1,2,4,5815,21930,,
Geoduck and Horseclam,84C,1994,1,3,8,15450,85534,,
Geoduck and Horseclam,84C,1994,1,Total,8,21265,107464,,
Geoduck and Horseclam,84C,1994,2,3,6,8911,65307,,
Geoduck and Horseclam,84C,1994,2,6,7,11565,94431,,
Geoduck and Horseclam,84C,1994,2,7,5,1539,11753,,
Geoduck and Horseclam,84C,1994,2,8,6,8222,71761,,
Geoduck and Horseclam,84C,1994,2,9,5,3179,19622,,
Geoduck and Horseclam,84C,1994,2,11,10,20108,236680,,
Geoduck and Horseclam,84C,1994,2,12,10,26022,238505,,
Geoduck and Horseclam,84C,1994,2,13,8,7182,62799,,
Geoduck and Horseclam,84C,1994,2,14,13,11091,104636,,
Geoduck and Horseclam,84C,1994,2,15,9,12119,118910,,
Geoduck and Horseclam,84C,1994,2,17,8,15917,140484,,
Geoduck and Horseclam,84C,1994,2,18,11,25560,210313,,
Geoduck and Horseclam,84C,1994,2,19,8,12617,96747,,
Geoduck and Horseclam,84C,1994,2,31,9,31194,304796,,
Geoduck and Horseclam,84C,1994,2,32,2,1960,*,,
Geoduck and Horseclam,84C,1994,2,36,1,2813,*,,
Geoduck and Horseclam,84C,1994,2,38,1,3015,*,,
Geoduck and Horseclam,84C,1994,2,49,4,3498,23825,,
Geoduck and Horseclam,84C,1994,2,50,8,16263,118164,,
Geoduck and Horseclam,84C,1994,2,52,2,7165,*,,
Geoduck and Horseclam,84C,1994,2,53,2,1230,*,,
Geoduck and Horseclam,84C,1994,2,55,1,2085,*,,
Geoduck and Horseclam,84C,1994,2,63,1,715,*,,
Geoduck and Horseclam,84C,1994,2,64,1,725,*,,
Geoduck and Horseclam,84C,1994,2,66,5,3182,18267,,
Geoduck and Horseclam,84C,1994,2,69,1,365,*,,
Geoduck and Horseclam,84C,1994,2,70,1,390,*,,
Geoduck and Horseclam,84C,1994,2,71,5,2465,17648,,
Geoduck and Horseclam,84C,1994,2,75,1,400,*,,
Geoduck and Horseclam,84C,1994,2,76,2,360,*,,
Geoduck and Horseclam,84C,1994,2,82,4,1700,12867,,
Geoduck and Horseclam,84C,1994,2,83,1,640,*,,
Geoduck and Horseclam,84C,1994,2,87,8,12537,87679,,
Geoduck and Horseclam,84C,1994,2,89,3,1340,10570,,
Geoduck and Horseclam,84C,1994,2,90,7,6504,38165,,
Geoduck and Horseclam,84C,1994,2,93,1,160,*,,
Geoduck and Horseclam,84C,1994,2,95,5,3380,23570,,
Geoduck and Horseclam,84C,1994,2,Total,20,268118,2272254,,
Geoduck and Horseclam,84C,1994,15,1,5,5620,29339,,
Geoduck and Horseclam,84C,1994,15,2,9,31659,155299,,
Geoduck and Horseclam,84C,1994,15,3,9,34230,167533,,
Geoduck and Horseclam,84C,1994,15,4,6,1385,9947,,
Geoduck and Horseclam,84C,1994,15,5,4,8149,31489,,
Geoduck and Horseclam,84C,1994,15,Total,9,81043,393607,,
Geoduck and Horseclam,84C,1994,17,2,1,115,*,,
Geoduck and Horseclam,84C,1994,17,4,2,1127,*,,
Geoduck and Horseclam,84C,1994,17,5,3,4750,21590,,
Geoduck and Horseclam,84C,1994,17,6,6,7819,43769,,
Geoduck and Horseclam,84C,1994,17,8,2,1401,*,,
Geoduck and Horseclam,84C,1994,17,10,8,19589,129295,,
Geoduck and Horseclam,84C,1994,17,16,2,1420,*,,
Geoduck and Horseclam,84C,1994,17,17,3,4787,23993,,
Geoduck and Horseclam,84C,1994,17,18,1,1555,*,,
Geoduck and Horseclam,84C,1994,17,19,6,11679,67562,,
Geoduck and Horseclam,84C,1994,17,Total,9,54242,317571,,
Geoduck and Horseclam,84C,1994,18,1,1,645,*,,
Geoduck and Horseclam,84C,1994,18,2,2,1400,*,,
Geoduck and Horseclam,84C,1994,18,5,1,125,*,,
Geoduck and Horseclam,84C,1994,18,7,4,5214,30732,,
Geoduck and Horseclam,84C,1994,18,11,3,1710,8290,,
Geoduck and Horseclam,84C,1994,18,Total,4,9094,43884,,
Geoduck and Horseclam,84C,1994,19,5,9,28045,138075,,
Geoduck and Horseclam,84C,1994,19,Total,9,28045,138075,,
Geoduck and Horseclam,84C,1994,24,6,14,68755,362149,,
Geoduck and Horseclam,84C,1994,24,7,2,647,*,,
Geoduck and Horseclam,84C,1994,24,8,12,20968,114932,,
Geoduck and Horseclam,84C,1994,24,9,7,7590,**,,
Geoduck and Horseclam,84C,1994,24,Total,15,97960,508430,,
Geoduck and Horseclam,84C,1994,25,6,6,14507,95660,,
Geoduck and Horseclam,84C,1994,25,9,1,250,*,,
Geoduck and Horseclam,84C,1994,25,11,2,2703,*,,
Geoduck and Horseclam,84C,1994,25,12,4,10195,57427,,
Geoduck and Horseclam,84C,1994,25,13,18,101202,646987,,
Geoduck and Horseclam,84C,1994,25,14,16,50046,262581,,
Geoduck and Horseclam,84C,1994,25,15,1,429,*,,
Geoduck and Horseclam,84C,1994,25,Total,18,179332,1087178,,
Geoduck and Horseclam,84C,1994,29,5,3,3638,22710,,
Geoduck and Horseclam,84C,1994,29,Total,3,3638,22710,,
Geoduck and Horseclam,84C,1995,6,11,6,8898,74365,,
Geoduck and Horseclam,84C,1995,6,13,3,2257,**,,
Geoduck and Horseclam,84C,1995,6,14,6,13936,103192,,
Geoduck and Horseclam,84C,1995,6,15,2,528,*,,
Geoduck and Horseclam,84C,1995,6,16,9,15122,142472,,
Geoduck and Horseclam,84C,1995,6,17,8,3948,34674,,
Geoduck and Horseclam,84C,1995,6,18,7,6018,47278,,
Geoduck and Horseclam,84C,1995,6,19,7,9120,61408,,
Geoduck and Horseclam,84C,1995,6,Total,13,59827,484333,,
Geoduck and Horseclam,84C,1995,7,1,4,2115,**,,
Geoduck and Horseclam,84C,1995,7,3,4,9558,79782,,
Geoduck and Horseclam,84C,1995,7,9,7,10601,89798,,
Geoduck and Horseclam,84C,1995,7,12,6,6516,37840,,
Geoduck and Horseclam,84C,1995,7,18,8,17567,166832,,
Geoduck and Horseclam,84C,1995,7,19,5,5113,53860,,
Geoduck and Horseclam,84C,1995,7,20,3,1758,16327,,
Geoduck and Horseclam,84C,1995,7,23,1,600,*,,
Geoduck and Horseclam,84C,1995,7,25,14,35804,318510,,
Geoduck and Horseclam,84C,1995,7,27,13,64883,568779,,
Geoduck and Horseclam,84C,1995,7,28,3,2030,19813,,
Geoduck and Horseclam,84C,1995,7,31,7,6347,62964,,
Geoduck and Horseclam,84C,1995,7,32,9,19921,172057,,
Geoduck and Horseclam,84C,1995,7,Total,22,182813,1608464,,
Geoduck and Horseclam,84C,1995,8,2,9,20144,162135,,
Geoduck and Horseclam,84C,1995,8,4,5,12523,**,,
Geoduck and Horseclam,84C,1995,8,16,1,60,*,,
Geoduck and Horseclam,84C,1995,8,Total,12,32727,256650,,
Geoduck and Horseclam,84C,1995,9,1,4,2975,29193,,
Geoduck and Horseclam,84C,1995,9,2,3,4281,32409,,
Geoduck and Horseclam,84C,1995,9,12,3,734,3460,,
Geoduck and Horseclam,84C,1995,9,Total,6,7990,65062,,
Geoduck and Horseclam,84C,1995,10,1,4,3326,24606,,
Geoduck and Horseclam,84C,1995,10,3,3,4423,35237,,
Geoduck and Horseclam,84C,1995,10,4,4,3701,28182,,
Geoduck and Horseclam,84C,1995,10,Total,6,11450,88025,,
Geoduck and Horseclam,84C,1995,12,6,2,518,*,,
Geoduck and Horseclam,84C,1995,12,8,8,15114,68122,,
Geoduck and Horseclam,84C,1995,12,11,3,10753,75556,,
Geoduck and Horseclam,84C,1995,12,16,3,1302,10102,,
Geoduck and Horseclam,84C,1995,12,41,5,3366,17493,,
Geoduck and Horseclam,84C,1995,12,42,2,376,*,,
Geoduck and Horseclam,84C,1995,12,Total,9,31429,176545,,
Geoduck and Horseclam,84C,1995,13,1,5,4391,19284,,
Geoduck and Horseclam,84C,1995,13,2,1,260,*,,
Geoduck and Horseclam,84C,1995,13,3,1,190,*,,
Geoduck and Horseclam,84C,1995,13,4,1,65,*,,
Geoduck and Horseclam,84C,1995,13,14,5,6995,31274,,
Geoduck and Horseclam,84C,1995,13,15,4,4712,18439,,
Geoduck and Horseclam,84C,1995,13,16,5,5109,20037,,
Geoduck and Horseclam,84C,1995,13,17,1,1598,*,,
Geoduck and Horseclam,84C,1995,13,Total,8,23320,96217,,
Geoduck and Horseclam,84C,1995,14,7,1,568,*,,
Geoduck and Horseclam,84C,1995,14,10,9,44153,195203,,
Geoduck and Horseclam,84C,1995,14,11,5,11405,65665,,
Geoduck and Horseclam,84C,1995,14,13,9,62529,352939,,
Geoduck and Horseclam,84C,1995,14,15,4,1775,**,,
Geoduck and Horseclam,84C,1995,14,Total,9,120430,623414,,
Geoduck and Horseclam,84C,1995,23,5,6,3422,24477,,
Geoduck and Horseclam,84C,1995,23,6,10,12607,76003,,
Geoduck and Horseclam,84C,1995,23,8,7,7679,43927,,
Geoduck and Horseclam,84C,1995,23,9,6,9723,63498,,
Geoduck and Horseclam,84C,1995,23,10,8,9790,57969,,
Geoduck and Horseclam,84C,1995,23,11,4,2922,21426,,
Geoduck and Horseclam,84C,1995,23,Total,10,46143,287300,,
Geoduck and Horseclam,84C,1995,24,2,3,2830,27138,,
Geoduck and Horseclam,84C,1995,24,6,9,58154,280316,,
Geoduck and Horseclam,84C,1995,24,8,10,17751,78598,,
Geoduck and Horseclam,84C,1995,24,9,6,6604,28653,,
Geoduck and Horseclam,84C,1995,24,Total,10,85339,414705,,
Geoduck and Horseclam,84C,1995,27,1,5,20185,95526,,
Geoduck and Horseclam,84C,1995,27,2,7,15149,79885,,
Geoduck and Horseclam,84C,1995,27,3,4,4238,33495,,
Geoduck and Horseclam,84C,1995,27,5,7,17124,141706,,
Geoduck and Horseclam,84C,1995,27,6,5,1937,14480,,
Geoduck and Horseclam,84C,1995,27,7,6,10635,89046,,
Geoduck and Horseclam,84C,1995,27,Total,12,69268,454138,,
Geoduck and Horseclam,84C,1995,111,0,2,1462,*,,
Geoduck and Horseclam,84C,1995,111,Total,2,1462,*,,
Geoduck and Horseclam,84C,1996,3,1,8,22336,155630,,
Geoduck and Horseclam,84C,1996,3,2,1,1260,*,,
Geoduck and Horseclam,84C,1996,3,3,2,380,*,,
Geoduck and Horseclam,84C,1996,3,Total,9,23976,171483,,
Geoduck and Horseclam,84C,1996,4,1,9,16351,136925,,
Geoduck and Horseclam,84C,1996,4,2,9,5105,43266,,
Geoduck and Horseclam,84C,1996,4,3,9,3354,**,,
Geoduck and Horseclam,84C,1996,4,4,5,3868,28546,,
Geoduck and Horseclam,84C,1996,4,5,6,6725,41545,,
Geoduck and Horseclam,84C,1996,4,9,2,1200,*,,
Geoduck and Horseclam,84C,1996,4,13,8,8434,71923,,
Geoduck and Horseclam,84C,1996,4,Total,19,45037,349619,,
Geoduck and Horseclam,84C,1996,5,10,10,6487,41886,,
Geoduck and Horseclam,84C,1996,5,12,8,1878,11979,,
Geoduck and Horseclam,84C,1996,5,13,9,7457,50300,,
Geoduck and Horseclam,84C,1996,5,20,11,65960,450004,,
Geoduck and Horseclam,84C,1996,5,21,11,25237,174183,,
Geoduck and Horseclam,84C,1996,5,22,9,20038,153001,,
Geoduck and Horseclam,84C,1996,5,Total,15,127057,881353,,
Geoduck and Horseclam,84C,1996,6,9,6,20138,173281,,
Geoduck and Horseclam,84C,1996,6,10,7,10063,76931,,
Geoduck and Horseclam,84C,1996,6,12,4,1579,14246,,
Geoduck and Horseclam,84C,1996,6,13,15,68366,547522,,
Geoduck and Horseclam,84C,1996,6,Total,19,100146,811980,,
Geoduck and Horseclam,84C,1996,12,12,7,6952,**,,
Geoduck and Horseclam,84C,1996,12,15,8,21853,153309,,
Geoduck and Horseclam,84C,1996,12,16,1,447,*,,
Geoduck and Horseclam,84C,1996,12,Total,8,29252,210927,,
Geoduck and Horseclam,84C,1996,14,1,7,8720,45900,,
Geoduck and Horseclam,84C,1996,14,3,2,507,*,,
Geoduck and Horseclam,84C,1996,14,4,9,15964,70555,,
Geoduck and Horseclam,84C,1996,14,5,10,31005,150157,,
Geoduck and Horseclam,84C,1996,14,7,10,27024,138776,,
Geoduck and Horseclam,84C,1996,14,9,2,1550,*,,
Geoduck and Horseclam,84C,1996,14,10,5,2169,10325,,
Geoduck and Horseclam,84C,1996,14,Total,10,86939,425379,,
Geoduck and Horseclam,84C,1996,16,1,6,2352,12714,,
Geoduck and Horseclam,84C,1996,16,2,8,3101,18897,,
Geoduck and Horseclam,84C,1996,16,17,3,1204,8482,,
Geoduck and Horseclam,84C,1996,16,19,5,4011,26186,,
Geoduck and Horseclam,84C,1996,16,20,6,3233,16572,,
Geoduck and Horseclam,84C,1996,16,21,9,18260,116438,,
Geoduck and Horseclam,84C,1996,16,Total,10,32161,199289,,
Geoduck and Horseclam,84C,1996,24,2,5,4966,25791,,
Geoduck and Horseclam,84C,1996,24,6,11,67750,326405,,
Geoduck and Horseclam,84C,1996,24,7,6,8417,38260,,
Geoduck and Horseclam,84C,1996,24,8,8,19267,84639,,
Geoduck and Horseclam,84C,1996,24,9,4,10160,38476,,
Geoduck and Horseclam,84C,1996,24,11,4,3808,13812,,
Geoduck and Horseclam,84C,1996,24,Total,11,114368,527383,,
Geoduck and Horseclam,84C,1996,26,1,1,150,*,,
Geoduck and Horseclam,84C,1996,26,2,7,29744,192825,,
Geoduck and Horseclam,84C,1996,26,6,7,6926,**,,
Geoduck and Horseclam,84C,1996,26,10,7,10094,58600,,
Geoduck and Horseclam,84C,1996,26,Total,9,46914,284617,,
Geoduck and Horseclam,84C,1996,29,1,2,1117,*,,
Geoduck and Horseclam,84C,1996,29,Total,2,1117,*,,
Geoduck and Horseclam,84C,1996,106,2,7,8719,73991,,
Geoduck and Horseclam,84C,1996,106,Total,7,8719,73991,,
Geoduck and Horseclam,84C,1997,1,2,5,2915,15621,,
Geoduck and Horseclam,84C,1997,1,3,5,10553,60214,,
Geoduck and Horseclam,84C,1997,1,7,3,865,4389,,
Geoduck and Horseclam,84C,1997,1,Total,7,14333,80224,,
Geoduck and Horseclam,84C,1997,2,1,2,810,*,,
Geoduck and Horseclam,84C,1997,2,3,9,34289,258146,,
Geoduck and Horseclam,84C,1997,2,6,6,9017,63591,,
Geoduck and Horseclam,84C,1997,2,7,8,10720,72507,,
Geoduck and Horseclam,84C,1997,2,8,7,19050,86372,,
Geoduck and Horseclam,84C,1997,2,9,3,2548,16744,,
Geoduck and Horseclam,84C,1997,2,11,4,16286,144878,,
Geoduck and Horseclam,84C,1997,2,12,5,17200,140019,,
Geoduck and Horseclam,84C,1997,2,13,2,2545,*,,
Geoduck and Horseclam,84C,1997,2,14,10,12247,103541,,
Geoduck and Horseclam,84C,1997,2,15,3,5834,57390,,
Geoduck and Horseclam,84C,1997,2,17,5,9938,102776,,
Geoduck and Horseclam,84C,1997,2,18,7,15992,140348,,
Geoduck and Horseclam,84C,1997,2,19,8,11055,96374,,
Geoduck and Horseclam,84C,1997,2,31,6,19750,172378,,
Geoduck and Horseclam,84C,1997,2,32,2,590,*,,
Geoduck and Horseclam,84C,1997,2,36,3,1975,20310,,
Geoduck and Horseclam,84C,1997,2,38,2,2054,*,,
Geoduck and Horseclam,84C,1997,2,39,3,5592,56769,,
Geoduck and Horseclam,84C,1997,2,40,1,27,*,,
Geoduck and Horseclam,84C,1997,2,49,2,520,*,,
Geoduck and Horseclam,84C,1997,2,50,4,1843,14612,,
Geoduck and Horseclam,84C,1997,2,53,3,3235,25257,,
Geoduck and Horseclam,84C,1997,2,54,1,110,*,,
Geoduck and Horseclam,84C,1997,2,55,4,3160,24893,,
Geoduck and Horseclam,84C,1997,2,60,1,75,*,,
Geoduck and Horseclam,84C,1997,2,63,2,1445,*,,
Geoduck and Horseclam,84C,1997,2,64,1,70,*,,
Geoduck and Horseclam,84C,1997,2,65,2,830,*,,
Geoduck and Horseclam,84C,1997,2,66,3,3560,25319,,
Geoduck and Horseclam,84C,1997,2,70,3,3735,28547,,
Geoduck and Horseclam,84C,1997,2,71,3,4570,34889,,
Geoduck and Horseclam,84C,1997,2,75,3,3820,31447,,
Geoduck and Horseclam,84C,1997,2,76,1,905,*,,
Geoduck and Horseclam,84C,1997,2,80,1,240,*,,
Geoduck and Horseclam,84C,1997,2,81,2,1115,*,,
Geoduck and Horseclam,84C,1997,2,82,4,4627,40627,,
Geoduck and Horseclam,84C,1997,2,87,5,10733,81232,,
Geoduck and Horseclam,84C,1997,2,89,2,1350,*,,
Geoduck and Horseclam,84C,1997,2,90,5,7880,49976,,
Geoduck and Horseclam,84C,1997,2,93,2,860,*,,
Geoduck and Horseclam,84C,1997,2,95,3,1870,12246,,
Geoduck and Horseclam,84C,1997,2,100,1,410,*,,
Geoduck and Horseclam,84C,1997,2,Total,21,254482,2007789,,
Geoduck and Horseclam,84C,1997,13,1,2,1310,*,,
Geoduck and Horseclam,84C,1997,13,13,3,1205,**,,
Geoduck and Horseclam,84C,1997,13,14,5,6871,31547,,
Geoduck and Horseclam,84C,1997,13,15,6,7369,32985,,
Geoduck and Horseclam,84C,1997,13,16,6,4079,17935,,
Geoduck and Horseclam,84C,1997,13,17,3,1460,7507,,
Geoduck and Horseclam,84C,1997,13,Total,8,22294,100768,,
Geoduck and Horseclam,84C,1997,15,1,4,12299,58662,,
Geoduck and Horseclam,84C,1997,15,2,9,55808,226420,,
Geoduck and Horseclam,84C,1997,15,3,9,29344,103260,,
Geoduck and Horseclam,84C,1997,15,4,4,1219,4024,,
Geoduck and Horseclam,84C,1997,15,5,6,5177,26180,,
Geoduck and Horseclam,84C,1997,15,Total,9,103847,418546,,
Geoduck and Horseclam,84C,1997,24,2,4,7827,44669,,
Geoduck and Horseclam,84C,1997,24,4,2,400,*,,
Geoduck and Horseclam,84C,1997,24,6,13,46853,191392,,
Geoduck and Horseclam,84C,1997,24,7,6,1914,**,,
Geoduck and Horseclam,84C,1997,24,8,10,9600,37909,,
Geoduck and Horseclam,84C,1997,24,9,12,17097,63216,,
Geoduck and Horseclam,84C,1997,24,11,8,3248,10204,,
Geoduck and Horseclam,84C,1997,24,Total,15,86939,357178,,
Geoduck and Horseclam,84C,1997,25,6,9,18239,101896,,
Geoduck and Horseclam,84C,1997,25,9,1,746,*,,
Geoduck and Horseclam,84C,1997,25,10,1,400,*,,
Geoduck and Horseclam,84C,1997,25,12,4,5729,35151,,
Geoduck and Horseclam,84C,1997,25,13,16,74331,309813,,
Geoduck and Horseclam,84C,1997,25,14,16,92143,397763,,
Geoduck and Horseclam,84C,1997,25,15,1,2855,*,,
Geoduck and Horseclam,84C,1997,25,Total,17,194443,866854,,
Geoduck and Horseclam,84C,1998,6,11,6,14277,93326,,
Geoduck and Horseclam,84C,1998,6,13,6,4910,38088,,
Geoduck and Horseclam,84C,1998,6,14,8,16167,124877,,
Geoduck and Horseclam,84C,1998,6,15,4,1620,12881,,
Geoduck and Horseclam,84C,1998,6,16,8,17234,167997,,
Geoduck and Horseclam,84C,1998,6,17,5,2616,18889,,
Geoduck and Horseclam,84C,1998,6,18,6,6677,54901,,
Geoduck and Horseclam,84C,1998,6,19,6,6510,49853,,
Geoduck and Horseclam,84C,1998,6,Total,15,70011,560812,,
Geoduck and Horseclam,84C,1998,7,1,4,1868,10547,,
Geoduck and Horseclam,84C,1998,7,3,10,11007,78415,,
Geoduck and Horseclam,84C,1998,7,8,1,287,*,,
Geoduck and Horseclam,84C,1998,7,9,11,10962,73396,,
Geoduck and Horseclam,84C,1998,7,12,3,4056,30863,,
Geoduck and Horseclam,84C,1998,7,17,1,270,*,,
Geoduck and Horseclam,84C,1998,7,18,7,17059,129395,,
Geoduck and Horseclam,84C,1998,7,19,5,3646,32388,,
Geoduck and Horseclam,84C,1998,7,20,5,1785,15052,,
Geoduck and Horseclam,84C,1998,7,21,3,1085,10058,,
Geoduck and Horseclam,84C,1998,7,22,1,140,*,,
Geoduck and Horseclam,84C,1998,7,23,3,1405,10068,,
Geoduck and Horseclam,84C,1998,7,24,3,365,3086,,
Geoduck and Horseclam,84C,1998,7,25,14,31258,253688,,
Geoduck and Horseclam,84C,1998,7,27,19,60970,469234,,
Geoduck and Horseclam,84C,1998,7,28,4,1665,15435,,
Geoduck and Horseclam,84C,1998,7,31,7,12076,92879,,
Geoduck and Horseclam,84C,1998,7,32,5,9145,86965,,
Geoduck and Horseclam,84C,1998,7,Total,23,169049,1318042,,
Geoduck and Horseclam,84C,1998,8,2,8,19841,157173,,
Geoduck and Horseclam,84C,1998,8,4,5,6693,53545,,
Geoduck and Horseclam,84C,1998,8,Total,9,26534,210718,,
Geoduck and Horseclam,84C,1998,9,1,4,2175,13164,,
Geoduck and Horseclam,84C,1998,9,2,3,6937,44029,,
Geoduck and Horseclam,84C,1998,9,12,3,1265,9984,,
Geoduck and Horseclam,84C,1998,9,Total,5,10377,67177,,
Geoduck and Horseclam,84C,1998,10,1,3,1525,12652,,
Geoduck and Horseclam,84C,1998,10,3,4,3585,21871,,
Geoduck and Horseclam,84C,1998,10,4,5,6185,41219,,
Geoduck and Horseclam,84C,1998,10,Total,7,11295,75742,,
Geoduck and Horseclam,84C,1998,12,6,5,4086,16640,,
Geoduck and Horseclam,84C,1998,12,8,5,5856,27212,,
Geoduck and Horseclam,84C,1998,12,11,3,7111,52674,,
Geoduck and Horseclam,84C,1998,12,16,5,3195,24242,,
Geoduck and Horseclam,84C,1998,12,Total,5,20248,120768,,
Geoduck and Horseclam,84C,1998,13,1,4,460,3048,,
Geoduck and Horseclam,84C,1998,13,Total,4,460,3048,,
Geoduck and Horseclam,84C,1998,14,7,1,356,*,,
Geoduck and Horseclam,84C,1998,14,8,5,3384,18410,,
Geoduck and Horseclam,84C,1998,14,10,6,16603,70757,,
Geoduck and Horseclam,84C,1998,14,11,2,1332,*,,
Geoduck and Horseclam,84C,1998,14,13,9,45459,249520,,
Geoduck and Horseclam,84C,1998,14,15,5,5336,26165,,
Geoduck and Horseclam,84C,1998,14,Total,9,72470,374792,,
Geoduck and Horseclam,84C,1998,17,5,3,3366,16944,,
Geoduck and Horseclam,84C,1998,17,6,3,665,3394,,
Geoduck and Horseclam,84C,1998,17,10,4,3709,22818,,
Geoduck and Horseclam,84C,1998,17,12,1,122,*,,
Geoduck and Horseclam,84C,1998,17,13,2,770,*,,
Geoduck and Horseclam,84C,1998,17,17,2,260,*,,
Geoduck and Horseclam,84C,1998,17,18,4,5042,30385,,
Geoduck and Horseclam,84C,1998,17,19,5,4165,18446,,
Geoduck and Horseclam,84C,1998,17,20,5,2763,12533,,
Geoduck and Horseclam,84C,1998,17,Total,8,20862,110219,,
Geoduck and Horseclam,84C,1998,23,5,9,6851,41550,,
Geoduck and Horseclam,84C,1998,23,6,9,10536,57007,,
Geoduck and Horseclam,84C,1998,23,8,4,8325,46878,,
Geoduck and Horseclam,84C,1998,23,9,10,12396,62938,,
Geoduck and Horseclam,84C,1998,23,10,12,10767,48432,,
Geoduck and Horseclam,84C,1998,23,11,3,670,3508,,
Geoduck and Horseclam,84C,1998,23,Total,14,49545,260313,,
Geoduck and Horseclam,84C,1998,24,6,14,67930,287992,,
Geoduck and Horseclam,84C,1998,24,7,7,3254,15560,,
Geoduck and Horseclam,84C,1998,24,8,11,10630,44287,,
Geoduck and Horseclam,84C,1998,24,Total,14,81814,347839,,
Geoduck and Horseclam,84C,1998,27,2,12,14407,65908,,
Geoduck and Horseclam,84C,1998,27,3,12,18662,76966,,
Geoduck and Horseclam,84C,1998,27,5,9,30271,131757,,
Geoduck and Horseclam,84C,1998,27,6,11,21510,98665,,
Geoduck and Horseclam,84C,1998,27,7,6,14075,98769,,
Geoduck and Horseclam,84C,1998,27,Total,12,98925,472065,,
Geoduck and Horseclam,84C,1999,3,1,9,21568,141340,,
Geoduck and Horseclam,84C,1999,3,3,2,480,*,,
Geoduck and Horseclam,84C,1999,3,4,2,410,*,,
Geoduck and Horseclam,84C,1999,3,Total,10,22458,145135,,
Geoduck and Horseclam,84C,1999,4,1,8,22013,170762,,
Geoduck and Horseclam,84C,1999,4,2,8,10330,82072,,
Geoduck and Horseclam,84C,1999,4,3,8,2970,20255,,
Geoduck and Horseclam,84C,1999,4,4,7,3905,36262,,
Geoduck and Horseclam,84C,1999,4,5,7,2872,**,,
Geoduck and Horseclam,84C,1999,4,9,1,40,*,,
Geoduck and Horseclam,84C,1999,4,13,6,12228,112799,,
Geoduck and Horseclam,84C,1999,4,Total,9,54358,440906,,
Geoduck and Horseclam,84C,1999,5,10,8,6740,**,,
Geoduck and Horseclam,84C,1999,5,12,7,9320,60234,,
Geoduck and Horseclam,84C,1999,5,13,12,24571,184730,,
Geoduck and Horseclam,84C,1999,5,17,6,5212,49058,,
Geoduck and Horseclam,84C,1999,5,19,1,60,*,,
Geoduck and Horseclam,84C,1999,5,20,17,50476,410609,,
Geoduck and Horseclam,84C,1999,5,21,8,12210,80928,,
Geoduck and Horseclam,84C,1999,5,22,7,12557,109592,,
Geoduck and Horseclam,84C,1999,5,Total,20,121146,937809,,
Geoduck and Horseclam,84C,1999,6,9,9,22312,193849,,
Geoduck and Horseclam,84C,1999,6,10,9,10255,68708,,
Geoduck and Horseclam,84C,1999,6,12,4,1766,12399,,
Geoduck and Horseclam,84C,1999,6,13,8,49576,338935,,
Geoduck and Horseclam,84C,1999,6,Total,13,83909,613891,,
Geoduck and Horseclam,84C,1999,14,4,5,2208,8631,,
Geoduck and Horseclam,84C,1999,14,5,9,52163,243914,,
Geoduck and Horseclam,84C,1999,14,7,8,17130,86082,,
Geoduck and Horseclam,84C,1999,14,8,1,85,*,,
Geoduck and Horseclam,84C,1999,14,9,3,2963,17697,,
Geoduck and Horseclam,84C,1999,14,10,2,3345,*,,
Geoduck and Horseclam,84C,1999,14,Total,9,77894,376881,,
Geoduck and Horseclam,84C,1999,16,1,6,639,2139,,
Geoduck and Horseclam,84C,1999,16,2,7,3523,16947,,
Geoduck and Horseclam,84C,1999,16,5,1,2897,*,,
Geoduck and Horseclam,84C,1999,16,11,4,1866,8414,,
Geoduck and Horseclam,84C,1999,16,16,1,35,*,,
Geoduck and Horseclam,84C,1999,16,17,2,481,*,,
Geoduck and Horseclam,84C,1999,16,18,4,3357,18720,,
Geoduck and Horseclam,84C,1999,16,19,4,3300,18734,,
Geoduck and Horseclam,84C,1999,16,20,2,3124,*,,
Geoduck and Horseclam,84C,1999,16,21,5,9388,53596,,
Geoduck and Horseclam,84C,1999,16,22,5,6749,50846,,
Geoduck and Horseclam,84C,1999,16,Total,9,35359,202181,,
Geoduck and Horseclam,84C,1999,24,2,4,8215,43281,,
Geoduck and Horseclam,84C,1999,24,6,13,122559,621723,,
Geoduck and Horseclam,84C,1999,24,7,9,13107,58446,,
Geoduck and Horseclam,84C,1999,24,8,13,20847,100429,,
Geoduck and Horseclam,84C,1999,24,9,10,6671,23859,,
Geoduck and Horseclam,84C,1999,24,Total,13,171399,847738,,
Geoduck and Horseclam,84C,1999,26,1,2,415,*,,
Geoduck and Horseclam,84C,1999,26,2,11,21625,95468,,
Geoduck and Horseclam,84C,1999,26,3,3,2551,18116,,
Geoduck and Horseclam,84C,1999,26,6,8,13545,55292,,
Geoduck and Horseclam,84C,1999,26,7,4,3909,15859,,
Geoduck and Horseclam,84C,1999,26,8,6,6404,29294,,
Geoduck and Horseclam,84C,1999,26,9,1,311,*,,
Geoduck and Horseclam,84C,1999,26,10,4,3995,15275,,
Geoduck and Horseclam,84C,1999,26,Total,11,52755,232424,,
Geoduck and Horseclam,84C,1999,29,1,1,122,*,,
Geoduck and Horseclam,84C,1999,29,2,1,58,*,,
Geoduck and Horseclam,84C,1999,29,Total,1,180,*,,
Geoduck and Horseclam,84C,1999,106,2,10,10375,94511,,
Geoduck and Horseclam,84C,1999,106,Total,10,10375,94511,,
Geoduck and Horseclam,84C,2000,2,1,7,2363,10790,,
Geoduck and Horseclam,84C,2000,2,3,11,30505,213579,,
Geoduck and Horseclam,84C,2000,2,6,10,12993,80097,,
Geoduck and Horseclam,84C,2000,2,7,9,10881,71335,,
Geoduck and Horseclam,84C,2000,2,8,10,13278,94948,,
Geoduck and Horseclam,84C,2000,2,9,5,3080,20188,,
Geoduck and Horseclam,84C,2000,2,11,8,20415,171414,,
Geoduck and Horseclam,84C,2000,2,12,9,19895,166368,,
Geoduck and Horseclam,84C,2000,2,13,5,1578,13709,,
Geoduck and Horseclam,84C,2000,2,14,15,12711,108311,,
Geoduck and Horseclam,84C,2000,2,15,9,6538,54826,,
Geoduck and Horseclam,84C,2000,2,17,8,18297,161365,,
Geoduck and Horseclam,84C,2000,2,18,10,22170,197371,,
Geoduck and Horseclam,84C,2000,2,19,5,10891,90265,,
Geoduck and Horseclam,84C,2000,2,31,10,15406,146507,,
Geoduck and Horseclam,84C,2000,2,32,1,40,*,,
Geoduck and Horseclam,84C,2000,2,36,3,1511,15197,,
Geoduck and Horseclam,84C,2000,2,38,3,9945,86133,,
Geoduck and Horseclam,84C,2000,2,39,1,1280,*,,
Geoduck and Horseclam,84C,2000,2,42,6,9546,75769,,
Geoduck and Horseclam,84C,2000,2,43,5,3170,24617,,
Geoduck and Horseclam,84C,2000,2,45,2,780,*,,
Geoduck and Horseclam,84C,2000,2,46,1,11,*,,
Geoduck and Horseclam,84C,2000,2,47,2,525,*,,
Geoduck and Horseclam,84C,2000,2,49,3,3552,30180,,
Geoduck and Horseclam,84C,2000,2,50,1,615,*,,
Geoduck and Horseclam,84C,2000,2,52,1,129,*,,
Geoduck and Horseclam,84C,2000,2,53,3,6627,60213,,
Geoduck and Horseclam,84C,2000,2,55,3,1065,9663,,
Geoduck and Horseclam,84C,2000,2,58,1,595,*,,
Geoduck and Horseclam,84C,2000,2,62,3,533,3594,,
Geoduck and Horseclam,84C,2000,2,63,3,1440,10883,,
Geoduck and Horseclam,84C,2000,2,65,4,1817,13224,,
Geoduck and Horseclam,84C,2000,2,66,2,1000,*,,
Geoduck and Horseclam,84C,2000,2,70,3,515,3061,,
Geoduck and Horseclam,84C,2000,2,71,9,9258,51647,,
Geoduck and Horseclam,84C,2000,2,75,8,3919,21625,,
Geoduck and Horseclam,84C,2000,2,76,3,1115,6727,,
Geoduck and Horseclam,84C,2000,2,80,5,1491,9202,,
Geoduck and Horseclam,84C,2000,2,81,2,900,*,,
Geoduck and Horseclam,84C,2000,2,82,6,3337,19965,,
Geoduck and Horseclam,84C,2000,2,87,8,12347,100291,,
Geoduck and Horseclam,84C,2000,2,88,1,70,*,,
Geoduck and Horseclam,84C,2000,2,89,1,400,*,,
Geoduck and Horseclam,84C,2000,2,90,6,6477,36476,,
Geoduck and Horseclam,84C,2000,2,93,1,110,*,,
Geoduck and Horseclam,84C,2000,2,95,3,840,6124,,
Geoduck and Horseclam,84C,2000,2,Total,25,285961,2232694,,
Geoduck and Horseclam,84C,2000,13,1,2,155,*,,
Geoduck and Horseclam,84C,2000,13,12,2,638,*,,
Geoduck and Horseclam,84C,2000,13,13,5,7616,27990,,
Geoduck and Horseclam,84C,2000,13,14,3,7190,26011,,
Geoduck and Horseclam,84C,2000,13,15,4,5078,20945,,
Geoduck and Horseclam,84C,2000,13,16,8,4395,17889,,
Geoduck and Horseclam,84C,2000,13,17,5,1356,4984,,
Geoduck and Horseclam,84C,2000,13,18,1,50,*,,
Geoduck and Horseclam,84C,2000,13,Total,8,26478,101718,,
Geoduck and Horseclam,84C,2000,14,10,1,60,*,,
Geoduck and Horseclam,84C,2000,14,11,8,13875,**,,
Geoduck and Horseclam,84C,2000,14,13,7,23176,109216,,
Geoduck and Horseclam,84C,2000,14,Total,8,37111,179457,,
Geoduck and Horseclam,84C,2000,15,1,6,11528,74723,,
Geoduck and Horseclam,84C,2000,15,2,8,26768,123818,,
Geoduck and Horseclam,84C,2000,15,3,8,8793,34784,,
Geoduck and Horseclam,84C,2000,15,4,3,166,580,,
Geoduck and Horseclam,84C,2000,15,5,4,1288,6435,,
Geoduck and Horseclam,84C,2000,15,Total,9,48543,240340,,
Geoduck and Horseclam,84C,2000,18,7,2,1268,*,,
Geoduck and Horseclam,84C,2000,18,Total,2,1268,*,,
Geoduck and Horseclam,84C,2000,19,5,6,16970,82176,,
Geoduck and Horseclam,84C,2000,19,Total,6,16970,82176,,
Geoduck and Horseclam,84C,2000,24,2,3,3010,16336,,
Geoduck and Horseclam,84C,2000,24,6,14,153579,748530,,
Geoduck and Horseclam,84C,2000,24,7,11,8603,40662,,
Geoduck and Horseclam,84C,2000,24,8,11,11755,50949,,
Geoduck and Horseclam,84C,2000,24,9,7,10918,36964,,
Geoduck and Horseclam,84C,2000,24,Total,14,187865,893441,,
Geoduck and Horseclam,84C,2000,25,6,7,13386,72737,,
Geoduck and Horseclam,84C,2000,25,13,4,20393,103911,,
Geoduck and Horseclam,84C,2000,25,14,3,2600,**,,
Geoduck and Horseclam,84C,2000,25,15,2,117,*,,
Geoduck and Horseclam,84C,2000,25,Total,7,36496,186624,,
Geoduck and Horseclam,84C,2001,6,11,5,4322,31896,,
Geoduck and Horseclam,84C,2001,6,13,9,4930,42232,,
Geoduck and Horseclam,84C,2001,6,14,5,6110,55387,,
Geoduck and Horseclam,84C,2001,6,15,5,595,4115,,
Geoduck and Horseclam,84C,2001,6,16,11,12159,113981,,
Geoduck and Horseclam,84C,2001,6,18,9,11908,100782,,
Geoduck and Horseclam,84C,2001,6,19,7,5899,47978,,
Geoduck and Horseclam,84C,2001,6,Total,11,45923,396371,,
Geoduck and Horseclam,84C,2001,7,1,5,1763,10223,,
Geoduck and Horseclam,84C,2001,7,3,13,11718,84170,,
Geoduck and Horseclam,84C,2001,7,8,5,3065,27077,,
Geoduck and Horseclam,84C,2001,7,9,11,15871,124257,,
Geoduck and Horseclam,84C,2001,7,12,5,12271,95250,,
Geoduck and Horseclam,84C,2001,7,17,4,721,**,,
Geoduck and Horseclam,84C,2001,7,18,13,21391,171642,,
Geoduck and Horseclam,84C,2001,7,19,9,5275,37852,,
Geoduck and Horseclam,84C,2001,7,20,8,3820,30225,,
Geoduck and Horseclam,84C,2001,7,21,7,1265,12195,,
Geoduck and Horseclam,84C,2001,7,23,6,2242,14922,,
Geoduck and Horseclam,84C,2001,7,24,1,240,*,,
Geoduck and Horseclam,84C,2001,7,25,11,30930,248092,,
Geoduck and Horseclam,84C,2001,7,27,13,51331,360538,,
Geoduck and Horseclam,84C,2001,7,28,6,4294,36300,,
Geoduck and Horseclam,84C,2001,7,31,10,11294,100396,,
Geoduck and Horseclam,84C,2001,7,32,10,17034,134924,,
Geoduck and Horseclam,84C,2001,7,Total,24,194525,1494198,,
Geoduck and Horseclam,84C,2001,8,1,1,365,*,,
Geoduck and Horseclam,84C,2001,8,2,9,28384,235811,,
Geoduck and Horseclam,84C,2001,8,4,8,9608,65164,,
Geoduck and Horseclam,84C,2001,8,16,1,47,*,,
Geoduck and Horseclam,84C,2001,8,Total,11,38404,304101,,
Geoduck and Horseclam,84C,2001,9,1,6,5045,31791,,
Geoduck and Horseclam,84C,2001,9,2,7,4625,28640,,
Geoduck and Horseclam,84C,2001,9,12,4,1602,9131,,
Geoduck and Horseclam,84C,2001,9,Total,9,11272,69562,,
Geoduck and Horseclam,84C,2001,10,1,4,2181,15401,,
Geoduck and Horseclam,84C,2001,10,3,9,11815,82385,,
Geoduck and Horseclam,84C,2001,10,4,7,8070,47193,,
Geoduck and Horseclam,84C,2001,10,Total,10,22066,144979,,
Geoduck and Horseclam,84C,2001,12,8,4,1919,**,,
Geoduck and Horseclam,84C,2001,12,9,2,260,*,,
Geoduck and Horseclam,84C,2001,12,13,4,1395,10055,,
Geoduck and Horseclam,84C,2001,12,16,7,7282,51712,,
Geoduck and Horseclam,84C,2001,12,17,6,4616,17462,,
Geoduck and Horseclam,84C,2001,12,41,5,4023,28884,,
Geoduck and Horseclam,84C,2001,12,Total,7,19495,117866,,
Geoduck and Horseclam,84C,2001,13,1,5,1518,6657,,
Geoduck and Horseclam,84C,2001,13,Total,5,1518,6657,,
Geoduck and Horseclam,84C,2001,14,1,3,3465,15503,,
Geoduck and Horseclam,84C,2001,14,4,5,2876,15571,,
Geoduck and Horseclam,84C,2001,14,5,6,9803,62849,,
Geoduck and Horseclam,84C,2001,14,8,6,3125,17265,,
Geoduck and Horseclam,84C,2001,14,10,7,20362,95340,,
Geoduck and Horseclam,84C,2001,14,11,3,882,**,,
Geoduck and Horseclam,84C,2001,14,13,7,9217,46928,,
Geoduck and Horseclam,84C,2001,14,15,1,720,*,,
Geoduck and Horseclam,84C,2001,14,Total,7,50450,260071,,
Geoduck and Horseclam,84C,2001,17,5,2,1899,*,,
Geoduck and Horseclam,84C,2001,17,6,2,765,*,,
Geoduck and Horseclam,84C,2001,17,10,4,3051,18259,,
Geoduck and Horseclam,84C,2001,17,12,1,260,*,,
Geoduck and Horseclam,84C,2001,17,17,1,170,*,,
Geoduck and Horseclam,84C,2001,17,18,4,4555,25066,,
Geoduck and Horseclam,84C,2001,17,19,6,3069,15106,,
Geoduck and Horseclam,84C,2001,17,20,3,974,5841,,
Geoduck and Horseclam,84C,2001,17,Total,6,14743,83251,,
Geoduck and Horseclam,84C,2001,19,5,5,4365,17409,,
Geoduck and Horseclam,84C,2001,19,Total,5,4365,17409,,
Geoduck and Horseclam,84C,2001,23,4,6,2078,8764,,
Geoduck and Horseclam,84C,2001,23,5,6,12594,91927,,
Geoduck and Horseclam,84C,2001,23,6,9,11175,64689,,
Geoduck and Horseclam,84C,2001,23,7,2,555,*,,
Geoduck and Horseclam,84C,2001,23,8,2,760,*,,
Geoduck and Horseclam,84C,2001,23,9,1,2314,*,,
Geoduck and Horseclam,84C,2001,23,10,4,4975,26540,,
Geoduck and Horseclam,84C,2001,23,Total,12,34451,215835,,
Geoduck and Horseclam,84C,2001,24,2,5,5674,28903,,
Geoduck and Horseclam,84C,2001,24,4,1,280,*,,
Geoduck and Horseclam,84C,2001,24,6,13,142279,671498,,
Geoduck and Horseclam,84C,2001,24,7,8,23346,115214,,
Geoduck and Horseclam,84C,2001,24,8,8,7026,26405,,
Geoduck and Horseclam,84C,2001,24,9,3,1815,**,,
Geoduck and Horseclam,84C,2001,24,Total,13,180420,851428,,
Geoduck and Horseclam,84C,2001,27,5,4,1423,3390,,
Geoduck and Horseclam,84C,2001,27,6,5,9582,24403,,
Geoduck and Horseclam,84C,2001,27,Total,6,11005,27793,,
Geoduck and Horseclam,84C,2001,29,5,1,220,*,,
Geoduck and Horseclam,84C,2001,29,Total,1,220,*,,
Geoduck and Horseclam,84C,2002,3,1,6,23654,180730,,
Geoduck and Horseclam,84C,2002,3,4,3,952,6502,,
Geoduck and Horseclam,84C,2002,3,Total,6,24606,187232,,
Geoduck and Horseclam,84C,2002,4,1,13,39853,329898,,
Geoduck and Horseclam,84C,2002,4,2,13,15313,130636,,
Geoduck and Horseclam,84C,2002,4,3,5,1199,9850,,
Geoduck and Horseclam,84C,2002,4,4,9,6151,59579,,
Geoduck and Horseclam,84C,2002,4,5,5,1941,14092,,
Geoduck and Horseclam,84C,2002,4,9,8,5912,45259,,
Geoduck and Horseclam,84C,2002,4,13,13,26951,238993,,
Geoduck and Horseclam,84C,2002,4,Total,19,97320,828307,,
Geoduck and Horseclam,84C,2002,5,10,10,13957,100717,,
Geoduck and Horseclam,84C,2002,5,12,9,16995,119974,,
Geoduck and Horseclam,84C,2002,5,13,8,24267,147003,,
Geoduck and Horseclam,84C,2002,5,16,6,1560,12783,,
Geoduck and Horseclam,84C,2002,5,17,7,12094,94833,,
Geoduck and Horseclam,84C,2002,5,19,4,1681,14467,,
Geoduck and Horseclam,84C,2002,5,22,5,13211,110325,,
Geoduck and Horseclam,84C,2002,5,Total,20,83765,600102,,
Geoduck and Horseclam,84C,2002,6,5,1,180,*,,
Geoduck and Horseclam,84C,2002,6,9,16,29731,226497,,
Geoduck and Horseclam,84C,2002,6,10,7,9058,70298,,
Geoduck and Horseclam,84C,2002,6,12,5,1400,**,,
Geoduck and Horseclam,84C,2002,6,13,14,54331,454485,,
Geoduck and Horseclam,84C,2002,6,Total,19,94700,763999,,
Geoduck and Horseclam,84C,2002,12,11,6,5298,36933,,
Geoduck and Horseclam,84C,2002,12,12,7,5586,36649,,
Geoduck and Horseclam,84C,2002,12,15,4,2350,**,,
Geoduck and Horseclam,84C,2002,12,16,2,555,*,,
Geoduck and Horseclam,84C,2002,12,Total,7,13789,91818,,
Geoduck and Horseclam,84C,2002,14,1,1,100,*,,
Geoduck and Horseclam,84C,2002,14,4,6,11593,54624,,
Geoduck and Horseclam,84C,2002,14,5,7,25086,100952,,
Geoduck and Horseclam,84C,2002,14,7,4,6565,28075,,
Geoduck and Horseclam,84C,2002,14,8,2,535,*,,
Geoduck and Horseclam,84C,2002,14,9,2,5005,*,,
Geoduck and Horseclam,84C,2002,14,10,1,670,*,,
Geoduck and Horseclam,84C,2002,14,Total,7,49554,210568,,
Geoduck and Horseclam,84C,2002,15,2,1,120,*,,
Geoduck and Horseclam,84C,2002,15,Total,1,120,*,,
Geoduck and Horseclam,84C,2002,16,1,1,280,*,,
Geoduck and Horseclam,84C,2002,16,2,5,2400,17609,,
Geoduck and Horseclam,84C,2002,16,18,1,519,*,,
Geoduck and Horseclam,84C,2002,16,19,4,4610,23192,,
Geoduck and Horseclam,84C,2002,16,20,2,3867,*,,
Geoduck and Horseclam,84C,2002,16,21,6,14151,82212,,
Geoduck and Horseclam,84C,2002,16,22,3,3184,20819,,
Geoduck and Horseclam,84C,2002,16,Total,7,29011,165344,,
Geoduck and Horseclam,84C,2002,19,5,7,9440,40738,,
Geoduck and Horseclam,84C,2002,19,Total,7,9440,40738,,
Geoduck and Horseclam,84C,2002,23,5,9,4239,27361,,
Geoduck and Horseclam,84C,2002,23,6,3,2066,**,,
Geoduck and Horseclam,84C,2002,23,8,2,540,*,,
Geoduck and Horseclam,84C,2002,23,Total,9,6845,39593,,
Geoduck and Horseclam,84C,2002,24,2,11,3311,18133,,
Geoduck and Horseclam,84C,2002,24,3,5,2171,10654,,
Geoduck and Horseclam,84C,2002,24,4,5,1069,5922,,
Geoduck and Horseclam,84C,2002,24,5,6,1007,4182,,
Geoduck and Horseclam,84C,2002,24,6,13,96049,452457,,
Geoduck and Horseclam,84C,2002,24,7,11,13290,61111,,
Geoduck and Horseclam,84C,2002,24,8,13,14261,56008,,
Geoduck and Horseclam,84C,2002,24,9,8,2215,7517,,
Geoduck and Horseclam,84C,2002,24,10,4,474,**,,
Geoduck and Horseclam,84C,2002,24,11,7,3336,8978,,
Geoduck and Horseclam,84C,2002,24,13,3,762,2948,,
Geoduck and Horseclam,84C,2002,24,14,2,318,*,,
Geoduck and Horseclam,84C,2002,24,Total,13,138263,631789,,
Geoduck and Horseclam,84C,2002,25,6,7,11006,54747,,
Geoduck and Horseclam,84C,2002,25,8,1,140,*,,
Geoduck and Horseclam,84C,2002,25,11,1,20,*,,
Geoduck and Horseclam,84C,2002,25,12,2,428,*,,
Geoduck and Horseclam,84C,2002,25,13,8,14141,60258,,
Geoduck and Horseclam,84C,2002,25,14,4,1832,3704,,
Geoduck and Horseclam,84C,2002,25,15,3,1525,8881,,
Geoduck and Horseclam,84C,2002,25,Total,10,29092,130438,,
Geoduck and Horseclam,84C,2002,26,1,10,5142,19243,,
Geoduck and Horseclam,84C,2002,26,2,8,9183,35273,,
Geoduck and Horseclam,84C,2002,26,3,1,265,*,,
Geoduck and Horseclam,84C,2002,26,6,10,17638,60100,,
Geoduck and Horseclam,84C,2002,26,7,5,2495,9217,,
Geoduck and Horseclam,84C,2002,26,8,6,6251,20691,,
Geoduck and Horseclam,84C,2002,26,9,2,370,*,,
Geoduck and Horseclam,84C,2002,26,10,7,2661,8199,,
Geoduck and Horseclam,84C,2002,26,Total,12,44005,154867,,
Geoduck and Horseclam,84C,2002,27,1,4,317,**,,
Geoduck and Horseclam,84C,2002,27,2,5,1292,4140,,
Geoduck and Horseclam,84C,2002,27,3,5,1039,3837,,
Geoduck and Horseclam,84C,2002,27,6,5,1177,1736,,
Geoduck and Horseclam,84C,2002,27,7,4,8844,50812,,
Geoduck and Horseclam,84C,2002,27,9,1,40,*,,
Geoduck and Horseclam,84C,2002,27,Total,7,12709,60838,,
Geoduck and Horseclam,84C,2002,29,2,1,300,*,,
Geoduck and Horseclam,84C,2002,29,Total,1,300,*,,
Geoduck and Horseclam,84C,2002,106,2,9,10810,103072,,
Geoduck and Horseclam,84C,2002,106,Total,9,10810,103072,,
Geoduck and Horseclam,84C,2002,124,3,5,884,4898,,
Geoduck and Horseclam,84C,2002,124,Total,5,884,4898,,
Geoduck and Horseclam,84C,2003,1,2,4,9521,65847,,
Geoduck and Horseclam,84C,2003,1,3,5,4049,30017,,
Geoduck and Horseclam,84C,2003,1,Total,6,13570,95864,,
Geoduck and Horseclam,84C,2003,2,3,7,24529,170831,,
Geoduck and Horseclam,84C,2003,2,6,8,8815,61236,,
Geoduck and Horseclam,84C,2003,2,7,7,10126,67152,,
Geoduck and Horseclam,84C,2003,2,8,11,10054,84263,,
Geoduck and Horseclam,84C,2003,2,9,6,2884,26011,,
Geoduck and Horseclam,84C,2003,2,11,9,25547,220569,,
Geoduck and Horseclam,84C,2003,2,12,8,18408,144910,,
Geoduck and Horseclam,84C,2003,2,14,10,20498,165522,,
Geoduck and Horseclam,84C,2003,2,15,3,9982,89634,,
Geoduck and Horseclam,84C,2003,2,17,6,21950,189554,,
Geoduck and Horseclam,84C,2003,2,18,11,30080,234772,,
Geoduck and Horseclam,84C,2003,2,19,9,8515,65623,,
Geoduck and Horseclam,84C,2003,2,31,6,23168,203552,,
Geoduck and Horseclam,84C,2003,2,33,1,398,*,,
Geoduck and Horseclam,84C,2003,2,36,5,2744,27458,,
Geoduck and Horseclam,84C,2003,2,38,5,9400,67147,,
Geoduck and Horseclam,84C,2003,2,39,5,1724,16585,,
Geoduck and Horseclam,84C,2003,2,40,3,1790,13954,,
Geoduck and Horseclam,84C,2003,2,41,1,145,*,,
Geoduck and Horseclam,84C,2003,2,42,5,4337,32461,,
Geoduck and Horseclam,84C,2003,2,43,3,1163,8684,,
Geoduck and Horseclam,84C,2003,2,45,3,502,3610,,
Geoduck and Horseclam,84C,2003,2,49,4,4658,37559,,
Geoduck and Horseclam,84C,2003,2,50,2,2239,*,,
Geoduck and Horseclam,84C,2003,2,52,1,171,*,,
Geoduck and Horseclam,84C,2003,2,53,3,6272,56090,,
Geoduck and Horseclam,84C,2003,2,55,5,2560,21360,,
Geoduck and Horseclam,84C,2003,2,58,1,330,*,,
Geoduck and Horseclam,84C,2003,2,60,1,15,*,,
Geoduck and Horseclam,84C,2003,2,61,1,330,*,,
Geoduck and Horseclam,84C,2003,2,62,2,600,*,,
Geoduck and Horseclam,84C,2003,2,63,6,5945,45225,,
Geoduck and Horseclam,84C,2003,2,64,1,20,*,,
Geoduck and Horseclam,84C,2003,2,65,4,2703,16328,,
Geoduck and Horseclam,84C,2003,2,66,2,640,*,,
Geoduck and Horseclam,84C,2003,2,70,3,3916,24940,,
Geoduck and Horseclam,84C,2003,2,71,4,5301,30739,,
Geoduck and Horseclam,84C,2003,2,75,5,2643,17853,,
Geoduck and Horseclam,84C,2003,2,76,2,1625,*,,
Geoduck and Horseclam,84C,2003,2,80,1,53,*,,
Geoduck and Horseclam,84C,2003,2,81,4,3228,19939,,
Geoduck and Horseclam,84C,2003,2,82,4,4668,31610,,
Geoduck and Horseclam,84C,2003,2,83,1,365,*,,
Geoduck and Horseclam,84C,2003,2,87,5,12019,113156,,
Geoduck and Horseclam,84C,2003,2,89,1,514,*,,
Geoduck and Horseclam,84C,2003,2,90,2,1405,*,,
Geoduck and Horseclam,84C,2003,2,93,2,1217,*,,
Geoduck and Horseclam,84C,2003,2,95,2,217,*,,
Geoduck and Horseclam,84C,2003,2,Total,27,300413,2389925,,
Geoduck and Horseclam,84C,2003,13,12,1,165,*,,
Geoduck and Horseclam,84C,2003,13,13,3,1620,6236,,
Geoduck and Horseclam,84C,2003,13,14,6,5395,18623,,
Geoduck and Horseclam,84C,2003,13,15,3,3745,22710,,
Geoduck and Horseclam,84C,2003,13,16,1,1168,*,,
Geoduck and Horseclam,84C,2003,13,Total,6,12093,53689,,
Geoduck and Horseclam,84C,2003,14,7,4,2134,**,,
Geoduck and Horseclam,84C,2003,14,9,3,2425,14792,,
Geoduck and Horseclam,84C,2003,14,10,2,3830,*,,
Geoduck and Horseclam,84C,2003,14,11,6,13985,70145,,
Geoduck and Horseclam,84C,2003,14,13,5,11646,55474,,
Geoduck and Horseclam,84C,2003,14,Total,7,34020,170438,,
Geoduck and Horseclam,84C,2003,15,1,4,8613,48175,,
Geoduck and Horseclam,84C,2003,15,2,7,17455,77932,,
Geoduck and Horseclam,84C,2003,15,3,4,7063,25903,,
Geoduck and Horseclam,84C,2003,15,5,3,2595,11934,,
Geoduck and Horseclam,84C,2003,15,Total,7,35726,163944,,
Geoduck and Horseclam,84C,2003,16,2,7,5047,30116,,
Geoduck and Horseclam,84C,2003,16,Total,7,5047,30116,,
Geoduck and Horseclam,84C,2003,18,7,4,3241,20494,,
Geoduck and Horseclam,84C,2003,18,Total,4,3241,20494,,
Geoduck and Horseclam,84C,2003,19,5,7,15030,40512,,
Geoduck and Horseclam,84C,2003,19,Total,7,15030,40512,,
Geoduck and Horseclam,84C,2003,23,4,3,430,**,,
Geoduck and Horseclam,84C,2003,23,5,4,784,5613,,
Geoduck and Horseclam,84C,2003,23,6,5,2989,15412,,
Geoduck and Horseclam,84C,2003,23,8,2,644,*,,
Geoduck and Horseclam,84C,2003,23,9,4,1391,7198,,
Geoduck and Horseclam,84C,2003,23,10,6,3817,21136,,
Geoduck and Horseclam,84C,2003,23,Total,6,10055,55279,,
Geoduck and Horseclam,84C,2003,24,2,6,2560,14978,,
Geoduck and Horseclam,84C,2003,24,3,6,699,3833,,
Geoduck and Horseclam,84C,2003,24,4,2,299,*,,
Geoduck and Horseclam,84C,2003,24,6,12,116987,554026,,
Geoduck and Horseclam,84C,2003,24,7,11,11389,50552,,
Geoduck and Horseclam,84C,2003,24,8,6,8146,34758,,
Geoduck and Horseclam,84C,2003,24,9,5,4026,14925,,
Geoduck and Horseclam,84C,2003,24,10,7,1358,5826,,
Geoduck and Horseclam,84C,2003,24,11,7,800,**,,
Geoduck and Horseclam,84C,2003,24,Total,12,146264,683787,,
Geoduck and Horseclam,84C,2003,25,6,2,1304,*,,
Geoduck and Horseclam,84C,2003,25,8,1,40,*,,
Geoduck and Horseclam,84C,2003,25,13,3,3515,13584,,
Geoduck and Horseclam,84C,2003,25,15,1,455,*,,
Geoduck and Horseclam,84C,2003,25,Total,3,5314,22112,,
Geoduck and Horseclam,84C,2003,26,2,4,6536,26589,,
Geoduck and Horseclam,84C,2003,26,3,4,826,4568,,
Geoduck and Horseclam,84C,2003,26,5,3,1105,4454,,
Geoduck and Horseclam,84C,2003,26,6,3,2482,8454,,
Geoduck and Horseclam,84C,2003,26,7,1,1330,*,,
Geoduck and Horseclam,84C,2003,26,8,3,5100,15652,,
Geoduck and Horseclam,84C,2003,26,10,2,978,*,,
Geoduck and Horseclam,84C,2003,26,Total,5,18357,67000,,
Geoduck and Horseclam,84C,2004,6,10,6,7534,62073,,
Geoduck and Horseclam,84C,2004,6,11,6,9572,68277,,
Geoduck and Horseclam,84C,2004,6,12,4,1340,9901,,
Geoduck and Horseclam,84C,2004,6,13,6,5178,46594,,
Geoduck and Horseclam,84C,2004,6,14,6,8854,78226,,
Geoduck and Horseclam,84C,2004,6,15,3,1430,10471,,
Geoduck and Horseclam,84C,2004,6,16,9,11651,113877,,
Geoduck and Horseclam,84C,2004,6,17,4,1361,11559,,
Geoduck and Horseclam,84C,2004,6,18,12,11656,93849,,
Geoduck and Horseclam,84C,2004,6,19,5,11605,91522,,
Geoduck and Horseclam,84C,2004,6,Total,18,70181,586349,,
Geoduck and Horseclam,84C,2004,7,1,1,170,*,,
Geoduck and Horseclam,84C,2004,7,3,10,18345,120336,,
Geoduck and Horseclam,84C,2004,7,4,5,1249,10417,,
Geoduck and Horseclam,84C,2004,7,8,8,4099,28924,,
Geoduck and Horseclam,84C,2004,7,9,13,8823,56911,,
Geoduck and Horseclam,84C,2004,7,12,9,12489,78027,,
Geoduck and Horseclam,84C,2004,7,15,1,40,*,,
Geoduck and Horseclam,84C,2004,7,17,5,1489,10533,,
Geoduck and Horseclam,84C,2004,7,18,10,26020,188806,,
Geoduck and Horseclam,84C,2004,7,19,8,7893,45105,,
Geoduck and Horseclam,84C,2004,7,20,8,8109,61449,,
Geoduck and Horseclam,84C,2004,7,21,8,4651,37115,,
Geoduck and Horseclam,84C,2004,7,23,7,4467,36034,,
Geoduck and Horseclam,84C,2004,7,24,3,1295,8466,,
Geoduck and Horseclam,84C,2004,7,25,10,34001,262721,,
Geoduck and Horseclam,84C,2004,7,27,13,35258,313719,,
Geoduck and Horseclam,84C,2004,7,28,5,5328,50090,,
Geoduck and Horseclam,84C,2004,7,31,7,16827,148447,,
Geoduck and Horseclam,84C,2004,7,32,10,25744,162128,,
Geoduck and Horseclam,84C,2004,7,Total,27,216297,1620008,,
Geoduck and Horseclam,84C,2004,8,2,11,20224,175504,,
Geoduck and Horseclam,84C,2004,8,4,6,4370,**,,
Geoduck and Horseclam,84C,2004,8,16,2,269,*,,
Geoduck and Horseclam,84C,2004,8,Total,16,24863,217221,,
Geoduck and Horseclam,84C,2004,9,1,4,5731,42306,,
Geoduck and Horseclam,84C,2004,9,2,4,4888,34023,,
Geoduck and Horseclam,84C,2004,9,12,4,1618,10891,,
Geoduck and Horseclam,84C,2004,9,Total,4,12237,87220,,
Geoduck and Horseclam,84C,2004,10,1,1,80,*,,
Geoduck and Horseclam,84C,2004,10,3,4,7537,49279,,
Geoduck and Horseclam,84C,2004,10,4,6,5453,**,,
Geoduck and Horseclam,84C,2004,10,Total,6,13070,81559,,
Geoduck and Horseclam,84C,2004,12,8,2,2025,*,,
Geoduck and Horseclam,84C,2004,12,11,5,3633,25015,,
Geoduck and Horseclam,84C,2004,12,12,2,5985,*,,
Geoduck and Horseclam,84C,2004,12,13,3,1328,10168,,
Geoduck and Horseclam,84C,2004,12,15,3,5152,40206,,
Geoduck and Horseclam,84C,2004,12,16,4,7929,58444,,
Geoduck and Horseclam,84C,2004,12,17,3,4191,20115,,
Geoduck and Horseclam,84C,2004,12,41,4,3588,31308,,
Geoduck and Horseclam,84C,2004,12,Total,7,33831,238293,,
Geoduck and Horseclam,84C,2004,14,5,1,405,*,,
Geoduck and Horseclam,84C,2004,14,8,2,2269,*,,
Geoduck and Horseclam,84C,2004,14,10,5,22206,94688,,
Geoduck and Horseclam,84C,2004,14,11,2,1118,*,,
Geoduck and Horseclam,84C,2004,14,12,1,95,*,,
Geoduck and Horseclam,84C,2004,14,15,4,972,3030,,
Geoduck and Horseclam,84C,2004,14,Total,5,27065,120419,,
Geoduck and Horseclam,84C,2004,16,2,5,1889,17417,,
Geoduck and Horseclam,84C,2004,16,Total,5,1889,17417,,
Geoduck and Horseclam,84C,2004,17,4,2,507,*,,
Geoduck and Horseclam,84C,2004,17,5,3,1047,7922,,
Geoduck and Horseclam,84C,2004,17,6,2,611,*,,
Geoduck and Horseclam,84C,2004,17,9,1,360,*,,
Geoduck and Horseclam,84C,2004,17,10,4,3823,20064,,
Geoduck and Horseclam,84C,2004,17,18,4,4101,25033,,
Geoduck and Horseclam,84C,2004,17,19,3,2908,15054,,
Geoduck and Horseclam,84C,2004,17,20,2,775,*,,
Geoduck and Horseclam,84C,2004,17,Total,7,14132,81470,,
Geoduck and Horseclam,84C,2004,19,5,7,9096,42479,,
Geoduck and Horseclam,84C,2004,19,Total,7,9096,42479,,
Geoduck and Horseclam,84C,2004,23,4,1,45,*,,
Geoduck and Horseclam,84C,2004,23,5,4,403,2434,,
Geoduck and Horseclam,84C,2004,23,6,4,1671,9706,,
Geoduck and Horseclam,84C,2004,23,8,2,341,*,,
Geoduck and Horseclam,84C,2004,23,9,3,796,4181,,
Geoduck and Horseclam,84C,2004,23,10,4,2038,12256,,
Geoduck and Horseclam,84C,2004,23,Total,4,5294,30836,,
Geoduck and Horseclam,84C,2004,24,2,5,2345,16395,,
Geoduck and Horseclam,84C,2004,24,3,5,564,4254,,
Geoduck and Horseclam,84C,2004,24,4,3,585,2992,,
Geoduck and Horseclam,84C,2004,24,6,11,113380,569944,,
Geoduck and Horseclam,84C,2004,24,7,11,11469,58548,,
Geoduck and Horseclam,84C,2004,24,8,9,5969,27499,,
Geoduck and Horseclam,84C,2004,24,9,4,3402,11752,,
Geoduck and Horseclam,84C,2004,24,10,8,459,2845,,
Geoduck and Horseclam,84C,2004,24,11,9,1613,4313,,
Geoduck and Horseclam,84C,2004,24,Total,11,139786,698542,,
Geoduck and Horseclam,84C,2004,25,6,3,2339,7902,,
Geoduck and Horseclam,84C,2004,25,11,1,110,*,,
Geoduck and Horseclam,84C,2004,25,12,1,275,*,,
Geoduck and Horseclam,84C,2004,25,13,3,4722,16550,,
Geoduck and Horseclam,84C,2004,25,15,2,472,*,,
Geoduck and Horseclam,84C,2004,25,Total,4,7918,27473,,
Geoduck and Horseclam,84C,2004,26,1,1,40,*,,
Geoduck and Horseclam,84C,2004,26,2,4,2746,8908,,
Geoduck and Horseclam,84C,2004,26,3,4,3551,13184,,
Geoduck and Horseclam,84C,2004,26,6,6,8627,28925,,
Geoduck and Horseclam,84C,2004,26,7,3,2825,10705,,
Geoduck and Horseclam,84C,2004,26,8,3,3683,11777,,
Geoduck and Horseclam,84C,2004,26,9,1,140,*,,
Geoduck and Horseclam,84C,2004,26,Total,6,21612,73698,,
Geoduck and Horseclam,84C,2004,27,2,2,1014,*,,
Geoduck and Horseclam,84C,2004,27,3,1,90,*,,
Geoduck and Horseclam,84C,2004,27,7,2,4591,*,,
Geoduck and Horseclam,84C,2004,27,Total,2,5695,*,,
Geoduck and Horseclam,84C,2004,29,5,3,532,4008,,
Geoduck and Horseclam,84C,2004,29,Total,3,532,4008,,
Geoduck and Horseclam,84C,2004,124,3,5,510,2086,,
Geoduck and Horseclam,84C,2004,124,Total,5,510,2086,,
Geoduck and Horseclam,84C,2005,3,1,8,23068,**,,
Geoduck and Horseclam,84C,2005,3,2,1,370,*,,
Geoduck and Horseclam,84C,2005,3,Total,8,23438,155630,,
Geoduck and Horseclam,84C,2005,4,1,8,25370,197950,,
Geoduck and Horseclam,84C,2005,4,2,5,8055,68013,,
Geoduck and Horseclam,84C,2005,4,4,4,3035,29107,,
Geoduck and Horseclam,84C,2005,4,5,5,1045,7507,,
Geoduck and Horseclam,84C,2005,4,9,4,1125,8094,,
Geoduck and Horseclam,84C,2005,4,13,5,10943,90782,,
Geoduck and Horseclam,84C,2005,4,Total,8,49573,401453,,
Geoduck and Horseclam,84C,2005,5,10,6,8030,69668,,
Geoduck and Horseclam,84C,2005,5,11,4,2279,18339,,
Geoduck and Horseclam,84C,2005,5,12,5,5616,50355,,
Geoduck and Horseclam,84C,2005,5,13,7,19205,137794,,
Geoduck and Horseclam,84C,2005,5,16,3,1521,**,,
Geoduck and Horseclam,84C,2005,5,17,6,10124,83321,,
Geoduck and Horseclam,84C,2005,5,19,2,1739,*,,
Geoduck and Horseclam,84C,2005,5,20,10,44653,354929,,
Geoduck and Horseclam,84C,2005,5,21,3,6752,58878,,
Geoduck and Horseclam,84C,2005,5,22,6,14619,141729,,
Geoduck and Horseclam,84C,2005,5,Total,22,114538,940896,,
Geoduck and Horseclam,84C,2005,6,5,1,410,*,,
Geoduck and Horseclam,84C,2005,6,9,9,30973,256327,,
Geoduck and Horseclam,84C,2005,6,10,8,13207,93663,,
Geoduck and Horseclam,84C,2005,6,12,4,1936,**,,
Geoduck and Horseclam,84C,2005,6,13,17,41353,393020,,
Geoduck and Horseclam,84C,2005,6,Total,24,87879,761096,,
Geoduck and Horseclam,84C,2005,14,1,3,4421,23963,,
Geoduck and Horseclam,84C,2005,14,3,2,225,*,,
Geoduck and Horseclam,84C,2005,14,4,5,7700,39451,,
Geoduck and Horseclam,84C,2005,14,5,6,20628,98498,,
Geoduck and Horseclam,84C,2005,14,11,1,254,*,,
Geoduck and Horseclam,84C,2005,14,13,5,12678,65877,,
Geoduck and Horseclam,84C,2005,14,Total,6,45906,229977,,
Geoduck and Horseclam,84C,2005,15,1,1,540,*,,
Geoduck and Horseclam,84C,2005,15,Total,1,540,*,,
Geoduck and Horseclam,84C,2005,16,1,2,595,*,,
Geoduck and Horseclam,84C,2005,16,2,6,3103,23016,,
Geoduck and Horseclam,84C,2005,16,19,4,2763,20174,,
Geoduck and Horseclam,84C,2005,16,20,1,990,*,,
Geoduck and Horseclam,84C,2005,16,21,5,8070,51174,,
Geoduck and Horseclam,84C,2005,16,22,3,1129,6004,,
Geoduck and Horseclam,84C,2005,16,Total,6,16650,108708,,
Geoduck and Horseclam,84C,2005,19,5,6,8615,28294,,
Geoduck and Horseclam,84C,2005,19,Total,6,8615,28294,,
Geoduck and Horseclam,84C,2005,23,4,1,60,*,,
Geoduck and Horseclam,84C,2005,23,5,4,622,3842,,
Geoduck and Horseclam,84C,2005,23,6,4,2269,12043,,
Geoduck and Horseclam,84C,2005,23,8,3,380,1528,,
Geoduck and Horseclam,84C,2005,23,9,2,343,*,,
Geoduck and Horseclam,84C,2005,23,10,4,2981,17287,,
Geoduck and Horseclam,84C,2005,23,Total,4,6655,37181,,
Geoduck and Horseclam,84C,2005,24,2,4,2190,12575,,
Geoduck and Horseclam,84C,2005,24,3,3,291,1806,,
Geoduck and Horseclam,84C,2005,24,4,2,376,*,,
Geoduck and Horseclam,84C,2005,24,6,10,85867,433278,,
Geoduck and Horseclam,84C,2005,24,7,10,14778,77941,,
Geoduck and Horseclam,84C,2005,24,8,7,4732,24252,,
Geoduck and Horseclam,84C,2005,24,9,1,1405,*,,
Geoduck and Horseclam,84C,2005,24,10,6,340,1635,,
Geoduck and Horseclam,84C,2005,24,11,6,769,2394,,
Geoduck and Horseclam,84C,2005,24,Total,10,110748,562813,,
Geoduck and Horseclam,84C,2005,25,6,2,1610,*,,
Geoduck and Horseclam,84C,2005,25,13,3,2395,15196,,
Geoduck and Horseclam,84C,2005,25,15,1,135,*,,
Geoduck and Horseclam,84C,2005,25,Total,3,4140,24134,,
Geoduck and Horseclam,84C,2005,26,1,3,640,2288,,
Geoduck and Horseclam,84C,2005,26,2,3,985,5197,,
Geoduck and Horseclam,84C,2005,26,3,2,275,*,,
Geoduck and Horseclam,84C,2005,26,6,3,3483,15670,,
Geoduck and Horseclam,84C,2005,26,7,2,470,*,,
Geoduck and Horseclam,84C,2005,26,8,3,1865,6560,,
Geoduck and Horseclam,84C,2005,26,10,3,1055,3489,,
Geoduck and Horseclam,84C,2005,26,Total,4,8773,37089,,
Geoduck and Horseclam,84C,2005,27,3,2,794,*,,
Geoduck and Horseclam,84C,2005,27,7,3,5532,**,,
Geoduck and Horseclam,84C,2005,27,Total,3,6326,25783,,
Geoduck and Horseclam,84C,2005,29,1,1,450,*,,
Geoduck and Horseclam,84C,2005,29,2,1,565,*,,
Geoduck and Horseclam,84C,2005,29,Total,1,1015,*,,
Geoduck and Horseclam,84C,2005,106,2,10,10790,116478,,
Geoduck and Horseclam,84C,2005,106,Total,10,10790,116478,,
Geoduck and Horseclam,84C,2005,124,3,2,78,*,,
Geoduck and Horseclam,84C,2005,124,Total,2,78,*,,
Geoduck and Horseclam,84C,2006,1,2,4,3201,16960,,
Geoduck and Horseclam,84C,2006,1,3,3,3165,22502,,
Geoduck and Horseclam,84C,2006,1,7,3,2456,14895,,
Geoduck and Horseclam,84C,2006,1,Total,4,8822,54357,,
Geoduck and Horseclam,84C,2006,2,3,13,45289,281462,,
Geoduck and Horseclam,84C,2006,2,6,13,18206,122824,,
Geoduck and Horseclam,84C,2006,2,7,14,13343,94151,,
Geoduck and Horseclam,84C,2006,2,8,6,12252,94450,,
Geoduck and Horseclam,84C,2006,2,9,5,2793,25088,,
Geoduck and Horseclam,84C,2006,2,11,4,9015,75241,,
Geoduck and Horseclam,84C,2006,2,12,7,5824,45781,,
Geoduck and Horseclam,84C,2006,2,13,4,1555,16765,,
Geoduck and Horseclam,84C,2006,2,14,11,20546,160331,,
Geoduck and Horseclam,84C,2006,2,15,7,8829,77453,,
Geoduck and Horseclam,84C,2006,2,17,8,17594,164638,,
Geoduck and Horseclam,84C,2006,2,18,7,21564,180129,,
Geoduck and Horseclam,84C,2006,2,19,7,8212,61945,,
Geoduck and Horseclam,84C,2006,2,31,7,24006,201189,,
Geoduck and Horseclam,84C,2006,2,32,3,1040,10547,,
Geoduck and Horseclam,84C,2006,2,33,1,60,*,,
Geoduck and Horseclam,84C,2006,2,36,4,4608,38848,,
Geoduck and Horseclam,84C,2006,2,38,4,5888,38120,,
Geoduck and Horseclam,84C,2006,2,39,4,3503,26504,,
Geoduck and Horseclam,84C,2006,2,40,3,2187,16406,,
Geoduck and Horseclam,84C,2006,2,41,2,419,*,,
Geoduck and Horseclam,84C,2006,2,42,5,6912,43153,,
Geoduck and Horseclam,84C,2006,2,43,4,1355,10013,,
Geoduck and Horseclam,84C,2006,2,44,1,18,*,,
Geoduck and Horseclam,84C,2006,2,45,2,223,*,,
Geoduck and Horseclam,84C,2006,2,49,7,5128,39715,,
Geoduck and Horseclam,84C,2006,2,50,3,3376,20420,,
Geoduck and Horseclam,84C,2006,2,52,1,380,*,,
Geoduck and Horseclam,84C,2006,2,53,7,7462,61062,,
Geoduck and Horseclam,84C,2006,2,54,1,16,*,,
Geoduck and Horseclam,84C,2006,2,55,3,3763,26986,,
Geoduck and Horseclam,84C,2006,2,56,1,25,*,,
Geoduck and Horseclam,84C,2006,2,58,1,256,*,,
Geoduck and Horseclam,84C,2006,2,61,1,127,*,,
Geoduck and Horseclam,84C,2006,2,62,3,568,3987,,
Geoduck and Horseclam,84C,2006,2,63,5,5304,32812,,
Geoduck and Horseclam,84C,2006,2,65,3,3866,22535,,
Geoduck and Horseclam,84C,2006,2,66,3,1993,11073,,
Geoduck and Horseclam,84C,2006,2,70,6,4758,29570,,
Geoduck and Horseclam,84C,2006,2,71,6,4691,27888,,
Geoduck and Horseclam,84C,2006,2,75,4,2760,21973,,
Geoduck and Horseclam,84C,2006,2,76,5,2711,20272,,
Geoduck and Horseclam,84C,2006,2,80,2,310,*,,
Geoduck and Horseclam,84C,2006,2,81,4,1706,11450,,
Geoduck and Horseclam,84C,2006,2,82,4,4595,33126,,
Geoduck and Horseclam,84C,2006,2,83,1,235,*,,
Geoduck and Horseclam,84C,2006,2,85,2,524,*,,
Geoduck and Horseclam,84C,2006,2,87,6,11850,116763,,
Geoduck and Horseclam,84C,2006,2,89,1,765,*,,
Geoduck and Horseclam,84C,2006,2,90,4,3476,22361,,
Geoduck and Horseclam,84C,2006,2,92,1,225,*,,
Geoduck and Horseclam,84C,2006,2,93,3,722,5057,,
Geoduck and Horseclam,84C,2006,2,95,3,598,4266,,
Geoduck and Horseclam,84C,2006,2,Total,29,307431,2321706,,
Geoduck and Horseclam,84C,2006,13,1,4,1207,6030,,
Geoduck and Horseclam,84C,2006,13,13,1,195,*,,
Geoduck and Horseclam,84C,2006,13,14,4,6451,26526,,
Geoduck and Horseclam,84C,2006,13,15,4,6432,48838,,
Geoduck and Horseclam,84C,2006,13,16,3,795,4661,,
Geoduck and Horseclam,84C,2006,13,17,2,485,*,,
Geoduck and Horseclam,84C,2006,13,Total,6,15565,88466,,
Geoduck and Horseclam,84C,2006,14,7,5,2488,13933,,
Geoduck and Horseclam,84C,2006,14,9,4,2895,15290,,
Geoduck and Horseclam,84C,2006,14,10,1,30,*,,
Geoduck and Horseclam,84C,2006,14,11,4,13229,65902,,
Geoduck and Horseclam,84C,2006,14,12,2,562,*,,
Geoduck and Horseclam,84C,2006,14,13,4,543,1890,,
Geoduck and Horseclam,84C,2006,14,Total,6,19747,99817,,
Geoduck and Horseclam,84C,2006,15,1,3,3557,20054,,
Geoduck and Horseclam,84C,2006,15,2,5,7830,43523,,
Geoduck and Horseclam,84C,2006,15,3,3,565,4266,,
Geoduck and Horseclam,84C,2006,15,Total,5,11952,67843,,
Geoduck and Horseclam,84C,2006,16,1,5,879,**,,
Geoduck and Horseclam,84C,2006,16,2,6,4319,29171,,
Geoduck and Horseclam,84C,2006,16,17,1,77,*,,
Geoduck and Horseclam,84C,2006,16,Total,6,5275,35118,,
Geoduck and Horseclam,84C,2006,18,1,1,91,*,,
Geoduck and Horseclam,84C,2006,18,7,4,6327,45075,,
Geoduck and Horseclam,84C,2006,18,11,2,187,*,,
Geoduck and Horseclam,84C,2006,18,Total,5,6605,47006,,
Geoduck and Horseclam,84C,2006,19,5,6,6397,28680,,
Geoduck and Horseclam,84C,2006,19,Total,6,6397,28680,,
Geoduck and Horseclam,84C,2006,20,4,1,21,*,,
Geoduck and Horseclam,84C,2006,20,5,3,745,**,,
Geoduck and Horseclam,84C,2006,20,Total,3,766,2353,,
Geoduck and Horseclam,84C,2006,23,4,1,120,*,,
Geoduck and Horseclam,84C,2006,23,5,3,565,3333,,
Geoduck and Horseclam,84C,2006,23,6,4,2840,14342,,
Geoduck and Horseclam,84C,2006,23,8,1,129,*,,
Geoduck and Horseclam,84C,2006,23,9,1,94,*,,
Geoduck and Horseclam,84C,2006,23,10,2,1596,*,,
Geoduck and Horseclam,84C,2006,23,Total,4,5344,28455,,
Geoduck and Horseclam,84C,2006,24,2,7,2127,13243,,
Geoduck and Horseclam,84C,2006,24,3,5,463,3059,,
Geoduck and Horseclam,84C,2006,24,4,1,190,*,,
Geoduck and Horseclam,84C,2006,24,6,10,102601,452271,,
Geoduck and Horseclam,84C,2006,24,7,10,17406,85713,,
Geoduck and Horseclam,84C,2006,24,8,7,4120,13912,,
Geoduck and Horseclam,84C,2006,24,9,2,550,*,,
Geoduck and Horseclam,84C,2006,24,10,8,616,2535,,
Geoduck and Horseclam,84C,2006,24,11,8,886,2092,,
Geoduck and Horseclam,84C,2006,24,14,3,285,1866,,
Geoduck and Horseclam,84C,2006,24,Total,10,129244,578119,,
Geoduck and Horseclam,84C,2006,25,6,3,1544,**,,
Geoduck and Horseclam,84C,2006,25,13,2,5061,*,,
Geoduck and Horseclam,84C,2006,25,15,3,2321,13155,,
Geoduck and Horseclam,84C,2006,25,Total,4,8926,40951,,
Geoduck and Horseclam,84C,2006,26,1,2,135,*,,
Geoduck and Horseclam,84C,2006,26,6,3,4248,18067,,
Geoduck and Horseclam,84C,2006,26,7,1,640,*,,
Geoduck and Horseclam,84C,2006,26,8,1,1238,*,,
Geoduck and Horseclam,84C,2006,26,Total,3,6261,24491,,
Geoduck and Horseclam,84C,2006,27,3,2,758,*,,
Geoduck and Horseclam,84C,2006,27,7,2,2897,*,,
Geoduck and Horseclam,84C,2006,27,Total,2,3655,*,,
Geoduck and Horseclam,84C,2006,29,1,1,500,*,,
Geoduck and Horseclam,84C,2006,29,2,3,999,**,,
Geoduck and Horseclam,84C,2006,29,Total,4,1499,8174,,
Geoduck and Horseclam,84C,2007,6,14,4,5311,48014,,
Geoduck and Horseclam,84C,2007,6,15,4,1538,11152,,
Geoduck and Horseclam,84C,2007,6,16,9,14834,129649,,
Geoduck and Horseclam,84C,2007,6,17,4,897,7441,,
Geoduck and Horseclam,84C,2007,6,18,7,12322,106246,,
Geoduck and Horseclam,84C,2007,6,19,10,14921,118761,,
Geoduck and Horseclam,84C,2007,6,Total,16,49823,421263,,
Geoduck and Horseclam,84C,2007,7,3,12,12643,83961,,
Geoduck and Horseclam,84C,2007,7,4,4,869,7732,,
Geoduck and Horseclam,84C,2007,7,8,5,3520,28221,,
Geoduck and Horseclam,84C,2007,7,9,7,15725,103022,,
Geoduck and Horseclam,84C,2007,7,12,9,13120,87355,,
Geoduck and Horseclam,84C,2007,7,17,2,1050,*,,
Geoduck and Horseclam,84C,2007,7,18,12,22130,171325,,
Geoduck and Horseclam,84C,2007,7,19,8,4439,22867,,
Geoduck and Horseclam,84C,2007,7,20,7,4290,19470,,
Geoduck and Horseclam,84C,2007,7,21,8,7041,51535,,
Geoduck and Horseclam,84C,2007,7,22,1,190,*,,
Geoduck and Horseclam,84C,2007,7,23,8,3872,28292,,
Geoduck and Horseclam,84C,2007,7,24,5,3293,25928,,
Geoduck and Horseclam,84C,2007,7,25,9,33110,275938,,
Geoduck and Horseclam,84C,2007,7,27,16,55040,412411,,
Geoduck and Horseclam,84C,2007,7,28,6,8057,58601,,
Geoduck and Horseclam,84C,2007,7,31,10,19029,168855,,
Geoduck and Horseclam,84C,2007,7,32,8,18731,100961,,
Geoduck and Horseclam,84C,2007,7,Total,28,226149,1655889,,
Geoduck and Horseclam,84C,2007,8,2,7,26841,203627,,
Geoduck and Horseclam,84C,2007,8,4,5,7006,**,,
Geoduck and Horseclam,84C,2007,8,16,1,35,*,,
Geoduck and Horseclam,84C,2007,8,Total,8,33882,245233,,
Geoduck and Horseclam,84C,2007,9,1,6,10571,77098,,
Geoduck and Horseclam,84C,2007,9,2,3,4789,32463,,
Geoduck and Horseclam,84C,2007,9,12,4,1984,15925,,
Geoduck and Horseclam,84C,2007,9,Total,6,17344,125486,,
Geoduck and Horseclam,84C,2007,10,1,3,1123,9962,,
Geoduck and Horseclam,84C,2007,10,3,9,4167,28985,,
Geoduck and Horseclam,84C,2007,10,4,7,2439,14312,,
Geoduck and Horseclam,84C,2007,10,Total,10,7729,53259,,
Geoduck and Horseclam,84C,2007,12,11,5,5127,35314,,
Geoduck and Horseclam,84C,2007,12,12,4,4813,34427,,
Geoduck and Horseclam,84C,2007,12,15,5,6000,40550,,
Geoduck and Horseclam,84C,2007,12,16,5,5998,47879,,
Geoduck and Horseclam,84C,2007,12,Total,5,21938,158170,,
Geoduck and Horseclam,84C,2007,14,10,6,18628,**,,
Geoduck and Horseclam,84C,2007,14,15,2,445,*,,
Geoduck and Horseclam,84C,2007,14,Total,6,19073,97360,,
Geoduck and Horseclam,84C,2007,16,1,2,441,*,,
Geoduck and Horseclam,84C,2007,16,2,5,2738,**,,
Geoduck and Horseclam,84C,2007,16,Total,5,3179,17803,,
Geoduck and Horseclam,84C,2007,17,4,2,75,*,,
Geoduck and Horseclam,84C,2007,17,5,3,4620,25031,,
Geoduck and Horseclam,84C,2007,17,8,1,240,*,,
Geoduck and Horseclam,84C,2007,17,10,2,2573,*,,
Geoduck and Horseclam,84C,2007,17,18,1,1520,*,,
Geoduck and Horseclam,84C,2007,17,19,1,1290,*,,
Geoduck and Horseclam,84C,2007,17,20,1,760,*,,
Geoduck and Horseclam,84C,2007,17,Total,3,11078,57207,,
Geoduck and Horseclam,84C,2007,23,5,2,1361,*,,
Geoduck and Horseclam,84C,2007,23,6,3,3557,18153,,
Geoduck and Horseclam,84C,2007,23,9,3,833,**,,
Geoduck and Horseclam,84C,2007,23,10,5,3803,22528,,
Geoduck and Horseclam,84C,2007,23,Total,5,9554,54297,,
Geoduck and Horseclam,84C,2007,24,2,2,1830,*,,
Geoduck and Horseclam,84C,2007,24,3,2,548,*,,
Geoduck and Horseclam,84C,2007,24,4,1,181,*,,
Geoduck and Horseclam,84C,2007,24,6,9,82419,391679,,
Geoduck and Horseclam,84C,2007,24,7,8,8261,37933,,
Geoduck and Horseclam,84C,2007,24,8,4,2337,15662,,
Geoduck and Horseclam,84C,2007,24,9,2,1227,*,,
Geoduck and Horseclam,84C,2007,24,14,1,446,*,,
Geoduck and Horseclam,84C,2007,24,Total,9,97249,465594,,
Geoduck and Horseclam,84C,2007,25,13,3,6062,22170,,
Geoduck and Horseclam,84C,2007,25,Total,3,6062,22170,,
Geoduck and Horseclam,84C,2007,26,6,2,4475,*,,
Geoduck and Horseclam,84C,2007,26,Total,2,4475,*,,
Geoduck and Horseclam,84C,2007,29,5,1,635,*,,
Geoduck and Horseclam,84C,2007,29,Total,1,635,*,,
Geoduck and Horseclam,84C,2008,3,1,6,17073,133024,,
Geoduck and Horseclam,84C,2008,3,Total,6,17073,133024,,
Geoduck and Horseclam,84C,2008,4,1,7,24832,223042,,
Geoduck and Horseclam,84C,2008,4,2,4,3810,37228,,
Geoduck and Horseclam,84C,2008,4,13,6,14155,126913,,
Geoduck and Horseclam,84C,2008,4,Total,11,42797,387183,,
Geoduck and Horseclam,84C,2008,5,10,6,11086,86201,,
Geoduck and Horseclam,84C,2008,5,11,2,2964,*,,
Geoduck and Horseclam,84C,2008,5,12,5,3040,23020,,
Geoduck and Horseclam,84C,2008,5,13,5,14502,112105,,
Geoduck and Horseclam,84C,2008,5,16,6,2295,16856,,
Geoduck and Horseclam,84C,2008,5,17,9,9523,74993,,
Geoduck and Horseclam,84C,2008,5,19,3,1337,**,,
Geoduck and Horseclam,84C,2008,5,20,15,47974,425984,,
Geoduck and Horseclam,84C,2008,5,21,5,9647,70662,,
Geoduck and Horseclam,84C,2008,5,22,6,21170,165636,,
Geoduck and Horseclam,84C,2008,5,Total,23,123538,1008697,,
Geoduck and Horseclam,84C,2008,6,5,2,319,*,,
Geoduck and Horseclam,84C,2008,6,9,12,36800,273485,,
Geoduck and Horseclam,84C,2008,6,10,10,9284,67936,,
Geoduck and Horseclam,84C,2008,6,12,5,1475,11621,,
Geoduck and Horseclam,84C,2008,6,13,11,58080,466387,,
Geoduck and Horseclam,84C,2008,6,14,6,2421,17792,,
Geoduck and Horseclam,84C,2008,6,17,1,1055,*,,
Geoduck and Horseclam,84C,2008,6,Total,18,109434,849007,,
Geoduck and Horseclam,84C,2008,12,8,1,60,*,,
Geoduck and Horseclam,84C,2008,12,16,3,7546,50329,,
Geoduck and Horseclam,84C,2008,12,17,1,145,*,,
Geoduck and Horseclam,84C,2008,12,41,3,3401,19416,,
Geoduck and Horseclam,84C,2008,12,Total,3,11152,70081,,
Geoduck and Horseclam,84C,2008,14,1,2,2227,*,,
Geoduck and Horseclam,84C,2008,14,3,1,335,*,,
Geoduck and Horseclam,84C,2008,14,4,5,6881,30974,,
Geoduck and Horseclam,84C,2008,14,5,6,23088,105236,,
Geoduck and Horseclam,84C,2008,14,8,4,1260,5975,,
Geoduck and Horseclam,84C,2008,14,13,6,12950,57191,,
Geoduck and Horseclam,84C,2008,14,Total,6,46741,212193,,
Geoduck and Horseclam,84C,2008,16,1,1,165,*,,
Geoduck and Horseclam,84C,2008,16,2,6,4153,26734,,
Geoduck and Horseclam,84C,2008,16,17,1,808,*,,
Geoduck and Horseclam,84C,2008,16,19,4,3068,17194,,
Geoduck and Horseclam,84C,2008,16,20,2,778,*,,
Geoduck and Horseclam,84C,2008,16,21,4,4428,24473,,
Geoduck and Horseclam,84C,2008,16,Total,6,13400,75837,,
Geoduck and Horseclam,84C,2008,23,5,3,1508,7766,,
Geoduck and Horseclam,84C,2008,23,6,3,2766,14398,,
Geoduck and Horseclam,84C,2008,23,9,1,537,*,,
Geoduck and Horseclam,84C,2008,23,10,2,4497,*,,
Geoduck and Horseclam,84C,2008,23,Total,3,9308,46601,,
Geoduck and Horseclam,84C,2008,24,2,2,975,*,,
Geoduck and Horseclam,84C,2008,24,3,1,440,*,,
Geoduck and Horseclam,84C,2008,24,4,1,200,*,,
Geoduck and Horseclam,84C,2008,24,6,9,80751,403313,,
Geoduck and Horseclam,84C,2008,24,7,6,8511,43637,,
Geoduck and Horseclam,84C,2008,24,8,4,2658,15525,,
Geoduck and Horseclam,84C,2008,24,9,1,1305,*,,
Geoduck and Horseclam,84C,2008,24,14,1,205,*,,
Geoduck and Horseclam,84C,2008,24,Total,9,95045,480117,,
Geoduck and Horseclam,84C,2008,25,13,2,5019,*,,
Geoduck and Horseclam,84C,2008,25,Total,2,5019,*,,
Geoduck and Horseclam,84C,2008,26,6,1,1652,*,,
Geoduck and Horseclam,84C,2008,26,Total,1,1652,*,,
Geoduck and Horseclam,84C,2008,29,1,2,1404,*,,
Geoduck and Horseclam,84C,2008,29,2,2,918,*,,
Geoduck and Horseclam,84C,2008,29,Total,2,2322,*,,
Geoduck and Horseclam,84C,2008,106,2,6,16532,122316,,
Geoduck and Horseclam,84C,2008,106,Total,6,16532,122316,,
Geoduck and Horseclam,84C,2009,1,2,3,1499,8367,,
Geoduck and Horseclam,84C,2009,1,3,4,2839,14248,,
Geoduck and Horseclam,84C,2009,1,7,3,2815,15215,,
Geoduck and Horseclam,84C,2009,1,Total,4,7153,37830,,
Geoduck and Horseclam,84C,2009,2,3,8,23762,153617,,
Geoduck and Horseclam,84C,2009,2,6,7,9155,65634,,
Geoduck and Horseclam,84C,2009,2,7,8,8329,69244,,
Geoduck and Horseclam,84C,2009,2,8,8,14353,112110,,
Geoduck and Horseclam,84C,2009,2,9,8,2604,20077,,
Geoduck and Horseclam,84C,2009,2,11,4,13627,113841,,
Geoduck and Horseclam,84C,2009,2,12,8,17423,128506,,
Geoduck and Horseclam,84C,2009,2,13,6,3065,26121,,
Geoduck and Horseclam,84C,2009,2,14,9,17797,135014,,
Geoduck and Horseclam,84C,2009,2,15,7,6746,63349,,
Geoduck and Horseclam,84C,2009,2,17,8,16443,152935,,
Geoduck and Horseclam,84C,2009,2,18,12,24112,168378,,
Geoduck and Horseclam,84C,2009,2,19,7,10288,57791,,
Geoduck and Horseclam,84C,2009,2,31,9,20427,146104,,
Geoduck and Horseclam,84C,2009,2,32,3,948,8744,,
Geoduck and Horseclam,84C,2009,2,36,5,1965,18247,,
Geoduck and Horseclam,84C,2009,2,38,4,2166,16685,,
Geoduck and Horseclam,84C,2009,2,39,5,3036,21054,,
Geoduck and Horseclam,84C,2009,2,40,6,2435,13433,,
Geoduck and Horseclam,84C,2009,2,41,2,210,*,,
Geoduck and Horseclam,84C,2009,2,42,5,4325,25621,,
Geoduck and Horseclam,84C,2009,2,43,5,989,6509,,
Geoduck and Horseclam,84C,2009,2,49,4,2725,19652,,
Geoduck and Horseclam,84C,2009,2,50,5,2547,18597,,
Geoduck and Horseclam,84C,2009,2,52,1,230,*,,
Geoduck and Horseclam,84C,2009,2,53,5,7484,52098,,
Geoduck and Horseclam,84C,2009,2,55,6,4044,26762,,
Geoduck and Horseclam,84C,2009,2,58,1,330,*,,
Geoduck and Horseclam,84C,2009,2,60,1,42,*,,
Geoduck and Horseclam,84C,2009,2,63,4,3354,21601,,
Geoduck and Horseclam,84C,2009,2,65,4,2015,12603,,
Geoduck and Horseclam,84C,2009,2,66,5,1201,8240,,
Geoduck and Horseclam,84C,2009,2,70,6,4512,28091,,
Geoduck and Horseclam,84C,2009,2,71,6,3752,24086,,
Geoduck and Horseclam,84C,2009,2,75,3,2324,17908,,
Geoduck and Horseclam,84C,2009,2,76,4,2490,18144,,
Geoduck and Horseclam,84C,2009,2,80,1,153,*,,
Geoduck and Horseclam,84C,2009,2,81,2,1004,*,,
Geoduck and Horseclam,84C,2009,2,82,2,2924,*,,
Geoduck and Horseclam,84C,2009,2,83,1,15,*,,
Geoduck and Horseclam,84C,2009,2,85,4,2193,16569,,
Geoduck and Horseclam,84C,2009,2,87,7,17218,137097,,
Geoduck and Horseclam,84C,2009,2,89,1,500,*,,
Geoduck and Horseclam,84C,2009,2,90,5,4165,22350,,
Geoduck and Horseclam,84C,2009,2,91,2,38,*,,
Geoduck and Horseclam,84C,2009,2,92,1,5,*,,
Geoduck and Horseclam,84C,2009,2,93,3,385,1828,,
Geoduck and Horseclam,84C,2009,2,95,4,625,3126,,
Geoduck and Horseclam,84C,2009,2,Total,28,270480,1991859,,
Geoduck and Horseclam,84C,2009,4,2,9,16488,123878,,
Geoduck and Horseclam,84C,2009,4,3,4,1306,9647,,
Geoduck and Horseclam,84C,2009,4,4,9,6810,56228,,
Geoduck and Horseclam,84C,2009,4,9,8,11693,78049,,
Geoduck and Horseclam,84C,2009,4,Total,9,36297,267802,,
Geoduck and Horseclam,84C,2009,6,10,1,230,*,,
Geoduck and Horseclam,84C,2009,6,11,9,11823,83576,,
Geoduck and Horseclam,84C,2009,6,14,9,12555,94394,,
Geoduck and Horseclam,84C,2009,6,15,7,1680,11746,,
Geoduck and Horseclam,84C,2009,6,16,5,1416,**,,
Geoduck and Horseclam,84C,2009,6,Total,9,27704,202875,,
Geoduck and Horseclam,84C,2009,13,1,2,1727,*,,
Geoduck and Horseclam,84C,2009,13,13,1,15,*,,
Geoduck and Horseclam,84C,2009,13,14,3,4798,18017,,
Geoduck and Horseclam,84C,2009,13,15,4,11723,64142,,
Geoduck and Horseclam,84C,2009,13,16,2,1320,*,,
Geoduck and Horseclam,84C,2009,13,Total,4,19583,97462,,
Geoduck and Horseclam,84C,2009,14,7,3,2258,**,,
Geoduck and Horseclam,84C,2009,14,9,4,3374,25301,,
Geoduck and Horseclam,84C,2009,14,11,5,15893,72630,,
Geoduck and Horseclam,84C,2009,14,13,1,20,*,,
Geoduck and Horseclam,84C,2009,14,Total,5,21545,111412,,
Geoduck and Horseclam,84C,2009,15,1,4,5490,**,,
Geoduck and Horseclam,84C,2009,15,2,4,8498,49666,,
Geoduck and Horseclam,84C,2009,15,3,1,60,*,,
Geoduck and Horseclam,84C,2009,15,Total,4,14048,83763,,
Geoduck and Horseclam,84C,2009,16,2,6,3276,**,,
Geoduck and Horseclam,84C,2009,16,22,2,635,*,,
Geoduck and Horseclam,84C,2009,16,Total,6,3911,28299,,
Geoduck and Horseclam,84C,2009,18,7,5,7168,49590,,
Geoduck and Horseclam,84C,2009,18,Total,5,7168,49590,,
Geoduck and Horseclam,84C,2009,19,5,1,975,*,,
Geoduck and Horseclam,84C,2009,19,Total,1,975,*,,
Geoduck and Horseclam,84C,2009,23,5,2,1195,*,,
Geoduck and Horseclam,84C,2009,23,6,3,2531,15934,,
Geoduck and Horseclam,84C,2009,23,8,1,120,*,,
Geoduck and Horseclam,84C,2009,23,9,1,610,*,,
Geoduck and Horseclam,84C,2009,23,10,5,5138,33977,,
Geoduck and Horseclam,84C,2009,23,Total,5,9594,63220,,
Geoduck and Horseclam,84C,2009,24,2,1,1444,*,,
Geoduck and Horseclam,84C,2009,24,3,1,610,*,,
Geoduck and Horseclam,84C,2009,24,4,1,130,*,,
Geoduck and Horseclam,84C,2009,24,6,9,52936,307617,,
Geoduck and Horseclam,84C,2009,24,7,7,9854,52281,,
Geoduck and Horseclam,84C,2009,24,8,3,6219,41733,,
Geoduck and Horseclam,84C,2009,24,9,1,846,*,,
Geoduck and Horseclam,84C,2009,24,14,1,250,*,,
Geoduck and Horseclam,84C,2009,24,Total,9,72289,420583,,
Geoduck and Horseclam,84C,2009,25,6,5,4073,11848,,
Geoduck and Horseclam,84C,2009,25,12,1,31,*,,
Geoduck and Horseclam,84C,2009,25,13,4,5542,17692,,
Geoduck and Horseclam,84C,2009,25,15,2,422,*,,
Geoduck and Horseclam,84C,2009,25,Total,5,10068,30908,,
Geoduck and Horseclam,84C,2009,26,1,2,2120,*,,
Geoduck and Horseclam,84C,2009,26,2,3,1879,**,,
Geoduck and Horseclam,84C,2009,26,6,5,5179,18623,,
Geoduck and Horseclam,84C,2009,26,Total,5,9178,29870,,
Geoduck and Horseclam,84C,2009,27,5,4,2804,9479,,
Geoduck and Horseclam,84C,2009,27,6,4,345,434,,
Geoduck and Horseclam,84C,2009,27,7,3,4154,14393,,
Geoduck and Horseclam,84C,2009,27,Total,4,7303,24306,,
Geoduck and Horseclam,84C,2010,6,10,1,110,*,,
Geoduck and Horseclam,84C,2010,6,11,6,12136,80678,,
Geoduck and Horseclam,84C,2010,6,13,5,7282,50009,,
Geoduck and Horseclam,84C,2010,6,14,7,14542,111940,,
Geoduck and Horseclam,84C,2010,6,15,5,1640,12776,,
Geoduck and Horseclam,84C,2010,6,16,11,16820,120640,,
Geoduck and Horseclam,84C,2010,6,17,1,1189,*,,
Geoduck and Horseclam,84C,2010,6,18,8,12244,103926,,
Geoduck and Horseclam,84C,2010,6,19,4,11381,96172,,
Geoduck and Horseclam,84C,2010,6,Total,19,77344,588036,,
Geoduck and Horseclam,84C,2010,7,3,13,12327,88401,,
Geoduck and Horseclam,84C,2010,7,4,5,1006,9030,,
Geoduck and Horseclam,84C,2010,7,8,3,4168,32118,,
Geoduck and Horseclam,84C,2010,7,9,6,13767,102233,,
Geoduck and Horseclam,84C,2010,7,12,8,12195,87136,,
Geoduck and Horseclam,84C,2010,7,17,3,1327,10191,,
Geoduck and Horseclam,84C,2010,7,18,10,29091,209958,,
Geoduck and Horseclam,84C,2010,7,19,7,4986,22057,,
Geoduck and Horseclam,84C,2010,7,20,7,2433,10315,,
Geoduck and Horseclam,84C,2010,7,21,5,6848,39520,,
Geoduck and Horseclam,84C,2010,7,23,6,2979,22182,,
Geoduck and Horseclam,84C,2010,7,24,4,2240,18421,,
Geoduck and Horseclam,84C,2010,7,25,9,29307,247613,,
Geoduck and Horseclam,84C,2010,7,27,17,49584,404692,,
Geoduck and Horseclam,84C,2010,7,28,4,5800,53804,,
Geoduck and Horseclam,84C,2010,7,31,4,19222,149282,,
Geoduck and Horseclam,84C,2010,7,32,4,13402,60711,,
Geoduck and Horseclam,84C,2010,7,Total,29,210682,1567664,,
Geoduck and Horseclam,84C,2010,8,1,1,210,*,,
Geoduck and Horseclam,84C,2010,8,2,8,23752,201468,,
Geoduck and Horseclam,84C,2010,8,4,6,6260,**,,
Geoduck and Horseclam,84C,2010,8,Total,8,30222,250177,,
Geoduck and Horseclam,84C,2010,9,1,6,10754,54048,,
Geoduck and Horseclam,84C,2010,9,2,5,2728,16334,,
Geoduck and Horseclam,84C,2010,9,12,5,2090,12884,,
Geoduck and Horseclam,84C,2010,9,Total,7,15572,83266,,
Geoduck and Horseclam,84C,2010,10,1,4,1662,11355,,
Geoduck and Horseclam,84C,2010,10,Total,4,1662,11355,,
Geoduck and Horseclam,84C,2010,12,11,4,4747,35128,,
Geoduck and Horseclam,84C,2010,12,12,3,5878,40640,,
Geoduck and Horseclam,84C,2010,12,15,4,3926,32450,,
Geoduck and Horseclam,84C,2010,12,16,4,7686,60685,,
Geoduck and Horseclam,84C,2010,12,Total,5,22237,168903,,
Geoduck and Horseclam,84C,2010,14,10,4,23241,100470,,
Geoduck and Horseclam,84C,2010,14,15,3,1795,6595,,
Geoduck and Horseclam,84C,2010,14,Total,5,25036,107065,,
Geoduck and Horseclam,84C,2010,16,2,4,2925,19205,,
Geoduck and Horseclam,84C,2010,16,Total,4,2925,19205,,
Geoduck and Horseclam,84C,2010,17,2,2,393,*,,
Geoduck and Horseclam,84C,2010,17,5,3,339,2059,,
Geoduck and Horseclam,84C,2010,17,6,1,300,*,,
Geoduck and Horseclam,84C,2010,17,8,1,380,*,,
Geoduck and Horseclam,84C,2010,17,10,4,2567,13730,,
Geoduck and Horseclam,84C,2010,17,16,2,6252,*,,
Geoduck and Horseclam,84C,2010,17,18,3,4875,21285,,
Geoduck and Horseclam,84C,2010,17,19,3,2460,8865,,
Geoduck and Horseclam,84C,2010,17,20,1,270,*,,
Geoduck and Horseclam,84C,2010,17,Total,5,17836,96850,,
Geoduck and Horseclam,84C,2010,23,5,5,1352,8793,,
Geoduck and Horseclam,84C,2010,23,6,5,1348,7535,,
Geoduck and Horseclam,84C,2010,23,9,3,668,3613,,
Geoduck and Horseclam,84C,2010,23,10,6,7080,38022,,
Geoduck and Horseclam,84C,2010,23,Total,6,10448,57963,,
Geoduck and Horseclam,84C,2010,24,2,4,1976,8803,,
Geoduck and Horseclam,84C,2010,24,3,3,560,3530,,
Geoduck and Horseclam,84C,2010,24,4,1,75,*,,
Geoduck and Horseclam,84C,2010,24,6,9,62373,324250,,
Geoduck and Horseclam,84C,2010,24,7,8,11134,55091,,
Geoduck and Horseclam,84C,2010,24,8,5,6988,35995,,
Geoduck and Horseclam,84C,2010,24,9,2,1069,*,,
Geoduck and Horseclam,84C,2010,24,14,2,539,*,,
Geoduck and Horseclam,84C,2010,24,Total,9,84714,435512,,
Geoduck and Horseclam,84C,2010,25,6,5,3961,**,,
Geoduck and Horseclam,84C,2010,25,13,6,7780,24418,,
Geoduck and Horseclam,84C,2010,25,15,1,325,*,,
Geoduck and Horseclam,84C,2010,25,Total,6,12066,38012,,
Geoduck and Horseclam,84C,2010,29,5,2,1742,*,,
Geoduck and Horseclam,84C,2010,29,Total,2,1742,*,,
Geoduck and Horseclam,84C,2011,3,1,9,24209,161813,,
Geoduck and Horseclam,84C,2011,3,2,1,602,*,,
Geoduck and Horseclam,84C,2011,3,4,4,1192,**,,
Geoduck and Horseclam,84C,2011,3,Total,9,26003,171221,,
Geoduck and Horseclam,84C,2011,4,1,7,29514,257954,,
Geoduck and Horseclam,84C,2011,4,2,16,19947,171688,,
Geoduck and Horseclam,84C,2011,4,3,5,1318,10166,,
Geoduck and Horseclam,84C,2011,4,4,8,8987,78182,,
Geoduck and Horseclam,84C,2011,4,5,6,2130,13260,,
Geoduck and Horseclam,84C,2011,4,9,8,10849,82165,,
Geoduck and Horseclam,84C,2011,4,13,7,14614,128693,,
Geoduck and Horseclam,84C,2011,4,Total,19,87359,742108,,
Geoduck and Horseclam,84C,2011,5,10,4,10335,77184,,
Geoduck and Horseclam,84C,2011,5,11,7,3978,26260,,
Geoduck and Horseclam,84C,2011,5,12,4,8077,52265,,
Geoduck and Horseclam,84C,2011,5,13,8,15822,98499,,
Geoduck and Horseclam,84C,2011,5,16,6,1710,16441,,
Geoduck and Horseclam,84C,2011,5,17,7,5925,53013,,
Geoduck and Horseclam,84C,2011,5,19,4,1174,8317,,
Geoduck and Horseclam,84C,2011,5,20,12,44985,357658,,
Geoduck and Horseclam,84C,2011,5,21,9,8923,64670,,
Geoduck and Horseclam,84C,2011,5,22,7,22146,161124,,
Geoduck and Horseclam,84C,2011,5,Total,21,123075,915431,,
Geoduck and Horseclam,84C,2011,6,5,1,170,*,,
Geoduck and Horseclam,84C,2011,6,9,5,2207,16769,,
Geoduck and Horseclam,84C,2011,6,10,11,11675,96502,,
Geoduck and Horseclam,84C,2011,6,12,5,1575,**,,
Geoduck and Horseclam,84C,2011,6,13,9,54596,431294,,
Geoduck and Horseclam,84C,2011,6,Total,12,70223,559586,,
Geoduck and Horseclam,84C,2011,12,6,3,998,5250,,
Geoduck and Horseclam,84C,2011,12,8,4,2504,12367,,
Geoduck and Horseclam,84C,2011,12,16,4,8288,51797,,
Geoduck and Horseclam,84C,2011,12,Total,4,11790,69414,,
Geoduck and Horseclam,84C,2011,14,1,5,2395,9988,,
Geoduck and Horseclam,84C,2011,14,3,3,1528,6972,,
Geoduck and Horseclam,84C,2011,14,4,5,7070,27651,,
Geoduck and Horseclam,84C,2011,14,5,7,33315,125673,,
Geoduck and Horseclam,84C,2011,14,8,5,2109,9554,,
Geoduck and Horseclam,84C,2011,14,13,3,6767,32970,,
Geoduck and Horseclam,84C,2011,14,Total,7,53184,212808,,
Geoduck and Horseclam,84C,2011,16,2,4,5460,23732,,
Geoduck and Horseclam,84C,2011,16,19,6,5025,22168,,
Geoduck and Horseclam,84C,2011,16,20,3,1951,11047,,
Geoduck and Horseclam,84C,2011,16,21,4,9788,47162,,
Geoduck and Horseclam,84C,2011,16,Total,7,22224,104109,,
Geoduck and Horseclam,84C,2011,23,5,4,1388,**,,
Geoduck and Horseclam,84C,2011,23,6,3,2410,11503,,
Geoduck and Horseclam,84C,2011,23,9,1,445,*,,
Geoduck and Horseclam,84C,2011,23,10,6,6240,35215,,
Geoduck and Horseclam,84C,2011,23,Total,6,10483,56335,,
Geoduck and Horseclam,84C,2011,24,2,5,1688,6768,,
Geoduck and Horseclam,84C,2011,24,3,2,653,*,,
Geoduck and Horseclam,84C,2011,24,4,2,1966,*,,
Geoduck and Horseclam,84C,2011,24,6,10,67642,336899,,
Geoduck and Horseclam,84C,2011,24,7,8,10434,46724,,
Geoduck and Horseclam,84C,2011,24,8,6,6438,38250,,
Geoduck and Horseclam,84C,2011,24,9,2,1719,*,,
Geoduck and Horseclam,84C,2011,24,14,2,450,*,,
Geoduck and Horseclam,84C,2011,24,Total,10,90990,451133,,
Geoduck and Horseclam,84C,2011,25,6,3,1465,3361,,
Geoduck and Horseclam,84C,2011,25,13,2,1809,*,,
Geoduck and Horseclam,84C,2011,25,15,2,289,*,,
Geoduck and Horseclam,84C,2011,25,Total,3,3563,9506,,
Geoduck and Horseclam,84C,2011,26,6,2,3900,*,,
Geoduck and Horseclam,84C,2011,26,Total,2,3900,*,,
Geoduck and Horseclam,84C,2011,29,2,1,360,*,,
Geoduck and Horseclam,84C,2011,29,Total,1,360,*,,
Geoduck and Horseclam,84C,2011,106,2,7,13129,112124,,
Geoduck and Horseclam,84C,2011,106,Total,7,13129,112124,,
Geoduck and Horseclam,84C,2012,1,2,2,619,*,,
Geoduck and Horseclam,84C,2012,1,3,5,2788,11287,,
Geoduck and Horseclam,84C,2012,1,7,5,1652,**,,
Geoduck and Horseclam,84C,2012,1,Total,6,5059,21536,,
Geoduck and Horseclam,84C,2012,2,3,9,21117,125462,,
Geoduck and Horseclam,84C,2012,2,6,9,8947,55585,,
Geoduck and Horseclam,84C,2012,2,7,9,8325,59765,,
Geoduck and Horseclam,84C,2012,2,8,8,16181,116070,,
Geoduck and Horseclam,84C,2012,2,9,4,2548,18601,,
Geoduck and Horseclam,84C,2012,2,11,10,21775,170341,,
Geoduck and Horseclam,84C,2012,2,12,14,17228,135500,,
Geoduck and Horseclam,84C,2012,2,13,6,2058,18148,,
Geoduck and Horseclam,84C,2012,2,14,11,14223,123664,,
Geoduck and Horseclam,84C,2012,2,15,9,4950,44295,,
Geoduck and Horseclam,84C,2012,2,17,7,14759,140930,,
Geoduck and Horseclam,84C,2012,2,18,10,23017,181811,,
Geoduck and Horseclam,84C,2012,2,19,6,6037,44990,,
Geoduck and Horseclam,84C,2012,2,31,8,20637,152960,,
Geoduck and Horseclam,84C,2012,2,32,4,1174,8199,,
Geoduck and Horseclam,84C,2012,2,36,5,3083,21354,,
Geoduck and Horseclam,84C,2012,2,38,2,2424,*,,
Geoduck and Horseclam,84C,2012,2,39,5,2797,19217,,
Geoduck and Horseclam,84C,2012,2,40,3,1960,13460,,
Geoduck and Horseclam,84C,2012,2,41,3,160,1130,,
Geoduck and Horseclam,84C,2012,2,42,5,4336,26654,,
Geoduck and Horseclam,84C,2012,2,43,3,1032,5975,,
Geoduck and Horseclam,84C,2012,2,47,2,317,*,,
Geoduck and Horseclam,84C,2012,2,49,9,5194,36276,,
Geoduck and Horseclam,84C,2012,2,50,7,5931,35620,,
Geoduck and Horseclam,84C,2012,2,51,1,95,*,,
Geoduck and Horseclam,84C,2012,2,52,3,1207,10437,,
Geoduck and Horseclam,84C,2012,2,53,11,11948,80834,,
Geoduck and Horseclam,84C,2012,2,55,7,6734,49996,,
Geoduck and Horseclam,84C,2012,2,58,2,705,*,,
Geoduck and Horseclam,84C,2012,2,64,2,265,*,,
Geoduck and Horseclam,84C,2012,2,65,5,2397,16344,,
Geoduck and Horseclam,84C,2012,2,66,7,3561,17762,,
Geoduck and Horseclam,84C,2012,2,70,5,4025,24043,,
Geoduck and Horseclam,84C,2012,2,71,5,4022,22839,,
Geoduck and Horseclam,84C,2012,2,75,5,2867,15509,,
Geoduck and Horseclam,84C,2012,2,76,6,4561,28317,,
Geoduck and Horseclam,84C,2012,2,80,2,475,*,,
Geoduck and Horseclam,84C,2012,2,81,7,2350,13711,,
Geoduck and Horseclam,84C,2012,2,82,7,5435,29849,,
Geoduck and Horseclam,84C,2012,2,85,9,1570,11662,,
Geoduck and Horseclam,84C,2012,2,87,10,22403,149241,,
Geoduck and Horseclam,84C,2012,2,89,2,380,*,,
Geoduck and Horseclam,84C,2012,2,90,6,1447,9470,,
Geoduck and Horseclam,84C,2012,2,Total,28,286657,2064367,,
Geoduck and Horseclam,84C,2012,5,17,6,3107,28320,,
Geoduck and Horseclam,84C,2012,5,Total,6,3107,28320,,
Geoduck and Horseclam,84C,2012,6,9,7,11349,101117,,
Geoduck and Horseclam,84C,2012,6,Total,7,11349,101117,,
Geoduck and Horseclam,84C,2012,9,1,5,7162,**,,
Geoduck and Horseclam,84C,2012,9,2,2,1051,*,,
Geoduck and Horseclam,84C,2012,9,Total,5,8213,45210,,
Geoduck and Horseclam,84C,2012,10,1,4,1866,11316,,
Geoduck and Horseclam,84C,2012,10,3,4,5389,29157,,
Geoduck and Horseclam,84C,2012,10,4,3,2741,14374,,
Geoduck and Horseclam,84C,2012,10,Total,5,9996,54847,,
Geoduck and Horseclam,84C,2012,13,1,2,1836,*,,
Geoduck and Horseclam,84C,2012,13,12,2,540,*,,
Geoduck and Horseclam,84C,2012,13,13,2,175,*,,
Geoduck and Horseclam,84C,2012,13,14,4,3995,12141,,
Geoduck and Horseclam,84C,2012,13,15,6,11578,55833,,
Geoduck and Horseclam,84C,2012,13,16,2,500,*,,
Geoduck and Horseclam,84C,2012,13,Total,6,18624,79656,,
Geoduck and Horseclam,84C,2012,14,7,4,5769,**,,
Geoduck and Horseclam,84C,2012,14,9,4,7758,30351,,
Geoduck and Horseclam,84C,2012,14,10,2,124,*,,
Geoduck and Horseclam,84C,2012,14,11,7,20134,101323,,
Geoduck and Horseclam,84C,2012,14,Total,7,33785,156778,,
Geoduck and Horseclam,84C,2012,15,1,3,2140,**,,
Geoduck and Horseclam,84C,2012,15,2,6,10695,36796,,
Geoduck and Horseclam,84C,2012,15,3,2,1390,*,,
Geoduck and Horseclam,84C,2012,15,Total,6,14225,49351,,
Geoduck and Horseclam,84C,2012,16,1,1,105,*,,
Geoduck and Horseclam,84C,2012,16,2,7,5362,22258,,
Geoduck and Horseclam,84C,2012,16,13,1,240,*,,
Geoduck and Horseclam,84C,2012,16,14,1,15,*,,
Geoduck and Horseclam,84C,2012,16,22,1,1714,*,,
Geoduck and Horseclam,84C,2012,16,Total,7,7436,30581,,
Geoduck and Horseclam,84C,2012,17,10,1,160,*,,
Geoduck and Horseclam,84C,2012,17,18,1,190,*,,
Geoduck and Horseclam,84C,2012,17,Total,1,350,*,,
Geoduck and Horseclam,84C,2012,18,7,4,5545,29012,,
Geoduck and Horseclam,84C,2012,18,Total,4,5545,29012,,
Geoduck and Horseclam,84C,2012,19,5,5,4756,13774,,
Geoduck and Horseclam,84C,2012,19,Total,5,4756,13774,,
Geoduck and Horseclam,84C,2012,23,5,1,1210,*,,
Geoduck and Horseclam,84C,2012,23,6,5,2580,10862,,
Geoduck and Horseclam,84C,2012,23,9,3,1051,**,,
Geoduck and Horseclam,84C,2012,23,10,3,1245,7112,,
Geoduck and Horseclam,84C,2012,23,Total,5,6086,30211,,
Geoduck and Horseclam,84C,2012,24,2,3,609,2633,,
Geoduck and Horseclam,84C,2012,24,3,2,621,*,,
Geoduck and Horseclam,84C,2012,24,4,1,90,*,,
Geoduck and Horseclam,84C,2012,24,6,8,70974,329020,,
Geoduck and Horseclam,84C,2012,24,7,8,12737,45846,,
Geoduck and Horseclam,84C,2012,24,8,7,6978,26254,,
Geoduck and Horseclam,84C,2012,24,9,2,2935,*,,
Geoduck and Horseclam,84C,2012,24,14,2,465,*,,
Geoduck and Horseclam,84C,2012,24,Total,8,95409,420331,,
Geoduck and Horseclam,84C,2012,25,6,5,1820,**,,
Geoduck and Horseclam,84C,2012,25,13,5,3544,9793,,
Geoduck and Horseclam,84C,2012,25,15,2,414,*,,
Geoduck and Horseclam,84C,2012,25,Total,5,5778,15507,,
Geoduck and Horseclam,84C,2012,26,6,5,4253,14146,,
Geoduck and Horseclam,84C,2012,26,Total,5,4253,14146,,
Geoduck and Horseclam,84C,2013,6,9,7,10699,84864,,
Geoduck and Horseclam,84C,2013,6,10,1,266,*,,
Geoduck and Horseclam,84C,2013,6,11,13,12774,62639,,
Geoduck and Horseclam,84C,2013,6,13,11,20612,146192,,
Geoduck and Horseclam,84C,2013,6,14,9,15677,100068,,
Geoduck and Horseclam,84C,2013,6,15,6,1113,**,,
Geoduck and Horseclam,84C,2013,6,16,10,15963,118139,,
Geoduck and Horseclam,84C,2013,6,17,3,1331,10996,,
Geoduck and Horseclam,84C,2013,6,18,12,19952,148253,,
Geoduck and Horseclam,84C,2013,6,19,12,19948,140737,,
Geoduck and Horseclam,84C,2013,6,Total,21,118335,821175,,
Geoduck and Horseclam,84C,2013,7,3,15,15140,97467,,
Geoduck and Horseclam,84C,2013,7,4,7,1376,10573,,
Geoduck and Horseclam,84C,2013,7,8,7,5124,34101,,
Geoduck and Horseclam,84C,2013,7,9,11,15192,103281,,
Geoduck and Horseclam,84C,2013,7,12,9,11339,78991,,
Geoduck and Horseclam,84C,2013,7,17,3,783,5387,,
Geoduck and Horseclam,84C,2013,7,18,11,31015,179658,,
Geoduck and Horseclam,84C,2013,7,19,5,3370,17433,,
Geoduck and Horseclam,84C,2013,7,20,5,1338,4753,,
Geoduck and Horseclam,84C,2013,7,21,7,3029,19129,,
Geoduck and Horseclam,84C,2013,7,23,8,2208,15138,,
Geoduck and Horseclam,84C,2013,7,24,8,3501,22231,,
Geoduck and Horseclam,84C,2013,7,25,10,36779,283041,,
Geoduck and Horseclam,84C,2013,7,27,18,49750,320319,,
Geoduck and Horseclam,84C,2013,7,28,6,7177,51964,,
Geoduck and Horseclam,84C,2013,7,31,5,17546,137365,,
Geoduck and Horseclam,84C,2013,7,32,5,6184,25472,,
Geoduck and Horseclam,84C,2013,7,Total,27,210851,1406303,,
Geoduck and Horseclam,84C,2013,8,1,2,190,*,,
Geoduck and Horseclam,84C,2013,8,2,12,30937,202160,,
Geoduck and Horseclam,84C,2013,8,4,9,5923,38859,,
Geoduck and Horseclam,84C,2013,8,16,1,420,*,,
Geoduck and Horseclam,84C,2013,8,Total,13,37470,244778,,
Geoduck and Horseclam,84C,2013,9,12,6,1790,9136,,
Geoduck and Horseclam,84C,2013,9,Total,6,1790,9136,,
Geoduck and Horseclam,84C,2013,12,11,3,4646,28545,,
Geoduck and Horseclam,84C,2013,12,12,3,3849,16393,,
Geoduck and Horseclam,84C,2013,12,15,4,8340,37827,,
Geoduck and Horseclam,84C,2013,12,16,3,10722,64039,,
Geoduck and Horseclam,84C,2013,12,Total,4,27557,146804,,
Geoduck and Horseclam,84C,2013,14,10,4,22135,**,,
Geoduck and Horseclam,84C,2013,14,15,1,253,*,,
Geoduck and Horseclam,84C,2013,14,Total,4,22388,91669,,
Geoduck and Horseclam,84C,2013,16,1,2,375,*,,
Geoduck and Horseclam,84C,2013,16,2,6,3277,**,,
Geoduck and Horseclam,84C,2013,16,Total,6,3652,18903,,
Geoduck and Horseclam,84C,2013,17,4,1,80,*,,
Geoduck and Horseclam,84C,2013,17,10,4,1980,8556,,
Geoduck and Horseclam,84C,2013,17,16,2,3130,*,,
Geoduck and Horseclam,84C,2013,17,18,2,2467,*,,
Geoduck and Horseclam,84C,2013,17,Total,4,7657,37162,,
Geoduck and Horseclam,84C,2013,23,5,4,1228,8195,,
Geoduck and Horseclam,84C,2013,23,6,6,2627,15232,,
Geoduck and Horseclam,84C,2013,23,7,1,85,*,,
Geoduck and Horseclam,84C,2013,23,9,4,1044,**,,
Geoduck and Horseclam,84C,2013,23,10,8,5293,30435,,
Geoduck and Horseclam,84C,2013,23,Total,9,10277,60431,,
Geoduck and Horseclam,84C,2013,24,2,5,1552,6708,,
Geoduck and Horseclam,84C,2013,24,3,5,568,2980,,
Geoduck and Horseclam,84C,2013,24,4,1,80,*,,
Geoduck and Horseclam,84C,2013,24,6,10,82899,350071,,
Geoduck and Horseclam,84C,2013,24,7,10,10314,41255,,
Geoduck and Horseclam,84C,2013,24,8,7,6539,34636,,
Geoduck and Horseclam,84C,2013,24,9,2,1333,*,,
Geoduck and Horseclam,84C,2013,24,14,2,556,*,,
Geoduck and Horseclam,84C,2013,24,Total,10,103841,443530,,
Geoduck and Horseclam,84C,2013,25,13,4,3677,10126,,
Geoduck and Horseclam,84C,2013,25,Total,4,3677,10126,,
Geoduck and Horseclam,84C,2013,26,1,2,166,*,,
Geoduck and Horseclam,84C,2013,26,2,1,26,*,,
Geoduck and Horseclam,84C,2013,26,6,4,4813,14439,,
Geoduck and Horseclam,84C,2013,26,Total,4,5005,14951,,
Geoduck and Horseclam,84C,2013,29,5,1,3180,*,,
Geoduck and Horseclam,84C,2013,29,Total,1,3180,*,,
Geoduck and Horseclam,84C,2014,4,2,10,24345,189872,,
Geoduck and Horseclam,84C,2014,4,3,8,1396,10653,,
Geoduck and Horseclam,84C,2014,4,4,13,10110,82687,,
Geoduck and Horseclam,84C,2014,4,9,11,15555,108544,,
Geoduck and Horseclam,84C,2014,4,13,9,20731,159825,,
Geoduck and Horseclam,84C,2014,4,Total,13,72137,551581,,
Geoduck and Horseclam,84C,2014,5,10,6,11024,74881,,
Geoduck and Horseclam,84C,2014,5,11,7,3683,23352,,
Geoduck and Horseclam,84C,2014,5,12,6,8838,55822,,
Geoduck and Horseclam,84C,2014,5,13,7,16412,100018,,
Geoduck and Horseclam,84C,2014,5,16,8,1952,13876,,
Geoduck and Horseclam,84C,2014,5,17,11,11709,90311,,
Geoduck and Horseclam,84C,2014,5,19,4,859,5523,,
Geoduck and Horseclam,84C,2014,5,20,12,54037,412241,,
Geoduck and Horseclam,84C,2014,5,21,5,7099,51131,,
Geoduck and Horseclam,84C,2014,5,22,9,22663,176133,,
Geoduck and Horseclam,84C,2014,5,Total,25,138276,1003288,,
Geoduck and Horseclam,84C,2014,6,5,2,505,*,,
Geoduck and Horseclam,84C,2014,6,9,12,31394,231070,,
Geoduck and Horseclam,84C,2014,6,10,10,13889,105677,,
Geoduck and Horseclam,84C,2014,6,12,4,825,**,,
Geoduck and Horseclam,84C,2014,6,13,17,49567,364999,,
Geoduck and Horseclam,84C,2014,6,Total,19,96180,712810,,
Geoduck and Horseclam,84C,2014,8,2,1,160,*,,
Geoduck and Horseclam,84C,2014,8,4,2,290,*,,
Geoduck and Horseclam,84C,2014,8,Total,3,450,2859,,
Geoduck and Horseclam,84C,2014,12,6,1,825,*,,
Geoduck and Horseclam,84C,2014,12,8,3,1638,9695,,
Geoduck and Horseclam,84C,2014,12,16,3,4514,31870,,
Geoduck and Horseclam,84C,2014,12,41,3,1298,**,,
Geoduck and Horseclam,84C,2014,12,Total,3,8275,52249,,
Geoduck and Horseclam,84C,2014,14,1,3,1020,**,,
Geoduck and Horseclam,84C,2014,14,3,1,485,*,,
Geoduck and Horseclam,84C,2014,14,4,4,7041,26347,,
Geoduck and Horseclam,84C,2014,14,5,5,24063,120632,,
Geoduck and Horseclam,84C,2014,14,8,3,1652,6869,,
Geoduck and Horseclam,84C,2014,14,Total,6,34261,160898,,
Geoduck and Horseclam,84C,2014,16,1,1,225,*,,
Geoduck and Horseclam,84C,2014,16,2,5,3914,16362,,
Geoduck and Horseclam,84C,2014,16,19,3,7781,31242,,
Geoduck and Horseclam,84C,2014,16,20,3,2579,**,,
Geoduck and Horseclam,84C,2014,16,21,5,13826,66028,,
Geoduck and Horseclam,84C,2014,16,Total,6,28325,126209,,
Geoduck and Horseclam,84C,2014,17,5,2,217,*,,
Geoduck and Horseclam,84C,2014,17,16,3,979,**,,
Geoduck and Horseclam,84C,2014,17,Total,3,1196,5488,,
Geoduck and Horseclam,84C,2014,23,5,4,1267,7599,,
Geoduck and Horseclam,84C,2014,23,6,5,2057,12248,,
Geoduck and Horseclam,84C,2014,23,9,3,882,4631,,
Geoduck and Horseclam,84C,2014,23,10,6,4887,29270,,
Geoduck and Horseclam,84C,2014,23,Total,7,9093,53748,,
Geoduck and Horseclam,84C,2014,24,2,3,1037,5586,,
Geoduck and Horseclam,84C,2014,24,3,4,803,4550,,
Geoduck and Horseclam,84C,2014,24,4,1,646,*,,
Geoduck and Horseclam,84C,2014,24,6,10,85708,335607,,
Geoduck and Horseclam,84C,2014,24,7,10,13930,46833,,
Geoduck and Horseclam,84C,2014,24,8,3,4020,25420,,
Geoduck and Horseclam,84C,2014,24,9,1,1785,*,,
Geoduck and Horseclam,84C,2014,24,14,2,340,*,,
Geoduck and Horseclam,84C,2014,24,Total,10,108269,429851,,
Geoduck and Horseclam,84C,2014,25,13,3,5822,13174,,
Geoduck and Horseclam,84C,2014,25,Total,3,5822,13174,,
Geoduck and Horseclam,84C,2014,26,6,4,4143,13299,,
Geoduck and Horseclam,84C,2014,26,Total,4,4143,13299,,
Geoduck and Horseclam,84C,2014,29,1,1,85,*,,
Geoduck and Horseclam,84C,2014,29,2,1,465,*,,
Geoduck and Horseclam,84C,2014,29,Total,1,550,*,,
Geoduck and Horseclam,84C,2014,106,2,15,14238,121703,,
Geoduck and Horseclam,84C,2014,106,Total,15,14238,121703,,
Geoduck and Horseclam,84C,2015,1,2,3,1370,7433,,
Geoduck and Horseclam,84C,2015,1,3,5,5852,30221,,
Geoduck and Horseclam,84C,2015,1,7,4,2243,11452,,
Geoduck and Horseclam,84C,2015,1,Total,6,9465,49106,,
Geoduck and Horseclam,84C,2015,2,3,9,20872,132708,,
Geoduck and Horseclam,84C,2015,2,6,7,3365,19117,,
Geoduck and Horseclam,84C,2015,2,7,10,8767,63494,,
Geoduck and Horseclam,84C,2015,2,12,8,11915,97301,,
Geoduck and Horseclam,84C,2015,2,13,7,2174,17133,,
Geoduck and Horseclam,84C,2015,2,14,9,9935,86384,,
Geoduck and Horseclam,84C,2015,2,15,8,7932,70377,,
Geoduck and Horseclam,84C,2015,2,17,8,5624,54836,,
Geoduck and Horseclam,84C,2015,2,18,14,30943,238430,,
Geoduck and Horseclam,84C,2015,2,31,9,15202,116930,,
Geoduck and Horseclam,84C,2015,2,32,3,2190,17634,,
Geoduck and Horseclam,84C,2015,2,36,6,8212,68176,,
Geoduck and Horseclam,84C,2015,2,42,6,5827,36490,,
Geoduck and Horseclam,84C,2015,2,43,5,1206,6900,,
Geoduck and Horseclam,84C,2015,2,49,5,2702,18382,,
Geoduck and Horseclam,84C,2015,2,50,8,2643,15264,,
Geoduck and Horseclam,84C,2015,2,52,5,652,3988,,
Geoduck and Horseclam,84C,2015,2,53,7,5451,32099,,
Geoduck and Horseclam,84C,2015,2,63,7,4346,22937,,
Geoduck and Horseclam,84C,2015,2,64,1,280,*,,
Geoduck and Horseclam,84C,2015,2,65,4,2521,12908,,
Geoduck and Horseclam,84C,2015,2,66,4,1980,10438,,
Geoduck and Horseclam,84C,2015,2,68,1,165,*,,
Geoduck and Horseclam,84C,2015,2,70,5,5923,29368,,
Geoduck and Horseclam,84C,2015,2,71,6,5585,27051,,
Geoduck and Horseclam,84C,2015,2,75,8,2713,16381,,
Geoduck and Horseclam,84C,2015,2,76,9,5440,29101,,
Geoduck and Horseclam,84C,2015,2,80,2,403,*,,
Geoduck and Horseclam,84C,2015,2,81,5,1210,6967,,
Geoduck and Horseclam,84C,2015,2,82,7,4922,27639,,
Geoduck and Horseclam,84C,2015,2,85,7,1667,9932,,
Geoduck and Horseclam,84C,2015,2,87,11,24974,163020,,
Geoduck and Horseclam,84C,2015,2,89,2,245,*,,
Geoduck and Horseclam,84C,2015,2,90,6,777,5220,,
Geoduck and Horseclam,84C,2015,2,Total,23,208763,1462852,,
Geoduck and Horseclam,84C,2015,3,1,13,48659,350890,,
Geoduck and Horseclam,84C,2015,3,2,2,483,*,,
Geoduck and Horseclam,84C,2015,3,4,3,778,**,,
Geoduck and Horseclam,84C,2015,3,Total,13,49920,358912,,
Geoduck and Horseclam,84C,2015,4,1,10,41102,305307,,
Geoduck and Horseclam,84C,2015,4,5,4,456,3394,,
Geoduck and Horseclam,84C,2015,4,Total,10,41558,308701,,
Geoduck and Horseclam,84C,2015,6,9,1,1845,*,,
Geoduck and Horseclam,84C,2015,6,Total,1,1845,*,,
Geoduck and Horseclam,84C,2015,13,1,4,1144,4787,,
Geoduck and Horseclam,84C,2015,13,12,1,265,*,,
Geoduck and Horseclam,84C,2015,13,13,2,375,*,,
Geoduck and Horseclam,84C,2015,13,14,5,4001,15013,,
Geoduck and Horseclam,84C,2015,13,15,4,7341,34873,,
Geoduck and Horseclam,84C,2015,13,16,4,1304,4871,,
Geoduck and Horseclam,84C,2015,13,Total,5,14430,62438,,
Geoduck and Horseclam,84C,2015,14,7,3,3993,16714,,
Geoduck and Horseclam,84C,2015,14,9,2,3864,*,,
Geoduck and Horseclam,84C,2015,14,10,2,321,*,,
Geoduck and Horseclam,84C,2015,14,11,6,13915,69972,,
Geoduck and Horseclam,84C,2015,14,13,5,8509,37771,,
Geoduck and Horseclam,84C,2015,14,Total,6,30602,145807,,
Geoduck and Horseclam,84C,2015,15,1,4,3357,**,,
Geoduck and Horseclam,84C,2015,15,2,5,9362,43730,,
Geoduck and Horseclam,84C,2015,15,3,1,600,*,,
Geoduck and Horseclam,84C,2015,15,Total,5,13319,63823,,
Geoduck and Horseclam,84C,2015,16,1,1,100,*,,
Geoduck and Horseclam,84C,2015,16,2,5,4119,22804,,
Geoduck and Horseclam,84C,2015,16,17,2,390,*,,
Geoduck and Horseclam,84C,2015,16,22,3,760,3352,,
Geoduck and Horseclam,84C,2015,16,Total,5,5369,28286,,
Geoduck and Horseclam,84C,2015,17,5,3,2988,15169,,
Geoduck and Horseclam,84C,2015,17,Total,3,2988,15169,,
Geoduck and Horseclam,84C,2015,18,7,4,4559,29019,,
Geoduck and Horseclam,84C,2015,18,Total,4,4559,29019,,
Geoduck and Horseclam,84C,2015,19,5,5,5850,22075,,
Geoduck and Horseclam,84C,2015,19,Total,5,5850,22075,,
Geoduck and Horseclam,84C,2015,23,5,3,1147,6782,,
Geoduck and Horseclam,84C,2015,23,6,6,2808,13213,,
Geoduck and Horseclam,84C,2015,23,9,4,1099,4509,,
Geoduck and Horseclam,84C,2015,23,10,6,2150,10806,,
Geoduck and Horseclam,84C,2015,23,Total,8,7204,35310,,
Geoduck and Horseclam,84C,2015,24,6,10,98189,363109,,
Geoduck and Horseclam,84C,2015,24,7,8,12194,43238,,
Geoduck and Horseclam,84C,2015,24,8,6,4304,**,,
Geoduck and Horseclam,84C,2015,24,9,1,1985,*,,
Geoduck and Horseclam,84C,2015,24,Total,10,116672,432033,,
Geoduck and Horseclam,84C,2015,29,1,3,440,1803,,
Geoduck and Horseclam,84C,2015,29,2,3,1440,6606,,
Geoduck and Horseclam,84C,2015,29,Total,3,1880,8409,,
Geoduck and Horseclam,84C,2016,3,1,2,1330,*,,
Geoduck and Horseclam,84C,2016,3,Total,2,1330,*,,
Geoduck and Horseclam,84C,2016,4,1,13,39125,**,,
Geoduck and Horseclam,84C,2016,4,5,2,545,*,,
Geoduck and Horseclam,84C,2016,4,Total,13,39670,316899,,
Geoduck and Horseclam,84C,2016,6,10,1,110,*,,
Geoduck and Horseclam,84C,2016,6,11,3,3277,22797,,
Geoduck and Horseclam,84C,2016,6,13,7,24299,166358,,
Geoduck and Horseclam,84C,2016,6,14,7,5512,32737,,
Geoduck and Horseclam,84C,2016,6,16,11,13255,104111,,
Geoduck and Horseclam,84C,2016,6,17,4,1442,**,,
Geoduck and Horseclam,84C,2016,6,18,9,14111,105892,,
Geoduck and Horseclam,84C,2016,6,19,8,16034,115868,,
Geoduck and Horseclam,84C,2016,6,Total,20,78040,559512,,
Geoduck and Horseclam,84C,2016,7,3,15,17196,114967,,
Geoduck and Horseclam,84C,2016,7,4,2,75,*,,
Geoduck and Horseclam,84C,2016,7,8,5,5256,**,,
Geoduck and Horseclam,84C,2016,7,9,14,15119,100368,,
Geoduck and Horseclam,84C,2016,7,12,5,9626,61388,,
Geoduck and Horseclam,84C,2016,7,25,11,22163,150283,,
Geoduck and Horseclam,84C,2016,7,27,9,6021,46620,,
Geoduck and Horseclam,84C,2016,7,31,9,24872,187363,,
Geoduck and Horseclam,84C,2016,7,Total,23,100328,693739,,
Geoduck and Horseclam,84C,2016,9,1,8,8388,46040,,
Geoduck and Horseclam,84C,2016,9,2,6,2587,13211,,
Geoduck and Horseclam,84C,2016,9,12,7,2676,13989,,
Geoduck and Horseclam,84C,2016,9,Total,8,13651,73240,,
Geoduck and Horseclam,84C,2016,10,1,6,3525,21244,,
Geoduck and Horseclam,84C,2016,10,3,8,8373,36609,,
Geoduck and Horseclam,84C,2016,10,4,5,5433,24868,,
Geoduck and Horseclam,84C,2016,10,Total,10,17331,82721,,
Geoduck and Horseclam,84C,2016,12,11,6,5717,39835,,
Geoduck and Horseclam,84C,2016,12,15,6,5783,31054,,
Geoduck and Horseclam,84C,2016,12,16,4,2713,17779,,
Geoduck and Horseclam,84C,2016,12,Total,6,14213,88668,,
Geoduck and Horseclam,84C,2016,14,10,7,22724,**,,
Geoduck and Horseclam,84C,2016,14,15,1,1090,*,,
Geoduck and Horseclam,84C,2016,14,Total,7,23814,106658,,
Geoduck and Horseclam,84C,2016,16,2,6,4896,21081,,
Geoduck and Horseclam,84C,2016,16,Total,6,4896,21081,,
Geoduck and Horseclam,84C,2016,17,5,1,210,*,,
Geoduck and Horseclam,84C,2016,17,6,1,335,*,,
Geoduck and Horseclam,84C,2016,17,8,2,240,*,,
Geoduck and Horseclam,84C,2016,17,10,5,2420,9554,,
Geoduck and Horseclam,84C,2016,17,16,3,2803,21238,,
Geoduck and Horseclam,84C,2016,17,18,5,4267,10233,,
Geoduck and Horseclam,84C,2016,17,Total,8,10275,44968,,
Geoduck and Horseclam,84C,2016,18,7,3,1405,9234,,
Geoduck and Horseclam,84C,2016,18,Total,3,1405,9234,,
Geoduck and Horseclam,84C,2016,19,5,4,1868,6103,,
Geoduck and Horseclam,84C,2016,19,Total,4,1868,6103,,
Geoduck and Horseclam,84C,2016,23,5,3,1718,**,,
Geoduck and Horseclam,84C,2016,23,6,4,2876,15268,,
Geoduck and Horseclam,84C,2016,23,8,2,391,*,,
Geoduck and Horseclam,84C,2016,23,9,4,2073,11353,,
Geoduck and Horseclam,84C,2016,23,10,6,5876,27367,,
Geoduck and Horseclam,84C,2016,23,Total,8,12934,66716,,
Geoduck and Horseclam,84C,2016,24,2,2,1215,*,,
Geoduck and Horseclam,84C,2016,24,3,1,855,*,,
Geoduck and Horseclam,84C,2016,24,4,1,49,*,,
Geoduck and Horseclam,84C,2016,24,6,9,59845,232933,,
Geoduck and Horseclam,84C,2016,24,7,9,13907,49507,,
Geoduck and Horseclam,84C,2016,24,8,6,7615,40120,,
Geoduck and Horseclam,84C,2016,24,9,4,8878,31667,,
Geoduck and Horseclam,84C,2016,24,14,2,342,*,,
Geoduck and Horseclam,84C,2016,24,Total,10,92706,366414,,
Geoduck and Horseclam,84C,2016,25,6,3,883,1807,,
Geoduck and Horseclam,84C,2016,25,13,4,2262,6673,,
Geoduck and Horseclam,84C,2016,25,Total,4,3145,8480,,
Geoduck and Horseclam,84C,2016,26,1,1,60,*,,
Geoduck and Horseclam,84C,2016,26,6,4,4741,**,,
Geoduck and Horseclam,84C,2016,26,Total,4,4801,15708,,
Geoduck and Horseclam,84C,2016,29,5,5,2831,14183,,
Geoduck and Horseclam,84C,2016,29,Total,5,2831,14183,,
Geoduck and Horseclam,84C,2017,4,2,13,15033,123338,,
Geoduck and Horseclam,84C,2017,4,3,5,1397,13056,,
Geoduck and Horseclam,84C,2017,4,4,13,14688,129117,,
Geoduck and Horseclam,84C,2017,4,9,13,35406,267792,,
Geoduck and Horseclam,84C,2017,4,Total,16,66524,533303,,
Geoduck and Horseclam,84C,2017,5,10,9,11238,80526,,
Geoduck and Horseclam,84C,2017,5,11,2,750,*,,
Geoduck and Horseclam,84C,2017,5,12,9,26016,169533,,
Geoduck and Horseclam,84C,2017,5,13,6,2297,13986,,
Geoduck and Horseclam,84C,2017,5,17,9,8618,67382,,
Geoduck and Horseclam,84C,2017,5,19,2,355,*,,
Geoduck and Horseclam,84C,2017,5,22,10,15121,121553,,
Geoduck and Horseclam,84C,2017,5,Total,19,64395,461766,,
Geoduck and Horseclam,84C,2017,6,5,4,981,7487,,
Geoduck and Horseclam,84C,2017,6,9,10,23294,177037,,
Geoduck and Horseclam,84C,2017,6,10,15,22637,174003,,
Geoduck and Horseclam,84C,2017,6,11,5,1515,8266,,
Geoduck and Horseclam,84C,2017,6,12,10,4039,29008,,
Geoduck and Horseclam,84C,2017,6,13,13,27878,253673,,
Geoduck and Horseclam,84C,2017,6,14,9,6259,47568,,
Geoduck and Horseclam,84C,2017,6,19,11,11565,91972,,
Geoduck and Horseclam,84C,2017,6,Total,22,98168,789014,,
Geoduck and Horseclam,84C,2017,7,18,4,794,5064,,
Geoduck and Horseclam,84C,2017,7,25,16,17932,126245,,
Geoduck and Horseclam,84C,2017,7,27,17,41139,244864,,
Geoduck and Horseclam,84C,2017,7,28,12,5618,46280,,
Geoduck and Horseclam,84C,2017,7,Total,18,65483,422453,,
Geoduck and Horseclam,84C,2017,8,4,14,7160,49763,,
Geoduck and Horseclam,84C,2017,8,Total,14,7160,49763,,
Geoduck and Horseclam,84C,2017,12,6,1,592,*,,
Geoduck and Horseclam,84C,2017,12,8,3,3246,**,,
Geoduck and Horseclam,84C,2017,12,16,4,4833,42069,,
Geoduck and Horseclam,84C,2017,12,Total,4,8671,61665,,
Geoduck and Horseclam,84C,2017,14,1,3,1720,9875,,
Geoduck and Horseclam,84C,2017,14,3,2,730,*,,
Geoduck and Horseclam,84C,2017,14,4,5,5275,21707,,
Geoduck and Horseclam,84C,2017,14,5,5,24093,116929,,
Geoduck and Horseclam,84C,2017,14,8,4,1743,**,,
Geoduck and Horseclam,84C,2017,14,10,5,12253,48717,,
Geoduck and Horseclam,84C,2017,14,Total,6,45814,208540,,
Geoduck and Horseclam,84C,2017,16,1,1,235,*,,
Geoduck and Horseclam,84C,2017,16,2,3,3510,**,,
Geoduck and Horseclam,84C,2017,16,19,5,5049,28745,,
Geoduck and Horseclam,84C,2017,16,20,5,3448,16789,,
Geoduck and Horseclam,84C,2017,16,21,5,9538,56072,,
Geoduck and Horseclam,84C,2017,16,Total,5,21780,119077,,
Geoduck and Horseclam,84C,2017,17,16,2,2087,*,,
Geoduck and Horseclam,84C,2017,17,Total,2,2087,*,,
Geoduck and Horseclam,84C,2017,18,7,5,3557,17936,,
Geoduck and Horseclam,84C,2017,18,Total,5,3557,17936,,
Geoduck and Horseclam,84C,2017,19,5,2,822,*,,
Geoduck and Horseclam,84C,2017,19,Total,2,822,*,,
Geoduck and Horseclam,84C,2017,23,5,4,1565,9313,,
Geoduck and Horseclam,84C,2017,23,6,7,2734,15416,,
Geoduck and Horseclam,84C,2017,23,8,1,275,*,,
Geoduck and Horseclam,84C,2017,23,9,8,1693,**,,
Geoduck and Horseclam,84C,2017,23,10,7,4801,21728,,
Geoduck and Horseclam,84C,2017,23,Total,10,11068,56708,,
Geoduck and Horseclam,84C,2017,24,2,2,1457,*,,
Geoduck and Horseclam,84C,2017,24,3,2,698,*,,
Geoduck and Horseclam,84C,2017,24,4,1,662,*,,
Geoduck and Horseclam,84C,2017,24,6,9,55868,234123,,
Geoduck and Horseclam,84C,2017,24,7,7,9918,38599,,
Geoduck and Horseclam,84C,2017,24,8,4,7110,29628,,
Geoduck and Horseclam,84C,2017,24,9,2,2660,*,,
Geoduck and Horseclam,84C,2017,24,14,1,620,*,,
Geoduck and Horseclam,84C,2017,24,Total,10,78993,321982,,
Geoduck and Horseclam,84C,2017,106,2,8,16090,131914,,
Geoduck and Horseclam,84C,2017,106,Total,8,16090,131914,,
Geoduck and Horseclam,84C,2018,2,8,6,13786,93634,,
Geoduck and Horseclam,84C,2018,2,9,5,3096,18477,,
Geoduck and Horseclam,84C,2018,2,11,11,35354,254383,,
Geoduck and Horseclam,84C,2018,2,12,7,18624,143935,,
Geoduck and Horseclam,84C,2018,2,13,2,1003,*,,
Geoduck and Horseclam,84C,2018,2,14,9,18314,152649,,
Geoduck and Horseclam,84C,2018,2,15,9,19547,158622,,
Geoduck and Horseclam,84C,2018,2,17,6,10862,86188,,
Geoduck and Horseclam,84C,2018,2,18,11,7499,54713,,
Geoduck and Horseclam,84C,2018,2,19,4,3586,22804,,
Geoduck and Horseclam,84C,2018,2,31,12,14824,112431,,
Geoduck and Horseclam,84C,2018,2,32,2,1025,*,,
Geoduck and Horseclam,84C,2018,2,33,1,195,*,,
Geoduck and Horseclam,84C,2018,2,49,5,2581,17013,,
Geoduck and Horseclam,84C,2018,2,50,4,2557,20060,,
Geoduck and Horseclam,84C,2018,2,52,1,130,*,,
Geoduck and Horseclam,84C,2018,2,53,7,5485,41302,,
Geoduck and Horseclam,84C,2018,2,55,4,2774,22079,,
Geoduck and Horseclam,84C,2018,2,58,1,325,*,,
Geoduck and Horseclam,84C,2018,2,63,7,1889,12036,,
Geoduck and Horseclam,84C,2018,2,65,5,1071,5796,,
Geoduck and Horseclam,84C,2018,2,66,3,500,1906,,
Geoduck and Horseclam,84C,2018,2,68,1,148,*,,
Geoduck and Horseclam,84C,2018,2,70,6,5370,28145,,
Geoduck and Horseclam,84C,2018,2,71,6,7130,39160,,
Geoduck and Horseclam,84C,2018,2,75,5,3367,19120,,
Geoduck and Horseclam,84C,2018,2,76,5,5003,31616,,
Geoduck and Horseclam,84C,2018,2,80,1,354,*,,
Geoduck and Horseclam,84C,2018,2,81,4,1864,11396,,
Geoduck and Horseclam,84C,2018,2,82,4,5330,32594,,
Geoduck and Horseclam,84C,2018,2,85,4,880,7485,,
Geoduck and Horseclam,84C,2018,2,87,8,17474,127193,,
Geoduck and Horseclam,84C,2018,2,Total,21,211947,1538263,,
Geoduck and Horseclam,84C,2018,4,2,15,14008,111043,,
Geoduck and Horseclam,84C,2018,4,9,7,1972,16723,,
Geoduck and Horseclam,84C,2018,4,13,14,27565,215279,,
Geoduck and Horseclam,84C,2018,4,Total,16,43545,343045,,
Geoduck and Horseclam,84C,2018,5,11,2,712,*,,
Geoduck and Horseclam,84C,2018,5,13,9,13131,80893,,
Geoduck and Horseclam,84C,2018,5,20,13,20699,172011,,
Geoduck and Horseclam,84C,2018,5,21,6,8774,**,,
Geoduck and Horseclam,84C,2018,5,Total,16,43316,315902,,
Geoduck and Horseclam,84C,2018,6,9,5,4085,33056,,
Geoduck and Horseclam,84C,2018,6,Total,5,4085,33056,,
Geoduck and Horseclam,84C,2018,12,16,2,2245,*,,
Geoduck and Horseclam,84C,2018,12,Total,2,2245,*,,
Geoduck and Horseclam,84C,2018,13,1,1,515,*,,
Geoduck and Horseclam,84C,2018,13,12,1,200,*,,
Geoduck and Horseclam,84C,2018,13,13,2,4275,*,,
Geoduck and Horseclam,84C,2018,13,14,3,2128,8233,,
Geoduck and Horseclam,84C,2018,13,15,3,3236,15760,,
Geoduck and Horseclam,84C,2018,13,16,2,745,*,,
Geoduck and Horseclam,84C,2018,13,Total,4,11099,42637,,
Geoduck and Horseclam,84C,2018,14,5,1,743,*,,
Geoduck and Horseclam,84C,2018,14,7,4,3243,**,,
Geoduck and Horseclam,84C,2018,14,9,3,5099,22590,,
Geoduck and Horseclam,84C,2018,14,11,5,15320,73271,,
Geoduck and Horseclam,84C,2018,14,13,5,12080,65306,,
Geoduck and Horseclam,84C,2018,14,Total,5,36485,179148,,
Geoduck and Horseclam,84C,2018,15,1,3,3434,**,,
Geoduck and Horseclam,84C,2018,15,2,4,10049,46503,,
Geoduck and Horseclam,84C,2018,15,3,2,850,*,,
Geoduck and Horseclam,84C,2018,15,Total,4,14333,65222,,
Geoduck and Horseclam,84C,2018,16,1,1,135,*,,
Geoduck and Horseclam,84C,2018,16,2,5,5830,25196,,
Geoduck and Horseclam,84C,2018,16,22,1,360,*,,
Geoduck and Horseclam,84C,2018,16,Total,5,6325,27893,,
Geoduck and Horseclam,84C,2018,18,7,4,3312,21388,,
Geoduck and Horseclam,84C,2018,18,Total,4,3312,21388,,
Geoduck and Horseclam,84C,2018,19,5,4,1897,6109,,
Geoduck and Horseclam,84C,2018,19,Total,4,1897,6109,,
Geoduck and Horseclam,84C,2018,23,5,5,1823,10031,,
Geoduck and Horseclam,84C,2018,23,6,7,2918,14289,,
Geoduck and Horseclam,84C,2018,23,8,2,539,*,,
Geoduck and Horseclam,84C,2018,23,9,6,1612,**,,
Geoduck and Horseclam,84C,2018,23,10,6,6284,30020,,
Geoduck and Horseclam,84C,2018,23,Total,8,13176,64792,,
Geoduck and Horseclam,84C,2018,24,2,2,1447,*,,
Geoduck and Horseclam,84C,2018,24,3,2,890,*,,
Geoduck and Horseclam,84C,2018,24,4,2,316,*,,
Geoduck and Horseclam,84C,2018,24,6,10,73618,269081,,
Geoduck and Horseclam,84C,2018,24,7,5,11941,41174,,
Geoduck and Horseclam,84C,2018,24,8,5,6742,29832,,
Geoduck and Horseclam,84C,2018,24,9,3,2163,6885,,
Geoduck and Horseclam,84C,2018,24,14,2,416,*,,
Geoduck and Horseclam,84C,2018,24,Total,10,97533,359817,,
Geoduck and Horseclam,84C,2018,26,6,3,2866,10635,,
Geoduck and Horseclam,84C,2018,26,Total,3,2866,10635,,
Geoduck and Horseclam,84C,2018,29,1,1,285,*,,
Geoduck and Horseclam,84C,2018,29,2,1,475,*,,
Geoduck and Horseclam,84C,2018,29,Total,1,760,*,,
Geoduck and Horseclam,84C,2019,2,3,15,32264,210933,,
Geoduck and Horseclam,84C,2019,2,6,11,2523,15784,,
Geoduck and Horseclam,84C,2019,2,7,12,11260,79241,,
Geoduck and Horseclam,84C,2019,2,8,14,13115,85706,,
Geoduck and Horseclam,84C,2019,2,9,5,1105,7060,,
Geoduck and Horseclam,84C,2019,2,11,14,14108,97701,,
Geoduck and Horseclam,84C,2019,2,12,13,10999,79832,,
Geoduck and Horseclam,84C,2019,2,13,8,2822,19768,,
Geoduck and Horseclam,84C,2019,2,17,11,8777,65092,,
Geoduck and Horseclam,84C,2019,2,18,7,6062,46387,,
Geoduck and Horseclam,84C,2019,2,31,8,6766,51167,,
Geoduck and Horseclam,84C,2019,2,Total,18,109801,758671,,
Geoduck and Horseclam,84C,2019,4,1,7,22069,193792,,
Geoduck and Horseclam,84C,2019,4,Total,7,22069,193792,,
Geoduck and Horseclam,84C,2019,6,11,7,11714,65724,,
Geoduck and Horseclam,84C,2019,6,14,7,4127,23877,,
Geoduck and Horseclam,84C,2019,6,15,5,2636,15351,,
Geoduck and Horseclam,84C,2019,6,16,5,1988,11344,,
Geoduck and Horseclam,84C,2019,6,18,9,16367,111975,,
Geoduck and Horseclam,84C,2019,6,19,7,15985,96568,,
Geoduck and Horseclam,84C,2019,6,Total,11,52817,324839,,
Geoduck and Horseclam,84C,2019,7,3,13,15953,94619,,
Geoduck and Horseclam,84C,2019,7,4,6,1152,8806,,
Geoduck and Horseclam,84C,2019,7,8,7,4171,28866,,
Geoduck and Horseclam,84C,2019,7,9,12,15998,84762,,
Geoduck and Horseclam,84C,2019,7,12,7,10293,59862,,
Geoduck and Horseclam,84C,2019,7,18,10,20600,94221,,
Geoduck and Horseclam,84C,2019,7,19,7,2891,12654,,
Geoduck and Horseclam,84C,2019,7,21,5,1340,**,,
Geoduck and Horseclam,84C,2019,7,23,3,1215,7917,,
Geoduck and Horseclam,84C,2019,7,24,5,2144,10955,,
Geoduck and Horseclam,84C,2019,7,25,10,15462,93492,,
Geoduck and Horseclam,84C,2019,7,27,11,24101,134092,,
Geoduck and Horseclam,84C,2019,7,28,1,10,*,,
Geoduck and Horseclam,84C,2019,7,31,6,9316,49557,,
Geoduck and Horseclam,84C,2019,7,32,6,3567,13210,,
Geoduck and Horseclam,84C,2019,7,Total,20,128213,697947,,
Geoduck and Horseclam,84C,2019,8,2,10,32516,182861,,
Geoduck and Horseclam,84C,2019,8,4,10,8243,44211,,
Geoduck and Horseclam,84C,2019,8,Total,12,40759,227072,,
Geoduck and Horseclam,84C,2019,12,11,3,5572,37331,,
Geoduck and Horseclam,84C,2019,12,15,3,4936,32153,,
Geoduck and Horseclam,84C,2019,12,16,3,12549,91823,,
Geoduck and Horseclam,84C,2019,12,Total,3,23057,161307,,
Geoduck and Horseclam,84C,2019,14,7,1,1090,*,,
Geoduck and Horseclam,84C,2019,14,10,7,22230,**,,
Geoduck and Horseclam,84C,2019,14,Total,7,23320,106465,,
Geoduck and Horseclam,84C,2019,16,1,1,50,*,,
Geoduck and Horseclam,84C,2019,16,2,6,5259,**,,
Geoduck and Horseclam,84C,2019,16,Total,6,5309,22037,,
Geoduck and Horseclam,84C,2019,17,5,3,1507,8159,,
Geoduck and Horseclam,84C,2019,17,6,1,309,*,,
Geoduck and Horseclam,84C,2019,17,8,1,267,*,,
Geoduck and Horseclam,84C,2019,17,10,2,1683,*,,
Geoduck and Horseclam,84C,2019,17,16,4,5812,26973,,
Geoduck and Horseclam,84C,2019,17,18,2,1196,*,,
Geoduck and Horseclam,84C,2019,17,19,1,1874,*,,
Geoduck and Horseclam,84C,2019,17,Total,4,12648,53361,,
Geoduck and Horseclam,84C,2019,18,7,6,2111,10492,,
Geoduck and Horseclam,84C,2019,18,Total,6,2111,10492,,
Geoduck and Horseclam,84C,2019,19,5,6,2498,6861,,
Geoduck and Horseclam,84C,2019,19,Total,6,2498,6861,,
Geoduck and Horseclam,84C,2019,23,5,4,1477,9198,,
Geoduck and Horseclam,84C,2019,23,6,3,2290,13079,,
Geoduck and Horseclam,84C,2019,23,7,2,390,*,,
Geoduck and Horseclam,84C,2019,23,8,2,500,*,,
Geoduck and Horseclam,84C,2019,23,9,5,1835,7854,,
Geoduck and Horseclam,84C,2019,23,10,6,6142,26122,,
Geoduck and Horseclam,84C,2019,23,Total,8,12634,61023,,
Geoduck and Horseclam,84C,2019,24,2,3,1302,5408,,
Geoduck and Horseclam,84C,2019,24,3,4,658,**,,
Geoduck and Horseclam,84C,2019,24,6,11,64445,243115,,
Geoduck and Horseclam,84C,2019,24,7,5,8873,33165,,
Geoduck and Horseclam,84C,2019,24,8,6,7311,31811,,
Geoduck and Horseclam,84C,2019,24,9,5,4449,16276,,
Geoduck and Horseclam,84C,2019,24,14,2,198,*,,
Geoduck and Horseclam,84C,2019,24,Total,11,87236,333292,,
Geoduck and Horseclam,84C,2019,29,2,1,1372,*,,
Geoduck and Horseclam,84C,2019,29,5,3,3663,**,,
Geoduck and Horseclam,84C,2019,29,Total,4,5035,18968,,
Geoduck and Horseclam,84C,2020,4,9,4,1050,6279,,
Geoduck and Horseclam,84C,2020,4,Total,4,1050,6279,,
Geoduck and Horseclam,84C,2020,5,10,8,7344,37641,,
Geoduck and Horseclam,84C,2020,5,11,1,853,*,,
Geoduck and Horseclam,84C,2020,5,13,4,6363,33216,,
Geoduck and Horseclam,84C,2020,5,16,5,2459,19144,,
Geoduck and Horseclam,84C,2020,5,17,10,13834,89753,,
Geoduck and Horseclam,84C,2020,5,19,3,880,**,,
Geoduck and Horseclam,84C,2020,5,20,9,5542,45520,,
Geoduck and Horseclam,84C,2020,5,21,7,6582,42659,,
Geoduck and Horseclam,84C,2020,5,22,6,12729,107086,,
Geoduck and Horseclam,84C,2020,5,Total,16,56586,387581,,
Geoduck and Horseclam,84C,2020,6,5,3,1155,8653,,
Geoduck and Horseclam,84C,2020,6,9,13,32078,220397,,
Geoduck and Horseclam,84C,2020,6,10,14,17835,116897,,
Geoduck and Horseclam,84C,2020,6,12,6,1898,13557,,
Geoduck and Horseclam,84C,2020,6,13,20,81886,564076,,
Geoduck and Horseclam,84C,2020,6,16,14,10157,67225,,
Geoduck and Horseclam,84C,2020,6,17,3,1061,7293,,
Geoduck and Horseclam,84C,2020,6,Total,22,146070,998098,,
Geoduck and Horseclam,84C,2020,7,8,1,165,*,,
Geoduck and Horseclam,84C,2020,7,12,8,5074,29399,,
Geoduck and Horseclam,84C,2020,7,17,2,655,*,,
Geoduck and Horseclam,84C,2020,7,18,8,5587,32708,,
Geoduck and Horseclam,84C,2020,7,22,1,105,*,,
Geoduck and Horseclam,84C,2020,7,23,1,435,*,,
Geoduck and Horseclam,84C,2020,7,25,10,11547,70794,,
Geoduck and Horseclam,84C,2020,7,27,17,25696,143668,,
Geoduck and Horseclam,84C,2020,7,28,10,11733,78912,,
Geoduck and Horseclam,84C,2020,7,Total,19,60997,364099,,
Geoduck and Horseclam,84C,2020,8,2,7,5718,33475,,
Geoduck and Horseclam,84C,2020,8,4,3,1526,8638,,
Geoduck and Horseclam,84C,2020,8,Total,8,7244,42113,,
Geoduck and Horseclam,84C,2020,9,1,9,4506,20700,,
Geoduck and Horseclam,84C,2020,9,2,5,1232,5482,,
Geoduck and Horseclam,84C,2020,9,12,5,1248,6433,,
Geoduck and Horseclam,84C,2020,9,Total,10,6986,32615,,
Geoduck and Horseclam,84C,2020,10,3,6,1922,7445,,
Geoduck and Horseclam,84C,2020,10,4,6,3059,13198,,
Geoduck and Horseclam,84C,2020,10,Total,6,4981,20643,,
Geoduck and Horseclam,84C,2020,12,6,2,1945,*,,
Geoduck and Horseclam,84C,2020,12,8,3,3341,**,,
Geoduck and Horseclam,84C,2020,12,16,5,6726,45135,,
Geoduck and Horseclam,84C,2020,12,Total,5,12012,74482,,
Geoduck and Horseclam,84C,2020,14,1,4,2134,10188,,
Geoduck and Horseclam,84C,2020,14,3,2,820,*,,
Geoduck and Horseclam,84C,2020,14,4,4,5831,23374,,
Geoduck and Horseclam,84C,2020,14,5,7,28956,120716,,
Geoduck and Horseclam,84C,2020,14,8,5,1029,4395,,
Geoduck and Horseclam,84C,2020,14,10,2,1105,*,,
Geoduck and Horseclam,84C,2020,14,15,1,513,*,,
Geoduck and Horseclam,84C,2020,14,Total,8,40388,164610,,
Geoduck and Horseclam,84C,2020,16,2,6,3413,13960,,
Geoduck and Horseclam,84C,2020,16,19,4,7938,28110,,
Geoduck and Horseclam,84C,2020,16,20,4,2051,7360,,
Geoduck and Horseclam,84C,2020,16,21,5,9120,31855,,
Geoduck and Horseclam,84C,2020,16,Total,6,22522,81285,,
Geoduck and Horseclam,84C,2020,17,10,1,670,*,,
Geoduck and Horseclam,84C,2020,17,16,1,185,*,,
Geoduck and Horseclam,84C,2020,17,Total,1,855,*,,
Geoduck and Horseclam,84C,2020,18,7,4,1779,8861,,
Geoduck and Horseclam,84C,2020,18,Total,4,1779,8861,,
Geoduck and Horseclam,84C,2020,19,5,5,2774,9543,,
Geoduck and Horseclam,84C,2020,19,Total,5,2774,9543,,
Geoduck and Horseclam,84C,2020,23,8,2,420,*,,
Geoduck and Horseclam,84C,2020,23,9,2,1355,*,,
Geoduck and Horseclam,84C,2020,23,Total,2,1775,*,,
Geoduck and Horseclam,84C,2020,24,6,11,63611,249107,,
Geoduck and Horseclam,84C,2020,24,7,6,8484,32349,,
Geoduck and Horseclam,84C,2020,24,8,5,6331,29225,,
Geoduck and Horseclam,84C,2020,24,9,3,2151,7753,,
Geoduck and Horseclam,84C,2020,24,Total,11,80577,318434,,
Geoduck and Horseclam,84C,2020,106,2,11,12476,96375,,
Geoduck and Horseclam,84C,2020,106,Total,11,12476,96375,,
Geoduck and Horseclam,84C,2021,2,3,8,15147,83462,,
Geoduck and Horseclam,84C,2021,2,6,5,3414,20968,,
Geoduck and Horseclam,84C,2021,2,7,9,7758,54295,,
Geoduck and Horseclam,84C,2021,2,8,9,12355,81941,,
Geoduck and Horseclam,84C,2021,2,9,5,1779,12731,,
Geoduck and Horseclam,84C,2021,2,11,3,4411,24199,,
Geoduck and Horseclam,84C,2021,2,12,6,7923,58515,,
Geoduck and Horseclam,84C,2021,2,13,2,150,*,,
Geoduck and Horseclam,84C,2021,2,49,4,801,3875,,
Geoduck and Horseclam,84C,2021,2,50,5,2115,12303,,
Geoduck and Horseclam,84C,2021,2,52,1,100,*,,
Geoduck and Horseclam,84C,2021,2,53,5,3618,22601,,
Geoduck and Horseclam,84C,2021,2,55,5,2299,12360,,
Geoduck and Horseclam,84C,2021,2,65,3,944,4895,,
Geoduck and Horseclam,84C,2021,2,66,2,515,*,,
Geoduck and Horseclam,84C,2021,2,68,1,265,*,,
Geoduck and Horseclam,84C,2021,2,70,7,4446,24127,,
Geoduck and Horseclam,84C,2021,2,71,10,11563,57147,,
Geoduck and Horseclam,84C,2021,2,75,5,4297,28220,,
Geoduck and Horseclam,84C,2021,2,76,5,3922,24218,,
Geoduck and Horseclam,84C,2021,2,81,2,505,*,,
Geoduck and Horseclam,84C,2021,2,82,8,4855,28484,,
Geoduck and Horseclam,84C,2021,2,83,1,65,*,,
Geoduck and Horseclam,84C,2021,2,85,8,1735,11423,,
Geoduck and Horseclam,84C,2021,2,87,11,18866,125275,,
Geoduck and Horseclam,84C,2021,2,Total,20,113848,699488,,
Geoduck and Horseclam,84C,2021,3,1,14,26333,**,,
Geoduck and Horseclam,84C,2021,3,2,1,130,*,,
Geoduck and Horseclam,84C,2021,3,Total,14,26463,175315,,
Geoduck and Horseclam,84C,2021,4,1,13,32399,214721,,
Geoduck and Horseclam,84C,2021,4,2,19,31569,231145,,
Geoduck and Horseclam,84C,2021,4,3,10,1473,11079,,
Geoduck and Horseclam,84C,2021,4,4,11,9828,78901,,
Geoduck and Horseclam,84C,2021,4,5,3,1452,8745,,
Geoduck and Horseclam,84C,2021,4,9,20,23634,145671,,
Geoduck and Horseclam,84C,2021,4,13,20,31627,244157,,
Geoduck and Horseclam,84C,2021,4,Total,24,131982,934419,,
Geoduck and Horseclam,84C,2021,5,10,1,120,*,,
Geoduck and Horseclam,84C,2021,5,11,8,3079,**,,
Geoduck and Horseclam,84C,2021,5,13,12,10031,56972,,
Geoduck and Horseclam,84C,2021,5,20,22,52657,370726,,
Geoduck and Horseclam,84C,2021,5,22,6,2699,16108,,
Geoduck and Horseclam,84C,2021,5,Total,22,68586,460251,,
Geoduck and Horseclam,84C,2021,12,16,6,6327,36910,,
Geoduck and Horseclam,84C,2021,12,Total,6,6327,36910,,
Geoduck and Horseclam,84C,2021,13,1,2,822,*,,
Geoduck and Horseclam,84C,2021,13,12,1,171,*,,
Geoduck and Horseclam,84C,2021,13,13,2,1155,*,,
Geoduck and Horseclam,84C,2021,13,14,3,2102,8550,,
Geoduck and Horseclam,84C,2021,13,15,3,6976,34106,,
Geoduck and Horseclam,84C,2021,13,16,2,387,*,,
Geoduck and Horseclam,84C,2021,13,Total,3,11613,53428,,
Geoduck and Horseclam,84C,2021,14,7,1,2931,*,,
Geoduck and Horseclam,84C,2021,14,9,1,210,*,,
Geoduck and Horseclam,84C,2021,14,11,6,14146,68377,,
Geoduck and Horseclam,84C,2021,14,13,5,9143,40333,,
Geoduck and Horseclam,84C,2021,14,Total,6,26430,117818,,
Geoduck and Horseclam,84C,2021,15,1,5,4370,**,,
Geoduck and Horseclam,84C,2021,15,2,6,7829,29088,,
Geoduck and Horseclam,84C,2021,15,3,2,2734,*,,
Geoduck and Horseclam,84C,2021,15,Total,6,14933,53529,,
Geoduck and Horseclam,84C,2021,16,2,6,4492,18583,,
Geoduck and Horseclam,84C,2021,16,20,2,1421,*,,
Geoduck and Horseclam,84C,2021,16,21,2,880,*,,
Geoduck and Horseclam,84C,2021,16,22,2,1120,*,,
Geoduck and Horseclam,84C,2021,16,Total,7,7913,33432,,
Geoduck and Horseclam,84C,2021,17,5,1,1722,*,,
Geoduck and Horseclam,84C,2021,17,Total,1,1722,*,,
Geoduck and Horseclam,84C,2021,18,7,5,2286,10387,,
Geoduck and Horseclam,84C,2021,18,Total,5,2286,10387,,
Geoduck and Horseclam,84C,2021,19,5,4,1065,3014,,
Geoduck and Horseclam,84C,2021,19,Total,4,1065,3014,,
Geoduck and Horseclam,84C,2021,23,5,6,4742,23931,,
Geoduck and Horseclam,84C,2021,23,6,5,3710,19033,,
Geoduck and Horseclam,84C,2021,23,7,7,2382,11173,,
Geoduck and Horseclam,84C,2021,23,8,2,630,*,,
Geoduck and Horseclam,84C,2021,23,9,6,1553,**,,
Geoduck and Horseclam,84C,2021,23,10,8,12644,58455,,
Geoduck and Horseclam,84C,2021,23,Total,10,25661,122988,,
Geoduck and Horseclam,84C,2021,24,3,1,420,*,,
Geoduck and Horseclam,84C,2021,24,4,1,6,*,,
Geoduck and Horseclam,84C,2021,24,6,11,51673,192828,,
Geoduck and Horseclam,84C,2021,24,7,4,4429,15188,,
Geoduck and Horseclam,84C,2021,24,8,7,5522,30068,,
Geoduck and Horseclam,84C,2021,24,Total,11,62050,239465,,
Geoduck and Horseclam,84C,2021,26,6,6,8204,27152,,
Geoduck and Horseclam,84C,2021,26,Total,6,8204,27152,,
Geoduck and Horseclam,84C,2022,2,3,10,14086,70015,,
Geoduck and Horseclam,84C,2022,2,7,2,570,*,,
Geoduck and Horseclam,84C,2022,2,11,12,18404,99719,,
Geoduck and Horseclam,84C,2022,2,12,14,17082,108541,,
Geoduck and Horseclam,84C,2022,2,13,13,3773,24599,,
Geoduck and Horseclam,84C,2022,2,14,14,13888,89647,,
Geoduck and Horseclam,84C,2022,2,15,14,11273,87415,,
Geoduck and Horseclam,84C,2022,2,17,17,22591,145160,,
Geoduck and Horseclam,84C,2022,2,18,12,8875,56996,,
Geoduck and Horseclam,84C,2022,2,19,7,9104,68157,,
Geoduck and Horseclam,84C,2022,2,31,15,34480,223718,,
Geoduck and Horseclam,84C,2022,2,32,4,2592,19562,,
Geoduck and Horseclam,84C,2022,2,33,1,205,*,,
Geoduck and Horseclam,84C,2022,2,36,6,4731,40850,,
Geoduck and Horseclam,84C,2022,2,Total,18,161654,1040007,,
Geoduck and Horseclam,84C,2022,6,16,4,6256,**,,
Geoduck and Horseclam,84C,2022,6,17,2,440,*,,
Geoduck and Horseclam,84C,2022,6,Total,4,6696,42040,,
Geoduck and Horseclam,84C,2022,7,3,6,6868,41169,,
Geoduck and Horseclam,84C,2022,7,8,7,5260,31922,,
Geoduck and Horseclam,84C,2022,7,9,9,10920,61701,,
Geoduck and Horseclam,84C,2022,7,12,10,19380,99262,,
Geoduck and Horseclam,84C,2022,7,17,2,205,*,,
Geoduck and Horseclam,84C,2022,7,18,9,13365,67945,,
Geoduck and Horseclam,84C,2022,7,19,5,1087,3105,,
Geoduck and Horseclam,84C,2022,7,21,2,135,*,,
Geoduck and Horseclam,84C,2022,7,23,3,1141,6871,,
Geoduck and Horseclam,84C,2022,7,24,5,2180,11887,,
Geoduck and Horseclam,84C,2022,7,25,13,24476,153008,,
Geoduck and Horseclam,84C,2022,7,27,13,23055,137871,,
Geoduck and Horseclam,84C,2022,7,28,6,5651,45679,,
Geoduck and Horseclam,84C,2022,7,31,10,11212,46805,,
Geoduck and Horseclam,84C,2022,7,32,7,2672,8370,,
Geoduck and Horseclam,84C,2022,7,Total,18,127607,717882,,
Geoduck and Horseclam,84C,2022,8,2,7,24321,156610,,
Geoduck and Horseclam,84C,2022,8,4,7,6297,43779,,
Geoduck and Horseclam,84C,2022,8,Total,8,30618,200389,,
Geoduck and Horseclam,84C,2022,9,1,4,4132,**,,
Geoduck and Horseclam,84C,2022,9,2,1,20,*,,
Geoduck and Horseclam,84C,2022,9,Total,4,4152,19545,,
Geoduck and Horseclam,84C,2022,10,1,3,707,2771,,
Geoduck and Horseclam,84C,2022,10,3,3,590,2000,,
Geoduck and Horseclam,84C,2022,10,4,4,1077,4064,,
Geoduck and Horseclam,84C,2022,10,Total,5,2374,8835,,
Geoduck and Horseclam,84C,2022,12,11,4,8185,38331,,
Geoduck and Horseclam,84C,2022,12,12,2,595,*,,
Geoduck and Horseclam,84C,2022,12,15,4,7731,**,,
Geoduck and Horseclam,84C,2022,12,16,4,8890,43256,,
Geoduck and Horseclam,84C,2022,12,Total,4,25401,114553,,
Geoduck and Horseclam,84C,2022,14,7,3,1398,**,,
Geoduck and Horseclam,84C,2022,14,9,3,5605,23745,,
Geoduck and Horseclam,84C,2022,14,10,5,23831,111210,,
Geoduck and Horseclam,84C,2022,14,15,2,402,*,,
Geoduck and Horseclam,84C,2022,14,Total,5,31236,139486,,
Geoduck and Horseclam,84C,2022,16,2,5,5460,**,,
Geoduck and Horseclam,84C,2022,16,17,1,206,*,,
Geoduck and Horseclam,84C,2022,16,Total,5,5666,18625,,
Geoduck and Horseclam,84C,2022,17,5,2,1697,*,,
Geoduck and Horseclam,84C,2022,17,6,1,1750,*,,
Geoduck and Horseclam,84C,2022,17,8,1,395,*,,
Geoduck and Horseclam,84C,2022,17,10,3,1299,3698,,
Geoduck and Horseclam,84C,2022,17,16,5,8690,32331,,
Geoduck and Horseclam,84C,2022,17,17,2,789,*,,
Geoduck and Horseclam,84C,2022,17,18,1,13,*,,
Geoduck and Horseclam,84C,2022,17,19,1,117,*,,
Geoduck and Horseclam,84C,2022,17,Total,5,14750,55744,,
Geoduck and Horseclam,84C,2022,18,7,4,5263,25260,,
Geoduck and Horseclam,84C,2022,18,Total,4,5263,25260,,
Geoduck and Horseclam,84C,2022,19,5,3,1062,2387,,
Geoduck and Horseclam,84C,2022,19,Total,3,1062,2387,,
Geoduck and Horseclam,84C,2022,23,5,5,1146,5218,,
Geoduck and Horseclam,84C,2022,23,6,6,2314,11363,,
Geoduck and Horseclam,84C,2022,23,7,1,342,*,,
Geoduck and Horseclam,84C,2022,23,8,1,130,*,,
Geoduck and Horseclam,84C,2022,23,Total,6,3932,19887,,
Geoduck and Horseclam,84C,2022,24,6,11,64377,239100,,
Geoduck and Horseclam,84C,2022,24,7,10,21982,80153,,
Geoduck and Horseclam,84C,2022,24,8,7,4970,**,,
Geoduck and Horseclam,84C,2022,24,9,1,440,*,,
Geoduck and Horseclam,84C,2022,24,Total,11,91769,347147,,
Geoduck and Horseclam,84C,2022,26,1,1,75,*,,
Geoduck and Horseclam,84C,2022,26,6,2,8020,*,,
Geoduck and Horseclam,84C,2022,26,Total,2,8095,*,,
Geoduck and Horseclam,84C,2022,29,1,1,272,*,,
Geoduck and Horseclam,84C,2022,29,2,1,1010,*,,
Geoduck and Horseclam,84C,2022,29,5,3,2010,8701,,
Geoduck and Horseclam,84C,2022,29,Total,3,3292,13807,,
Geoduck and Horseclam,84C,2023,4,1,8,24445,172595,,
Geoduck and Horseclam,84C,2023,4,2,12,21047,128833,,
Geoduck and Horseclam,84C,2023,4,4,12,10574,76167,,
Geoduck and Horseclam,84C,2023,4,9,12,12679,71650,,
Geoduck and Horseclam,84C,2023,4,13,12,15686,102865,,
Geoduck and Horseclam,84C,2023,4,Total,18,84431,552110,,
Geoduck and Horseclam,84C,2023,5,10,5,1693,12581,,
Geoduck and Horseclam,84C,2023,5,11,1,441,*,,
Geoduck and Horseclam,84C,2023,5,12,6,6150,39044,,
Geoduck and Horseclam,84C,2023,5,16,6,3109,21039,,
Geoduck and Horseclam,84C,2023,5,17,9,12324,82568,,
Geoduck and Horseclam,84C,2023,5,19,2,1300,*,,
Geoduck and Horseclam,84C,2023,5,21,7,7617,51953,,
Geoduck and Horseclam,84C,2023,5,22,8,11227,97348,,
Geoduck and Horseclam,84C,2023,5,Total,20,43861,316420,,
Geoduck and Horseclam,84C,2023,6,5,3,718,**,,
Geoduck and Horseclam,84C,2023,6,9,14,34713,234967,,
Geoduck and Horseclam,84C,2023,6,10,12,17935,120499,,
Geoduck and Horseclam,84C,2023,6,11,11,10036,59036,,
Geoduck and Horseclam,84C,2023,6,12,6,2460,16410,,
Geoduck and Horseclam,84C,2023,6,13,21,76219,473529,,
Geoduck and Horseclam,84C,2023,6,14,19,11242,63601,,
Geoduck and Horseclam,84C,2023,6,15,6,1147,6699,,
Geoduck and Horseclam,84C,2023,6,16,8,4362,22812,,
Geoduck and Horseclam,84C,2023,6,17,2,1381,*,,
Geoduck and Horseclam,84C,2023,6,18,13,28037,169525,,
Geoduck and Horseclam,84C,2023,6,19,12,21049,117969,,
Geoduck and Horseclam,84C,2023,6,Total,22,209299,1300032,,
Geoduck and Horseclam,84C,2023,7,3,8,3630,15521,,
Geoduck and Horseclam,84C,2023,7,4,7,3072,18530,,
Geoduck and Horseclam,84C,2023,7,Total,8,6702,34051,,
Geoduck and Horseclam,84C,2023,12,8,2,5138,*,,
Geoduck and Horseclam,84C,2023,12,16,4,7425,41446,,
Geoduck and Horseclam,84C,2023,12,17,2,970,*,,
Geoduck and Horseclam,84C,2023,12,Total,4,13533,66974,,
Geoduck and Horseclam,84C,2023,14,1,3,2001,**,,
Geoduck and Horseclam,84C,2023,14,3,2,493,*,,
Geoduck and Horseclam,84C,2023,14,4,4,6652,22141,,
Geoduck and Horseclam,84C,2023,14,5,5,35485,104554,,
Geoduck and Horseclam,84C,2023,14,8,3,2349,8295,,
Geoduck and Horseclam,84C,2023,14,Total,5,46980,145243,,
Geoduck and Horseclam,84C,2023,16,2,4,3322,15298,,
Geoduck and Horseclam,84C,2023,16,19,4,4400,16580,,
Geoduck and Horseclam,84C,2023,16,20,4,4158,19598,,
Geoduck and Horseclam,84C,2023,16,21,5,12653,51025,,
Geoduck and Horseclam,84C,2023,16,Total,5,24533,102501,,
Geoduck and Horseclam,84C,2023,17,5,1,1316,*,,
Geoduck and Horseclam,84C,2023,17,18,1,158,*,,
Geoduck and Horseclam,84C,2023,17,19,1,45,*,,
Geoduck and Horseclam,84C,2023,17,20,1,105,*,,
Geoduck and Horseclam,84C,2023,17,Total,2,1624,*,,
Geoduck and Horseclam,84C,2023,18,7,4,841,4528,,
Geoduck and Horseclam,84C,2023,18,Total,4,841,4528,,
Geoduck and Horseclam,84C,2023,19,5,3,1934,6003,,
Geoduck and Horseclam,84C,2023,19,Total,3,1934,6003,,
Geoduck and Horseclam,84C,2023,23,5,2,414,*,,
Geoduck and Horseclam,84C,2023,23,6,5,2445,11107,,
Geoduck and Horseclam,84C,2023,23,7,2,925,*,,
Geoduck and Horseclam,84C,2023,23,10,9,9481,35380,,
Geoduck and Horseclam,84C,2023,23,Total,9,13265,53042,,
Geoduck and Horseclam,84C,2023,24,2,2,1075,*,,
Geoduck and Horseclam,84C,2023,24,3,1,545,*,,
Geoduck and Horseclam,84C,2023,24,6,10,102339,379300,,
Geoduck and Horseclam,84C,2023,24,7,6,9298,32897,,
Geoduck and Horseclam,84C,2023,24,8,6,5990,28446,,
Geoduck and Horseclam,84C,2023,24,9,1,1400,*,,
Geoduck and Horseclam,84C,2023,24,Total,10,120647,451150,,
Geoduck and Horseclam,84C,2023,26,6,3,2488,7643,,
Geoduck and Horseclam,84C,2023,26,Total,3,2488,7643,,
Geoduck and Horseclam,84C,2023,29,5,1,1154,*,,
Geoduck and Horseclam,84C,2023,29,Total,1,1154,*,,
Geoduck and Horseclam,84C,2023,106,2,12,17173,117670,,
Geoduck and Horseclam,84C,2023,106,Total,12,17173,117670,,
Geoduck and Horseclam,84C,2024,2,3,12,23691,133835,,
Geoduck and Horseclam,84C,2024,2,6,11,4796,24450,,
Geoduck and Horseclam,84C,2024,2,7,10,11118,71935,,
Geoduck and Horseclam,84C,2024,2,8,13,12756,67241,,
Geoduck and Horseclam,84C,2024,2,9,6,1826,**,,
Geoduck and Horseclam,84C,2024,2,11,12,18240,99011,,
Geoduck and Horseclam,84C,2024,2,12,12,19006,119084,,
Geoduck and Horseclam,84C,2024,2,13,4,2957,21354,,
Geoduck and Horseclam,84C,2024,2,49,6,3751,20337,,
Geoduck and Horseclam,84C,2024,2,50,8,2892,16716,,
Geoduck and Horseclam,84C,2024,2,53,8,6211,31803,,
Geoduck and Horseclam,84C,2024,2,55,5,4052,21094,,
Geoduck and Horseclam,84C,2024,2,58,1,140,*,,
Geoduck and Horseclam,84C,2024,2,70,9,8749,40493,,
Geoduck and Horseclam,84C,2024,2,71,9,4089,18426,,
Geoduck and Horseclam,84C,2024,2,75,4,3254,15140,,
Geoduck and Horseclam,84C,2024,2,76,5,3675,16988,,
Geoduck and Horseclam,84C,2024,2,87,8,14467,71143,,
Geoduck and Horseclam,84C,2024,2,Total,17,145670,801494,,
Geoduck and Horseclam,84C,2024,4,2,15,16475,112138,,
Geoduck and Horseclam,84C,2024,4,3,6,5857,42918,,
Geoduck and Horseclam,84C,2024,4,4,6,1368,9873,,
Geoduck and Horseclam,84C,2024,4,9,11,10830,63310,,
Geoduck and Horseclam,84C,2024,4,13,10,16998,112491,,
Geoduck and Horseclam,84C,2024,4,Total,15,51528,340730,,
Geoduck and Horseclam,84C,2024,5,10,12,6174,29300,,
Geoduck and Horseclam,84C,2024,5,11,7,3210,17586,,
Geoduck and Horseclam,84C,2024,5,13,10,12601,65605,,
Geoduck and Horseclam,84C,2024,5,20,16,66754,416842,,
Geoduck and Horseclam,84C,2024,5,Total,16,88739,529333,,
Geoduck and Horseclam,84C,2024,12,6,1,958,*,,
Geoduck and Horseclam,84C,2024,12,16,2,1043,*,,
Geoduck and Horseclam,84C,2024,12,Total,2,2001,*,,
Geoduck and Horseclam,84C,2024,13,1,2,560,*,,
Geoduck and Horseclam,84C,2024,13,13,2,1130,*,,
Geoduck and Horseclam,84C,2024,13,14,4,2242,9202,,
Geoduck and Horseclam,84C,2024,13,15,6,8299,34965,,
Geoduck and Horseclam,84C,2024,13,16,2,575,*,,
Geoduck and Horseclam,84C,2024,13,Total,6,12806,52285,,
Geoduck and Horseclam,84C,2024,14,7,4,4585,**,,
Geoduck and Horseclam,84C,2024,14,9,2,4241,*,,
Geoduck and Horseclam,84C,2024,14,11,5,14442,64951,,
Geoduck and Horseclam,84C,2024,14,13,5,16160,69187,,
Geoduck and Horseclam,84C,2024,14,Total,5,39428,181499,,
Geoduck and Horseclam,84C,2024,15,1,4,2580,11048,,
Geoduck and Horseclam,84C,2024,15,2,5,9428,33768,,
Geoduck and Horseclam,84C,2024,15,3,4,4108,13800,,
Geoduck and Horseclam,84C,2024,15,Total,5,16116,58616,,
Geoduck and Horseclam,84C,2024,16,2,5,3849,**,,
Geoduck and Horseclam,84C,2024,16,22,1,840,*,,
Geoduck and Horseclam,84C,2024,16,Total,5,4689,19253,,
Geoduck and Horseclam,84C,2024,17,5,1,1368,*,,
Geoduck and Horseclam,84C,2024,17,Total,1,1368,*,,
Geoduck and Horseclam,84C,2024,18,7,3,769,4363,,
Geoduck and Horseclam,84C,2024,18,Total,3,769,4363,,
Geoduck and Horseclam,84C,2024,19,5,2,579,*,,
Geoduck and Horseclam,84C,2024,19,Total,2,579,*,,
Geoduck and Horseclam,84C,2024,23,6,4,3059,15439,,
Geoduck and Horseclam,84C,2024,23,7,1,645,*,,
Geoduck and Horseclam,84C,2024,23,8,1,985,*,,
Geoduck and Horseclam,84C,2024,23,10,7,5905,24242,,
Geoduck and Horseclam,84C,2024,23,Total,8,10594,47312,,
Geoduck and Horseclam,84C,2024,24,2,6,2505,8668,,
Geoduck and Horseclam,84C,2024,24,3,2,775,*,,
Geoduck and Horseclam,84C,2024,24,6,9,55421,224005,,
Geoduck and Horseclam,84C,2024,24,7,6,5793,19049,,
Geoduck and Horseclam,84C,2024,24,8,3,1692,5661,,
Geoduck and Horseclam,84C,2024,24,9,2,6201,*,,
Geoduck and Horseclam,84C,2024,24,Total,9,72387,282018,,
Geoduck and Horseclam,84C,2025,2,11,3,705,4035,,
Geoduck and Horseclam,84C,2025,2,12,9,2908,18016,,
Geoduck and Horseclam,84C,2025,2,13,2,369,*,,
Geoduck and Horseclam,84C,2025,2,14,13,13997,83548,,
Geoduck and Horseclam,84C,2025,2,15,13,10801,73766,,
Geoduck and Horseclam,84C,2025,2,17,18,23971,160943,,
Geoduck and Horseclam,84C,2025,2,18,15,26416,168525,,
Geoduck and Horseclam,84C,2025,2,19,13,10419,66838,,
Geoduck and Horseclam,84C,2025,2,31,16,30555,182322,,
Geoduck and Horseclam,84C,2025,2,32,5,4360,30240,,
Geoduck and Horseclam,84C,2025,2,33,3,494,**,,
Geoduck and Horseclam,84C,2025,2,36,10,5069,37247,,
Geoduck and Horseclam,84C,2025,2,Total,19,130064,829822,,
Geoduck and Horseclam,84C,2025,3,1,11,18869,126901,,
Geoduck and Horseclam,84C,2025,3,Total,11,18869,126901,,
Geoduck and Horseclam,84C,2025,4,1,12,21777,**,,
Geoduck and Horseclam,84C,2025,4,5,2,685,*,,
Geoduck and Horseclam,84C,2025,4,Total,12,22462,166285,,
Geoduck and Horseclam,84C,2025,23,5,7,5776,25679,,
Geoduck and Horseclam,84C,2025,23,Total,7,5776,25679,,
Geoduck and Horseclam,84C,2025,24,6,3,760,1747,,
Geoduck and Horseclam,84C,2025,24,7,4,3520,8181,,
Geoduck and Horseclam,84C,2025,24,Total,5,4280,9928,,
Geoduck and Horseclam,84C,2025,26,1,1,120,*,,
Geoduck and Horseclam,84C,2025,26,6,5,1055,**,,
Geoduck and Horseclam,84C,2025,26,Total,6,1175,3268,,
Green Urchin,6BB,1986,13,12,1,480,*,,
Green Urchin,6BB,1986,13,Total,1,480,*,,
Green Urchin,6BB,1986,15,0,1,0,*,,
Green Urchin,6BB,1986,15,Total,1,0,*,,
Green Urchin,6BB,1986,16,0,1,0,*,,
Green Urchin,6BB,1986,16,Total,1,0,*,,
Green Urchin,6BB,1987,12,3,1,540,*,,
Green Urchin,6BB,1987,12,6,1,180,*,,
Green Urchin,6BB,1987,12,Total,1,720,*,,
Green Urchin,6BB,1987,13,0,1,1200,*,,
Green Urchin,6BB,1987,13,1,2,2390,*,,
Green Urchin,6BB,1987,13,2,5,9800,110104,,
Green Urchin,6BB,1987,13,3,1,2595,*,,
Green Urchin,6BB,1987,13,11,1,40,*,,
Green Urchin,6BB,1987,13,12,1,190,*,,
Green Urchin,6BB,1987,13,17,1,285,*,,
Green Urchin,6BB,1987,13,18,1,165,*,,
Green Urchin,6BB,1987,13,Total,7,16665,155634,,
Green Urchin,6BB,1987,15,1,1,330,*,,
Green Urchin,6BB,1987,15,Total,1,330,*,,
Green Urchin,6BB,1987,16,5,1,1676,*,,
Green Urchin,6BB,1987,16,Total,1,1676,*,,
Green Urchin,6BB,1987,18,6,1,3713,*,,
Green Urchin,6BB,1987,18,Total,1,3713,*,,
Green Urchin,6BB,1987,19,2,1,255,*,,
Green Urchin,6BB,1987,19,3,1,1900,*,,
Green Urchin,6BB,1987,19,4,3,540,19910,,
Green Urchin,6BB,1987,19,5,8,11330,53268,,
Green Urchin,6BB,1987,19,6,1,680,*,,
Green Urchin,6BB,1987,19,Total,12,14705,80360,,
Green Urchin,6BB,1987,20,0,1,0,*,,
Green Urchin,6BB,1987,20,Total,1,0,*,,
Green Urchin,6BB,1987,28,1,1,3515,*,,
Green Urchin,6BB,1987,28,Total,1,3515,*,,
Green Urchin,6BB,1988,11,0,1,0,*,,
Green Urchin,6BB,1988,11,Total,1,0,*,,
Green Urchin,6BB,1988,12,0,2,480,*,,
Green Urchin,6BB,1988,12,3,1,800,*,,
Green Urchin,6BB,1988,12,4,3,3490,11492,,
Green Urchin,6BB,1988,12,5,4,3095,10021,,
Green Urchin,6BB,1988,12,6,5,4975,18357,,
Green Urchin,6BB,1988,12,7,1,130,*,,
Green Urchin,6BB,1988,12,8,1,420,*,,
Green Urchin,6BB,1988,12,9,1,620,*,,
Green Urchin,6BB,1988,12,11,2,0,*,,
Green Urchin,6BB,1988,12,16,1,0,*,,
Green Urchin,6BB,1988,12,18,7,3670,20924,,
Green Urchin,6BB,1988,12,20,1,200,*,,
Green Urchin,6BB,1988,12,Total,20,17880,87759,,
Green Urchin,6BB,1988,13,0,2,0,*,,
Green Urchin,6BB,1988,13,1,7,12363,88689,,
Green Urchin,6BB,1988,13,2,8,8730,62595,,
Green Urchin,6BB,1988,13,3,2,1250,*,,
Green Urchin,6BB,1988,13,10,2,1100,*,,
Green Urchin,6BB,1988,13,12,2,3584,*,,
Green Urchin,6BB,1988,13,14,2,440,*,,
Green Urchin,6BB,1988,13,16,1,700,*,,
Green Urchin,6BB,1988,13,17,1,0,*,,
Green Urchin,6BB,1988,13,18,1,1715,*,,
Green Urchin,6BB,1988,13,23,1,155,*,,
Green Urchin,6BB,1988,13,25,1,5695,*,,
Green Urchin,6BB,1988,13,28,1,60,*,,
Green Urchin,6BB,1988,13,29,1,315,*,,
Green Urchin,6BB,1988,13,31,1,200,*,,
Green Urchin,6BB,1988,13,32,7,5845,73204,,
Green Urchin,6BB,1988,13,33,7,6420,25908,,
Green Urchin,6BB,1988,13,34,2,1090,*,,
Green Urchin,6BB,1988,13,35,2,200,*,,
Green Urchin,6BB,1988,13,39,1,1580,*,,
Green Urchin,6BB,1988,13,41,1,1135,*,,
Green Urchin,6BB,1988,13,Total,30,52577,373218,,
Green Urchin,6BB,1988,17,0,1,360,*,,
Green Urchin,6BB,1988,17,3,1,980,*,,
Green Urchin,6BB,1988,17,13,1,600,*,,
Green Urchin,6BB,1988,17,Total,1,1940,*,,
Green Urchin,6BB,1988,18,0,3,770,6100,,
Green Urchin,6BB,1988,18,1,2,7395,*,,
Green Urchin,6BB,1988,18,2,4,1500,10653,,
Green Urchin,6BB,1988,18,5,4,11160,43011,,
Green Urchin,6BB,1988,18,6,2,3700,*,,
Green Urchin,6BB,1988,18,9,1,1300,*,,
Green Urchin,6BB,1988,18,11,6,4845,31868,,
Green Urchin,6BB,1988,18,Total,15,30670,138607,,
Green Urchin,6BB,1988,19,0,2,1700,*,,
Green Urchin,6BB,1988,19,3,2,540,*,,
Green Urchin,6BB,1988,19,4,4,4690,30683,,
Green Urchin,6BB,1988,19,5,10,26544,85301,,
Green Urchin,6BB,1988,19,6,1,135,*,,
Green Urchin,6BB,1988,19,Total,16,33609,154698,,
Green Urchin,6BB,1988,20,5,4,2015,7173,,
Green Urchin,6BB,1988,20,Total,4,2015,7173,,
Green Urchin,6BB,1988,26,6,1,550,*,,
Green Urchin,6BB,1988,26,Total,1,550,*,,
Green Urchin,6BB,1988,28,1,2,4010,*,,
Green Urchin,6BB,1988,28,2,1,360,*,,
Green Urchin,6BB,1988,28,Total,2,4370,*,,
Green Urchin,6BB,1988,29,1,1,520,*,,
Green Urchin,6BB,1988,29,2,2,2045,*,,
Green Urchin,6BB,1988,29,4,1,2520,*,,
Green Urchin,6BB,1988,29,5,3,3730,11858,,
Green Urchin,6BB,1988,29,Total,6,8815,31532,,
Green Urchin,6BB,1989,0,0,1,10675,*,,
Green Urchin,6BB,1989,0,Total,1,10675,*,,
Green Urchin,6BB,1989,1,6,1,2185,*,,
Green Urchin,6BB,1989,1,Total,1,2185,*,,
Green Urchin,6BB,1989,7,4,1,240,*,,
Green Urchin,6BB,1989,7,Total,1,240,*,,
Green Urchin,6BB,1989,12,0,4,983,10660,,
Green Urchin,6BB,1989,12,1,6,9732,37919,,
Green Urchin,6BB,1989,12,2,1,460,*,,
Green Urchin,6BB,1989,12,3,6,4215,20629,,
Green Urchin,6BB,1989,12,4,2,3305,*,,
Green Urchin,6BB,1989,12,5,18,8280,40026,,
Green Urchin,6BB,1989,12,6,12,15700,69016,,
Green Urchin,6BB,1989,12,7,2,677,*,,
Green Urchin,6BB,1989,12,8,3,1185,4610,,
Green Urchin,6BB,1989,12,9,1,65,*,,
Green Urchin,6BB,1989,12,10,1,180,*,,
Green Urchin,6BB,1989,12,12,2,150,*,,
Green Urchin,6BB,1989,12,13,4,1730,12058,,
Green Urchin,6BB,1989,12,16,1,20,*,,
Green Urchin,6BB,1989,12,18,13,5512,37739,,
Green Urchin,6BB,1989,12,19,4,2207,14965,,
Green Urchin,6BB,1989,12,20,4,1220,7323,,
Green Urchin,6BB,1989,12,22,2,2801,*,,
Green Urchin,6BB,1989,12,25,1,60,*,,
Green Urchin,6BB,1989,12,26,5,3375,19706,,
Green Urchin,6BB,1989,12,39,2,3475,*,,
Green Urchin,6BB,1989,12,41,4,1030,4399,,
Green Urchin,6BB,1989,12,Total,53,66362,331716,,
Green Urchin,6BB,1989,13,0,4,1820,11001,,
Green Urchin,6BB,1989,13,1,9,6787,25359,,
Green Urchin,6BB,1989,13,2,6,1660,4273,,
Green Urchin,6BB,1989,13,3,1,189,*,,
Green Urchin,6BB,1989,13,9,4,1580,4853,,
Green Urchin,6BB,1989,13,10,4,1470,9110,,
Green Urchin,6BB,1989,13,11,1,100,*,,
Green Urchin,6BB,1989,13,12,7,3795,13819,,
Green Urchin,6BB,1989,13,15,1,400,*,,
Green Urchin,6BB,1989,13,17,1,353,*,,
Green Urchin,6BB,1989,13,18,3,2210,5492,,
Green Urchin,6BB,1989,13,23,2,860,*,,
Green Urchin,6BB,1989,13,25,7,9691,32872,,
Green Urchin,6BB,1989,13,26,1,240,*,,
Green Urchin,6BB,1989,13,28,7,2690,8788,,
Green Urchin,6BB,1989,13,31,2,950,*,,
Green Urchin,6BB,1989,13,32,7,6259,54635,,
Green Urchin,6BB,1989,13,33,5,2832,26607,,
Green Urchin,6BB,1989,13,35,3,2105,9120,,
Green Urchin,6BB,1989,13,36,1,340,*,,
Green Urchin,6BB,1989,13,39,1,0,*,,
Green Urchin,6BB,1989,13,41,1,290,*,,
Green Urchin,6BB,1989,13,Total,41,46621,221883,,
Green Urchin,6BB,1989,15,5,1,55,*,,
Green Urchin,6BB,1989,15,Total,1,55,*,,
Green Urchin,6BB,1989,16,20,1,205,*,,
Green Urchin,6BB,1989,16,21,1,935,*,,
Green Urchin,6BB,1989,16,Total,1,1140,*,,
Green Urchin,6BB,1989,17,0,1,0,*,,
Green Urchin,6BB,1989,17,3,2,555,*,,
Green Urchin,6BB,1989,17,17,1,0,*,,
Green Urchin,6BB,1989,17,Total,4,555,14607,,
Green Urchin,6BB,1989,18,0,1,4320,*,,
Green Urchin,6BB,1989,18,1,2,3386,*,,
Green Urchin,6BB,1989,18,2,4,14348,70329,,
Green Urchin,6BB,1989,18,4,1,660,*,,
Green Urchin,6BB,1989,18,5,5,4580,15627,,
Green Urchin,6BB,1989,18,6,2,300,*,,
Green Urchin,6BB,1989,18,9,1,330,*,,
Green Urchin,6BB,1989,18,11,5,6535,46469,,
Green Urchin,6BB,1989,18,Total,12,34459,196205,,
Green Urchin,6BB,1989,19,0,1,1080,*,,
Green Urchin,6BB,1989,19,2,1,30,*,,
Green Urchin,6BB,1989,19,5,6,4304,30209,,
Green Urchin,6BB,1989,19,6,3,2180,4236,,
Green Urchin,6BB,1989,19,Total,11,7594,40323,,
Green Urchin,6BB,1989,20,0,1,60,*,,
Green Urchin,6BB,1989,20,5,2,60,*,,
Green Urchin,6BB,1989,20,Total,3,120,4722,,
Green Urchin,6BB,1989,24,6,1,50,*,,
Green Urchin,6BB,1989,24,7,1,0,*,,
Green Urchin,6BB,1989,24,Total,2,50,*,,
Green Urchin,6BB,1989,27,9,1,2010,*,,
Green Urchin,6BB,1989,27,Total,1,2010,*,,
Green Urchin,6BB,1989,28,0,1,0,*,,
Green Urchin,6BB,1989,28,1,2,1684,*,,
Green Urchin,6BB,1989,28,2,1,170,*,,
Green Urchin,6BB,1989,28,Total,4,1854,8778,,
Green Urchin,6BB,1989,29,1,1,70,*,,
Green Urchin,6BB,1989,29,3,2,735,*,,
Green Urchin,6BB,1989,29,5,3,1990,13409,,
Green Urchin,6BB,1989,29,Total,5,2795,16090,,
Green Urchin,6BB,1990,1,12,1,3390,*,,
Green Urchin,6BB,1990,1,Total,1,3390,*,,
Green Urchin,6BB,1990,2,12,1,360,*,,
Green Urchin,6BB,1990,2,Total,1,360,*,,
Green Urchin,6BB,1990,12,0,3,19400,66945,,
Green Urchin,6BB,1990,12,1,9,17989,57337,,
Green Urchin,6BB,1990,12,2,2,1240,*,,
Green Urchin,6BB,1990,12,3,1,475,*,,
Green Urchin,6BB,1990,12,4,1,600,*,,
Green Urchin,6BB,1990,12,5,5,5497,25157,,
Green Urchin,6BB,1990,12,6,5,3195,11380,,
Green Urchin,6BB,1990,12,7,4,6310,27153,,
Green Urchin,6BB,1990,12,8,2,3340,*,,
Green Urchin,6BB,1990,12,16,1,0,*,,
Green Urchin,6BB,1990,12,17,1,220,*,,
Green Urchin,6BB,1990,12,18,2,4535,*,,
Green Urchin,6BB,1990,12,21,1,0,*,,
Green Urchin,6BB,1990,12,25,7,8365,66902,,
Green Urchin,6BB,1990,12,26,4,3915,12517,,
Green Urchin,6BB,1990,12,40,1,390,*,,
Green Urchin,6BB,1990,12,41,1,0,*,,
Green Urchin,6BB,1990,12,Total,30,75471,319446,,
Green Urchin,6BB,1990,13,0,3,306,3048,,
Green Urchin,6BB,1990,13,1,1,200,*,,
Green Urchin,6BB,1990,13,2,6,5985,14139,,
Green Urchin,6BB,1990,13,6,1,310,*,,
Green Urchin,6BB,1990,13,9,3,330,1410,,
Green Urchin,6BB,1990,13,10,4,595,1768,,
Green Urchin,6BB,1990,13,12,4,1710,3365,,
Green Urchin,6BB,1990,13,17,1,2130,*,,
Green Urchin,6BB,1990,13,23,1,270,*,,
Green Urchin,6BB,1990,13,25,9,11850,33528,,
Green Urchin,6BB,1990,13,26,3,1365,2402,,
Green Urchin,6BB,1990,13,27,4,1905,4662,,
Green Urchin,6BB,1990,13,28,4,3745,12804,,
Green Urchin,6BB,1990,13,29,2,2010,*,,
Green Urchin,6BB,1990,13,30,5,1925,4478,,
Green Urchin,6BB,1990,13,31,2,1080,*,,
Green Urchin,6BB,1990,13,32,10,9631,56136,,
Green Urchin,6BB,1990,13,33,11,8703,36107,,
Green Urchin,6BB,1990,13,35,4,2387,6496,,
Green Urchin,6BB,1990,13,36,5,1540,7420,,
Green Urchin,6BB,1990,13,39,5,2610,12144,,
Green Urchin,6BB,1990,13,40,3,920,3933,,
Green Urchin,6BB,1990,13,41,4,6845,26541,,
Green Urchin,6BB,1990,13,42,1,1145,*,,
Green Urchin,6BB,1990,13,Total,37,69497,248344,,
Green Urchin,6BB,1990,14,3,1,230,*,,
Green Urchin,6BB,1990,14,Total,1,230,*,,
Green Urchin,6BB,1990,17,3,1,150,*,,
Green Urchin,6BB,1990,17,Total,1,150,*,,
Green Urchin,6BB,1990,18,0,4,1089,26872,,
Green Urchin,6BB,1990,18,1,5,3690,14488,,
Green Urchin,6BB,1990,18,2,8,6260,21200,,
Green Urchin,6BB,1990,18,4,1,425,*,,
Green Urchin,6BB,1990,18,5,3,810,2756,,
Green Urchin,6BB,1990,18,7,1,600,*,,
Green Urchin,6BB,1990,18,11,7,5287,28161,,
Green Urchin,6BB,1990,18,Total,15,18161,99194,,
Green Urchin,6BB,1990,19,0,4,7413,19996,,
Green Urchin,6BB,1990,19,1,2,1670,*,,
Green Urchin,6BB,1990,19,3,3,4350,10654,,
Green Urchin,6BB,1990,19,4,5,17114,55742,,
Green Urchin,6BB,1990,19,5,7,8149,39903,,
Green Urchin,6BB,1990,19,6,2,2599,*,,
Green Urchin,6BB,1990,19,Total,12,41295,148760,,
Green Urchin,6BB,1990,20,0,1,320,*,,
Green Urchin,6BB,1990,20,5,4,4170,**,,
Green Urchin,6BB,1990,20,Total,5,4490,15673,,
Green Urchin,6BB,1990,29,1,1,235,*,,
Green Urchin,6BB,1990,29,4,1,655,*,,
Green Urchin,6BB,1990,29,5,1,120,*,,
Green Urchin,6BB,1990,29,Total,2,1010,*,,
Green Urchin,6BB,1991,6,28,1,960,*,,
Green Urchin,6BB,1991,6,Total,1,960,*,,
Green Urchin,6BB,1991,9,0,1,0,*,,
Green Urchin,6BB,1991,9,Total,1,0,*,,
Green Urchin,6BB,1991,10,0,1,0,*,,
Green Urchin,6BB,1991,10,Total,1,0,*,,
Green Urchin,6BB,1991,12,0,2,11350,*,,
Green Urchin,6BB,1991,12,1,6,30224,85289,,
Green Urchin,6BB,1991,12,2,1,1400,*,,
Green Urchin,6BB,1991,12,3,4,5040,15076,,
Green Urchin,6BB,1991,12,4,3,900,2956,,
Green Urchin,6BB,1991,12,5,8,15726,49162,,
Green Urchin,6BB,1991,12,6,10,29355,146153,,
Green Urchin,6BB,1991,12,7,2,155,*,,
Green Urchin,6BB,1991,12,8,4,2980,18268,,
Green Urchin,6BB,1991,12,13,1,390,*,,
Green Urchin,6BB,1991,12,18,11,9785,76380,,
Green Urchin,6BB,1991,12,19,1,0,*,,
Green Urchin,6BB,1991,12,21,1,1992,*,,
Green Urchin,6BB,1991,12,25,2,4220,*,,
Green Urchin,6BB,1991,12,26,3,13096,56964,,
Green Urchin,6BB,1991,12,39,1,960,*,,
Green Urchin,6BB,1991,12,Total,23,127573,543033,,
Green Urchin,6BB,1991,13,0,4,1020,4337,,
Green Urchin,6BB,1991,13,1,3,645,2638,,
Green Urchin,6BB,1991,13,2,2,9615,*,,
Green Urchin,6BB,1991,13,3,1,270,*,,
Green Urchin,6BB,1991,13,9,1,720,*,,
Green Urchin,6BB,1991,13,10,2,2590,*,,
Green Urchin,6BB,1991,13,12,2,4255,*,,
Green Urchin,6BB,1991,13,14,1,0,*,,
Green Urchin,6BB,1991,13,17,1,960,*,,
Green Urchin,6BB,1991,13,20,1,600,*,,
Green Urchin,6BB,1991,13,25,7,23460,55886,,
Green Urchin,6BB,1991,13,26,1,1800,*,,
Green Urchin,6BB,1991,13,28,5,8475,30090,,
Green Urchin,6BB,1991,13,31,3,7180,21487,,
Green Urchin,6BB,1991,13,32,7,5968,27808,,
Green Urchin,6BB,1991,13,33,8,7170,47103,,
Green Urchin,6BB,1991,13,39,3,15530,43433,,
Green Urchin,6BB,1991,13,40,1,1440,*,,
Green Urchin,6BB,1991,13,41,3,4255,8884,,
Green Urchin,6BB,1991,13,Total,22,95953,315983,,
Green Urchin,6BB,1991,14,0,1,930,*,,
Green Urchin,6BB,1991,14,Total,1,930,*,,
Green Urchin,6BB,1991,17,3,1,60,*,,
Green Urchin,6BB,1991,17,Total,1,60,*,,
Green Urchin,6BB,1991,18,0,2,1430,*,,
Green Urchin,6BB,1991,18,1,2,660,*,,
Green Urchin,6BB,1991,18,2,2,10920,*,,
Green Urchin,6BB,1991,18,5,3,3000,5604,,
Green Urchin,6BB,1991,18,6,1,460,*,,
Green Urchin,6BB,1991,18,11,6,6650,22305,,
Green Urchin,6BB,1991,18,Total,9,23120,48178,,
Green Urchin,6BB,1991,19,0,1,3550,*,,
Green Urchin,6BB,1991,19,1,2,3240,*,,
Green Urchin,6BB,1991,19,3,1,95,*,,
Green Urchin,6BB,1991,19,4,3,6300,20721,,
Green Urchin,6BB,1991,19,5,7,42678,72097,,
Green Urchin,6BB,1991,19,6,4,8380,27440,,
Green Urchin,6BB,1991,19,Total,14,64243,160970,,
Green Urchin,6BB,1991,20,5,10,20053,121644,,
Green Urchin,6BB,1991,20,Total,10,20053,121644,,
Green Urchin,6BB,1991,24,0,1,50,*,,
Green Urchin,6BB,1991,24,Total,1,50,*,,
Green Urchin,6BB,1991,28,6,1,100,*,,
Green Urchin,6BB,1991,28,Total,1,100,*,,
Green Urchin,6BB,1991,29,0,1,3540,*,,
Green Urchin,6BB,1991,29,2,1,2520,*,,
Green Urchin,6BB,1991,29,5,1,150,*,,
Green Urchin,6BB,1991,29,Total,2,6210,*,,
Green Urchin,6BB,1992,11,2,7,26829,86549,,
Green Urchin,6BB,1992,11,Total,7,26829,86549,,
Green Urchin,6BB,1992,12,0,7,27798,73229,,
Green Urchin,6BB,1992,12,1,7,26242,72729,,
Green Urchin,6BB,1992,12,2,2,2692,*,,
Green Urchin,6BB,1992,12,3,10,9610,34267,,
Green Urchin,6BB,1992,12,4,2,580,*,,
Green Urchin,6BB,1992,12,5,15,26873,83805,,
Green Urchin,6BB,1992,12,6,22,93612,373900,,
Green Urchin,6BB,1992,12,7,10,4914,36552,,
Green Urchin,6BB,1992,12,8,9,12714,46490,,
Green Urchin,6BB,1992,12,11,6,5470,19180,,
Green Urchin,6BB,1992,12,12,3,1890,10682,,
Green Urchin,6BB,1992,12,13,13,49955,299577,,
Green Urchin,6BB,1992,12,15,4,4550,10795,,
Green Urchin,6BB,1992,12,16,4,7418,8621,,
Green Urchin,6BB,1992,12,17,1,623,*,,
Green Urchin,6BB,1992,12,18,22,52619,168189,,
Green Urchin,6BB,1992,12,19,8,6530,26814,,
Green Urchin,6BB,1992,12,21,2,570,*,,
Green Urchin,6BB,1992,12,22,1,400,*,,
Green Urchin,6BB,1992,12,24,1,1020,*,,
Green Urchin,6BB,1992,12,25,2,2962,*,,
Green Urchin,6BB,1992,12,26,10,14006,57537,,
Green Urchin,6BB,1992,12,39,8,6209,21335,,
Green Urchin,6BB,1992,12,41,2,1850,*,,
Green Urchin,6BB,1992,12,Total,42,361107,1373479,,
Green Urchin,6BB,1992,13,0,4,4840,13352,,
Green Urchin,6BB,1992,13,1,5,550,10274,,
Green Urchin,6BB,1992,13,2,8,9240,31049,,
Green Urchin,6BB,1992,13,5,1,2730,*,,
Green Urchin,6BB,1992,13,9,2,120,*,,
Green Urchin,6BB,1992,13,12,1,500,*,,
Green Urchin,6BB,1992,13,14,1,470,*,,
Green Urchin,6BB,1992,13,18,3,2050,5627,,
Green Urchin,6BB,1992,13,20,2,600,*,,
Green Urchin,6BB,1992,13,23,1,1510,*,,
Green Urchin,6BB,1992,13,25,13,35711,78240,,
Green Urchin,6BB,1992,13,26,3,2596,3929,,
Green Urchin,6BB,1992,13,27,2,170,*,,
Green Urchin,6BB,1992,13,28,8,22645,60593,,
Green Urchin,6BB,1992,13,30,3,3177,25890,,
Green Urchin,6BB,1992,13,31,5,6073,8877,,
Green Urchin,6BB,1992,13,32,11,28908,70984,,
Green Urchin,6BB,1992,13,33,14,16787,48620,,
Green Urchin,6BB,1992,13,34,1,0,*,,
Green Urchin,6BB,1992,13,35,6,4289,11959,,
Green Urchin,6BB,1992,13,36,5,2920,10327,,
Green Urchin,6BB,1992,13,39,12,29088,75272,,
Green Urchin,6BB,1992,13,40,6,1592,11136,,
Green Urchin,6BB,1992,13,41,7,3906,9056,,
Green Urchin,6BB,1992,13,42,2,400,*,,
Green Urchin,6BB,1992,13,Total,28,180872,498565,,
Green Urchin,6BB,1992,16,0,1,405,*,,
Green Urchin,6BB,1992,16,9,2,1535,*,,
Green Urchin,6BB,1992,16,Total,2,1940,*,,
Green Urchin,6BB,1992,17,3,1,720,*,,
Green Urchin,6BB,1992,17,Total,1,720,*,,
Green Urchin,6BB,1992,18,1,3,1940,5136,,
Green Urchin,6BB,1992,18,2,6,10406,15215,,
Green Urchin,6BB,1992,18,4,1,70,*,,
Green Urchin,6BB,1992,18,5,4,4373,5751,,
Green Urchin,6BB,1992,18,6,1,400,*,,
Green Urchin,6BB,1992,18,11,4,9348,25433,,
Green Urchin,6BB,1992,18,Total,8,26537,51660,,
Green Urchin,6BB,1992,19,0,2,180,*,,
Green Urchin,6BB,1992,19,1,1,0,*,,
Green Urchin,6BB,1992,19,3,4,9905,23506,,
Green Urchin,6BB,1992,19,4,5,24247,47592,,
Green Urchin,6BB,1992,19,5,4,24620,27762,,
Green Urchin,6BB,1992,19,6,1,990,*,,
Green Urchin,6BB,1992,19,Total,11,59942,102690,,
Green Urchin,6BB,1992,20,1,1,0,*,,
Green Urchin,6BB,1992,20,3,2,40,*,,
Green Urchin,6BB,1992,20,4,3,255,7608,,
Green Urchin,6BB,1992,20,5,8,33992,73754,,
Green Urchin,6BB,1992,20,6,1,0,*,,
Green Urchin,6BB,1992,20,Total,8,34287,98873,,
Green Urchin,6BB,1992,29,1,1,2240,*,,
Green Urchin,6BB,1992,29,3,1,120,*,,
Green Urchin,6BB,1992,29,Total,1,2360,*,,
Green Urchin,6BB,1993,4,5,2,0,*,,
Green Urchin,6BB,1993,4,9,14,22259,**,,
Green Urchin,6BB,1993,4,Total,14,22259,124174,,
Green Urchin,6BB,1993,5,9,1,230,*,,
Green Urchin,6BB,1993,5,Total,1,230,*,,
Green Urchin,6BB,1993,6,9,1,1530,*,,
Green Urchin,6BB,1993,6,Total,1,1530,*,,
Green Urchin,6BB,1993,8,2,1,180,*,,
Green Urchin,6BB,1993,8,4,1,180,*,,
Green Urchin,6BB,1993,8,16,1,480,*,,
Green Urchin,6BB,1993,8,Total,2,840,*,,
Green Urchin,6BB,1993,9,1,3,690,**,,
Green Urchin,6BB,1993,9,2,7,7310,11331,,
Green Urchin,6BB,1993,9,11,1,380,*,,
Green Urchin,6BB,1993,9,Total,7,8380,14630,,
Green Urchin,6BB,1993,11,0,1,0,*,,
Green Urchin,6BB,1993,11,2,19,38162,**,,
Green Urchin,6BB,1993,11,Total,19,38162,114211,,
Green Urchin,6BB,1993,12,0,2,4260,*,,
Green Urchin,6BB,1993,12,1,4,2630,10781,,
Green Urchin,6BB,1993,12,2,3,405,2345,,
Green Urchin,6BB,1993,12,3,3,2225,4322,,
Green Urchin,6BB,1993,12,4,1,2326,*,,
Green Urchin,6BB,1993,12,5,15,20518,44075,,
Green Urchin,6BB,1993,12,6,16,33508,111813,,
Green Urchin,6BB,1993,12,7,13,19930,57529,,
Green Urchin,6BB,1993,12,8,12,5986,35021,,
Green Urchin,6BB,1993,12,11,17,49127,112080,,
Green Urchin,6BB,1993,12,12,6,4960,23361,,
Green Urchin,6BB,1993,12,13,24,62007,151290,,
Green Urchin,6BB,1993,12,15,3,7520,15007,,
Green Urchin,6BB,1993,12,16,2,208,*,,
Green Urchin,6BB,1993,12,17,2,1440,*,,
Green Urchin,6BB,1993,12,18,14,27358,81467,,
Green Urchin,6BB,1993,12,19,8,20393,40896,,
Green Urchin,6BB,1993,12,20,1,110,*,,
Green Urchin,6BB,1993,12,25,1,180,*,,
Green Urchin,6BB,1993,12,26,6,7704,12496,,
Green Urchin,6BB,1993,12,27,2,1930,*,,
Green Urchin,6BB,1993,12,28,1,360,*,,
Green Urchin,6BB,1993,12,39,6,7315,23059,,
Green Urchin,6BB,1993,12,41,3,2143,7461,,
Green Urchin,6BB,1993,12,Total,43,284543,769033,,
Green Urchin,6BB,1993,13,0,1,1300,*,,
Green Urchin,6BB,1993,13,1,4,2055,13481,,
Green Urchin,6BB,1993,13,2,4,1920,26101,,
Green Urchin,6BB,1993,13,10,1,360,*,,
Green Urchin,6BB,1993,13,12,3,1825,3101,,
Green Urchin,6BB,1993,13,17,2,4245,*,,
Green Urchin,6BB,1993,13,18,1,270,*,,
Green Urchin,6BB,1993,13,20,2,2775,*,,
Green Urchin,6BB,1993,13,23,2,3373,*,,
Green Urchin,6BB,1993,13,25,7,15383,21438,,
Green Urchin,6BB,1993,13,28,4,6255,14036,,
Green Urchin,6BB,1993,13,29,4,2901,2578,,
Green Urchin,6BB,1993,13,30,3,2860,4493,,
Green Urchin,6BB,1993,13,31,4,2110,3420,,
Green Urchin,6BB,1993,13,32,2,1215,*,,
Green Urchin,6BB,1993,13,33,1,0,*,,
Green Urchin,6BB,1993,13,39,4,18600,42565,,
Green Urchin,6BB,1993,13,40,1,400,*,,
Green Urchin,6BB,1993,13,41,5,5569,11375,,
Green Urchin,6BB,1993,13,Total,22,73416,171859,,
Green Urchin,6BB,1993,16,6,1,310,*,,
Green Urchin,6BB,1993,16,9,1,1055,*,,
Green Urchin,6BB,1993,16,Total,1,1365,*,,
Green Urchin,6BB,1993,17,3,2,600,*,,
Green Urchin,6BB,1993,17,Total,2,600,*,,
Green Urchin,6BB,1993,18,0,1,11625,*,,
Green Urchin,6BB,1993,18,1,1,360,*,,
Green Urchin,6BB,1993,18,2,8,3870,9826,,
Green Urchin,6BB,1993,18,4,1,490,*,,
Green Urchin,6BB,1993,18,5,1,800,*,,
Green Urchin,6BB,1993,18,6,1,0,*,,
Green Urchin,6BB,1993,18,9,1,600,*,,
Green Urchin,6BB,1993,18,11,6,12090,37726,,
Green Urchin,6BB,1993,18,Total,14,29835,87404,,
Green Urchin,6BB,1993,19,0,1,1000,*,,
Green Urchin,6BB,1993,19,1,3,7691,15182,,
Green Urchin,6BB,1993,19,3,4,10868,21161,,
Green Urchin,6BB,1993,19,4,8,18195,32492,,
Green Urchin,6BB,1993,19,5,5,6436,**,,
Green Urchin,6BB,1993,19,6,3,3000,17763,,
Green Urchin,6BB,1993,19,Total,15,47190,97425,,
Green Urchin,6BB,1993,20,0,1,3381,*,,
Green Urchin,6BB,1993,20,3,1,3190,*,,
Green Urchin,6BB,1993,20,5,7,24957,43600,,
Green Urchin,6BB,1993,20,6,1,1366,*,,
Green Urchin,6BB,1993,20,Total,7,32894,56745,,
Green Urchin,6BB,1993,28,1,1,1206,*,,
Green Urchin,6BB,1993,28,6,2,1475,*,,
Green Urchin,6BB,1993,28,Total,2,2681,*,,
Green Urchin,6BB,1993,29,3,1,990,*,,
Green Urchin,6BB,1993,29,5,1,75,*,,
Green Urchin,6BB,1993,29,Total,2,1065,*,,
Green Urchin,6BB,1994,4,0,2,0,*,,
Green Urchin,6BB,1994,4,5,6,10520,52347,,
Green Urchin,6BB,1994,4,9,10,7220,**,,
Green Urchin,6BB,1994,4,Total,11,17740,105503,,
Green Urchin,6BB,1994,9,0,1,0,*,,
Green Urchin,6BB,1994,9,Total,1,0,*,,
Green Urchin,6BB,1994,11,2,6,12954,31465,,
Green Urchin,6BB,1994,11,Total,6,12954,31465,,
Green Urchin,6BB,1994,12,0,7,3493,26256,,
Green Urchin,6BB,1994,12,1,5,4320,6506,,
Green Urchin,6BB,1994,12,2,2,970,*,,
Green Urchin,6BB,1994,12,3,3,4120,5667,,
Green Urchin,6BB,1994,12,4,2,1330,*,,
Green Urchin,6BB,1994,12,5,4,2680,4732,,
Green Urchin,6BB,1994,12,6,9,25579,54927,,
Green Urchin,6BB,1994,12,7,2,2210,*,,
Green Urchin,6BB,1994,12,8,2,6051,*,,
Green Urchin,6BB,1994,12,11,5,7500,9090,,
Green Urchin,6BB,1994,12,12,3,2941,4775,,
Green Urchin,6BB,1994,12,13,9,25077,38632,,
Green Urchin,6BB,1994,12,16,1,440,*,,
Green Urchin,6BB,1994,12,18,11,17799,50985,,
Green Urchin,6BB,1994,12,19,4,1450,3103,,
Green Urchin,6BB,1994,12,20,1,580,*,,
Green Urchin,6BB,1994,12,22,1,240,*,,
Green Urchin,6BB,1994,12,25,1,342,*,,
Green Urchin,6BB,1994,12,26,3,3983,14161,,
Green Urchin,6BB,1994,12,35,2,2820,*,,
Green Urchin,6BB,1994,12,39,3,2000,6443,,
Green Urchin,6BB,1994,12,41,2,1350,*,,
Green Urchin,6BB,1994,12,Total,28,117275,266638,,
Green Urchin,6BB,1994,13,0,2,0,*,,
Green Urchin,6BB,1994,13,1,4,5840,11741,,
Green Urchin,6BB,1994,13,2,7,3853,17472,,
Green Urchin,6BB,1994,13,6,1,300,*,,
Green Urchin,6BB,1994,13,9,1,120,*,,
Green Urchin,6BB,1994,13,10,1,260,*,,
Green Urchin,6BB,1994,13,12,4,2625,8441,,
Green Urchin,6BB,1994,13,14,2,600,*,,
Green Urchin,6BB,1994,13,16,1,720,*,,
Green Urchin,6BB,1994,13,18,2,738,*,,
Green Urchin,6BB,1994,13,23,1,771,*,,
Green Urchin,6BB,1994,13,25,9,16749,39133,,
Green Urchin,6BB,1994,13,26,1,258,*,,
Green Urchin,6BB,1994,13,27,2,1531,*,,
Green Urchin,6BB,1994,13,28,7,4926,12610,,
Green Urchin,6BB,1994,13,29,4,471,3843,,
Green Urchin,6BB,1994,13,30,2,175,*,,
Green Urchin,6BB,1994,13,31,2,620,*,,
Green Urchin,6BB,1994,13,32,9,9180,19503,,
Green Urchin,6BB,1994,13,33,7,6415,8089,,
Green Urchin,6BB,1994,13,35,2,840,*,,
Green Urchin,6BB,1994,13,39,8,7360,20399,,
Green Urchin,6BB,1994,13,40,2,253,*,,
Green Urchin,6BB,1994,13,41,2,136,*,,
Green Urchin,6BB,1994,13,42,1,280,*,,
Green Urchin,6BB,1994,13,Total,29,65021,164153,,
Green Urchin,6BB,1994,17,2,1,180,*,,
Green Urchin,6BB,1994,17,3,1,540,*,,
Green Urchin,6BB,1994,17,Total,2,720,*,,
Green Urchin,6BB,1994,18,0,2,0,*,,
Green Urchin,6BB,1994,18,1,2,1035,*,,
Green Urchin,6BB,1994,18,2,11,5697,24899,,
Green Urchin,6BB,1994,18,3,1,0,*,,
Green Urchin,6BB,1994,18,4,1,240,*,,
Green Urchin,6BB,1994,18,5,6,3320,12763,,
Green Urchin,6BB,1994,18,6,2,1525,*,,
Green Urchin,6BB,1994,18,9,1,80,*,,
Green Urchin,6BB,1994,18,11,3,1505,3812,,
Green Urchin,6BB,1994,18,Total,14,13402,47328,,
Green Urchin,6BB,1994,19,0,1,0,*,,
Green Urchin,6BB,1994,19,3,8,10472,16403,,
Green Urchin,6BB,1994,19,4,10,9900,18391,,
Green Urchin,6BB,1994,19,5,8,13265,24513,,
Green Urchin,6BB,1994,19,6,3,915,**,,
Green Urchin,6BB,1994,19,Total,14,34552,70706,,
Green Urchin,6BB,1994,20,0,1,0,*,,
Green Urchin,6BB,1994,20,5,6,24296,**,,
Green Urchin,6BB,1994,20,Total,6,24296,34597,,
Green Urchin,6BB,1994,28,1,1,280,*,,
Green Urchin,6BB,1994,28,Total,1,280,*,,
Green Urchin,6BB,1995,4,5,1,345,*,,
Green Urchin,6BB,1995,4,9,1,1961,*,,
Green Urchin,6BB,1995,4,Total,1,2306,*,,
Green Urchin,6BB,1995,12,1,4,880,3583,,
Green Urchin,6BB,1995,12,2,1,200,*,,
Green Urchin,6BB,1995,12,3,2,270,*,,
Green Urchin,6BB,1995,12,5,4,2225,5026,,
Green Urchin,6BB,1995,12,6,7,6562,20638,,
Green Urchin,6BB,1995,12,7,1,270,*,,
Green Urchin,6BB,1995,12,8,2,1080,*,,
Green Urchin,6BB,1995,12,11,4,970,1976,,
Green Urchin,6BB,1995,12,13,4,2443,6992,,
Green Urchin,6BB,1995,12,15,1,280,*,,
Green Urchin,6BB,1995,12,18,6,5190,15833,,
Green Urchin,6BB,1995,12,19,1,90,*,,
Green Urchin,6BB,1995,12,26,3,1430,5228,,
Green Urchin,6BB,1995,12,39,2,810,*,,
Green Urchin,6BB,1995,12,Total,16,22700,67413,,
Green Urchin,6BB,1995,13,2,2,1531,*,,
Green Urchin,6BB,1995,13,12,1,360,*,,
Green Urchin,6BB,1995,13,25,5,2887,7494,,
Green Urchin,6BB,1995,13,26,1,0,*,,
Green Urchin,6BB,1995,13,28,1,840,*,,
Green Urchin,6BB,1995,13,29,1,272,*,,
Green Urchin,6BB,1995,13,30,3,1269,3636,,
Green Urchin,6BB,1995,13,31,1,150,*,,
Green Urchin,6BB,1995,13,32,9,7006,22796,,
Green Urchin,6BB,1995,13,33,5,1211,8098,,
Green Urchin,6BB,1995,13,35,4,721,2335,,
Green Urchin,6BB,1995,13,39,5,993,4554,,
Green Urchin,6BB,1995,13,40,1,391,*,,
Green Urchin,6BB,1995,13,41,3,765,1747,,
Green Urchin,6BB,1995,13,42,1,110,*,,
Green Urchin,6BB,1995,13,Total,12,18506,63257,,
Green Urchin,6BB,1995,17,3,1,0,*,,
Green Urchin,6BB,1995,17,Total,1,0,*,,
Green Urchin,6BB,1995,18,1,1,140,*,,
Green Urchin,6BB,1995,18,2,4,2331,3851,,
Green Urchin,6BB,1995,18,5,2,480,*,,
Green Urchin,6BB,1995,18,11,6,3273,10224,,
Green Urchin,6BB,1995,18,Total,9,6224,16123,,
Green Urchin,6BB,1995,19,3,4,3827,8644,,
Green Urchin,6BB,1995,19,4,7,6240,15446,,
Green Urchin,6BB,1995,19,5,4,3050,**,,
Green Urchin,6BB,1995,19,8,1,240,*,,
Green Urchin,6BB,1995,19,Total,9,13357,30292,,
Green Urchin,6BB,1995,20,5,4,3010,7069,,
Green Urchin,6BB,1995,20,Total,4,3010,7069,,
Green Urchin,6BB,1996,11,2,3,1905,3735,,
Green Urchin,6BB,1996,11,Total,3,1905,3735,,
Green Urchin,6BB,1996,12,1,1,466,*,,
Green Urchin,6BB,1996,12,2,1,140,*,,
Green Urchin,6BB,1996,12,3,4,802,4093,,
Green Urchin,6BB,1996,12,5,8,3426,11051,,
Green Urchin,6BB,1996,12,6,10,12513,39244,,
Green Urchin,6BB,1996,12,7,5,3970,9190,,
Green Urchin,6BB,1996,12,8,4,2227,6513,,
Green Urchin,6BB,1996,12,11,3,2816,3793,,
Green Urchin,6BB,1996,12,13,13,18540,47577,,
Green Urchin,6BB,1996,12,16,1,260,*,,
Green Urchin,6BB,1996,12,17,1,94,*,,
Green Urchin,6BB,1996,12,18,9,4413,15912,,
Green Urchin,6BB,1996,12,19,1,122,*,,
Green Urchin,6BB,1996,12,20,2,325,*,,
Green Urchin,6BB,1996,12,26,2,940,*,,
Green Urchin,6BB,1996,12,39,2,550,*,,
Green Urchin,6BB,1996,12,41,1,135,*,,
Green Urchin,6BB,1996,12,Total,26,51739,147387,,
Green Urchin,6BB,1996,13,1,1,140,*,,
Green Urchin,6BB,1996,13,2,4,2120,7513,,
Green Urchin,6BB,1996,13,12,1,360,*,,
Green Urchin,6BB,1996,13,25,7,5955,13640,,
Green Urchin,6BB,1996,13,27,1,114,*,,
Green Urchin,6BB,1996,13,28,3,1846,3120,,
Green Urchin,6BB,1996,13,29,2,960,*,,
Green Urchin,6BB,1996,13,30,3,4572,8211,,
Green Urchin,6BB,1996,13,31,1,1640,*,,
Green Urchin,6BB,1996,13,32,12,6295,18324,,
Green Urchin,6BB,1996,13,33,3,1188,2500,,
Green Urchin,6BB,1996,13,35,2,440,*,,
Green Urchin,6BB,1996,13,39,7,4583,9717,,
Green Urchin,6BB,1996,13,40,1,660,*,,
Green Urchin,6BB,1996,13,41,1,890,*,,
Green Urchin,6BB,1996,13,Total,16,31763,78864,,
Green Urchin,6BB,1996,18,1,1,120,*,,
Green Urchin,6BB,1996,18,2,6,1480,3873,,
Green Urchin,6BB,1996,18,4,4,1080,2526,,
Green Urchin,6BB,1996,18,5,5,866,637,,
Green Urchin,6BB,1996,18,6,2,985,*,,
Green Urchin,6BB,1996,18,11,8,7946,20131,,
Green Urchin,6BB,1996,18,Total,14,12477,29138,,
Green Urchin,6BB,1996,19,3,6,2661,**,,
Green Urchin,6BB,1996,19,4,6,12447,20099,,
Green Urchin,6BB,1996,19,5,11,7577,13520,,
Green Urchin,6BB,1996,19,6,1,256,*,,
Green Urchin,6BB,1996,19,Total,14,22941,38394,,
Green Urchin,6BB,1996,20,5,7,8251,14975,,
Green Urchin,6BB,1996,20,Total,7,8251,14975,,
Green Urchin,6BB,1996,29,4,1,180,*,,
Green Urchin,6BB,1996,29,Total,1,180,*,,
Green Urchin,6BB,1997,11,2,4,2706,6249,,
Green Urchin,6BB,1997,11,Total,4,2706,6249,,
Green Urchin,6BB,1997,12,1,4,2424,5336,,
Green Urchin,6BB,1997,12,3,6,2220,8555,,
Green Urchin,6BB,1997,12,4,1,100,*,,
Green Urchin,6BB,1997,12,5,9,5235,19221,,
Green Urchin,6BB,1997,12,6,15,17368,64589,,
Green Urchin,6BB,1997,12,7,6,2437,9809,,
Green Urchin,6BB,1997,12,8,6,4623,11137,,
Green Urchin,6BB,1997,12,11,2,580,*,,
Green Urchin,6BB,1997,12,13,11,6729,17882,,
Green Urchin,6BB,1997,12,17,1,556,*,,
Green Urchin,6BB,1997,12,18,16,13007,42867,,
Green Urchin,6BB,1997,12,19,2,163,*,,
Green Urchin,6BB,1997,12,20,1,0,*,,
Green Urchin,6BB,1997,12,26,2,910,*,,
Green Urchin,6BB,1997,12,39,1,180,*,,
Green Urchin,6BB,1997,12,41,1,500,*,,
Green Urchin,6BB,1997,12,Total,28,57032,189584,,
Green Urchin,6BB,1997,13,1,2,740,*,,
Green Urchin,6BB,1997,13,11,2,860,*,,
Green Urchin,6BB,1997,13,12,2,776,*,,
Green Urchin,6BB,1997,13,23,2,1168,*,,
Green Urchin,6BB,1997,13,25,7,2307,7033,,
Green Urchin,6BB,1997,13,27,2,540,*,,
Green Urchin,6BB,1997,13,28,3,1260,1769,,
Green Urchin,6BB,1997,13,29,1,360,*,,
Green Urchin,6BB,1997,13,30,3,1288,1740,,
Green Urchin,6BB,1997,13,31,4,1052,1284,,
Green Urchin,6BB,1997,13,32,10,8550,15511,,
Green Urchin,6BB,1997,13,33,9,4634,9553,,
Green Urchin,6BB,1997,13,35,1,540,*,,
Green Urchin,6BB,1997,13,39,4,4721,6775,,
Green Urchin,6BB,1997,13,40,2,540,*,,
Green Urchin,6BB,1997,13,Total,15,29336,57675,,
Green Urchin,6BB,1997,17,3,1,220,*,,
Green Urchin,6BB,1997,17,10,1,40,*,,
Green Urchin,6BB,1997,17,Total,2,260,*,,
Green Urchin,6BB,1997,18,1,1,230,*,,
Green Urchin,6BB,1997,18,2,7,5443,10823,,
Green Urchin,6BB,1997,18,4,2,690,*,,
Green Urchin,6BB,1997,18,5,3,930,1718,,
Green Urchin,6BB,1997,18,6,1,150,*,,
Green Urchin,6BB,1997,18,11,10,11969,34844,,
Green Urchin,6BB,1997,18,Total,11,19412,49095,,
Green Urchin,6BB,1997,19,1,1,60,*,,
Green Urchin,6BB,1997,19,3,5,4325,10424,,
Green Urchin,6BB,1997,19,4,10,10916,25882,,
Green Urchin,6BB,1997,19,5,10,5819,10941,,
Green Urchin,6BB,1997,19,6,1,330,*,,
Green Urchin,6BB,1997,19,Total,15,21450,47865,,
Green Urchin,6BB,1997,20,5,7,7360,17275,,
Green Urchin,6BB,1997,20,Total,7,7360,17275,,
Green Urchin,6BB,1997,29,4,1,630,*,,
Green Urchin,6BB,1997,29,Total,1,630,*,,
Green Urchin,6BB,1998,11,2,2,2090,*,,
Green Urchin,6BB,1998,11,Total,2,2090,*,,
Green Urchin,6BB,1998,12,1,9,6425,18609,,
Green Urchin,6BB,1998,12,2,1,60,*,,
Green Urchin,6BB,1998,12,3,4,2371,7444,,
Green Urchin,6BB,1998,12,4,2,260,*,,
Green Urchin,6BB,1998,12,5,9,10145,38162,,
Green Urchin,6BB,1998,12,6,13,18825,79865,,
Green Urchin,6BB,1998,12,7,1,64,*,,
Green Urchin,6BB,1998,12,8,2,3945,*,,
Green Urchin,6BB,1998,12,12,1,120,*,,
Green Urchin,6BB,1998,12,13,2,1240,*,,
Green Urchin,6BB,1998,12,17,1,200,*,,
Green Urchin,6BB,1998,12,18,11,8051,31339,,
Green Urchin,6BB,1998,12,19,1,100,*,,
Green Urchin,6BB,1998,12,26,2,750,*,,
Green Urchin,6BB,1998,12,33,1,400,*,,
Green Urchin,6BB,1998,12,41,1,1000,*,,
Green Urchin,6BB,1998,12,Total,26,53956,199136,,
Green Urchin,6BB,1998,13,1,3,1785,11368,,
Green Urchin,6BB,1998,13,2,4,2362,14910,,
Green Urchin,6BB,1998,13,9,4,2175,5110,,
Green Urchin,6BB,1998,13,12,3,890,2326,,
Green Urchin,6BB,1998,13,14,1,540,*,,
Green Urchin,6BB,1998,13,18,1,150,*,,
Green Urchin,6BB,1998,13,23,5,1306,2516,,
Green Urchin,6BB,1998,13,24,1,220,*,,
Green Urchin,6BB,1998,13,25,10,6935,18892,,
Green Urchin,6BB,1998,13,26,3,820,2573,,
Green Urchin,6BB,1998,13,27,2,1005,*,,
Green Urchin,6BB,1998,13,28,9,5889,15346,,
Green Urchin,6BB,1998,13,29,4,2005,6235,,
Green Urchin,6BB,1998,13,30,6,2105,5427,,
Green Urchin,6BB,1998,13,31,6,3541,9727,,
Green Urchin,6BB,1998,13,32,6,4273,11554,,
Green Urchin,6BB,1998,13,33,3,2661,7724,,
Green Urchin,6BB,1998,13,35,5,2665,8158,,
Green Urchin,6BB,1998,13,39,8,5621,16895,,
Green Urchin,6BB,1998,13,40,3,659,1793,,
Green Urchin,6BB,1998,13,41,5,1744,7797,,
Green Urchin,6BB,1998,13,Total,22,49351,156199,,
Green Urchin,6BB,1998,17,3,2,540,*,,
Green Urchin,6BB,1998,17,Total,2,540,*,,
Green Urchin,6BB,1998,18,2,6,2408,5130,,
Green Urchin,6BB,1998,18,5,3,1180,**,,
Green Urchin,6BB,1998,18,6,2,555,*,,
Green Urchin,6BB,1998,18,11,5,2863,12724,,
Green Urchin,6BB,1998,18,Total,8,7006,20356,,
Green Urchin,6BB,1998,19,3,2,1860,*,,
Green Urchin,6BB,1998,19,4,5,3687,6611,,
Green Urchin,6BB,1998,19,5,3,2845,**,,
Green Urchin,6BB,1998,19,Total,5,8392,14887,,
Green Urchin,6BB,1998,20,5,5,3252,6861,,
Green Urchin,6BB,1998,20,Total,5,3252,6861,,
Green Urchin,6BB,1999,4,9,1,120,*,,
Green Urchin,6BB,1999,4,Total,1,120,*,,
Green Urchin,6BB,1999,11,2,3,920,1587,,
Green Urchin,6BB,1999,11,Total,3,920,1587,,
Green Urchin,6BB,1999,12,1,4,4050,15005,,
Green Urchin,6BB,1999,12,2,1,480,*,,
Green Urchin,6BB,1999,12,3,6,2935,7973,,
Green Urchin,6BB,1999,12,5,8,9610,33003,,
Green Urchin,6BB,1999,12,6,12,13597,60269,,
Green Urchin,6BB,1999,12,7,1,450,*,,
Green Urchin,6BB,1999,12,8,2,1200,*,,
Green Urchin,6BB,1999,12,18,15,12517,44569,,
Green Urchin,6BB,1999,12,19,2,530,*,,
Green Urchin,6BB,1999,12,21,1,1850,*,,
Green Urchin,6BB,1999,12,24,1,460,*,,
Green Urchin,6BB,1999,12,26,2,2080,*,,
Green Urchin,6BB,1999,12,Total,23,49759,184228,,
Green Urchin,6BB,1999,13,1,3,2395,18269,,
Green Urchin,6BB,1999,13,2,2,1980,*,,
Green Urchin,6BB,1999,13,6,1,180,*,,
Green Urchin,6BB,1999,13,8,1,140,*,,
Green Urchin,6BB,1999,13,9,4,3412,13724,,
Green Urchin,6BB,1999,13,11,1,360,*,,
Green Urchin,6BB,1999,13,25,3,1155,4807,,
Green Urchin,6BB,1999,13,26,1,400,*,,
Green Urchin,6BB,1999,13,27,1,230,*,,
Green Urchin,6BB,1999,13,28,7,6127,28167,,
Green Urchin,6BB,1999,13,30,1,380,*,,
Green Urchin,6BB,1999,13,31,3,1762,5382,,
Green Urchin,6BB,1999,13,32,4,2632,7761,,
Green Urchin,6BB,1999,13,33,4,1396,4901,,
Green Urchin,6BB,1999,13,35,2,1671,*,,
Green Urchin,6BB,1999,13,39,3,2247,6072,,
Green Urchin,6BB,1999,13,41,4,851,2854,,
Green Urchin,6BB,1999,13,Total,13,27318,120648,,
Green Urchin,6BB,1999,17,3,1,180,*,,
Green Urchin,6BB,1999,17,10,1,240,*,,
Green Urchin,6BB,1999,17,Total,1,420,*,,
Green Urchin,6BB,1999,18,2,8,6129,9832,,
Green Urchin,6BB,1999,18,4,1,345,*,,
Green Urchin,6BB,1999,18,5,2,770,*,,
Green Urchin,6BB,1999,18,6,2,600,*,,
Green Urchin,6BB,1999,18,11,8,9406,25979,,
Green Urchin,6BB,1999,18,Total,11,17250,39676,,
Green Urchin,6BB,1999,19,3,4,2400,**,,
Green Urchin,6BB,1999,19,4,6,7194,20696,,
Green Urchin,6BB,1999,19,5,7,6583,12943,,
Green Urchin,6BB,1999,19,6,1,150,*,,
Green Urchin,6BB,1999,19,Total,9,16327,42253,,
Green Urchin,6BB,1999,20,5,4,9480,20723,,
Green Urchin,6BB,1999,20,Total,4,9480,20723,,
Green Urchin,6BB,2000,4,5,1,100,*,,
Green Urchin,6BB,2000,4,Total,1,100,*,,
Green Urchin,6BB,2000,11,2,2,2558,*,,
Green Urchin,6BB,2000,11,Total,2,2558,*,,
Green Urchin,6BB,2000,12,1,3,3120,9312,,
Green Urchin,6BB,2000,12,2,2,720,*,,
Green Urchin,6BB,2000,12,3,3,926,4390,,
Green Urchin,6BB,2000,12,5,9,7126,26956,,
Green Urchin,6BB,2000,12,6,9,13659,61470,,
Green Urchin,6BB,2000,12,7,2,343,*,,
Green Urchin,6BB,2000,12,13,1,200,*,,
Green Urchin,6BB,2000,12,18,13,9863,39459,,
Green Urchin,6BB,2000,12,24,1,480,*,,
Green Urchin,6BB,2000,12,26,3,1040,4129,,
Green Urchin,6BB,2000,12,Total,19,37477,151719,,
Green Urchin,6BB,2000,13,1,1,120,*,,
Green Urchin,6BB,2000,13,2,4,2520,19339,,
Green Urchin,6BB,2000,13,6,1,270,*,,
Green Urchin,6BB,2000,13,7,1,400,*,,
Green Urchin,6BB,2000,13,9,3,1900,8056,,
Green Urchin,6BB,2000,13,11,1,800,*,,
Green Urchin,6BB,2000,13,12,2,420,*,,
Green Urchin,6BB,2000,13,25,3,2652,10915,,
Green Urchin,6BB,2000,13,28,6,6995,34527,,
Green Urchin,6BB,2000,13,29,2,620,*,,
Green Urchin,6BB,2000,13,30,1,242,*,,
Green Urchin,6BB,2000,13,31,4,2237,6295,,
Green Urchin,6BB,2000,13,32,4,2446,8220,,
Green Urchin,6BB,2000,13,33,3,3040,7874,,
Green Urchin,6BB,2000,13,35,1,475,*,,
Green Urchin,6BB,2000,13,36,1,420,*,,
Green Urchin,6BB,2000,13,39,3,1227,3285,,
Green Urchin,6BB,2000,13,41,2,580,*,,
Green Urchin,6BB,2000,13,Total,15,27364,120173,,
Green Urchin,6BB,2000,18,2,4,1668,5120,,
Green Urchin,6BB,2000,18,4,1,240,*,,
Green Urchin,6BB,2000,18,5,1,240,*,,
Green Urchin,6BB,2000,18,6,1,1720,*,,
Green Urchin,6BB,2000,18,11,5,2951,8715,,
Green Urchin,6BB,2000,18,Total,5,6819,21011,,
Green Urchin,6BB,2000,19,3,1,300,*,,
Green Urchin,6BB,2000,19,4,2,4075,*,,
Green Urchin,6BB,2000,19,5,1,40,*,,
Green Urchin,6BB,2000,19,Total,3,4415,19988,,
Green Urchin,6BB,2001,12,1,5,3218,11847,,
Green Urchin,6BB,2001,12,2,1,300,*,,
Green Urchin,6BB,2001,12,3,6,8255,33077,,
Green Urchin,6BB,2001,12,5,10,7750,28691,,
Green Urchin,6BB,2001,12,6,11,14441,47006,,
Green Urchin,6BB,2001,12,7,4,1220,4409,,
Green Urchin,6BB,2001,12,8,2,1095,*,,
Green Urchin,6BB,2001,12,17,1,50,*,,
Green Urchin,6BB,2001,12,18,13,14956,50937,,
Green Urchin,6BB,2001,12,19,1,180,*,,
Green Urchin,6BB,2001,12,24,3,700,3926,,
Green Urchin,6BB,2001,12,25,1,480,*,,
Green Urchin,6BB,2001,12,26,1,640,*,,
Green Urchin,6BB,2001,12,39,1,240,*,,
Green Urchin,6BB,2001,12,41,1,480,*,,
Green Urchin,6BB,2001,12,Total,22,54005,192809,,
Green Urchin,6BB,2001,13,2,2,1945,*,,
Green Urchin,6BB,2001,13,9,2,980,*,,
Green Urchin,6BB,2001,13,10,1,300,*,,
Green Urchin,6BB,2001,13,25,4,2350,12496,,
Green Urchin,6BB,2001,13,28,6,3160,15458,,
Green Urchin,6BB,2001,13,29,1,300,*,,
Green Urchin,6BB,2001,13,31,1,2080,*,,
Green Urchin,6BB,2001,13,32,3,3220,10836,,
Green Urchin,6BB,2001,13,39,1,310,*,,
Green Urchin,6BB,2001,13,40,1,1080,*,,
Green Urchin,6BB,2001,13,41,1,200,*,,
Green Urchin,6BB,2001,13,Total,12,15925,74206,,
Green Urchin,6BB,2001,18,2,1,1010,*,,
Green Urchin,6BB,2001,18,6,1,200,*,,
Green Urchin,6BB,2001,18,11,2,1130,*,,
Green Urchin,6BB,2001,18,Total,2,2340,*,,
Green Urchin,6BB,2001,19,3,2,440,*,,
Green Urchin,6BB,2001,19,4,2,3890,*,,
Green Urchin,6BB,2001,19,5,2,940,*,,
Green Urchin,6BB,2001,19,Total,2,5270,*,,
Green Urchin,6BB,2001,20,5,3,1430,5073,,
Green Urchin,6BB,2001,20,Total,3,1430,5073,,
Green Urchin,6BB,2002,12,1,2,1155,*,,
Green Urchin,6BB,2002,12,3,4,4300,21998,,
Green Urchin,6BB,2002,12,5,7,6870,30995,,
Green Urchin,6BB,2002,12,6,5,4420,24484,,
Green Urchin,6BB,2002,12,8,1,360,*,,
Green Urchin,6BB,2002,12,18,10,11890,48235,,
Green Urchin,6BB,2002,12,21,1,300,*,,
Green Urchin,6BB,2002,12,26,2,830,*,,
Green Urchin,6BB,2002,12,Total,12,30125,134511,,
Green Urchin,6BB,2002,13,2,3,1828,11601,,
Green Urchin,6BB,2002,13,6,1,320,*,,
Green Urchin,6BB,2002,13,7,1,150,*,,
Green Urchin,6BB,2002,13,9,1,400,*,,
Green Urchin,6BB,2002,13,10,1,400,*,,
Green Urchin,6BB,2002,13,12,2,590,*,,
Green Urchin,6BB,2002,13,25,2,761,*,,
Green Urchin,6BB,2002,13,27,1,180,*,,
Green Urchin,6BB,2002,13,28,6,3870,22251,,
Green Urchin,6BB,2002,13,31,2,1383,*,,
Green Urchin,6BB,2002,13,32,3,3228,15331,,
Green Urchin,6BB,2002,13,33,2,297,*,,
Green Urchin,6BB,2002,13,35,2,727,*,,
Green Urchin,6BB,2002,13,39,3,1084,2501,,
Green Urchin,6BB,2002,13,Total,14,15218,72131,,
Green Urchin,6BB,2002,18,1,1,360,*,,
Green Urchin,6BB,2002,18,2,4,3730,20964,,
Green Urchin,6BB,2002,18,6,1,531,*,,
Green Urchin,6BB,2002,18,11,3,981,4809,,
Green Urchin,6BB,2002,18,Total,5,5602,28907,,
Green Urchin,6BB,2002,19,3,1,312,*,,
Green Urchin,6BB,2002,19,4,5,3109,**,,
Green Urchin,6BB,2002,19,Total,5,3421,22504,,
Green Urchin,6BB,2003,11,2,1,280,*,,
Green Urchin,6BB,2003,11,Total,1,280,*,,
Green Urchin,6BB,2003,12,3,6,5960,34708,,
Green Urchin,6BB,2003,12,4,1,600,*,,
Green Urchin,6BB,2003,12,5,5,4905,32489,,
Green Urchin,6BB,2003,12,6,6,11031,63767,,
Green Urchin,6BB,2003,12,7,1,1485,*,,
Green Urchin,6BB,2003,12,8,2,1380,*,,
Green Urchin,6BB,2003,12,13,1,1630,*,,
Green Urchin,6BB,2003,12,18,6,10960,62934,,
Green Urchin,6BB,2003,12,19,2,1410,*,,
Green Urchin,6BB,2003,12,21,1,690,*,,
Green Urchin,6BB,2003,12,26,1,240,*,,
Green Urchin,6BB,2003,12,41,1,1720,*,,
Green Urchin,6BB,2003,12,Total,8,42011,256215,,
Green Urchin,6BB,2003,13,1,1,1080,*,,
Green Urchin,6BB,2003,13,2,4,1911,12953,,
Green Urchin,6BB,2003,13,3,1,420,*,,
Green Urchin,6BB,2003,13,6,2,1418,*,,
Green Urchin,6BB,2003,13,7,2,930,*,,
Green Urchin,6BB,2003,13,8,1,480,*,,
Green Urchin,6BB,2003,13,9,2,580,*,,
Green Urchin,6BB,2003,13,12,1,1830,*,,
Green Urchin,6BB,2003,13,25,3,880,5501,,
Green Urchin,6BB,2003,13,28,5,5570,36655,,
Green Urchin,6BB,2003,13,30,1,470,*,,
Green Urchin,6BB,2003,13,31,1,416,*,,
Green Urchin,6BB,2003,13,32,5,5587,26423,,
Green Urchin,6BB,2003,13,33,4,3088,19921,,
Green Urchin,6BB,2003,13,35,1,500,*,,
Green Urchin,6BB,2003,13,36,1,360,*,,
Green Urchin,6BB,2003,13,39,1,465,*,,
Green Urchin,6BB,2003,13,Total,13,25985,142429,,
Green Urchin,6BB,2003,18,2,1,520,*,,
Green Urchin,6BB,2003,18,4,1,165,*,,
Green Urchin,6BB,2003,18,6,1,1200,*,,
Green Urchin,6BB,2003,18,11,1,160,*,,
Green Urchin,6BB,2003,18,Total,2,2045,*,,
Green Urchin,6BB,2003,19,3,3,820,4357,,
Green Urchin,6BB,2003,19,4,2,1653,*,,
Green Urchin,6BB,2003,19,5,2,370,*,,
Green Urchin,6BB,2003,19,Total,4,2843,23065,,
Green Urchin,6BB,2003,20,5,1,235,*,,
Green Urchin,6BB,2003,20,Total,1,235,*,,
Green Urchin,6BB,2004,12,1,1,321,*,,
Green Urchin,6BB,2004,12,3,4,2948,16295,,
Green Urchin,6BB,2004,12,4,1,320,*,,
Green Urchin,6BB,2004,12,5,6,2565,19117,,
Green Urchin,6BB,2004,12,6,3,5398,33803,,
Green Urchin,6BB,2004,12,7,1,1580,*,,
Green Urchin,6BB,2004,12,8,1,400,*,,
Green Urchin,6BB,2004,12,18,6,10220,61058,,
Green Urchin,6BB,2004,12,21,2,580,*,,
Green Urchin,6BB,2004,12,24,2,400,*,,
Green Urchin,6BB,2004,12,26,1,825,*,,
Green Urchin,6BB,2004,12,Total,9,25557,157864,,
Green Urchin,6BB,2004,13,2,2,880,*,,
Green Urchin,6BB,2004,13,7,2,360,*,,
Green Urchin,6BB,2004,13,8,1,390,*,,
Green Urchin,6BB,2004,13,9,2,440,*,,
Green Urchin,6BB,2004,13,11,1,240,*,,
Green Urchin,6BB,2004,13,25,5,3270,21414,,
Green Urchin,6BB,2004,13,26,2,720,*,,
Green Urchin,6BB,2004,13,28,2,1020,*,,
Green Urchin,6BB,2004,13,30,2,880,*,,
Green Urchin,6BB,2004,13,31,3,1571,7953,,
Green Urchin,6BB,2004,13,32,4,2793,11624,,
Green Urchin,6BB,2004,13,33,3,838,3483,,
Green Urchin,6BB,2004,13,35,2,492,*,,
Green Urchin,6BB,2004,13,Total,10,13894,76189,,
Green Urchin,6BB,2004,18,2,2,2375,*,,
Green Urchin,6BB,2004,18,3,1,800,*,,
Green Urchin,6BB,2004,18,4,2,535,*,,
Green Urchin,6BB,2004,18,6,3,2475,13562,,
Green Urchin,6BB,2004,18,Total,4,6185,35895,,
Green Urchin,6BB,2004,19,4,3,3199,**,,
Green Urchin,6BB,2004,19,5,1,329,*,,
Green Urchin,6BB,2004,19,Total,3,3528,25320,,
Green Urchin,6BB,2005,12,1,1,340,*,,
Green Urchin,6BB,2005,12,5,2,887,*,,
Green Urchin,6BB,2005,12,6,1,532,*,,
Green Urchin,6BB,2005,12,8,1,240,*,,
Green Urchin,6BB,2005,12,13,1,200,*,,
Green Urchin,6BB,2005,12,18,3,1068,9479,,
Green Urchin,6BB,2005,12,19,1,780,*,,
Green Urchin,6BB,2005,12,Total,6,4047,30077,,
Green Urchin,6BB,2005,13,1,1,380,*,,
Green Urchin,6BB,2005,13,2,1,30,*,,
Green Urchin,6BB,2005,13,28,3,1290,7658,,
Green Urchin,6BB,2005,13,31,1,400,*,,
Green Urchin,6BB,2005,13,32,3,1163,6250,,
Green Urchin,6BB,2005,13,33,1,360,*,,
Green Urchin,6BB,2005,13,Total,7,3623,21784,,
Green Urchin,6BB,2005,18,2,2,980,*,,
Green Urchin,6BB,2005,18,Total,2,980,*,,
Green Urchin,6BB,2005,19,3,1,15,*,,
Green Urchin,6BB,2005,19,4,4,929,7203,,
Green Urchin,6BB,2005,19,5,1,1200,*,,
Green Urchin,6BB,2005,19,Total,5,2144,13047,,
Green Urchin,6BB,2006,12,5,1,320,*,,
Green Urchin,6BB,2006,12,8,1,1040,*,,
Green Urchin,6BB,2006,12,13,1,220,*,,
Green Urchin,6BB,2006,12,41,1,400,*,,
Green Urchin,6BB,2006,12,Total,2,1980,*,,
Green Urchin,6BB,2006,13,1,4,1940,15811,,
Green Urchin,6BB,2006,13,31,1,240,*,,
Green Urchin,6BB,2006,13,32,1,120,*,,
Green Urchin,6BB,2006,13,33,1,250,*,,
Green Urchin,6BB,2006,13,35,1,240,*,,
Green Urchin,6BB,2006,13,Total,5,2790,21257,,
Green Urchin,6BB,2006,18,2,1,824,*,,
Green Urchin,6BB,2006,18,6,1,160,*,,
Green Urchin,6BB,2006,18,Total,2,984,*,,
Green Urchin,6BB,2006,19,4,6,3232,**,,
Green Urchin,6BB,2006,19,5,2,375,*,,
Green Urchin,6BB,2006,19,Total,6,3607,24612,,
Green Urchin,6BB,2006,20,5,1,185,*,,
Green Urchin,6BB,2006,20,Total,1,185,*,,
Green Urchin,6BB,2007,12,5,3,2500,20706,,
Green Urchin,6BB,2007,12,6,1,180,*,,
Green Urchin,6BB,2007,12,18,1,480,*,,
Green Urchin,6BB,2007,12,19,1,280,*,,
Green Urchin,6BB,2007,12,26,1,400,*,,
Green Urchin,6BB,2007,12,Total,3,3840,31446,,
Green Urchin,6BB,2007,13,1,2,1720,*,,
Green Urchin,6BB,2007,13,25,1,180,*,,
Green Urchin,6BB,2007,13,28,1,370,*,,
Green Urchin,6BB,2007,13,32,1,1280,*,,
Green Urchin,6BB,2007,13,33,1,800,*,,
Green Urchin,6BB,2007,13,35,1,300,*,,
Green Urchin,6BB,2007,13,41,1,192,*,,
Green Urchin,6BB,2007,13,Total,3,4842,38243,,
Green Urchin,6BB,2007,18,1,1,420,*,,
Green Urchin,6BB,2007,18,2,2,3320,*,,
Green Urchin,6BB,2007,18,6,1,430,*,,
Green Urchin,6BB,2007,18,Total,2,4170,*,,
Green Urchin,6BB,2007,19,4,3,4850,32239,,
Green Urchin,6BB,2007,19,Total,3,4850,32239,,
Green Urchin,6BB,2008,12,3,1,400,*,,
Green Urchin,6BB,2008,12,5,4,4737,36820,,
Green Urchin,6BB,2008,12,6,1,410,*,,
Green Urchin,6BB,2008,12,8,3,2622,15537,,
Green Urchin,6BB,2008,12,18,3,1257,12582,,
Green Urchin,6BB,2008,12,19,1,410,*,,
Green Urchin,6BB,2008,12,41,1,460,*,,
Green Urchin,6BB,2008,12,Total,6,10296,78008,,
Green Urchin,6BB,2008,13,1,3,1767,18348,,
Green Urchin,6BB,2008,13,25,1,200,*,,
Green Urchin,6BB,2008,13,28,1,180,*,,
Green Urchin,6BB,2008,13,32,1,120,*,,
Green Urchin,6BB,2008,13,Total,6,2267,22191,,
Green Urchin,6BB,2008,18,2,1,120,*,,
Green Urchin,6BB,2008,18,6,1,120,*,,
Green Urchin,6BB,2008,18,Total,1,240,*,,
Green Urchin,6BB,2008,19,4,2,2795,*,,
Green Urchin,6BB,2008,19,5,3,2133,**,,
Green Urchin,6BB,2008,19,Total,5,4928,44407,,
Green Urchin,6BB,2009,12,3,2,805,*,,
Green Urchin,6BB,2009,12,4,1,180,*,,
Green Urchin,6BB,2009,12,5,3,7303,53969,,
Green Urchin,6BB,2009,12,6,2,2455,*,,
Green Urchin,6BB,2009,12,8,2,3980,*,,
Green Urchin,6BB,2009,12,18,5,6118,36940,,
Green Urchin,6BB,2009,12,24,1,350,*,,
Green Urchin,6BB,2009,12,26,1,609,*,,
Green Urchin,6BB,2009,12,41,1,360,*,,
Green Urchin,6BB,2009,12,Total,8,22160,151059,,
Green Urchin,6BB,2009,13,1,2,1821,*,,
Green Urchin,6BB,2009,13,8,1,120,*,,
Green Urchin,6BB,2009,13,31,2,704,*,,
Green Urchin,6BB,2009,13,32,3,2102,17719,,
Green Urchin,6BB,2009,13,33,4,1507,11613,,
Green Urchin,6BB,2009,13,35,2,805,*,,
Green Urchin,6BB,2009,13,36,1,205,*,,
Green Urchin,6BB,2009,13,Total,7,7264,54739,,
Green Urchin,6BB,2009,18,2,2,320,*,,
Green Urchin,6BB,2009,18,6,1,275,*,,
Green Urchin,6BB,2009,18,Total,2,595,*,,
Green Urchin,6BB,2009,19,3,2,392,*,,
Green Urchin,6BB,2009,19,4,3,3548,23787,,
Green Urchin,6BB,2009,19,5,3,999,**,,
Green Urchin,6BB,2009,19,Total,3,4939,33896,,
Green Urchin,6BB,2010,12,1,1,80,*,,
Green Urchin,6BB,2010,12,3,2,530,*,,
Green Urchin,6BB,2010,12,4,1,250,*,,
Green Urchin,6BB,2010,12,5,4,1788,9282,,
Green Urchin,6BB,2010,12,6,3,5738,35303,,
Green Urchin,6BB,2010,12,8,3,2595,14635,,
Green Urchin,6BB,2010,12,13,2,5400,*,,
Green Urchin,6BB,2010,12,16,1,300,*,,
Green Urchin,6BB,2010,12,18,6,3617,19072,,
Green Urchin,6BB,2010,12,21,1,240,*,,
Green Urchin,6BB,2010,12,24,1,485,*,,
Green Urchin,6BB,2010,12,41,1,1518,*,,
Green Urchin,6BB,2010,12,Total,6,22541,117413,,
Green Urchin,6BB,2010,13,1,2,3240,*,,
Green Urchin,6BB,2010,13,2,2,330,*,,
Green Urchin,6BB,2010,13,7,1,30,*,,
Green Urchin,6BB,2010,13,11,1,140,*,,
Green Urchin,6BB,2010,13,13,1,20,*,,
Green Urchin,6BB,2010,13,25,2,430,*,,
Green Urchin,6BB,2010,13,28,3,2390,23553,,
Green Urchin,6BB,2010,13,31,3,1392,11177,,
Green Urchin,6BB,2010,13,32,5,2967,17957,,
Green Urchin,6BB,2010,13,33,3,1435,8292,,
Green Urchin,6BB,2010,13,35,1,129,*,,
Green Urchin,6BB,2010,13,39,1,1380,*,,
Green Urchin,6BB,2010,13,Total,8,13883,90134,,
Green Urchin,6BB,2010,18,2,1,320,*,,
Green Urchin,6BB,2010,18,6,1,185,*,,
Green Urchin,6BB,2010,18,Total,1,505,*,,
Green Urchin,6BB,2010,19,3,1,645,*,,
Green Urchin,6BB,2010,19,4,1,3046,*,,
Green Urchin,6BB,2010,19,5,2,1500,*,,
Green Urchin,6BB,2010,19,Total,2,5191,*,,
Green Urchin,6BB,2011,12,5,2,530,*,,
Green Urchin,6BB,2011,12,6,3,3130,13465,,
Green Urchin,6BB,2011,12,8,1,565,*,,
Green Urchin,6BB,2011,12,18,3,3412,22528,,
Green Urchin,6BB,2011,12,19,1,170,*,,
Green Urchin,6BB,2011,12,41,1,480,*,,
Green Urchin,6BB,2011,12,Total,4,8287,43394,,
Green Urchin,6BB,2011,13,1,5,5660,29314,,
Green Urchin,6BB,2011,13,2,3,3090,19282,,
Green Urchin,6BB,2011,13,6,1,65,*,,
Green Urchin,6BB,2011,13,12,1,280,*,,
Green Urchin,6BB,2011,13,28,3,1498,8979,,
Green Urchin,6BB,2011,13,31,1,380,*,,
Green Urchin,6BB,2011,13,32,2,1291,*,,
Green Urchin,6BB,2011,13,33,1,390,*,,
Green Urchin,6BB,2011,13,39,1,20,*,,
Green Urchin,6BB,2011,13,Total,9,12674,71758,,
Green Urchin,6BB,2011,18,2,2,585,*,,
Green Urchin,6BB,2011,18,Total,2,585,*,,
Green Urchin,6BB,2011,19,3,2,600,*,,
Green Urchin,6BB,2011,19,4,4,1430,**,,
Green Urchin,6BB,2011,19,5,4,1505,11067,,
Green Urchin,6BB,2011,19,Total,5,3535,22873,,
Green Urchin,6BB,2012,12,3,1,1115,*,,
Green Urchin,6BB,2012,12,5,2,2592,*,,
Green Urchin,6BB,2012,12,6,1,640,*,,
Green Urchin,6BB,2012,12,8,3,6390,55534,,
Green Urchin,6BB,2012,12,18,4,3145,20052,,
Green Urchin,6BB,2012,12,19,1,140,*,,
Green Urchin,6BB,2012,12,41,1,400,*,,
Green Urchin,6BB,2012,12,Total,4,14422,103990,,
Green Urchin,6BB,2012,13,1,2,3440,*,,
Green Urchin,6BB,2012,13,2,4,1940,19136,,
Green Urchin,6BB,2012,13,3,1,360,*,,
Green Urchin,6BB,2012,13,9,1,860,*,,
Green Urchin,6BB,2012,13,11,1,200,*,,
Green Urchin,6BB,2012,13,25,1,400,*,,
Green Urchin,6BB,2012,13,28,3,2280,17086,,
Green Urchin,6BB,2012,13,31,1,480,*,,
Green Urchin,6BB,2012,13,32,1,1500,*,,
Green Urchin,6BB,2012,13,33,1,1540,*,,
Green Urchin,6BB,2012,13,Total,6,13000,88807,,
Green Urchin,6BB,2012,18,2,3,1805,**,,
Green Urchin,6BB,2012,18,11,1,15,*,,
Green Urchin,6BB,2012,18,Total,3,1820,14383,,
Green Urchin,6BB,2012,19,3,3,460,**,,
Green Urchin,6BB,2012,19,4,4,2433,16819,,
Green Urchin,6BB,2012,19,5,2,2220,*,,
Green Urchin,6BB,2012,19,Total,6,5113,36026,,
Green Urchin,6BB,2013,12,1,1,2121,*,,
Green Urchin,6BB,2013,12,2,1,750,*,,
Green Urchin,6BB,2013,12,3,1,480,*,,
Green Urchin,6BB,2013,12,4,1,680,*,,
Green Urchin,6BB,2013,12,5,4,3016,17359,,
Green Urchin,6BB,2013,12,6,4,12450,67015,,
Green Urchin,6BB,2013,12,8,4,3410,25147,,
Green Urchin,6BB,2013,12,18,7,8978,63303,,
Green Urchin,6BB,2013,12,19,3,515,3744,,
Green Urchin,6BB,2013,12,24,1,200,*,,
Green Urchin,6BB,2013,12,26,1,60,*,,
Green Urchin,6BB,2013,12,39,2,1200,*,,
Green Urchin,6BB,2013,12,41,1,345,*,,
Green Urchin,6BB,2013,12,Total,7,34205,214631,,
Green Urchin,6BB,2013,13,1,3,5010,48911,,
Green Urchin,6BB,2013,13,2,1,330,*,,
Green Urchin,6BB,2013,13,9,1,340,*,,
Green Urchin,6BB,2013,13,25,2,1140,*,,
Green Urchin,6BB,2013,13,28,3,2738,17772,,
Green Urchin,6BB,2013,13,29,1,900,*,,
Green Urchin,6BB,2013,13,32,3,1835,10572,,
Green Urchin,6BB,2013,13,33,4,1445,9174,,
Green Urchin,6BB,2013,13,35,1,2180,*,,
Green Urchin,6BB,2013,13,39,2,3140,*,,
Green Urchin,6BB,2013,13,Total,6,19058,133790,,
Green Urchin,6BB,2013,18,2,3,1342,7819,,
Green Urchin,6BB,2013,18,Total,3,1342,7819,,
Green Urchin,6BB,2013,19,4,1,2540,*,,
Green Urchin,6BB,2013,19,5,1,3030,*,,
Green Urchin,6BB,2013,19,Total,2,5570,*,,
Green Urchin,6BB,2014,12,2,1,358,*,,
Green Urchin,6BB,2014,12,3,1,240,*,,
Green Urchin,6BB,2014,12,4,1,320,*,,
Green Urchin,6BB,2014,12,5,6,3027,15388,,
Green Urchin,6BB,2014,12,6,4,4577,22621,,
Green Urchin,6BB,2014,12,8,3,1725,11230,,
Green Urchin,6BB,2014,12,18,6,13790,74132,,
Green Urchin,6BB,2014,12,19,1,300,*,,
Green Urchin,6BB,2014,12,24,1,480,*,,
Green Urchin,6BB,2014,12,41,2,2180,*,,
Green Urchin,6BB,2014,12,Total,6,26997,149399,,
Green Urchin,6BB,2014,13,1,3,5140,51031,,
Green Urchin,6BB,2014,13,23,1,80,*,,
Green Urchin,6BB,2014,13,25,5,2585,12972,,
Green Urchin,6BB,2014,13,28,3,2100,12780,,
Green Urchin,6BB,2014,13,31,1,300,*,,
Green Urchin,6BB,2014,13,32,2,1765,*,,
Green Urchin,6BB,2014,13,33,1,1200,*,,
Green Urchin,6BB,2014,13,35,1,590,*,,
Green Urchin,6BB,2014,13,39,1,790,*,,
Green Urchin,6BB,2014,13,41,1,1440,*,,
Green Urchin,6BB,2014,13,Total,6,15990,101407,,
Green Urchin,6BB,2014,18,2,3,1347,6589,,
Green Urchin,6BB,2014,18,4,1,995,*,,
Green Urchin,6BB,2014,18,6,1,140,*,,
Green Urchin,6BB,2014,18,Total,4,2482,14354,,
Green Urchin,6BB,2014,19,3,1,270,*,,
Green Urchin,6BB,2014,19,4,2,4020,*,,
Green Urchin,6BB,2014,19,5,2,2885,*,,
Green Urchin,6BB,2014,19,Total,2,7175,*,,
Green Urchin,6BB,2014,29,5,1,20,*,,
Green Urchin,6BB,2014,29,Total,1,20,*,,
Green Urchin,6BB,2015,12,1,1,1370,*,,
Green Urchin,6BB,2015,12,3,2,625,*,,
Green Urchin,6BB,2015,12,5,5,4297,18976,,
Green Urchin,6BB,2015,12,6,5,11064,56932,,
Green Urchin,6BB,2015,12,7,2,3330,*,,
Green Urchin,6BB,2015,12,8,2,1978,*,,
Green Urchin,6BB,2015,12,18,5,5931,32661,,
Green Urchin,6BB,2015,12,19,1,540,*,,
Green Urchin,6BB,2015,12,24,1,360,*,,
Green Urchin,6BB,2015,12,26,1,1760,*,,
Green Urchin,6BB,2015,12,39,2,3330,*,,
Green Urchin,6BB,2015,12,41,3,4440,24089,,
Green Urchin,6BB,2015,12,Total,7,39025,198001,,
Green Urchin,6BB,2015,13,1,3,5245,51059,,
Green Urchin,6BB,2015,13,25,3,2280,12933,,
Green Urchin,6BB,2015,13,28,3,1335,8002,,
Green Urchin,6BB,2015,13,29,1,240,*,,
Green Urchin,6BB,2015,13,30,1,400,*,,
Green Urchin,6BB,2015,13,31,1,790,*,,
Green Urchin,6BB,2015,13,32,3,1445,8404,,
Green Urchin,6BB,2015,13,33,3,2370,11894,,
Green Urchin,6BB,2015,13,35,2,1200,*,,
Green Urchin,6BB,2015,13,36,1,400,*,,
Green Urchin,6BB,2015,13,39,2,840,*,,
Green Urchin,6BB,2015,13,40,1,470,*,,
Green Urchin,6BB,2015,13,41,1,655,*,,
Green Urchin,6BB,2015,13,Total,6,17670,121363,,
Green Urchin,6BB,2015,18,2,1,230,*,,
Green Urchin,6BB,2015,18,11,1,600,*,,
Green Urchin,6BB,2015,18,Total,2,830,*,,
Green Urchin,6BB,2015,19,4,1,2583,*,,
Green Urchin,6BB,2015,19,5,1,4053,*,,
Green Urchin,6BB,2015,19,Total,1,6636,*,,
Green Urchin,6BB,2016,12,1,2,880,*,,
Green Urchin,6BB,2016,12,2,1,200,*,,
Green Urchin,6BB,2016,12,3,2,1440,*,,
Green Urchin,6BB,2016,12,5,4,3520,19123,,
Green Urchin,6BB,2016,12,6,8,18255,82443,,
Green Urchin,6BB,2016,12,7,1,940,*,,
Green Urchin,6BB,2016,12,8,4,3735,18619,,
Green Urchin,6BB,2016,12,16,1,240,*,,
Green Urchin,6BB,2016,12,17,1,140,*,,
Green Urchin,6BB,2016,12,18,7,5820,36635,,
Green Urchin,6BB,2016,12,19,2,1565,*,,
Green Urchin,6BB,2016,12,21,2,350,*,,
Green Urchin,6BB,2016,12,24,1,200,*,,
Green Urchin,6BB,2016,12,26,2,3400,*,,
Green Urchin,6BB,2016,12,39,3,4395,17910,,
Green Urchin,6BB,2016,12,41,4,3336,20574,,
Green Urchin,6BB,2016,12,Total,10,48416,247744,,
Green Urchin,6BB,2016,13,1,3,5780,51639,,
Green Urchin,6BB,2016,13,2,4,3540,25088,,
Green Urchin,6BB,2016,13,25,1,400,*,,
Green Urchin,6BB,2016,13,28,2,980,*,,
Green Urchin,6BB,2016,13,29,3,1220,4922,,
Green Urchin,6BB,2016,13,30,1,360,*,,
Green Urchin,6BB,2016,13,32,4,2940,19287,,
Green Urchin,6BB,2016,13,33,3,3090,16534,,
Green Urchin,6BB,2016,13,35,2,1185,*,,
Green Urchin,6BB,2016,13,36,1,220,*,,
Green Urchin,6BB,2016,13,39,5,2560,9638,,
Green Urchin,6BB,2016,13,40,2,675,*,,
Green Urchin,6BB,2016,13,41,3,1810,8341,,
Green Urchin,6BB,2016,13,Total,8,24760,159458,,
Green Urchin,6BB,2016,18,2,3,1085,**,,
Green Urchin,6BB,2016,18,6,2,555,*,,
Green Urchin,6BB,2016,18,Total,4,1640,8366,,
Green Urchin,6BB,2016,19,3,1,405,*,,
Green Urchin,6BB,2016,19,4,3,6512,34401,,
Green Urchin,6BB,2016,19,5,2,4395,*,,
Green Urchin,6BB,2016,19,Total,3,11312,58100,,
Green Urchin,6BB,2016,20,5,2,975,*,,
Green Urchin,6BB,2016,20,Total,2,975,*,,
Green Urchin,6BB,2017,11,2,1,680,*,,
Green Urchin,6BB,2017,11,Total,1,680,*,,
Green Urchin,6BB,2017,12,1,3,2430,13482,,
Green Urchin,6BB,2017,12,3,2,470,*,,
Green Urchin,6BB,2017,12,5,8,2790,14887,,
Green Urchin,6BB,2017,12,6,7,9171,52653,,
Green Urchin,6BB,2017,12,7,3,1630,8760,,
Green Urchin,6BB,2017,12,8,8,5830,34512,,
Green Urchin,6BB,2017,12,17,1,2670,*,,
Green Urchin,6BB,2017,12,18,8,10350,65659,,
Green Urchin,6BB,2017,12,19,5,3080,17283,,
Green Urchin,6BB,2017,12,21,1,80,*,,
Green Urchin,6BB,2017,12,26,2,700,*,,
Green Urchin,6BB,2017,12,39,4,5300,31778,,
Green Urchin,6BB,2017,12,41,3,3636,20637,,
Green Urchin,6BB,2017,12,Total,12,48137,281429,,
Green Urchin,6BB,2017,13,1,4,5710,51210,,
Green Urchin,6BB,2017,13,2,3,1790,16086,,
Green Urchin,6BB,2017,13,3,1,780,*,,
Green Urchin,6BB,2017,13,10,1,120,*,,
Green Urchin,6BB,2017,13,25,2,710,*,,
Green Urchin,6BB,2017,13,28,1,320,*,,
Green Urchin,6BB,2017,13,29,1,240,*,,
Green Urchin,6BB,2017,13,32,2,2200,*,,
Green Urchin,6BB,2017,13,33,1,1980,*,,
Green Urchin,6BB,2017,13,35,1,320,*,,
Green Urchin,6BB,2017,13,39,2,1655,*,,
Green Urchin,6BB,2017,13,Total,7,15825,107946,,
Green Urchin,6BB,2017,18,1,1,330,*,,
Green Urchin,6BB,2017,18,2,3,655,3871,,
Green Urchin,6BB,2017,18,4,1,480,*,,
Green Urchin,6BB,2017,18,6,1,480,*,,
Green Urchin,6BB,2017,18,Total,4,1945,13423,,
Green Urchin,6BB,2017,19,3,2,1050,*,,
Green Urchin,6BB,2017,19,4,3,5450,29937,,
Green Urchin,6BB,2017,19,5,1,2610,*,,
Green Urchin,6BB,2017,19,Total,3,9110,53227,,
Green Urchin,6BB,2017,20,5,2,600,*,,
Green Urchin,6BB,2017,20,6,1,520,*,,
Green Urchin,6BB,2017,20,Total,2,1120,*,,
Green Urchin,6BB,2018,12,1,3,1680,15419,,
Green Urchin,6BB,2018,12,3,2,980,*,,
Green Urchin,6BB,2018,12,5,2,1165,*,,
Green Urchin,6BB,2018,12,6,6,9110,47406,,
Green Urchin,6BB,2018,12,7,1,400,*,,
Green Urchin,6BB,2018,12,8,3,2280,15214,,
Green Urchin,6BB,2018,12,17,2,580,*,,
Green Urchin,6BB,2018,12,18,7,5390,43557,,
Green Urchin,6BB,2018,12,19,4,4015,23964,,
Green Urchin,6BB,2018,12,26,2,1290,*,,
Green Urchin,6BB,2018,12,39,5,9810,44289,,
Green Urchin,6BB,2018,12,41,3,1861,8458,,
Green Urchin,6BB,2018,12,Total,9,38561,231627,,
Green Urchin,6BB,2018,13,1,2,6100,*,,
Green Urchin,6BB,2018,13,2,4,3600,25256,,
Green Urchin,6BB,2018,13,3,2,2077,*,,
Green Urchin,6BB,2018,13,5,2,1660,*,,
Green Urchin,6BB,2018,13,7,1,880,*,,
Green Urchin,6BB,2018,13,9,1,240,*,,
Green Urchin,6BB,2018,13,10,2,520,*,,
Green Urchin,6BB,2018,13,25,1,1408,*,,
Green Urchin,6BB,2018,13,28,1,440,*,,
Green Urchin,6BB,2018,13,29,1,440,*,,
Green Urchin,6BB,2018,13,30,1,440,*,,
Green Urchin,6BB,2018,13,32,4,1900,10272,,
Green Urchin,6BB,2018,13,33,2,1180,*,,
Green Urchin,6BB,2018,13,35,3,875,4335,,
Green Urchin,6BB,2018,13,39,4,5085,25744,,
Green Urchin,6BB,2018,13,40,1,540,*,,
Green Urchin,6BB,2018,13,41,4,3040,20442,,
Green Urchin,6BB,2018,13,Total,12,30425,188883,,
Green Urchin,6BB,2018,18,1,1,380,*,,
Green Urchin,6BB,2018,18,2,3,645,2598,,
Green Urchin,6BB,2018,18,11,1,200,*,,
Green Urchin,6BB,2018,18,Total,4,1225,8728,,
Green Urchin,6BB,2018,19,3,2,965,*,,
Green Urchin,6BB,2018,19,4,3,4657,29287,,
Green Urchin,6BB,2018,19,5,2,1650,*,,
Green Urchin,6BB,2018,19,Total,3,7272,45665,,
Green Urchin,6BB,2018,20,5,3,6395,**,,
Green Urchin,6BB,2018,20,6,1,240,*,,
Green Urchin,6BB,2018,20,Total,3,6635,48983,,
Green Urchin,6BB,2019,12,1,3,1290,6826,,
Green Urchin,6BB,2019,12,2,1,360,*,,
Green Urchin,6BB,2019,12,3,2,620,*,,
Green Urchin,6BB,2019,12,5,2,2480,*,,
Green Urchin,6BB,2019,12,6,4,5925,30023,,
Green Urchin,6BB,2019,12,7,1,1100,*,,
Green Urchin,6BB,2019,12,8,1,400,*,,
Green Urchin,6BB,2019,12,18,7,7185,39616,,
Green Urchin,6BB,2019,12,19,5,5130,28240,,
Green Urchin,6BB,2019,12,21,1,300,*,,
Green Urchin,6BB,2019,12,26,2,3970,*,,
Green Urchin,6BB,2019,12,39,3,7330,32719,,
Green Urchin,6BB,2019,12,41,2,2360,*,,
Green Urchin,6BB,2019,12,Total,11,38450,205653,,
Green Urchin,6BB,2019,13,1,4,5810,59806,,
Green Urchin,6BB,2019,13,2,4,2278,24807,,
Green Urchin,6BB,2019,13,3,3,1491,15520,,
Green Urchin,6BB,2019,13,5,2,760,*,,
Green Urchin,6BB,2019,13,6,1,1280,*,,
Green Urchin,6BB,2019,13,9,2,740,*,,
Green Urchin,6BB,2019,13,25,2,750,*,,
Green Urchin,6BB,2019,13,28,1,360,*,,
Green Urchin,6BB,2019,13,30,1,300,*,,
Green Urchin,6BB,2019,13,31,2,520,*,,
Green Urchin,6BB,2019,13,32,3,4540,23862,,
Green Urchin,6BB,2019,13,35,7,6943,31943,,
Green Urchin,6BB,2019,13,39,4,3915,16383,,
Green Urchin,6BB,2019,13,41,2,1903,*,,
Green Urchin,6BB,2019,13,Total,11,31590,213825,,
Green Urchin,6BB,2019,18,2,2,565,*,,
Green Urchin,6BB,2019,18,6,1,1340,*,,
Green Urchin,6BB,2019,18,Total,3,1905,10903,,
Green Urchin,6BB,2019,19,3,1,2030,*,,
Green Urchin,6BB,2019,19,4,2,4025,*,,
Green Urchin,6BB,2019,19,5,1,2030,*,,
Green Urchin,6BB,2019,19,Total,2,8085,*,,
Green Urchin,6BB,2019,20,5,3,6550,**,,
Green Urchin,6BB,2019,20,6,1,960,*,,
Green Urchin,6BB,2019,20,Total,3,7510,49887,,
Green Urchin,6BB,2020,12,1,1,5010,*,,
Green Urchin,6BB,2020,12,2,1,605,*,,
Green Urchin,6BB,2020,12,3,2,800,*,,
Green Urchin,6BB,2020,12,5,4,4895,26048,,
Green Urchin,6BB,2020,12,6,2,1125,*,,
Green Urchin,6BB,2020,12,7,1,180,*,,
Green Urchin,6BB,2020,12,18,6,8890,50247,,
Green Urchin,6BB,2020,12,19,1,720,*,,
Green Urchin,6BB,2020,12,21,1,400,*,,
Green Urchin,6BB,2020,12,24,1,2035,*,,
Green Urchin,6BB,2020,12,26,2,3180,*,,
Green Urchin,6BB,2020,12,39,5,4830,19078,,
Green Urchin,6BB,2020,12,41,3,3685,25482,,
Green Urchin,6BB,2020,12,Total,10,36355,187168,,
Green Urchin,6BB,2020,13,1,2,4633,*,,
Green Urchin,6BB,2020,13,2,1,1370,*,,
Green Urchin,6BB,2020,13,3,2,1200,*,,
Green Urchin,6BB,2020,13,5,2,520,*,,
Green Urchin,6BB,2020,13,9,1,600,*,,
Green Urchin,6BB,2020,13,10,1,120,*,,
Green Urchin,6BB,2020,13,25,2,620,*,,
Green Urchin,6BB,2020,13,28,2,1980,*,,
Green Urchin,6BB,2020,13,30,1,1055,*,,
Green Urchin,6BB,2020,13,32,3,1776,7065,,
Green Urchin,6BB,2020,13,33,2,830,*,,
Green Urchin,6BB,2020,13,35,4,3050,11364,,
Green Urchin,6BB,2020,13,36,1,340,*,,
Green Urchin,6BB,2020,13,39,2,980,*,,
Green Urchin,6BB,2020,13,Total,11,19074,157388,,
Green Urchin,6BB,2020,18,2,2,3885,*,,
Green Urchin,6BB,2020,18,6,1,1090,*,,
Green Urchin,6BB,2020,18,11,1,620,*,,
Green Urchin,6BB,2020,18,Total,2,5595,*,,
Green Urchin,6BB,2020,19,3,1,40,*,,
Green Urchin,6BB,2020,19,4,1,5020,*,,
Green Urchin,6BB,2020,19,5,1,180,*,,
Green Urchin,6BB,2020,19,Total,3,5240,36638,,
Green Urchin,6BB,2020,20,5,2,3680,*,,
Green Urchin,6BB,2020,20,6,1,3680,*,,
Green Urchin,6BB,2020,20,Total,2,7360,*,,
Green Urchin,6BB,2021,12,1,2,2285,*,,
Green Urchin,6BB,2021,12,2,4,7030,43325,,
Green Urchin,6BB,2021,12,3,2,980,*,,
Green Urchin,6BB,2021,12,5,4,930,3672,,
Green Urchin,6BB,2021,12,6,6,8020,47147,,
Green Urchin,6BB,2021,12,7,1,400,*,,
Green Urchin,6BB,2021,12,18,7,5874,27757,,
Green Urchin,6BB,2021,12,19,6,5730,26670,,
Green Urchin,6BB,2021,12,22,3,4200,23176,,
Green Urchin,6BB,2021,12,24,2,1165,*,,
Green Urchin,6BB,2021,12,26,4,7780,59971,,
Green Urchin,6BB,2021,12,39,3,8445,36572,,
Green Urchin,6BB,2021,12,41,5,5325,29698,,
Green Urchin,6BB,2021,12,Total,13,58164,323349,,
Green Urchin,6BB,2021,13,1,4,6630,70203,,
Green Urchin,6BB,2021,13,2,3,1705,32222,,
Green Urchin,6BB,2021,13,3,3,860,15048,,
Green Urchin,6BB,2021,13,5,3,608,10842,,
Green Urchin,6BB,2021,13,6,1,380,*,,
Green Urchin,6BB,2021,13,8,2,900,*,,
Green Urchin,6BB,2021,13,9,1,440,*,,
Green Urchin,6BB,2021,13,11,1,325,*,,
Green Urchin,6BB,2021,13,12,1,600,*,,
Green Urchin,6BB,2021,13,16,1,380,*,,
Green Urchin,6BB,2021,13,25,5,2305,11247,,
Green Urchin,6BB,2021,13,28,5,5335,26590,,
Green Urchin,6BB,2021,13,30,2,2455,*,,
Green Urchin,6BB,2021,13,32,5,1990,10572,,
Green Urchin,6BB,2021,13,33,2,120,*,,
Green Urchin,6BB,2021,13,35,3,1025,4053,,
Green Urchin,6BB,2021,13,39,2,3580,*,,
Green Urchin,6BB,2021,13,40,1,1320,*,,
Green Urchin,6BB,2021,13,41,1,400,*,,
Green Urchin,6BB,2021,13,Total,13,31358,247467,,
Green Urchin,6BB,2021,14,13,2,2510,*,,
Green Urchin,6BB,2021,14,Total,2,2510,*,,
Green Urchin,6BB,2021,18,4,2,700,*,,
Green Urchin,6BB,2021,18,5,2,2260,*,,
Green Urchin,6BB,2021,18,Total,3,2960,19008,,
Green Urchin,6BB,2021,19,3,3,990,**,,
Green Urchin,6BB,2021,19,4,3,5585,34105,,
Green Urchin,6BB,2021,19,5,2,1750,*,,
Green Urchin,6BB,2021,19,Total,5,8325,52722,,
Green Urchin,6BB,2021,20,5,4,4330,**,,
Green Urchin,6BB,2021,20,6,1,250,*,,
Green Urchin,6BB,2021,20,Total,4,4580,48890,,
Green Urchin,6BB,2021,28,2,1,400,*,,
Green Urchin,6BB,2021,28,Total,1,400,*,,
Green Urchin,6BB,2022,12,1,2,2385,*,,
Green Urchin,6BB,2022,12,2,3,2530,6873,,
Green Urchin,6BB,2022,12,3,1,180,*,,
Green Urchin,6BB,2022,12,5,1,260,*,,
Green Urchin,6BB,2022,12,6,4,6490,24804,,
Green Urchin,6BB,2022,12,7,1,2160,*,,
Green Urchin,6BB,2022,12,13,1,1270,*,,
Green Urchin,6BB,2022,12,19,2,605,*,,
Green Urchin,6BB,2022,12,21,1,400,*,,
Green Urchin,6BB,2022,12,22,3,2020,13113,,
Green Urchin,6BB,2022,12,26,7,16967,133994,,
Green Urchin,6BB,2022,12,39,3,5115,27078,,
Green Urchin,6BB,2022,12,41,5,4760,24525,,
Green Urchin,6BB,2022,12,Total,12,45142,260678,,
Green Urchin,6BB,2022,13,1,4,5240,75476,,
Green Urchin,6BB,2022,13,2,3,3420,36220,,
Green Urchin,6BB,2022,13,3,1,820,*,,
Green Urchin,6BB,2022,13,5,2,1500,*,,
Green Urchin,6BB,2022,13,6,2,1330,*,,
Green Urchin,6BB,2022,13,7,1,360,*,,
Green Urchin,6BB,2022,13,8,1,770,*,,
Green Urchin,6BB,2022,13,11,1,240,*,,
Green Urchin,6BB,2022,13,25,3,500,2804,,
Green Urchin,6BB,2022,13,28,4,3750,8519,,
Green Urchin,6BB,2022,13,30,1,3200,*,,
Green Urchin,6BB,2022,13,32,3,6060,23532,,
Green Urchin,6BB,2022,13,34,1,60,*,,
Green Urchin,6BB,2022,13,35,1,340,*,,
Green Urchin,6BB,2022,13,36,1,180,*,,
Green Urchin,6BB,2022,13,39,3,1630,9409,,
Green Urchin,6BB,2022,13,41,2,955,*,,
Green Urchin,6BB,2022,13,42,1,60,*,,
Green Urchin,6BB,2022,13,Total,10,30415,207729,,
Green Urchin,6BB,2022,14,13,2,1920,*,,
Green Urchin,6BB,2022,14,Total,2,1920,*,,
Green Urchin,6BB,2022,18,2,1,225,*,,
Green Urchin,6BB,2022,18,Total,1,225,*,,
Green Urchin,6BB,2022,19,3,3,2285,**,,
Green Urchin,6BB,2022,19,4,3,5596,39898,,
Green Urchin,6BB,2022,19,5,1,265,*,,
Green Urchin,6BB,2022,19,Total,4,8146,59728,,
Green Urchin,6BB,2022,20,5,5,6625,51998,,
Green Urchin,6BB,2022,20,Total,5,6625,51998,,
Green Urchin,6BB,2023,12,1,2,2325,*,,
Green Urchin,6BB,2023,12,2,5,2630,29352,,
Green Urchin,6BB,2023,12,3,2,620,*,,
Green Urchin,6BB,2023,12,6,4,7320,31833,,
Green Urchin,6BB,2023,12,18,3,4169,14240,,
Green Urchin,6BB,2023,12,22,3,1460,14662,,
Green Urchin,6BB,2023,12,24,2,530,*,,
Green Urchin,6BB,2023,12,26,7,20145,159460,,
Green Urchin,6BB,2023,12,39,1,2980,*,,
Green Urchin,6BB,2023,12,40,1,220,*,,
Green Urchin,6BB,2023,12,41,2,2580,*,,
Green Urchin,6BB,2023,12,42,1,980,*,,
Green Urchin,6BB,2023,12,Total,11,45959,315808,,
Green Urchin,6BB,2023,13,1,6,6760,83229,,
Green Urchin,6BB,2023,13,2,3,3080,26602,,
Green Urchin,6BB,2023,13,3,3,1550,10818,,
Green Urchin,6BB,2023,13,5,2,1080,*,,
Green Urchin,6BB,2023,13,6,1,150,*,,
Green Urchin,6BB,2023,13,7,1,400,*,,
Green Urchin,6BB,2023,13,9,3,1520,9402,,
Green Urchin,6BB,2023,13,12,1,240,*,,
Green Urchin,6BB,2023,13,25,2,760,*,,
Green Urchin,6BB,2023,13,28,5,5671,33522,,
Green Urchin,6BB,2023,13,30,1,180,*,,
Green Urchin,6BB,2023,13,32,1,210,*,,
Green Urchin,6BB,2023,13,35,2,715,*,,
Green Urchin,6BB,2023,13,39,4,2885,15920,,
Green Urchin,6BB,2023,13,41,1,320,*,,
Green Urchin,6BB,2023,13,Total,12,25521,215492,,
Green Urchin,6BB,2023,14,13,1,1160,*,,
Green Urchin,6BB,2023,14,Total,1,1160,*,,
Green Urchin,6BB,2023,18,2,3,3337,31020,,
Green Urchin,6BB,2023,18,Total,3,3337,31020,,
Green Urchin,6BB,2023,19,3,1,477,*,,
Green Urchin,6BB,2023,19,4,3,2695,20175,,
Green Urchin,6BB,2023,19,5,1,375,*,,
Green Urchin,6BB,2023,19,Total,3,3547,25347,,
Green Urchin,6BB,2023,20,5,3,6602,41726,,
Green Urchin,6BB,2023,20,Total,3,6602,41726,,
Green Urchin,6BB,2023,28,9,1,280,*,,
Green Urchin,6BB,2023,28,10,1,500,*,,
Green Urchin,6BB,2023,28,Total,1,780,*,,
Green Urchin,6BB,2024,12,1,4,1385,6323,,
Green Urchin,6BB,2024,12,2,8,13473,89001,,
Green Urchin,6BB,2024,12,3,1,320,*,,
Green Urchin,6BB,2024,12,6,4,3270,12311,,
Green Urchin,6BB,2024,12,18,2,880,*,,
Green Urchin,6BB,2024,12,22,5,3180,30242,,
Green Urchin,6BB,2024,12,26,7,21695,167781,,
Green Urchin,6BB,2024,12,41,6,5075,27095,,
Green Urchin,6BB,2024,12,42,1,300,*,,
Green Urchin,6BB,2024,12,Total,12,49578,339786,,
Green Urchin,6BB,2024,13,1,4,5780,95068,,
Green Urchin,6BB,2024,13,2,6,5136,43298,,
Green Urchin,6BB,2024,13,3,3,4605,25014,,
Green Urchin,6BB,2024,13,5,2,580,*,,
Green Urchin,6BB,2024,13,6,2,680,*,,
Green Urchin,6BB,2024,13,8,2,3660,*,,
Green Urchin,6BB,2024,13,9,1,180,*,,
Green Urchin,6BB,2024,13,11,1,200,*,,
Green Urchin,6BB,2024,13,12,1,420,*,,
Green Urchin,6BB,2024,13,25,4,2343,9334,,
Green Urchin,6BB,2024,13,26,1,550,*,,
Green Urchin,6BB,2024,13,27,1,700,*,,
Green Urchin,6BB,2024,13,28,9,7435,46007,,
Green Urchin,6BB,2024,13,30,4,2390,10648,,
Green Urchin,6BB,2024,13,32,2,2510,*,,
Green Urchin,6BB,2024,13,35,2,1332,*,,
Green Urchin,6BB,2024,13,39,3,4340,17404,,
Green Urchin,6BB,2024,13,41,2,2240,*,,
Green Urchin,6BB,2024,13,Total,15,45081,306631,,
Green Urchin,6BB,2024,14,13,2,960,*,,
Green Urchin,6BB,2024,14,Total,2,960,*,,
Green Urchin,6BB,2024,17,3,1,410,*,,
Green Urchin,6BB,2024,17,Total,1,410,*,,
Green Urchin,6BB,2024,18,2,2,2720,*,,
Green Urchin,6BB,2024,18,5,1,540,*,,
Green Urchin,6BB,2024,18,Total,2,3260,*,,
Green Urchin,6BB,2024,19,3,2,865,*,,
Green Urchin,6BB,2024,19,4,6,4405,23740,,
Green Urchin,6BB,2024,19,5,1,1780,*,,
Green Urchin,6BB,2024,19,Total,6,7050,38748,,
Green Urchin,6BB,2024,20,5,4,8145,**,,
Green Urchin,6BB,2024,20,6,1,700,*,,
Green Urchin,6BB,2024,20,Total,4,8845,48843,,
Green Urchin,6BB,2024,29,4,1,40,*,,
Green Urchin,6BB,2024,29,Total,1,40,*,,
Green Urchin,6BB,2025,13,29,1,360,*,,
Green Urchin,6BB,2025,13,Total,1,360,*,,
Green Urchin,6BB,2025,14,9,2,1640,*,,
Green Urchin,6BB,2025,14,13,2,1835,*,,
Green Urchin,6BB,2025,14,Total,3,3475,17140,,
Green Urchin,6BB,2025,17,3,1,920,*,,
Green Urchin,6BB,2025,17,Total,1,920,*,,
Green Urchin,6BB,2025,18,2,3,625,3983,,
Green Urchin,6BB,2025,18,Total,3,625,3983,,
Green Urchin,6BB,2025,19,4,2,4005,*,,
Green Urchin,6BB,2025,19,5,2,955,*,,
Green Urchin,6BB,2025,19,Total,3,4960,29388,,
Green Urchin,6BB,2025,20,5,2,1355,*,,
Green Urchin,6BB,2025,20,Total,2,1355,*,,
Octopus by Dive,98E,1983,3,1,1,480,*,,
Octopus by Dive,98E,1983,3,Total,1,480,*,,
Octopus by Dive,98E,1983,12,7,1,0,*,,
Octopus by Dive,98E,1983,12,18,1,0,*,,
Octopus by Dive,98E,1983,12,19,1,0,*,,
Octopus by Dive,98E,1983,12,22,1,0,*,,
Octopus by Dive,98E,1983,12,Total,1,0,*,,
Octopus by Dive,98E,1983,13,1,1,0,*,,
Octopus by Dive,98E,1983,13,2,1,0,*,,
Octopus by Dive,98E,1983,13,3,1,0,*,,
Octopus by Dive,98E,1983,13,28,1,0,*,,
Octopus by Dive,98E,1983,13,Total,1,0,*,,
Octopus by Dive,98E,1983,18,4,1,125,*,,
Octopus by Dive,98E,1983,18,Total,1,125,*,,
Octopus by Dive,98E,1983,19,0,2,1520,*,,
Octopus by Dive,98E,1983,19,2,3,2620,2568,,
Octopus by Dive,98E,1983,19,3,2,605,*,,
Octopus by Dive,98E,1983,19,4,1,500,*,,
Octopus by Dive,98E,1983,19,Total,5,5245,11281,,
Octopus by Dive,98E,1983,20,0,1,270,*,,
Octopus by Dive,98E,1983,20,2,1,100,*,,
Octopus by Dive,98E,1983,20,3,1,1200,*,,
Octopus by Dive,98E,1983,20,4,1,870,*,,
Octopus by Dive,98E,1983,20,5,3,1270,2413,,
Octopus by Dive,98E,1983,20,Total,4,3710,5789,,
Octopus by Dive,98E,1983,24,6,2,705,*,,
Octopus by Dive,98E,1983,24,8,2,1685,*,,
Octopus by Dive,98E,1983,24,Total,2,2390,*,,
Octopus by Dive,98E,1984,2,1,1,415,*,,
Octopus by Dive,98E,1984,2,14,1,250,*,,
Octopus by Dive,98E,1984,2,Total,1,665,*,,
Octopus by Dive,98E,1984,3,4,1,470,*,,
Octopus by Dive,98E,1984,3,Total,1,470,*,,
Octopus by Dive,98E,1984,5,11,1,2690,*,,
Octopus by Dive,98E,1984,5,Total,1,2690,*,,
Octopus by Dive,98E,1984,6,9,1,820,*,,
Octopus by Dive,98E,1984,6,Total,1,820,*,,
Octopus by Dive,98E,1984,12,6,1,200,*,,
Octopus by Dive,98E,1984,12,18,1,200,*,,
Octopus by Dive,98E,1984,12,Total,1,400,*,,
Octopus by Dive,98E,1984,13,1,4,2637,3962,,
Octopus by Dive,98E,1984,13,2,1,350,*,,
Octopus by Dive,98E,1984,13,17,1,0,*,,
Octopus by Dive,98E,1984,13,Total,5,2987,4404,,
Octopus by Dive,98E,1984,14,7,2,0,*,,
Octopus by Dive,98E,1984,14,11,2,0,*,,
Octopus by Dive,98E,1984,14,Total,2,0,*,,
Octopus by Dive,98E,1984,17,2,1,110,*,,
Octopus by Dive,98E,1984,17,18,1,120,*,,
Octopus by Dive,98E,1984,17,Total,2,230,*,,
Octopus by Dive,98E,1984,18,4,1,110,*,,
Octopus by Dive,98E,1984,18,5,1,50,*,,
Octopus by Dive,98E,1984,18,Total,1,160,*,,
Octopus by Dive,98E,1984,19,2,3,2860,3003,,
Octopus by Dive,98E,1984,19,3,1,210,*,,
Octopus by Dive,98E,1984,19,4,2,2355,*,,
Octopus by Dive,98E,1984,19,Total,3,5425,5666,,
Octopus by Dive,98E,1984,20,4,1,1270,*,,
Octopus by Dive,98E,1984,20,5,2,2100,*,,
Octopus by Dive,98E,1984,20,6,1,110,*,,
Octopus by Dive,98E,1984,20,Total,2,3480,*,,
Octopus by Dive,98E,1984,23,8,1,60,*,,
Octopus by Dive,98E,1984,23,Total,1,60,*,,
Octopus by Dive,98E,1985,2,1,1,70,*,,
Octopus by Dive,98E,1985,2,2,1,60,*,,
Octopus by Dive,98E,1985,2,Total,1,130,*,,
Octopus by Dive,98E,1985,5,11,1,1060,*,,
Octopus by Dive,98E,1985,5,20,1,580,*,,
Octopus by Dive,98E,1985,5,Total,1,1640,*,,
Octopus by Dive,98E,1985,12,0,1,140,*,,
Octopus by Dive,98E,1985,12,11,1,65,*,,
Octopus by Dive,98E,1985,12,16,1,960,*,,
Octopus by Dive,98E,1985,12,Total,1,1165,*,,
Octopus by Dive,98E,1985,13,0,1,165,*,,
Octopus by Dive,98E,1985,13,1,2,1475,*,,
Octopus by Dive,98E,1985,13,3,1,300,*,,
Octopus by Dive,98E,1985,13,Total,4,1940,3566,,
Octopus by Dive,98E,1985,14,13,1,0,*,,
Octopus by Dive,98E,1985,14,Total,1,0,*,,
Octopus by Dive,98E,1985,16,0,1,125,*,,
Octopus by Dive,98E,1985,16,Total,1,125,*,,
Octopus by Dive,98E,1985,17,0,1,160,*,,
Octopus by Dive,98E,1985,17,1,1,120,*,,
Octopus by Dive,98E,1985,17,2,1,200,*,,
Octopus by Dive,98E,1985,17,9,1,60,*,,
Octopus by Dive,98E,1985,17,Total,2,540,*,,
Octopus by Dive,98E,1985,18,1,1,102,*,,
Octopus by Dive,98E,1985,18,3,1,270,*,,
Octopus by Dive,98E,1985,18,4,1,1470,*,,
Octopus by Dive,98E,1985,18,6,1,150,*,,
Octopus by Dive,98E,1985,18,7,1,300,*,,
Octopus by Dive,98E,1985,18,8,1,270,*,,
Octopus by Dive,98E,1985,18,10,1,270,*,,
Octopus by Dive,98E,1985,18,Total,3,2832,5545,,
Octopus by Dive,98E,1985,19,0,1,647,*,,
Octopus by Dive,98E,1985,19,2,3,425,**,,
Octopus by Dive,98E,1985,19,3,5,5001,7729,,
Octopus by Dive,98E,1985,19,4,3,1625,2931,,
Octopus by Dive,98E,1985,19,Total,6,7698,12976,,
Octopus by Dive,98E,1985,20,1,1,390,*,,
Octopus by Dive,98E,1985,20,3,1,150,*,,
Octopus by Dive,98E,1985,20,5,2,6665,*,,
Octopus by Dive,98E,1985,20,Total,2,7205,*,,
Octopus by Dive,98E,1985,23,8,1,60,*,,
Octopus by Dive,98E,1985,23,Total,1,60,*,,
Octopus by Dive,98E,1985,24,8,1,180,*,,
Octopus by Dive,98E,1985,24,Total,1,180,*,,
Octopus by Dive,98E,1986,1,3,1,595,*,,
Octopus by Dive,98E,1986,1,Total,1,595,*,,
Octopus by Dive,98E,1986,2,1,1,0,*,,
Octopus by Dive,98E,1986,2,3,1,0,*,,
Octopus by Dive,98E,1986,2,15,1,0,*,,
Octopus by Dive,98E,1986,2,Total,1,0,*,,
Octopus by Dive,98E,1986,5,11,1,420,*,,
Octopus by Dive,98E,1986,5,20,1,540,*,,
Octopus by Dive,98E,1986,5,Total,1,960,*,,
Octopus by Dive,98E,1986,12,6,2,105,*,,
Octopus by Dive,98E,1986,12,8,2,1020,*,,
Octopus by Dive,98E,1986,12,11,1,120,*,,
Octopus by Dive,98E,1986,12,16,4,1520,3107,,
Octopus by Dive,98E,1986,12,17,1,360,*,,
Octopus by Dive,98E,1986,12,18,2,900,*,,
Octopus by Dive,98E,1986,12,Total,5,4025,6655,,
Octopus by Dive,98E,1986,13,0,1,295,*,,
Octopus by Dive,98E,1986,13,1,3,1960,3922,,
Octopus by Dive,98E,1986,13,2,1,0,*,,
Octopus by Dive,98E,1986,13,3,1,240,*,,
Octopus by Dive,98E,1986,13,12,1,305,*,,
Octopus by Dive,98E,1986,13,13,1,620,*,,
Octopus by Dive,98E,1986,13,14,1,230,*,,
Octopus by Dive,98E,1986,13,Total,6,3650,6791,,
Octopus by Dive,98E,1986,14,0,1,580,*,,
Octopus by Dive,98E,1986,14,9,1,40,*,,
Octopus by Dive,98E,1986,14,11,1,0,*,,
Octopus by Dive,98E,1986,14,Total,3,620,1585,,
Octopus by Dive,98E,1986,15,1,1,160,*,,
Octopus by Dive,98E,1986,15,Total,1,160,*,,
Octopus by Dive,98E,1986,16,9,1,160,*,,
Octopus by Dive,98E,1986,16,11,1,160,*,,
Octopus by Dive,98E,1986,16,16,1,160,*,,
Octopus by Dive,98E,1986,16,17,1,160,*,,
Octopus by Dive,98E,1986,16,Total,1,640,*,,
Octopus by Dive,98E,1986,17,0,1,310,*,,
Octopus by Dive,98E,1986,17,1,1,150,*,,
Octopus by Dive,98E,1986,17,2,1,1810,*,,
Octopus by Dive,98E,1986,17,3,1,0,*,,
Octopus by Dive,98E,1986,17,4,1,960,*,,
Octopus by Dive,98E,1986,17,5,1,0,*,,
Octopus by Dive,98E,1986,17,6,1,400,*,,
Octopus by Dive,98E,1986,17,8,1,0,*,,
Octopus by Dive,98E,1986,17,10,3,460,735,,
Octopus by Dive,98E,1986,17,12,1,40,*,,
Octopus by Dive,98E,1986,17,17,2,300,*,,
Octopus by Dive,98E,1986,17,18,1,360,*,,
Octopus by Dive,98E,1986,17,21,1,95,*,,
Octopus by Dive,98E,1986,17,Total,6,4885,9920,,
Octopus by Dive,98E,1986,18,0,1,502,*,,
Octopus by Dive,98E,1986,18,1,3,685,1261,,
Octopus by Dive,98E,1986,18,2,2,1100,*,,
Octopus by Dive,98E,1986,18,3,1,200,*,,
Octopus by Dive,98E,1986,18,4,3,310,793,,
Octopus by Dive,98E,1986,18,5,2,640,*,,
Octopus by Dive,98E,1986,18,6,2,425,*,,
Octopus by Dive,98E,1986,18,8,1,349,*,,
Octopus by Dive,98E,1986,18,9,2,1210,*,,
Octopus by Dive,98E,1986,18,10,1,200,*,,
Octopus by Dive,98E,1986,18,Total,8,5621,10123,,
Octopus by Dive,98E,1986,19,0,1,1500,*,,
Octopus by Dive,98E,1986,19,1,1,45,*,,
Octopus by Dive,98E,1986,19,3,5,2405,4604,,
Octopus by Dive,98E,1986,19,4,5,2340,5289,,
Octopus by Dive,98E,1986,19,5,5,862,1397,,
Octopus by Dive,98E,1986,19,7,2,1150,*,,
Octopus by Dive,98E,1986,19,8,2,2206,*,,
Octopus by Dive,98E,1986,19,9,1,225,*,,
Octopus by Dive,98E,1986,19,Total,10,10733,22909,,
Octopus by Dive,98E,1986,20,3,1,150,*,,
Octopus by Dive,98E,1986,20,4,2,490,*,,
Octopus by Dive,98E,1986,20,5,8,9075,16658,,
Octopus by Dive,98E,1986,20,Total,8,9715,17895,,
Octopus by Dive,98E,1986,23,10,1,380,*,,
Octopus by Dive,98E,1986,23,Total,1,380,*,,
Octopus by Dive,98E,1986,24,6,2,490,*,,
Octopus by Dive,98E,1986,24,8,1,560,*,,
Octopus by Dive,98E,1986,24,Total,2,1050,*,,
Octopus by Dive,98E,1986,26,7,1,180,*,,
Octopus by Dive,98E,1986,26,Total,1,180,*,,
Octopus by Dive,98E,1986,27,5,1,315,*,,
Octopus by Dive,98E,1986,27,Total,1,315,*,,
Octopus by Dive,98E,1986,29,3,1,160,*,,
Octopus by Dive,98E,1986,29,Total,1,160,*,,
Octopus by Dive,98E,1987,4,3,1,360,*,,
Octopus by Dive,98E,1987,4,Total,1,360,*,,
Octopus by Dive,98E,1987,5,10,1,240,*,,
Octopus by Dive,98E,1987,5,20,1,480,*,,
Octopus by Dive,98E,1987,5,21,1,240,*,,
Octopus by Dive,98E,1987,5,Total,1,960,*,,
Octopus by Dive,98E,1987,6,9,1,235,*,,
Octopus by Dive,98E,1987,6,Total,1,235,*,,
Octopus by Dive,98E,1987,12,0,1,240,*,,
Octopus by Dive,98E,1987,12,3,1,380,*,,
Octopus by Dive,98E,1987,12,5,2,900,*,,
Octopus by Dive,98E,1987,12,6,2,1970,*,,
Octopus by Dive,98E,1987,12,7,1,120,*,,
Octopus by Dive,98E,1987,12,8,2,1980,*,,
Octopus by Dive,98E,1987,12,15,1,200,*,,
Octopus by Dive,98E,1987,12,16,2,1500,*,,
Octopus by Dive,98E,1987,12,17,3,1540,1515,,
Octopus by Dive,98E,1987,12,18,3,3760,3524,,
Octopus by Dive,98E,1987,12,19,3,2220,2417,,
Octopus by Dive,98E,1987,12,Total,4,14810,15657,,
Octopus by Dive,98E,1987,13,0,1,1810,*,,
Octopus by Dive,98E,1987,13,1,2,1008,*,,
Octopus by Dive,98E,1987,13,2,2,224,*,,
Octopus by Dive,98E,1987,13,3,3,362,1006,,
Octopus by Dive,98E,1987,13,4,1,0,*,,
Octopus by Dive,98E,1987,13,5,1,0,*,,
Octopus by Dive,98E,1987,13,7,1,24,*,,
Octopus by Dive,98E,1987,13,9,1,250,*,,
Octopus by Dive,98E,1987,13,11,1,48,*,,
Octopus by Dive,98E,1987,13,12,3,1305,3427,,
Octopus by Dive,98E,1987,13,13,1,185,*,,
Octopus by Dive,98E,1987,13,14,3,1084,2973,,
Octopus by Dive,98E,1987,13,15,2,168,*,,
Octopus by Dive,98E,1987,13,16,1,500,*,,
Octopus by Dive,98E,1987,13,17,1,20,*,,
Octopus by Dive,98E,1987,13,28,1,450,*,,
Octopus by Dive,98E,1987,13,32,1,250,*,,
Octopus by Dive,98E,1987,13,Total,8,7688,31324,,
Octopus by Dive,98E,1987,14,2,1,450,*,,
Octopus by Dive,98E,1987,14,13,1,0,*,,
Octopus by Dive,98E,1987,14,Total,2,450,*,,
Octopus by Dive,98E,1987,15,0,1,40,*,,
Octopus by Dive,98E,1987,15,Total,1,40,*,,
Octopus by Dive,98E,1987,16,0,1,240,*,,
Octopus by Dive,98E,1987,16,Total,1,240,*,,
Octopus by Dive,98E,1987,17,0,1,596,*,,
Octopus by Dive,98E,1987,17,2,1,1230,*,,
Octopus by Dive,98E,1987,17,4,2,1440,*,,
Octopus by Dive,98E,1987,17,5,1,855,*,,
Octopus by Dive,98E,1987,17,6,1,125,*,,
Octopus by Dive,98E,1987,17,10,1,650,*,,
Octopus by Dive,98E,1987,17,12,1,700,*,,
Octopus by Dive,98E,1987,17,17,2,675,*,,
Octopus by Dive,98E,1987,17,Total,4,6271,12927,,
Octopus by Dive,98E,1987,18,1,4,1260,3892,,
Octopus by Dive,98E,1987,18,2,2,1690,*,,
Octopus by Dive,98E,1987,18,3,1,210,*,,
Octopus by Dive,98E,1987,18,4,1,1110,*,,
Octopus by Dive,98E,1987,18,5,2,580,*,,
Octopus by Dive,98E,1987,18,6,1,430,*,,
Octopus by Dive,98E,1987,18,7,1,270,*,,
Octopus by Dive,98E,1987,18,9,2,1780,*,,
Octopus by Dive,98E,1987,18,Total,5,7330,18287,,
Octopus by Dive,98E,1987,19,0,2,870,*,,
Octopus by Dive,98E,1987,19,1,1,300,*,,
Octopus by Dive,98E,1987,19,2,4,3845,7126,,
Octopus by Dive,98E,1987,19,3,7,7007,20401,,
Octopus by Dive,98E,1987,19,4,6,2180,5726,,
Octopus by Dive,98E,1987,19,5,4,900,2666,,
Octopus by Dive,98E,1987,19,6,3,1260,2812,,
Octopus by Dive,98E,1987,19,7,5,1155,3829,,
Octopus by Dive,98E,1987,19,8,4,2240,3605,,
Octopus by Dive,98E,1987,19,9,1,160,*,,
Octopus by Dive,98E,1987,19,Total,14,19917,50369,,
Octopus by Dive,98E,1987,20,0,1,240,*,,
Octopus by Dive,98E,1987,20,1,2,1360,*,,
Octopus by Dive,98E,1987,20,2,1,60,*,,
Octopus by Dive,98E,1987,20,3,1,700,*,,
Octopus by Dive,98E,1987,20,4,2,460,*,,
Octopus by Dive,98E,1987,20,5,4,5420,9998,,
Octopus by Dive,98E,1987,20,6,1,220,*,,
Octopus by Dive,98E,1987,20,Total,6,8460,16646,,
Octopus by Dive,98E,1987,23,5,1,150,*,,
Octopus by Dive,98E,1987,23,9,1,200,*,,
Octopus by Dive,98E,1987,23,10,4,1470,3967,,
Octopus by Dive,98E,1987,23,11,2,920,*,,
Octopus by Dive,98E,1987,23,Total,4,2740,7400,,
Octopus by Dive,98E,1987,24,2,1,360,*,,
Octopus by Dive,98E,1987,24,6,2,1540,*,,
Octopus by Dive,98E,1987,24,8,1,350,*,,
Octopus by Dive,98E,1987,24,Total,2,2250,*,,
Octopus by Dive,98E,1987,27,9,1,840,*,,
Octopus by Dive,98E,1987,27,Total,1,840,*,,
Octopus by Dive,98E,1987,29,4,1,450,*,,
Octopus by Dive,98E,1987,29,5,1,900,*,,
Octopus by Dive,98E,1987,29,Total,1,1350,*,,
Octopus by Dive,98E,1988,0,0,1,100,*,,
Octopus by Dive,98E,1988,0,Total,1,100,*,,
Octopus by Dive,98E,1988,1,2,1,60,*,,
Octopus by Dive,98E,1988,1,3,1,60,*,,
Octopus by Dive,98E,1988,1,Total,1,120,*,,
Octopus by Dive,98E,1988,5,20,1,1840,*,,
Octopus by Dive,98E,1988,5,Total,1,1840,*,,
Octopus by Dive,98E,1988,12,1,1,180,*,,
Octopus by Dive,98E,1988,12,2,1,351,*,,
Octopus by Dive,98E,1988,12,3,1,200,*,,
Octopus by Dive,98E,1988,12,4,1,200,*,,
Octopus by Dive,98E,1988,12,5,2,1620,*,,
Octopus by Dive,98E,1988,12,6,5,3330,7331,,
Octopus by Dive,98E,1988,12,7,1,1680,*,,
Octopus by Dive,98E,1988,12,8,5,3500,6308,,
Octopus by Dive,98E,1988,12,9,1,180,*,,
Octopus by Dive,98E,1988,12,11,2,5260,*,,
Octopus by Dive,98E,1988,12,12,1,2700,*,,
Octopus by Dive,98E,1988,12,15,2,2460,*,,
Octopus by Dive,98E,1988,12,16,4,7580,14892,,
Octopus by Dive,98E,1988,12,17,3,2420,3958,,
Octopus by Dive,98E,1988,12,18,3,8070,17294,,
Octopus by Dive,98E,1988,12,19,3,3080,5659,,
Octopus by Dive,98E,1988,12,Total,7,42811,86858,,
Octopus by Dive,98E,1988,13,1,6,4415,12631,,
Octopus by Dive,98E,1988,13,2,3,2580,8407,,
Octopus by Dive,98E,1988,13,3,2,2840,*,,
Octopus by Dive,98E,1988,13,4,1,1680,*,,
Octopus by Dive,98E,1988,13,5,2,1440,*,,
Octopus by Dive,98E,1988,13,6,1,780,*,,
Octopus by Dive,98E,1988,13,11,1,120,*,,
Octopus by Dive,98E,1988,13,13,1,120,*,,
Octopus by Dive,98E,1988,13,15,1,600,*,,
Octopus by Dive,98E,1988,13,28,1,200,*,,
Octopus by Dive,98E,1988,13,Total,7,14775,40839,,
Octopus by Dive,98E,1988,14,1,1,1000,*,,
Octopus by Dive,98E,1988,14,2,1,200,*,,
Octopus by Dive,98E,1988,14,5,1,200,*,,
Octopus by Dive,98E,1988,14,8,1,200,*,,
Octopus by Dive,98E,1988,14,13,2,1170,*,,
Octopus by Dive,98E,1988,14,Total,3,2770,5620,,
Octopus by Dive,98E,1988,15,3,1,1400,*,,
Octopus by Dive,98E,1988,15,Total,1,1400,*,,
Octopus by Dive,98E,1988,16,22,1,1080,*,,
Octopus by Dive,98E,1988,16,Total,1,1080,*,,
Octopus by Dive,98E,1988,17,2,1,400,*,,
Octopus by Dive,98E,1988,17,3,2,360,*,,
Octopus by Dive,98E,1988,17,4,2,1280,*,,
Octopus by Dive,98E,1988,17,5,2,550,*,,
Octopus by Dive,98E,1988,17,6,2,470,*,,
Octopus by Dive,98E,1988,17,8,1,200,*,,
Octopus by Dive,98E,1988,17,9,1,200,*,,
Octopus by Dive,98E,1988,17,10,2,1040,*,,
Octopus by Dive,98E,1988,17,12,2,1400,*,,
Octopus by Dive,98E,1988,17,13,3,2320,3360,,
Octopus by Dive,98E,1988,17,14,1,180,*,,
Octopus by Dive,98E,1988,17,16,1,160,*,,
Octopus by Dive,98E,1988,17,17,2,880,*,,
Octopus by Dive,98E,1988,17,18,2,4460,*,,
Octopus by Dive,98E,1988,17,Total,5,13900,24392,,
Octopus by Dive,98E,1988,18,0,1,65,*,,
Octopus by Dive,98E,1988,18,1,1,1300,*,,
Octopus by Dive,98E,1988,18,2,3,1095,1625,,
Octopus by Dive,98E,1988,18,3,2,620,*,,
Octopus by Dive,98E,1988,18,4,4,2060,3622,,
Octopus by Dive,98E,1988,18,5,2,660,*,,
Octopus by Dive,98E,1988,18,6,4,3605,7634,,
Octopus by Dive,98E,1988,18,8,1,240,*,,
Octopus by Dive,98E,1988,18,9,3,3000,5250,,
Octopus by Dive,98E,1988,18,10,1,450,*,,
Octopus by Dive,98E,1988,18,Total,11,13095,24353,,
Octopus by Dive,98E,1988,19,0,1,4380,*,,
Octopus by Dive,98E,1988,19,1,3,2040,4431,,
Octopus by Dive,98E,1988,19,2,3,820,1010,,
Octopus by Dive,98E,1988,19,3,8,14082,47652,,
Octopus by Dive,98E,1988,19,4,4,1310,3162,,
Octopus by Dive,98E,1988,19,5,3,1115,2427,,
Octopus by Dive,98E,1988,19,6,3,2140,4542,,
Octopus by Dive,98E,1988,19,7,2,1450,*,,
Octopus by Dive,98E,1988,19,8,4,4217,11815,,
Octopus by Dive,98E,1988,19,9,2,570,*,,
Octopus by Dive,98E,1988,19,Total,11,32124,99833,,
Octopus by Dive,98E,1988,20,1,3,1580,2793,,
Octopus by Dive,98E,1988,20,3,2,1280,*,,
Octopus by Dive,98E,1988,20,4,2,800,*,,
Octopus by Dive,98E,1988,20,5,4,5915,9564,,
Octopus by Dive,98E,1988,20,6,1,240,*,,
Octopus by Dive,98E,1988,20,Total,5,9815,16167,,
Octopus by Dive,98E,1988,23,5,1,200,*,,
Octopus by Dive,98E,1988,23,6,1,600,*,,
Octopus by Dive,98E,1988,23,9,1,200,*,,
Octopus by Dive,98E,1988,23,10,2,760,*,,
Octopus by Dive,98E,1988,23,11,2,960,*,,
Octopus by Dive,98E,1988,23,Total,2,2720,*,,
Octopus by Dive,98E,1988,24,2,1,400,*,,
Octopus by Dive,98E,1988,24,4,2,1745,*,,
Octopus by Dive,98E,1988,24,6,3,7665,14777,,
Octopus by Dive,98E,1988,24,7,1,180,*,,
Octopus by Dive,98E,1988,24,8,2,560,*,,
Octopus by Dive,98E,1988,24,Total,3,10550,20828,,
Octopus by Dive,98E,1988,27,7,1,480,*,,
Octopus by Dive,98E,1988,27,9,1,1200,*,,
Octopus by Dive,98E,1988,27,11,1,1380,*,,
Octopus by Dive,98E,1988,27,Total,1,3060,*,,
Octopus by Dive,98E,1988,29,5,3,1940,4305,,
Octopus by Dive,98E,1988,29,Total,3,1940,4305,,
Octopus by Dive,98E,1989,1,3,1,240,*,,
Octopus by Dive,98E,1989,1,Total,1,240,*,,
Octopus by Dive,98E,1989,3,1,2,397,*,,
Octopus by Dive,98E,1989,3,Total,2,397,*,,
Octopus by Dive,98E,1989,5,11,1,240,*,,
Octopus by Dive,98E,1989,5,20,1,630,*,,
Octopus by Dive,98E,1989,5,Total,1,870,*,,
Octopus by Dive,98E,1989,6,9,1,135,*,,
Octopus by Dive,98E,1989,6,Total,1,135,*,,
Octopus by Dive,98E,1989,11,0,1,240,*,,
Octopus by Dive,98E,1989,11,Total,1,240,*,,
Octopus by Dive,98E,1989,12,0,1,250,*,,
Octopus by Dive,98E,1989,12,2,2,660,*,,
Octopus by Dive,98E,1989,12,3,2,420,*,,
Octopus by Dive,98E,1989,12,4,2,360,*,,
Octopus by Dive,98E,1989,12,5,2,780,*,,
Octopus by Dive,98E,1989,12,6,4,1660,4550,,
Octopus by Dive,98E,1989,12,7,2,1980,*,,
Octopus by Dive,98E,1989,12,8,5,1860,3095,,
Octopus by Dive,98E,1989,12,9,1,240,*,,
Octopus by Dive,98E,1989,12,11,2,3100,*,,
Octopus by Dive,98E,1989,12,12,1,1140,*,,
Octopus by Dive,98E,1989,12,13,1,600,*,,
Octopus by Dive,98E,1989,12,15,2,1510,*,,
Octopus by Dive,98E,1989,12,16,8,4250,9234,,
Octopus by Dive,98E,1989,12,17,2,990,*,,
Octopus by Dive,98E,1989,12,18,6,4460,12565,,
Octopus by Dive,98E,1989,12,19,2,1560,*,,
Octopus by Dive,98E,1989,12,21,1,240,*,,
Octopus by Dive,98E,1989,12,39,2,420,*,,
Octopus by Dive,98E,1989,12,Total,12,26480,64007,,
Octopus by Dive,98E,1989,13,0,2,2460,*,,
Octopus by Dive,98E,1989,13,1,2,620,*,,
Octopus by Dive,98E,1989,13,2,3,3760,14533,,
Octopus by Dive,98E,1989,13,3,2,1865,*,,
Octopus by Dive,98E,1989,13,5,1,0,*,,
Octopus by Dive,98E,1989,13,6,1,355,*,,
Octopus by Dive,98E,1989,13,10,1,120,*,,
Octopus by Dive,98E,1989,13,14,1,900,*,,
Octopus by Dive,98E,1989,13,15,1,165,*,,
Octopus by Dive,98E,1989,13,17,1,135,*,,
Octopus by Dive,98E,1989,13,Total,8,10380,39593,,
Octopus by Dive,98E,1989,14,0,1,480,*,,
Octopus by Dive,98E,1989,14,7,2,290,*,,
Octopus by Dive,98E,1989,14,8,2,550,*,,
Octopus by Dive,98E,1989,14,9,1,180,*,,
Octopus by Dive,98E,1989,14,10,1,555,*,,
Octopus by Dive,98E,1989,14,13,1,450,*,,
Octopus by Dive,98E,1989,14,14,1,360,*,,
Octopus by Dive,98E,1989,14,Total,4,2865,8694,,
Octopus by Dive,98E,1989,15,1,1,380,*,,
Octopus by Dive,98E,1989,15,Total,1,380,*,,
Octopus by Dive,98E,1989,16,1,1,0,*,,
Octopus by Dive,98E,1989,16,6,1,0,*,,
Octopus by Dive,98E,1989,16,Total,1,0,*,,
Octopus by Dive,98E,1989,17,0,5,1350,4961,,
Octopus by Dive,98E,1989,17,1,1,340,*,,
Octopus by Dive,98E,1989,17,2,1,1400,*,,
Octopus by Dive,98E,1989,17,3,3,760,2284,,
Octopus by Dive,98E,1989,17,4,1,2400,*,,
Octopus by Dive,98E,1989,17,5,2,1320,*,,
Octopus by Dive,98E,1989,17,8,1,200,*,,
Octopus by Dive,98E,1989,17,9,1,1800,*,,
Octopus by Dive,98E,1989,17,10,3,950,2618,,
Octopus by Dive,98E,1989,17,12,1,200,*,,
Octopus by Dive,98E,1989,17,13,3,860,2371,,
Octopus by Dive,98E,1989,17,17,2,1185,*,,
Octopus by Dive,98E,1989,17,18,1,200,*,,
Octopus by Dive,98E,1989,17,Total,7,12965,27437,,
Octopus by Dive,98E,1989,18,0,5,2825,8731,,
Octopus by Dive,98E,1989,18,1,1,4750,*,,
Octopus by Dive,98E,1989,18,2,2,590,*,,
Octopus by Dive,98E,1989,18,3,1,600,*,,
Octopus by Dive,98E,1989,18,4,3,2855,4964,,
Octopus by Dive,98E,1989,18,5,1,1000,*,,
Octopus by Dive,98E,1989,18,6,7,4775,9287,,
Octopus by Dive,98E,1989,18,7,3,1920,9488,,
Octopus by Dive,98E,1989,18,8,1,200,*,,
Octopus by Dive,98E,1989,18,9,1,1000,*,,
Octopus by Dive,98E,1989,18,10,1,320,*,,
Octopus by Dive,98E,1989,18,Total,13,20835,52974,,
Octopus by Dive,98E,1989,19,0,4,1750,5013,,
Octopus by Dive,98E,1989,19,2,1,120,*,,
Octopus by Dive,98E,1989,19,3,4,6795,49306,,
Octopus by Dive,98E,1989,19,4,5,1350,7175,,
Octopus by Dive,98E,1989,19,5,3,2820,5416,,
Octopus by Dive,98E,1989,19,6,4,2506,4579,,
Octopus by Dive,98E,1989,19,7,1,0,*,,
Octopus by Dive,98E,1989,19,8,5,4167,8951,,
Octopus by Dive,98E,1989,19,Total,13,19508,81299,,
Octopus by Dive,98E,1989,20,0,1,200,*,,
Octopus by Dive,98E,1989,20,1,1,770,*,,
Octopus by Dive,98E,1989,20,4,1,400,*,,
Octopus by Dive,98E,1989,20,5,3,4810,8744,,
Octopus by Dive,98E,1989,20,Total,3,6180,18928,,
Octopus by Dive,98E,1989,23,0,1,400,*,,
Octopus by Dive,98E,1989,23,5,1,800,*,,
Octopus by Dive,98E,1989,23,6,1,1200,*,,
Octopus by Dive,98E,1989,23,10,1,600,*,,
Octopus by Dive,98E,1989,23,11,1,400,*,,
Octopus by Dive,98E,1989,23,Total,1,3400,*,,
Octopus by Dive,98E,1989,24,4,1,600,*,,
Octopus by Dive,98E,1989,24,6,2,7698,*,,
Octopus by Dive,98E,1989,24,8,2,1535,*,,
Octopus by Dive,98E,1989,24,9,1,400,*,,
Octopus by Dive,98E,1989,24,Total,2,10233,*,,
Octopus by Dive,98E,1989,25,1,1,505,*,,
Octopus by Dive,98E,1989,25,2,1,240,*,,
Octopus by Dive,98E,1989,25,3,1,540,*,,
Octopus by Dive,98E,1989,25,13,1,600,*,,
Octopus by Dive,98E,1989,25,14,1,1370,*,,
Octopus by Dive,98E,1989,25,Total,1,3255,*,,
Octopus by Dive,98E,1989,29,5,3,1520,2833,,
Octopus by Dive,98E,1989,29,Total,3,1520,2833,,
Octopus by Dive,98E,1989,101,2,1,150,*,,
Octopus by Dive,98E,1989,101,Total,1,150,*,,
Octopus by Dive,98E,1989,123,3,1,200,*,,
Octopus by Dive,98E,1989,123,Total,1,200,*,,
Octopus by Dive,98E,1990,0,0,1,240,*,,
Octopus by Dive,98E,1990,0,Total,1,240,*,,
Octopus by Dive,98E,1990,1,0,1,550,*,,
Octopus by Dive,98E,1990,1,Total,1,550,*,,
Octopus by Dive,98E,1990,2,14,1,30,*,,
Octopus by Dive,98E,1990,2,17,1,12,*,,
Octopus by Dive,98E,1990,2,Total,1,42,*,,
Octopus by Dive,98E,1990,5,22,1,573,*,,
Octopus by Dive,98E,1990,5,Total,1,573,*,,
Octopus by Dive,98E,1990,6,9,1,56,*,,
Octopus by Dive,98E,1990,6,Total,1,56,*,,
Octopus by Dive,98E,1990,11,0,1,0,*,,
Octopus by Dive,98E,1990,11,1,1,0,*,,
Octopus by Dive,98E,1990,11,2,1,120,*,,
Octopus by Dive,98E,1990,11,Total,2,120,*,,
Octopus by Dive,98E,1990,12,0,1,300,*,,
Octopus by Dive,98E,1990,12,1,1,180,*,,
Octopus by Dive,98E,1990,12,2,3,660,1978,,
Octopus by Dive,98E,1990,12,3,1,325,*,,
Octopus by Dive,98E,1990,12,4,2,360,*,,
Octopus by Dive,98E,1990,12,5,3,1120,2120,,
Octopus by Dive,98E,1990,12,6,5,2360,4561,,
Octopus by Dive,98E,1990,12,7,4,3230,8860,,
Octopus by Dive,98E,1990,12,8,4,3020,8870,,
Octopus by Dive,98E,1990,12,9,1,180,*,,
Octopus by Dive,98E,1990,12,11,4,1030,2038,,
Octopus by Dive,98E,1990,12,12,1,270,*,,
Octopus by Dive,98E,1990,12,13,1,1930,*,,
Octopus by Dive,98E,1990,12,16,9,16458,32896,,
Octopus by Dive,98E,1990,12,17,2,2160,*,,
Octopus by Dive,98E,1990,12,18,3,3780,7420,,
Octopus by Dive,98E,1990,12,19,4,1315,3048,,
Octopus by Dive,98E,1990,12,21,1,180,*,,
Octopus by Dive,98E,1990,12,39,2,900,*,,
Octopus by Dive,98E,1990,12,41,1,360,*,,
Octopus by Dive,98E,1990,12,Total,14,40118,88962,,
Octopus by Dive,98E,1990,13,0,2,975,*,,
Octopus by Dive,98E,1990,13,1,4,1680,5434,,
Octopus by Dive,98E,1990,13,2,5,3280,8644,,
Octopus by Dive,98E,1990,13,7,1,40,*,,
Octopus by Dive,98E,1990,13,8,1,90,*,,
Octopus by Dive,98E,1990,13,14,1,360,*,,
Octopus by Dive,98E,1990,13,15,2,180,*,,
Octopus by Dive,98E,1990,13,16,1,800,*,,
Octopus by Dive,98E,1990,13,31,1,200,*,,
Octopus by Dive,98E,1990,13,35,1,200,*,,
Octopus by Dive,98E,1990,13,36,1,200,*,,
Octopus by Dive,98E,1990,13,40,1,400,*,,
Octopus by Dive,98E,1990,13,Total,9,8405,25125,,
Octopus by Dive,98E,1990,14,1,2,330,*,,
Octopus by Dive,98E,1990,14,2,2,290,*,,
Octopus by Dive,98E,1990,14,7,1,400,*,,
Octopus by Dive,98E,1990,14,8,1,200,*,,
Octopus by Dive,98E,1990,14,9,1,120,*,,
Octopus by Dive,98E,1990,14,11,1,590,*,,
Octopus by Dive,98E,1990,14,12,1,960,*,,
Octopus by Dive,98E,1990,14,13,2,580,*,,
Octopus by Dive,98E,1990,14,Total,5,3470,7943,,
Octopus by Dive,98E,1990,15,1,1,400,*,,
Octopus by Dive,98E,1990,15,2,1,400,*,,
Octopus by Dive,98E,1990,15,3,2,400,*,,
Octopus by Dive,98E,1990,15,Total,2,1200,*,,
Octopus by Dive,98E,1990,16,1,1,200,*,,
Octopus by Dive,98E,1990,16,2,1,200,*,,
Octopus by Dive,98E,1990,16,16,1,400,*,,
Octopus by Dive,98E,1990,16,19,1,510,*,,
Octopus by Dive,98E,1990,16,20,2,455,*,,
Octopus by Dive,98E,1990,16,21,1,640,*,,
Octopus by Dive,98E,1990,16,22,2,400,*,,
Octopus by Dive,98E,1990,16,Total,4,2805,7689,,
Octopus by Dive,98E,1990,17,1,1,200,*,,
Octopus by Dive,98E,1990,17,2,2,1060,*,,
Octopus by Dive,98E,1990,17,3,1,600,*,,
Octopus by Dive,98E,1990,17,4,1,800,*,,
Octopus by Dive,98E,1990,17,5,1,800,*,,
Octopus by Dive,98E,1990,17,6,1,200,*,,
Octopus by Dive,98E,1990,17,8,1,200,*,,
Octopus by Dive,98E,1990,17,9,1,800,*,,
Octopus by Dive,98E,1990,17,10,3,1400,2620,,
Octopus by Dive,98E,1990,17,11,1,90,*,,
Octopus by Dive,98E,1990,17,12,3,2340,6506,,
Octopus by Dive,98E,1990,17,13,3,1350,2714,,
Octopus by Dive,98E,1990,17,17,1,1000,*,,
Octopus by Dive,98E,1990,17,18,3,1150,1863,,
Octopus by Dive,98E,1990,17,19,2,320,*,,
Octopus by Dive,98E,1990,17,Total,6,12310,22149,,
Octopus by Dive,98E,1990,18,0,4,1020,1383,,
Octopus by Dive,98E,1990,18,1,2,3100,*,,
Octopus by Dive,98E,1990,18,2,4,1415,5548,,
Octopus by Dive,98E,1990,18,3,5,1690,2737,,
Octopus by Dive,98E,1990,18,4,5,2265,4526,,
Octopus by Dive,98E,1990,18,5,1,1600,*,,
Octopus by Dive,98E,1990,18,6,4,2530,3663,,
Octopus by Dive,98E,1990,18,7,2,2080,*,,
Octopus by Dive,98E,1990,18,8,1,600,*,,
Octopus by Dive,98E,1990,18,9,2,290,*,,
Octopus by Dive,98E,1990,18,10,1,660,*,,
Octopus by Dive,98E,1990,18,11,1,200,*,,
Octopus by Dive,98E,1990,18,Total,12,17450,39520,,
Octopus by Dive,98E,1990,19,0,4,3220,5080,,
Octopus by Dive,98E,1990,19,2,2,1030,*,,
Octopus by Dive,98E,1990,19,3,6,11048,30887,,
Octopus by Dive,98E,1990,19,4,4,3740,9562,,
Octopus by Dive,98E,1990,19,5,2,1650,*,,
Octopus by Dive,98E,1990,19,6,3,2880,5288,,
Octopus by Dive,98E,1990,19,7,2,1360,*,,
Octopus by Dive,98E,1990,19,8,2,1715,*,,
Octopus by Dive,98E,1990,19,Total,13,26643,66855,,
Octopus by Dive,98E,1990,20,1,1,200,*,,
Octopus by Dive,98E,1990,20,3,1,215,*,,
Octopus by Dive,98E,1990,20,4,1,200,*,,
Octopus by Dive,98E,1990,20,5,8,6160,17503,,
Octopus by Dive,98E,1990,20,6,1,660,*,,
Octopus by Dive,98E,1990,20,Total,8,7435,20047,,
Octopus by Dive,98E,1990,23,0,1,400,*,,
Octopus by Dive,98E,1990,23,1,1,200,*,,
Octopus by Dive,98E,1990,23,3,1,200,*,,
Octopus by Dive,98E,1990,23,5,1,800,*,,
Octopus by Dive,98E,1990,23,6,1,1600,*,,
Octopus by Dive,98E,1990,23,7,1,360,*,,
Octopus by Dive,98E,1990,23,9,1,800,*,,
Octopus by Dive,98E,1990,23,10,1,600,*,,
Octopus by Dive,98E,1990,23,11,3,1755,9088,,
Octopus by Dive,98E,1990,23,Total,3,6715,15633,,
Octopus by Dive,98E,1990,24,2,1,800,*,,
Octopus by Dive,98E,1990,24,3,1,0,*,,
Octopus by Dive,98E,1990,24,4,2,490,*,,
Octopus by Dive,98E,1990,24,6,4,10204,24060,,
Octopus by Dive,98E,1990,24,8,2,290,*,,
Octopus by Dive,98E,1990,24,9,1,600,*,,
Octopus by Dive,98E,1990,24,Total,4,12384,32954,,
Octopus by Dive,98E,1990,29,5,4,3160,6283,,
Octopus by Dive,98E,1990,29,Total,4,3160,6283,,
Octopus by Dive,98E,1990,124,3,1,400,*,,
Octopus by Dive,98E,1990,124,Total,1,400,*,,
Octopus by Dive,98E,1991,2,1,1,710,*,,
Octopus by Dive,98E,1991,2,4,1,80,*,,
Octopus by Dive,98E,1991,2,6,1,440,*,,
Octopus by Dive,98E,1991,2,Total,1,1230,*,,
Octopus by Dive,98E,1991,3,1,2,1728,*,,
Octopus by Dive,98E,1991,3,Total,2,1728,*,,
Octopus by Dive,98E,1991,4,2,1,697,*,,
Octopus by Dive,98E,1991,4,9,1,328,*,,
Octopus by Dive,98E,1991,4,Total,1,1025,*,,
Octopus by Dive,98E,1991,5,11,2,887,*,,
Octopus by Dive,98E,1991,5,17,1,22,*,,
Octopus by Dive,98E,1991,5,20,1,805,*,,
Octopus by Dive,98E,1991,5,21,1,330,*,,
Octopus by Dive,98E,1991,5,23,1,88,*,,
Octopus by Dive,98E,1991,5,24,1,54,*,,
Octopus by Dive,98E,1991,5,Total,3,2186,1949,,
Octopus by Dive,98E,1991,6,9,1,142,*,,
Octopus by Dive,98E,1991,6,27,1,76,*,,
Octopus by Dive,98E,1991,6,Total,1,218,*,,
Octopus by Dive,98E,1991,7,27,1,0,*,,
Octopus by Dive,98E,1991,7,Total,1,0,*,,
Octopus by Dive,98E,1991,11,1,1,0,*,,
Octopus by Dive,98E,1991,11,2,1,0,*,,
Octopus by Dive,98E,1991,11,Total,1,0,*,,
Octopus by Dive,98E,1991,12,2,1,180,*,,
Octopus by Dive,98E,1991,12,4,1,540,*,,
Octopus by Dive,98E,1991,12,5,1,360,*,,
Octopus by Dive,98E,1991,12,6,1,720,*,,
Octopus by Dive,98E,1991,12,7,1,360,*,,
Octopus by Dive,98E,1991,12,8,2,560,*,,
Octopus by Dive,98E,1991,12,9,1,180,*,,
Octopus by Dive,98E,1991,12,11,1,200,*,,
Octopus by Dive,98E,1991,12,16,3,2375,5811,,
Octopus by Dive,98E,1991,12,17,1,180,*,,
Octopus by Dive,98E,1991,12,18,1,720,*,,
Octopus by Dive,98E,1991,12,25,1,726,*,,
Octopus by Dive,98E,1991,12,Total,5,7101,14309,,
Octopus by Dive,98E,1991,13,2,2,3010,*,,
Octopus by Dive,98E,1991,13,3,1,180,*,,
Octopus by Dive,98E,1991,13,7,1,180,*,,
Octopus by Dive,98E,1991,13,13,1,100,*,,
Octopus by Dive,98E,1991,13,14,1,480,*,,
Octopus by Dive,98E,1991,13,Total,2,3950,*,,
Octopus by Dive,98E,1991,14,1,1,300,*,,
Octopus by Dive,98E,1991,14,13,1,500,*,,
Octopus by Dive,98E,1991,14,Total,1,800,*,,
Octopus by Dive,98E,1991,15,1,1,180,*,,
Octopus by Dive,98E,1991,15,Total,1,180,*,,
Octopus by Dive,98E,1991,16,1,1,0,*,,
Octopus by Dive,98E,1991,16,Total,1,0,*,,
Octopus by Dive,98E,1991,17,2,1,140,*,,
Octopus by Dive,98E,1991,17,3,1,358,*,,
Octopus by Dive,98E,1991,17,5,1,860,*,,
Octopus by Dive,98E,1991,17,8,1,300,*,,
Octopus by Dive,98E,1991,17,10,1,0,*,,
Octopus by Dive,98E,1991,17,12,2,790,*,,
Octopus by Dive,98E,1991,17,Total,5,2448,6932,,
Octopus by Dive,98E,1991,18,2,1,140,*,,
Octopus by Dive,98E,1991,18,3,1,200,*,,
Octopus by Dive,98E,1991,18,4,2,500,*,,
Octopus by Dive,98E,1991,18,5,1,143,*,,
Octopus by Dive,98E,1991,18,6,1,200,*,,
Octopus by Dive,98E,1991,18,7,1,600,*,,
Octopus by Dive,98E,1991,18,Total,4,1783,2681,,
Octopus by Dive,98E,1991,19,2,1,420,*,,
Octopus by Dive,98E,1991,19,3,2,2120,*,,
Octopus by Dive,98E,1991,19,4,1,400,*,,
Octopus by Dive,98E,1991,19,5,2,300,*,,
Octopus by Dive,98E,1991,19,6,1,600,*,,
Octopus by Dive,98E,1991,19,Total,3,3840,10116,,
Octopus by Dive,98E,1991,20,1,1,200,*,,
Octopus by Dive,98E,1991,20,5,1,400,*,,
Octopus by Dive,98E,1991,20,Total,1,600,*,,
Octopus by Dive,98E,1991,23,0,1,480,*,,
Octopus by Dive,98E,1991,23,6,1,200,*,,
Octopus by Dive,98E,1991,23,7,1,2600,*,,
Octopus by Dive,98E,1991,23,9,1,400,*,,
Octopus by Dive,98E,1991,23,10,1,1000,*,,
Octopus by Dive,98E,1991,23,11,1,400,*,,
Octopus by Dive,98E,1991,23,Total,2,5080,*,,
Octopus by Dive,98E,1991,24,2,1,1600,*,,
Octopus by Dive,98E,1991,24,3,1,400,*,,
Octopus by Dive,98E,1991,24,4,1,400,*,,
Octopus by Dive,98E,1991,24,6,1,800,*,,
Octopus by Dive,98E,1991,24,14,1,400,*,,
Octopus by Dive,98E,1991,24,Total,1,3600,*,,
Octopus by Dive,98E,1991,25,6,1,1000,*,,
Octopus by Dive,98E,1991,25,7,1,200,*,,
Octopus by Dive,98E,1991,25,Total,1,1200,*,,
Octopus by Dive,98E,1991,29,4,1,140,*,,
Octopus by Dive,98E,1991,29,5,1,260,*,,
Octopus by Dive,98E,1991,29,Total,1,400,*,,
Octopus by Dive,98E,1991,124,3,1,600,*,,
Octopus by Dive,98E,1991,124,Total,1,600,*,,
Octopus by Dive,98E,1991,125,1,1,200,*,,
Octopus by Dive,98E,1991,125,Total,1,200,*,,
Octopus by Dive,98E,1992,1,5,1,960,*,,
Octopus by Dive,98E,1992,1,Total,1,960,*,,
Octopus by Dive,98E,1992,3,1,2,692,*,,
Octopus by Dive,98E,1992,3,Total,2,692,*,,
Octopus by Dive,98E,1992,4,0,1,800,*,,
Octopus by Dive,98E,1992,4,2,1,69,*,,
Octopus by Dive,98E,1992,4,4,1,145,*,,
Octopus by Dive,98E,1992,4,8,1,80,*,,
Octopus by Dive,98E,1992,4,9,2,304,*,,
Octopus by Dive,98E,1992,4,Total,3,1398,1501,,
Octopus by Dive,98E,1992,5,10,1,231,*,,
Octopus by Dive,98E,1992,5,11,1,220,*,,
Octopus by Dive,98E,1992,5,20,1,473,*,,
Octopus by Dive,98E,1992,5,Total,2,924,*,,
Octopus by Dive,98E,1992,6,9,1,155,*,,
Octopus by Dive,98E,1992,6,Total,1,155,*,,
Octopus by Dive,98E,1992,12,5,1,120,*,,
Octopus by Dive,98E,1992,12,6,1,180,*,,
Octopus by Dive,98E,1992,12,7,3,535,226,,
Octopus by Dive,98E,1992,12,8,4,2425,2616,,
Octopus by Dive,98E,1992,12,16,4,2940,6596,,
Octopus by Dive,98E,1992,12,17,3,670,1045,,
Octopus by Dive,98E,1992,12,18,3,2245,1797,,
Octopus by Dive,98E,1992,12,19,3,890,829,,
Octopus by Dive,98E,1992,12,Total,7,10005,13399,,
Octopus by Dive,98E,1992,13,0,2,1790,*,,
Octopus by Dive,98E,1992,13,2,1,1594,*,,
Octopus by Dive,98E,1992,13,9,1,84,*,,
Octopus by Dive,98E,1992,13,13,1,186,*,,
Octopus by Dive,98E,1992,13,35,1,10,*,,
Octopus by Dive,98E,1992,13,Total,3,3664,14329,,
Octopus by Dive,98E,1992,14,0,1,240,*,,
Octopus by Dive,98E,1992,14,1,1,129,*,,
Octopus by Dive,98E,1992,14,Total,2,369,*,,
Octopus by Dive,98E,1992,17,0,2,281,*,,
Octopus by Dive,98E,1992,17,1,1,256,*,,
Octopus by Dive,98E,1992,17,2,1,389,*,,
Octopus by Dive,98E,1992,17,3,2,1091,*,,
Octopus by Dive,98E,1992,17,4,1,751,*,,
Octopus by Dive,98E,1992,17,5,1,660,*,,
Octopus by Dive,98E,1992,17,6,1,239,*,,
Octopus by Dive,98E,1992,17,8,1,531,*,,
Octopus by Dive,98E,1992,17,10,3,343,867,,
Octopus by Dive,98E,1992,17,12,1,180,*,,
Octopus by Dive,98E,1992,17,13,1,80,*,,
Octopus by Dive,98E,1992,17,14,1,255,*,,
Octopus by Dive,98E,1992,17,16,1,53,*,,
Octopus by Dive,98E,1992,17,17,1,215,*,,
Octopus by Dive,98E,1992,17,19,1,450,*,,
Octopus by Dive,98E,1992,17,Total,5,5774,11811,,
Octopus by Dive,98E,1992,18,0,2,195,*,,
Octopus by Dive,98E,1992,18,1,1,422,*,,
Octopus by Dive,98E,1992,18,2,2,706,*,,
Octopus by Dive,98E,1992,18,3,1,120,*,,
Octopus by Dive,98E,1992,18,4,2,914,*,,
Octopus by Dive,98E,1992,18,5,1,236,*,,
Octopus by Dive,98E,1992,18,6,3,766,528,,
Octopus by Dive,98E,1992,18,7,1,240,*,,
Octopus by Dive,98E,1992,18,9,2,227,*,,
Octopus by Dive,98E,1992,18,Total,6,3826,4760,,
Octopus by Dive,98E,1992,19,0,1,160,*,,
Octopus by Dive,98E,1992,19,3,5,10100,22578,,
Octopus by Dive,98E,1992,19,4,3,2140,4276,,
Octopus by Dive,98E,1992,19,5,1,120,*,,
Octopus by Dive,98E,1992,19,6,1,305,*,,
Octopus by Dive,98E,1992,19,Total,6,12825,28047,,
Octopus by Dive,98E,1992,20,1,1,300,*,,
Octopus by Dive,98E,1992,20,4,1,250,*,,
Octopus by Dive,98E,1992,20,5,2,9660,*,,
Octopus by Dive,98E,1992,20,Total,3,10210,17415,,
Octopus by Dive,98E,1992,27,6,1,240,*,,
Octopus by Dive,98E,1992,27,Total,1,240,*,,
Octopus by Dive,98E,1992,29,5,3,1432,3623,,
Octopus by Dive,98E,1992,29,Total,3,1432,3623,,
Octopus by Dive,98E,1992,106,0,1,226,*,,
Octopus by Dive,98E,1992,106,Total,1,226,*,,
Octopus by Dive,98E,1993,0,0,1,120,*,,
Octopus by Dive,98E,1993,0,Total,1,120,*,,
Octopus by Dive,98E,1993,3,1,1,247,*,,
Octopus by Dive,98E,1993,3,Total,1,247,*,,
Octopus by Dive,98E,1993,4,1,1,55,*,,
Octopus by Dive,98E,1993,4,2,1,61,*,,
Octopus by Dive,98E,1993,4,8,1,145,*,,
Octopus by Dive,98E,1993,4,9,1,140,*,,
Octopus by Dive,98E,1993,4,Total,1,401,*,,
Octopus by Dive,98E,1993,5,11,1,180,*,,
Octopus by Dive,98E,1993,5,Total,1,180,*,,
Octopus by Dive,98E,1993,6,9,1,5,*,,
Octopus by Dive,98E,1993,6,11,1,15,*,,
Octopus by Dive,98E,1993,6,Total,2,20,*,,
Octopus by Dive,98E,1993,8,4,1,0,*,,
Octopus by Dive,98E,1993,8,Total,1,0,*,,
Octopus by Dive,98E,1993,12,0,2,1280,*,,
Octopus by Dive,98E,1993,12,5,1,180,*,,
Octopus by Dive,98E,1993,12,6,1,1260,*,,
Octopus by Dive,98E,1993,12,7,1,540,*,,
Octopus by Dive,98E,1993,12,8,2,910,*,,
Octopus by Dive,98E,1993,12,9,1,0,*,,
Octopus by Dive,98E,1993,12,16,1,2880,*,,
Octopus by Dive,98E,1993,12,17,2,1625,*,,
Octopus by Dive,98E,1993,12,18,1,2880,*,,
Octopus by Dive,98E,1993,12,19,1,720,*,,
Octopus by Dive,98E,1993,12,Total,4,12275,29367,,
Octopus by Dive,98E,1993,13,0,1,580,*,,
Octopus by Dive,98E,1993,13,2,1,2170,*,,
Octopus by Dive,98E,1993,13,Total,2,2750,*,,
Octopus by Dive,98E,1993,14,0,1,0,*,,
Octopus by Dive,98E,1993,14,2,1,790,*,,
Octopus by Dive,98E,1993,14,Total,2,790,*,,
Octopus by Dive,98E,1993,17,0,1,430,*,,
Octopus by Dive,98E,1993,17,2,2,2000,*,,
Octopus by Dive,98E,1993,17,3,4,2623,5781,,
Octopus by Dive,98E,1993,17,4,2,438,*,,
Octopus by Dive,98E,1993,17,5,3,1803,1613,,
Octopus by Dive,98E,1993,17,6,2,654,*,,
Octopus by Dive,98E,1993,17,7,1,400,*,,
Octopus by Dive,98E,1993,17,8,3,1941,2363,,
Octopus by Dive,98E,1993,17,10,2,180,*,,
Octopus by Dive,98E,1993,17,12,1,150,*,,
Octopus by Dive,98E,1993,17,13,2,290,*,,
Octopus by Dive,98E,1993,17,17,2,642,*,,
Octopus by Dive,98E,1993,17,18,1,120,*,,
Octopus by Dive,98E,1993,17,21,1,300,*,,
Octopus by Dive,98E,1993,17,Total,5,11971,20838,,
Octopus by Dive,98E,1993,18,1,4,1266,3690,,
Octopus by Dive,98E,1993,18,2,4,1110,2265,,
Octopus by Dive,98E,1993,18,3,2,380,*,,
Octopus by Dive,98E,1993,18,4,1,2000,*,,
Octopus by Dive,98E,1993,18,5,3,680,1871,,
Octopus by Dive,98E,1993,18,6,3,2520,3978,,
Octopus by Dive,98E,1993,18,7,1,1200,*,,
Octopus by Dive,98E,1993,18,8,1,1000,*,,
Octopus by Dive,98E,1993,18,9,3,990,1870,,
Octopus by Dive,98E,1993,18,11,2,1200,*,,
Octopus by Dive,98E,1993,18,Total,7,12346,21399,,
Octopus by Dive,98E,1993,19,0,2,4092,*,,
Octopus by Dive,98E,1993,19,3,5,6661,24194,,
Octopus by Dive,98E,1993,19,4,3,2550,4445,,
Octopus by Dive,98E,1993,19,5,3,2720,**,,
Octopus by Dive,98E,1993,19,Total,6,16023,37312,,
Octopus by Dive,98E,1993,20,2,1,200,*,,
Octopus by Dive,98E,1993,20,5,3,3510,**,,
Octopus by Dive,98E,1993,20,Total,3,3710,6065,,
Octopus by Dive,98E,1993,23,11,1,600,*,,
Octopus by Dive,98E,1993,23,Total,1,600,*,,
Octopus by Dive,98E,1993,24,1,1,200,*,,
Octopus by Dive,98E,1993,24,4,1,600,*,,
Octopus by Dive,98E,1993,24,6,1,4000,*,,
Octopus by Dive,98E,1993,24,7,1,600,*,,
Octopus by Dive,98E,1993,24,8,1,200,*,,
Octopus by Dive,98E,1993,24,9,1,800,*,,
Octopus by Dive,98E,1993,24,Total,1,6400,*,,
Octopus by Dive,98E,1993,29,4,1,330,*,,
Octopus by Dive,98E,1993,29,5,3,507,**,,
Octopus by Dive,98E,1993,29,Total,4,837,2787,,
Octopus by Dive,98E,1994,3,1,1,214,*,,
Octopus by Dive,98E,1994,3,Total,1,214,*,,
Octopus by Dive,98E,1994,4,8,1,298,*,,
Octopus by Dive,98E,1994,4,9,1,207,*,,
Octopus by Dive,98E,1994,4,Total,1,505,*,,
Octopus by Dive,98E,1994,5,11,1,156,*,,
Octopus by Dive,98E,1994,5,15,1,64,*,,
Octopus by Dive,98E,1994,5,20,1,2290,*,,
Octopus by Dive,98E,1994,5,Total,2,2510,*,,
Octopus by Dive,98E,1994,12,0,1,180,*,,
Octopus by Dive,98E,1994,12,2,1,300,*,,
Octopus by Dive,98E,1994,12,4,1,600,*,,
Octopus by Dive,98E,1994,12,5,2,660,*,,
Octopus by Dive,98E,1994,12,6,1,840,*,,
Octopus by Dive,98E,1994,12,7,1,300,*,,
Octopus by Dive,98E,1994,12,8,2,640,*,,
Octopus by Dive,98E,1994,12,16,5,2650,5538,,
Octopus by Dive,98E,1994,12,17,2,1080,*,,
Octopus by Dive,98E,1994,12,18,2,1500,*,,
Octopus by Dive,98E,1994,12,19,1,240,*,,
Octopus by Dive,98E,1994,12,Total,5,8990,21359,,
Octopus by Dive,98E,1994,13,0,1,264,*,,
Octopus by Dive,98E,1994,13,2,1,300,*,,
Octopus by Dive,98E,1994,13,4,2,897,*,,
Octopus by Dive,98E,1994,13,7,1,90,*,,
Octopus by Dive,98E,1994,13,Total,3,1551,4153,,
Octopus by Dive,98E,1994,14,1,1,90,*,,
Octopus by Dive,98E,1994,14,13,2,360,*,,
Octopus by Dive,98E,1994,14,Total,3,450,2628,,
Octopus by Dive,98E,1994,16,1,1,345,*,,
Octopus by Dive,98E,1994,16,22,1,120,*,,
Octopus by Dive,98E,1994,16,Total,2,465,*,,
Octopus by Dive,98E,1994,17,0,1,60,*,,
Octopus by Dive,98E,1994,17,2,2,1379,*,,
Octopus by Dive,98E,1994,17,3,3,1125,3602,,
Octopus by Dive,98E,1994,17,5,1,200,*,,
Octopus by Dive,98E,1994,17,6,1,200,*,,
Octopus by Dive,98E,1994,17,7,1,200,*,,
Octopus by Dive,98E,1994,17,8,1,200,*,,
Octopus by Dive,98E,1994,17,10,2,191,*,,
Octopus by Dive,98E,1994,17,12,3,1370,6058,,
Octopus by Dive,98E,1994,17,13,2,575,*,,
Octopus by Dive,98E,1994,17,17,1,400,*,,
Octopus by Dive,98E,1994,17,18,3,430,1888,,
Octopus by Dive,98E,1994,17,Total,6,6330,19322,,
Octopus by Dive,98E,1994,18,0,1,120,*,,
Octopus by Dive,98E,1994,18,1,2,389,*,,
Octopus by Dive,98E,1994,18,2,3,610,1477,,
Octopus by Dive,98E,1994,18,3,2,275,*,,
Octopus by Dive,98E,1994,18,4,2,1425,*,,
Octopus by Dive,98E,1994,18,5,2,1166,*,,
Octopus by Dive,98E,1994,18,6,1,1400,*,,
Octopus by Dive,98E,1994,18,7,1,400,*,,
Octopus by Dive,98E,1994,18,9,1,400,*,,
Octopus by Dive,98E,1994,18,11,1,376,*,,
Octopus by Dive,98E,1994,18,Total,4,6561,15161,,
Octopus by Dive,98E,1994,19,3,4,2810,14994,,
Octopus by Dive,98E,1994,19,4,4,2892,**,,
Octopus by Dive,98E,1994,19,5,1,600,*,,
Octopus by Dive,98E,1994,19,Total,5,6302,21127,,
Octopus by Dive,98E,1994,20,2,1,400,*,,
Octopus by Dive,98E,1994,20,4,1,200,*,,
Octopus by Dive,98E,1994,20,5,1,1800,*,,
Octopus by Dive,98E,1994,20,Total,1,2400,*,,
Octopus by Dive,98E,1994,24,4,1,600,*,,
Octopus by Dive,98E,1994,24,6,1,3600,*,,
Octopus by Dive,98E,1994,24,7,1,200,*,,
Octopus by Dive,98E,1994,24,8,1,800,*,,
Octopus by Dive,98E,1994,24,13,1,0,*,,
Octopus by Dive,98E,1994,24,Total,2,5200,*,,
Octopus by Dive,98E,1994,29,5,4,1087,4574,,
Octopus by Dive,98E,1994,29,Total,4,1087,4574,,
Octopus by Dive,98E,1994,106,0,1,74,*,,
Octopus by Dive,98E,1994,106,Total,1,74,*,,
Octopus by Dive,98E,1995,3,1,1,239,*,,
Octopus by Dive,98E,1995,3,Total,1,239,*,,
Octopus by Dive,98E,1995,4,8,1,71,*,,
Octopus by Dive,98E,1995,4,9,1,355,*,,
Octopus by Dive,98E,1995,4,Total,1,426,*,,
Octopus by Dive,98E,1995,5,11,1,538,*,,
Octopus by Dive,98E,1995,5,20,1,2490,*,,
Octopus by Dive,98E,1995,5,Total,2,3028,*,,
Octopus by Dive,98E,1995,6,9,1,70,*,,
Octopus by Dive,98E,1995,6,Total,1,70,*,,
Octopus by Dive,98E,1995,12,4,1,180,*,,
Octopus by Dive,98E,1995,12,5,1,720,*,,
Octopus by Dive,98E,1995,12,6,4,2010,5617,,
Octopus by Dive,98E,1995,12,7,1,540,*,,
Octopus by Dive,98E,1995,12,8,5,3038,4932,,
Octopus by Dive,98E,1995,12,9,4,1050,5368,,
Octopus by Dive,98E,1995,12,13,1,120,*,,
Octopus by Dive,98E,1995,12,15,1,90,*,,
Octopus by Dive,98E,1995,12,16,5,6100,12722,,
Octopus by Dive,98E,1995,12,17,3,1320,1656,,
Octopus by Dive,98E,1995,12,18,4,2555,4745,,
Octopus by Dive,98E,1995,12,19,1,540,*,,
Octopus by Dive,98E,1995,12,21,1,360,*,,
Octopus by Dive,98E,1995,12,Total,6,18623,42589,,
Octopus by Dive,98E,1995,13,1,1,200,*,,
Octopus by Dive,98E,1995,13,2,3,1367,5897,,
Octopus by Dive,98E,1995,13,7,1,60,*,,
Octopus by Dive,98E,1995,13,13,1,30,*,,
Octopus by Dive,98E,1995,13,14,1,60,*,,
Octopus by Dive,98E,1995,13,Total,3,1717,7468,,
Octopus by Dive,98E,1995,14,1,1,150,*,,
Octopus by Dive,98E,1995,14,4,1,400,*,,
Octopus by Dive,98E,1995,14,Total,2,550,*,,
Octopus by Dive,98E,1995,15,3,1,30,*,,
Octopus by Dive,98E,1995,15,Total,1,30,*,,
Octopus by Dive,98E,1995,16,1,2,875,*,,
Octopus by Dive,98E,1995,16,2,1,240,*,,
Octopus by Dive,98E,1995,16,22,1,30,*,,
Octopus by Dive,98E,1995,16,Total,2,1145,*,,
Octopus by Dive,98E,1995,17,3,3,2080,6639,,
Octopus by Dive,98E,1995,17,8,1,160,*,,
Octopus by Dive,98E,1995,17,9,1,385,*,,
Octopus by Dive,98E,1995,17,10,2,50,*,,
Octopus by Dive,98E,1995,17,12,2,1195,*,,
Octopus by Dive,98E,1995,17,16,1,100,*,,
Octopus by Dive,98E,1995,17,17,1,280,*,,
Octopus by Dive,98E,1995,17,19,1,60,*,,
Octopus by Dive,98E,1995,17,Total,5,4310,13532,,
Octopus by Dive,98E,1995,18,0,1,170,*,,
Octopus by Dive,98E,1995,18,1,3,180,1336,,
Octopus by Dive,98E,1995,18,2,3,405,1693,,
Octopus by Dive,98E,1995,18,3,1,689,*,,
Octopus by Dive,98E,1995,18,4,1,142,*,,
Octopus by Dive,98E,1995,18,5,1,210,*,,
Octopus by Dive,98E,1995,18,6,4,670,787,,
Octopus by Dive,98E,1995,18,7,1,1104,*,,
Octopus by Dive,98E,1995,18,8,1,200,*,,
Octopus by Dive,98E,1995,18,9,1,60,*,,
Octopus by Dive,98E,1995,18,10,1,153,*,,
Octopus by Dive,98E,1995,18,Total,8,3983,6778,,
Octopus by Dive,98E,1995,19,3,4,1581,6519,,
Octopus by Dive,98E,1995,19,4,4,1437,**,,
Octopus by Dive,98E,1995,19,5,1,180,*,,
Octopus by Dive,98E,1995,19,Total,5,3198,9932,,
Octopus by Dive,98E,1995,20,5,3,2382,3696,,
Octopus by Dive,98E,1995,20,Total,3,2382,3696,,
Octopus by Dive,98E,1995,23,11,1,300,*,,
Octopus by Dive,98E,1995,23,Total,1,300,*,,
Octopus by Dive,98E,1995,24,4,1,800,*,,
Octopus by Dive,98E,1995,24,6,1,2600,*,,
Octopus by Dive,98E,1995,24,7,1,250,*,,
Octopus by Dive,98E,1995,24,8,1,380,*,,
Octopus by Dive,98E,1995,24,9,1,200,*,,
Octopus by Dive,98E,1995,24,Total,1,4230,*,,
Octopus by Dive,98E,1995,28,1,1,500,*,,
Octopus by Dive,98E,1995,28,2,1,250,*,,
Octopus by Dive,98E,1995,28,Total,1,750,*,,
Octopus by Dive,98E,1995,29,3,1,250,*,,
Octopus by Dive,98E,1995,29,4,1,30,*,,
Octopus by Dive,98E,1995,29,5,3,850,3033,,
Octopus by Dive,98E,1995,29,Total,4,1130,3642,,
Octopus by Dive,98E,1996,3,1,1,248,*,,
Octopus by Dive,98E,1996,3,Total,1,248,*,,
Octopus by Dive,98E,1996,4,1,2,1450,*,,
Octopus by Dive,98E,1996,4,8,1,180,*,,
Octopus by Dive,98E,1996,4,9,1,371,*,,
Octopus by Dive,98E,1996,4,12,1,62,*,,
Octopus by Dive,98E,1996,4,Total,3,2063,2149,,
Octopus by Dive,98E,1996,5,11,1,272,*,,
Octopus by Dive,98E,1996,5,12,1,200,*,,
Octopus by Dive,98E,1996,5,20,1,3300,*,,
Octopus by Dive,98E,1996,5,Total,3,3772,3247,,
Octopus by Dive,98E,1996,7,15,1,10,*,,
Octopus by Dive,98E,1996,7,17,1,90,*,,
Octopus by Dive,98E,1996,7,Total,1,100,*,,
Octopus by Dive,98E,1996,12,5,1,240,*,,
Octopus by Dive,98E,1996,12,6,1,720,*,,
Octopus by Dive,98E,1996,12,7,1,440,*,,
Octopus by Dive,98E,1996,12,8,5,2798,5018,,
Octopus by Dive,98E,1996,12,9,2,532,*,,
Octopus by Dive,98E,1996,12,12,2,660,*,,
Octopus by Dive,98E,1996,12,13,1,360,*,,
Octopus by Dive,98E,1996,12,15,4,880,1753,,
Octopus by Dive,98E,1996,12,16,7,5148,11437,,
Octopus by Dive,98E,1996,12,17,4,1235,2148,,
Octopus by Dive,98E,1996,12,18,3,4560,7926,,
Octopus by Dive,98E,1996,12,19,1,1070,*,,
Octopus by Dive,98E,1996,12,20,1,150,*,,
Octopus by Dive,98E,1996,12,41,1,240,*,,
Octopus by Dive,98E,1996,12,Total,8,19033,35479,,
Octopus by Dive,98E,1996,13,1,3,440,1287,,
Octopus by Dive,98E,1996,13,2,6,2545,6073,,
Octopus by Dive,98E,1996,13,8,1,90,*,,
Octopus by Dive,98E,1996,13,14,1,260,*,,
Octopus by Dive,98E,1996,13,29,1,400,*,,
Octopus by Dive,98E,1996,13,30,1,700,*,,
Octopus by Dive,98E,1996,13,31,1,120,*,,
Octopus by Dive,98E,1996,13,39,1,200,*,,
Octopus by Dive,98E,1996,13,40,1,400,*,,
Octopus by Dive,98E,1996,13,Total,7,5155,8355,,
Octopus by Dive,98E,1996,14,1,1,90,*,,
Octopus by Dive,98E,1996,14,3,1,833,*,,
Octopus by Dive,98E,1996,14,9,1,120,*,,
Octopus by Dive,98E,1996,14,13,2,360,*,,
Octopus by Dive,98E,1996,14,Total,4,1403,2263,,
Octopus by Dive,98E,1996,16,1,1,517,*,,
Octopus by Dive,98E,1996,16,2,1,370,*,,
Octopus by Dive,98E,1996,16,9,1,460,*,,
Octopus by Dive,98E,1996,16,10,1,220,*,,
Octopus by Dive,98E,1996,16,11,1,1205,*,,
Octopus by Dive,98E,1996,16,16,1,600,*,,
Octopus by Dive,98E,1996,16,17,1,360,*,,
Octopus by Dive,98E,1996,16,19,1,545,*,,
Octopus by Dive,98E,1996,16,Total,1,4277,*,,
Octopus by Dive,98E,1996,17,1,1,200,*,,
Octopus by Dive,98E,1996,17,2,3,3000,3499,,
Octopus by Dive,98E,1996,17,3,4,2080,5537,,
Octopus by Dive,98E,1996,17,5,1,180,*,,
Octopus by Dive,98E,1996,17,6,2,500,*,,
Octopus by Dive,98E,1996,17,7,1,350,*,,
Octopus by Dive,98E,1996,17,8,1,1000,*,,
Octopus by Dive,98E,1996,17,9,2,400,*,,
Octopus by Dive,98E,1996,17,10,2,783,*,,
Octopus by Dive,98E,1996,17,12,3,2102,5124,,
Octopus by Dive,98E,1996,17,13,2,240,*,,
Octopus by Dive,98E,1996,17,16,2,470,*,,
Octopus by Dive,98E,1996,17,17,3,960,1500,,
Octopus by Dive,98E,1996,17,Total,8,12265,21579,,
Octopus by Dive,98E,1996,18,1,7,6699,21685,,
Octopus by Dive,98E,1996,18,2,4,440,1468,,
Octopus by Dive,98E,1996,18,3,1,570,*,,
Octopus by Dive,98E,1996,18,4,5,2183,4289,,
Octopus by Dive,98E,1996,18,5,3,804,735,,
Octopus by Dive,98E,1996,18,6,5,2843,2788,,
Octopus by Dive,98E,1996,18,7,2,900,*,,
Octopus by Dive,98E,1996,18,8,1,400,*,,
Octopus by Dive,98E,1996,18,9,1,150,*,,
Octopus by Dive,98E,1996,18,10,2,1030,*,,
Octopus by Dive,98E,1996,18,11,2,855,*,,
Octopus by Dive,98E,1996,18,Total,13,16874,34907,,
Octopus by Dive,98E,1996,19,1,1,200,*,,
Octopus by Dive,98E,1996,19,2,1,205,*,,
Octopus by Dive,98E,1996,19,3,8,5694,14322,,
Octopus by Dive,98E,1996,19,4,4,2180,3415,,
Octopus by Dive,98E,1996,19,5,3,4555,5186,,
Octopus by Dive,98E,1996,19,Total,11,12834,23375,,
Octopus by Dive,98E,1996,20,2,1,400,*,,
Octopus by Dive,98E,1996,20,5,6,4095,**,,
Octopus by Dive,98E,1996,20,Total,6,4495,7407,,
Octopus by Dive,98E,1996,23,11,2,365,*,,
Octopus by Dive,98E,1996,23,Total,2,365,*,,
Octopus by Dive,98E,1996,24,2,1,110,*,,
Octopus by Dive,98E,1996,24,4,1,400,*,,
Octopus by Dive,98E,1996,24,6,3,3544,10533,,
Octopus by Dive,98E,1996,24,8,3,1668,5845,,
Octopus by Dive,98E,1996,24,9,2,335,*,,
Octopus by Dive,98E,1996,24,Total,3,6057,17681,,
Octopus by Dive,98E,1996,28,1,1,1702,*,,
Octopus by Dive,98E,1996,28,2,1,665,*,,
Octopus by Dive,98E,1996,28,Total,1,2367,*,,
Octopus by Dive,98E,1996,29,1,1,200,*,,
Octopus by Dive,98E,1996,29,4,2,430,*,,
Octopus by Dive,98E,1996,29,5,5,2156,4422,,
Octopus by Dive,98E,1996,29,Total,5,2786,4954,,
Octopus by Dive,98E,1997,3,1,2,2076,*,,
Octopus by Dive,98E,1997,3,Total,2,2076,*,,
Octopus by Dive,98E,1997,4,0,1,1200,*,,
Octopus by Dive,98E,1997,4,1,3,1519,3880,,
Octopus by Dive,98E,1997,4,2,1,1040,*,,
Octopus by Dive,98E,1997,4,5,1,800,*,,
Octopus by Dive,98E,1997,4,8,1,54,*,,
Octopus by Dive,98E,1997,4,9,2,689,*,,
Octopus by Dive,98E,1997,4,11,1,2800,*,,
Octopus by Dive,98E,1997,4,12,1,175,*,,
Octopus by Dive,98E,1997,4,Total,5,8277,20324,,
Octopus by Dive,98E,1997,5,2,1,313,*,,
Octopus by Dive,98E,1997,5,10,1,66,*,,
Octopus by Dive,98E,1997,5,11,2,2063,*,,
Octopus by Dive,98E,1997,5,13,1,149,*,,
Octopus by Dive,98E,1997,5,14,1,140,*,,
Octopus by Dive,98E,1997,5,20,1,1410,*,,
Octopus by Dive,98E,1997,5,Total,3,4141,6640,,
Octopus by Dive,98E,1997,6,26,1,320,*,,
Octopus by Dive,98E,1997,6,Total,1,320,*,,
Octopus by Dive,98E,1997,11,2,3,260,2424,,
Octopus by Dive,98E,1997,11,Total,3,260,2424,,
Octopus by Dive,98E,1997,12,2,1,540,*,,
Octopus by Dive,98E,1997,12,4,1,360,*,,
Octopus by Dive,98E,1997,12,5,3,1940,5604,,
Octopus by Dive,98E,1997,12,6,4,2257,6703,,
Octopus by Dive,98E,1997,12,7,2,1080,*,,
Octopus by Dive,98E,1997,12,8,3,2210,5952,,
Octopus by Dive,98E,1997,12,9,1,180,*,,
Octopus by Dive,98E,1997,12,11,2,640,*,,
Octopus by Dive,98E,1997,12,12,2,230,*,,
Octopus by Dive,98E,1997,12,13,2,320,*,,
Octopus by Dive,98E,1997,12,15,2,165,*,,
Octopus by Dive,98E,1997,12,16,6,8378,22523,,
Octopus by Dive,98E,1997,12,17,3,2120,5718,,
Octopus by Dive,98E,1997,12,18,5,5040,13444,,
Octopus by Dive,98E,1997,12,19,2,980,*,,
Octopus by Dive,98E,1997,12,20,2,480,*,,
Octopus by Dive,98E,1997,12,21,1,220,*,,
Octopus by Dive,98E,1997,12,26,1,320,*,,
Octopus by Dive,98E,1997,12,27,1,410,*,,
Octopus by Dive,98E,1997,12,29,1,210,*,,
Octopus by Dive,98E,1997,12,Total,12,28080,77561,,
Octopus by Dive,98E,1997,13,2,3,2050,7186,,
Octopus by Dive,98E,1997,13,7,1,60,*,,
Octopus by Dive,98E,1997,13,9,1,60,*,,
Octopus by Dive,98E,1997,13,14,2,310,*,,
Octopus by Dive,98E,1997,13,25,1,120,*,,
Octopus by Dive,98E,1997,13,27,1,120,*,,
Octopus by Dive,98E,1997,13,28,2,320,*,,
Octopus by Dive,98E,1997,13,32,1,120,*,,
Octopus by Dive,98E,1997,13,33,1,120,*,,
Octopus by Dive,98E,1997,13,35,1,690,*,,
Octopus by Dive,98E,1997,13,37,1,250,*,,
Octopus by Dive,98E,1997,13,42,1,120,*,,
Octopus by Dive,98E,1997,13,Total,4,4340,11672,,
Octopus by Dive,98E,1997,14,3,2,985,*,,
Octopus by Dive,98E,1997,14,7,1,210,*,,
Octopus by Dive,98E,1997,14,9,1,690,*,,
Octopus by Dive,98E,1997,14,10,2,515,*,,
Octopus by Dive,98E,1997,14,12,1,990,*,,
Octopus by Dive,98E,1997,14,13,1,30,*,,
Octopus by Dive,98E,1997,14,Total,3,3420,3708,,
Octopus by Dive,98E,1997,15,1,1,288,*,,
Octopus by Dive,98E,1997,15,Total,1,288,*,,
Octopus by Dive,98E,1997,16,1,1,60,*,,
Octopus by Dive,98E,1997,16,5,2,468,*,,
Octopus by Dive,98E,1997,16,6,2,705,*,,
Octopus by Dive,98E,1997,16,7,1,174,*,,
Octopus by Dive,98E,1997,16,8,2,1033,*,,
Octopus by Dive,98E,1997,16,9,2,560,*,,
Octopus by Dive,98E,1997,16,12,1,335,*,,
Octopus by Dive,98E,1997,16,13,1,297,*,,
Octopus by Dive,98E,1997,16,19,1,445,*,,
Octopus by Dive,98E,1997,16,20,1,810,*,,
Octopus by Dive,98E,1997,16,21,1,435,*,,
Octopus by Dive,98E,1997,16,22,1,60,*,,
Octopus by Dive,98E,1997,16,Total,5,5382,7384,,
Octopus by Dive,98E,1997,17,2,1,400,*,,
Octopus by Dive,98E,1997,17,3,3,1980,4797,,
Octopus by Dive,98E,1997,17,5,2,285,*,,
Octopus by Dive,98E,1997,17,7,2,290,*,,
Octopus by Dive,98E,1997,17,8,1,240,*,,
Octopus by Dive,98E,1997,17,10,1,120,*,,
Octopus by Dive,98E,1997,17,12,2,840,*,,
Octopus by Dive,98E,1997,17,13,1,200,*,,
Octopus by Dive,98E,1997,17,15,1,160,*,,
Octopus by Dive,98E,1997,17,16,1,200,*,,
Octopus by Dive,98E,1997,17,Total,4,4715,12544,,
Octopus by Dive,98E,1997,18,1,3,2261,10390,,
Octopus by Dive,98E,1997,18,2,4,3430,12255,,
Octopus by Dive,98E,1997,18,3,1,90,*,,
Octopus by Dive,98E,1997,18,4,3,1730,2441,,
Octopus by Dive,98E,1997,18,5,1,800,*,,
Octopus by Dive,98E,1997,18,6,5,3241,5946,,
Octopus by Dive,98E,1997,18,7,2,630,*,,
Octopus by Dive,98E,1997,18,8,1,60,*,,
Octopus by Dive,98E,1997,18,10,2,370,*,,
Octopus by Dive,98E,1997,18,Total,10,12612,34778,,
Octopus by Dive,98E,1997,19,3,11,7987,25800,,
Octopus by Dive,98E,1997,19,4,5,3627,8273,,
Octopus by Dive,98E,1997,19,5,4,1448,**,,
Octopus by Dive,98E,1997,19,6,1,95,*,,
Octopus by Dive,98E,1997,19,Total,13,13157,37631,,
Octopus by Dive,98E,1997,20,2,1,200,*,,
Octopus by Dive,98E,1997,20,4,2,650,*,,
Octopus by Dive,98E,1997,20,5,9,6162,12700,,
Octopus by Dive,98E,1997,20,Total,9,7012,14477,,
Octopus by Dive,98E,1997,23,11,2,253,*,,
Octopus by Dive,98E,1997,23,Total,2,253,*,,
Octopus by Dive,98E,1997,24,4,1,95,*,,
Octopus by Dive,98E,1997,24,6,4,3723,13223,,
Octopus by Dive,98E,1997,24,8,3,1201,**,,
Octopus by Dive,98E,1997,24,Total,4,5019,17786,,
Octopus by Dive,98E,1997,28,1,1,330,*,,
Octopus by Dive,98E,1997,28,Total,1,330,*,,
Octopus by Dive,98E,1997,29,1,1,160,*,,
Octopus by Dive,98E,1997,29,4,2,70,*,,
Octopus by Dive,98E,1997,29,5,2,2200,*,,
Octopus by Dive,98E,1997,29,Total,5,2430,10612,,
Octopus by Dive,98E,1997,104,2,1,30,*,,
Octopus by Dive,98E,1997,104,Total,1,30,*,,
Octopus by Dive,98E,1998,3,1,2,274,*,,
Octopus by Dive,98E,1998,3,Total,2,274,*,,
Octopus by Dive,98E,1998,4,1,1,120,*,,
Octopus by Dive,98E,1998,4,2,2,746,*,,
Octopus by Dive,98E,1998,4,3,1,210,*,,
Octopus by Dive,98E,1998,4,8,1,72,*,,
Octopus by Dive,98E,1998,4,9,1,148,*,,
Octopus by Dive,98E,1998,4,12,2,776,*,,
Octopus by Dive,98E,1998,4,Total,4,2072,3412,,
Octopus by Dive,98E,1998,5,4,1,210,*,,
Octopus by Dive,98E,1998,5,11,2,1450,*,,
Octopus by Dive,98E,1998,5,12,1,130,*,,
Octopus by Dive,98E,1998,5,20,1,3590,*,,
Octopus by Dive,98E,1998,5,21,1,240,*,,
Octopus by Dive,98E,1998,5,Total,3,5620,4969,,
Octopus by Dive,98E,1998,9,12,1,720,*,,
Octopus by Dive,98E,1998,9,Total,1,720,*,,
Octopus by Dive,98E,1998,12,2,1,240,*,,
Octopus by Dive,98E,1998,12,5,2,1000,*,,
Octopus by Dive,98E,1998,12,6,2,3060,*,,
Octopus by Dive,98E,1998,12,7,2,760,*,,
Octopus by Dive,98E,1998,12,8,2,1900,*,,
Octopus by Dive,98E,1998,12,13,2,320,*,,
Octopus by Dive,98E,1998,12,15,1,100,*,,
Octopus by Dive,98E,1998,12,16,5,7870,14236,,
Octopus by Dive,98E,1998,12,17,2,2340,*,,
Octopus by Dive,98E,1998,12,18,2,3680,*,,
Octopus by Dive,98E,1998,12,19,2,1400,*,,
Octopus by Dive,98E,1998,12,22,1,210,*,,
Octopus by Dive,98E,1998,12,26,2,5130,*,,
Octopus by Dive,98E,1998,12,39,1,240,*,,
Octopus by Dive,98E,1998,12,Total,6,28250,62991,,
Octopus by Dive,98E,1998,13,2,1,120,*,,
Octopus by Dive,98E,1998,13,7,1,0,*,,
Octopus by Dive,98E,1998,13,9,1,60,*,,
Octopus by Dive,98E,1998,13,32,1,60,*,,
Octopus by Dive,98E,1998,13,Total,1,240,*,,
Octopus by Dive,98E,1998,14,1,1,240,*,,
Octopus by Dive,98E,1998,14,2,1,120,*,,
Octopus by Dive,98E,1998,14,9,1,319,*,,
Octopus by Dive,98E,1998,14,12,1,10,*,,
Octopus by Dive,98E,1998,14,13,1,155,*,,
Octopus by Dive,98E,1998,14,Total,3,844,2736,,
Octopus by Dive,98E,1998,15,1,2,90,*,,
Octopus by Dive,98E,1998,15,Total,2,90,*,,
Octopus by Dive,98E,1998,16,5,1,404,*,,
Octopus by Dive,98E,1998,16,6,1,437,*,,
Octopus by Dive,98E,1998,16,7,1,253,*,,
Octopus by Dive,98E,1998,16,8,1,605,*,,
Octopus by Dive,98E,1998,16,12,1,357,*,,
Octopus by Dive,98E,1998,16,13,1,730,*,,
Octopus by Dive,98E,1998,16,19,1,0,*,,
Octopus by Dive,98E,1998,16,Total,2,2786,*,,
Octopus by Dive,98E,1998,17,1,1,60,*,,
Octopus by Dive,98E,1998,17,2,2,420,*,,
Octopus by Dive,98E,1998,17,3,2,260,*,,
Octopus by Dive,98E,1998,17,4,1,220,*,,
Octopus by Dive,98E,1998,17,6,1,220,*,,
Octopus by Dive,98E,1998,17,7,1,200,*,,
Octopus by Dive,98E,1998,17,8,2,420,*,,
Octopus by Dive,98E,1998,17,10,1,240,*,,
Octopus by Dive,98E,1998,17,12,1,360,*,,
Octopus by Dive,98E,1998,17,16,1,220,*,,
Octopus by Dive,98E,1998,17,21,1,220,*,,
Octopus by Dive,98E,1998,17,Total,3,2840,6546,,
Octopus by Dive,98E,1998,18,1,3,2161,6656,,
Octopus by Dive,98E,1998,18,2,3,838,2600,,
Octopus by Dive,98E,1998,18,4,2,1115,*,,
Octopus by Dive,98E,1998,18,5,1,400,*,,
Octopus by Dive,98E,1998,18,6,1,1300,*,,
Octopus by Dive,98E,1998,18,7,1,300,*,,
Octopus by Dive,98E,1998,18,11,1,120,*,,
Octopus by Dive,98E,1998,18,Total,4,6234,14285,,
Octopus by Dive,98E,1998,19,3,6,3462,9226,,
Octopus by Dive,98E,1998,19,4,5,1700,3344,,
Octopus by Dive,98E,1998,19,5,2,673,*,,
Octopus by Dive,98E,1998,19,6,1,200,*,,
Octopus by Dive,98E,1998,19,Total,6,6035,14479,,
Octopus by Dive,98E,1998,20,5,4,1674,**,,
Octopus by Dive,98E,1998,20,6,1,200,*,,
Octopus by Dive,98E,1998,20,Total,4,1874,3559,,
Octopus by Dive,98E,1998,24,4,1,200,*,,
Octopus by Dive,98E,1998,24,6,2,2441,*,,
Octopus by Dive,98E,1998,24,8,1,350,*,,
Octopus by Dive,98E,1998,24,Total,2,2991,*,,
Octopus by Dive,98E,1998,27,7,1,480,*,,
Octopus by Dive,98E,1998,27,8,1,240,*,,
Octopus by Dive,98E,1998,27,9,1,240,*,,
Octopus by Dive,98E,1998,27,Total,1,960,*,,
Octopus by Dive,98E,1998,29,4,1,120,*,,
Octopus by Dive,98E,1998,29,5,2,500,*,,
Octopus by Dive,98E,1998,29,Total,2,620,*,,
Octopus by Dive,98E,1998,104,2,1,360,*,,
Octopus by Dive,98E,1998,104,Total,1,360,*,,
Octopus by Dive,98E,1999,3,1,1,155,*,,
Octopus by Dive,98E,1999,3,Total,1,155,*,,
Octopus by Dive,98E,1999,4,4,1,60,*,,
Octopus by Dive,98E,1999,4,9,1,351,*,,
Octopus by Dive,98E,1999,4,12,1,142,*,,
Octopus by Dive,98E,1999,4,Total,1,553,*,,
Octopus by Dive,98E,1999,5,11,1,172,*,,
Octopus by Dive,98E,1999,5,13,1,79,*,,
Octopus by Dive,98E,1999,5,20,2,2604,*,,
Octopus by Dive,98E,1999,5,23,1,46,*,,
Octopus by Dive,98E,1999,5,Total,2,2901,*,,
Octopus by Dive,98E,1999,6,3,1,10,*,,
Octopus by Dive,98E,1999,6,9,1,720,*,,
Octopus by Dive,98E,1999,6,13,1,120,*,,
Octopus by Dive,98E,1999,6,Total,2,850,*,,
Octopus by Dive,98E,1999,12,2,1,180,*,,
Octopus by Dive,98E,1999,12,3,1,540,*,,
Octopus by Dive,98E,1999,12,5,2,460,*,,
Octopus by Dive,98E,1999,12,6,3,2062,3460,,
Octopus by Dive,98E,1999,12,7,1,240,*,,
Octopus by Dive,98E,1999,12,8,4,2198,4618,,
Octopus by Dive,98E,1999,12,11,1,440,*,,
Octopus by Dive,98E,1999,12,13,1,998,*,,
Octopus by Dive,98E,1999,12,15,1,222,*,,
Octopus by Dive,98E,1999,12,16,4,6249,12169,,
Octopus by Dive,98E,1999,12,17,2,780,*,,
Octopus by Dive,98E,1999,12,18,4,2956,6514,,
Octopus by Dive,98E,1999,12,19,3,1236,2469,,
Octopus by Dive,98E,1999,12,20,1,360,*,,
Octopus by Dive,98E,1999,12,21,1,240,*,,
Octopus by Dive,98E,1999,12,39,1,180,*,,
Octopus by Dive,98E,1999,12,Total,5,19341,37173,,
Octopus by Dive,98E,1999,13,1,1,356,*,,
Octopus by Dive,98E,1999,13,2,3,2571,3443,,
Octopus by Dive,98E,1999,13,7,2,418,*,,
Octopus by Dive,98E,1999,13,9,1,45,*,,
Octopus by Dive,98E,1999,13,13,1,26,*,,
Octopus by Dive,98E,1999,13,14,1,95,*,,
Octopus by Dive,98E,1999,13,Total,3,3511,4748,,
Octopus by Dive,98E,1999,14,1,2,450,*,,
Octopus by Dive,98E,1999,14,13,2,496,*,,
Octopus by Dive,98E,1999,14,Total,4,946,1568,,
Octopus by Dive,98E,1999,15,1,1,120,*,,
Octopus by Dive,98E,1999,15,Total,1,120,*,,
Octopus by Dive,98E,1999,16,13,1,165,*,,
Octopus by Dive,98E,1999,16,Total,1,165,*,,
Octopus by Dive,98E,1999,17,1,1,120,*,,
Octopus by Dive,98E,1999,17,2,1,260,*,,
Octopus by Dive,98E,1999,17,3,3,1080,2279,,
Octopus by Dive,98E,1999,17,5,1,130,*,,
Octopus by Dive,98E,1999,17,8,1,200,*,,
Octopus by Dive,98E,1999,17,10,2,440,*,,
Octopus by Dive,98E,1999,17,12,1,780,*,,
Octopus by Dive,98E,1999,17,17,1,100,*,,
Octopus by Dive,98E,1999,17,Total,3,3110,6846,,
Octopus by Dive,98E,1999,18,1,2,1090,*,,
Octopus by Dive,98E,1999,18,2,1,865,*,,
Octopus by Dive,98E,1999,18,4,2,480,*,,
Octopus by Dive,98E,1999,18,6,2,1140,*,,
Octopus by Dive,98E,1999,18,Total,4,3575,8501,,
Octopus by Dive,98E,1999,19,3,4,2890,7376,,
Octopus by Dive,98E,1999,19,4,3,1305,3680,,
Octopus by Dive,98E,1999,19,5,1,200,*,,
Octopus by Dive,98E,1999,19,6,1,200,*,,
Octopus by Dive,98E,1999,19,Total,4,4595,11430,,
Octopus by Dive,98E,1999,20,5,1,1020,*,,
Octopus by Dive,98E,1999,20,6,1,200,*,,
Octopus by Dive,98E,1999,20,Total,1,1220,*,,
Octopus by Dive,98E,1999,24,6,1,175,*,,
Octopus by Dive,98E,1999,24,8,1,60,*,,
Octopus by Dive,98E,1999,24,Total,2,235,*,,
Octopus by Dive,98E,1999,29,4,1,180,*,,
Octopus by Dive,98E,1999,29,5,3,660,**,,
Octopus by Dive,98E,1999,29,Total,3,840,2292,,
Octopus by Dive,98E,2000,3,1,1,124,*,,
Octopus by Dive,98E,2000,3,Total,1,124,*,,
Octopus by Dive,98E,2000,4,1,1,56,*,,
Octopus by Dive,98E,2000,4,9,1,175,*,,
Octopus by Dive,98E,2000,4,12,1,113,*,,
Octopus by Dive,98E,2000,4,Total,1,344,*,,
Octopus by Dive,98E,2000,5,20,1,284,*,,
Octopus by Dive,98E,2000,5,Total,1,284,*,,
Octopus by Dive,98E,2000,12,2,1,210,*,,
Octopus by Dive,98E,2000,12,3,1,380,*,,
Octopus by Dive,98E,2000,12,6,3,1235,1901,,
Octopus by Dive,98E,2000,12,8,2,480,*,,
Octopus by Dive,98E,2000,12,9,1,180,*,,
Octopus by Dive,98E,2000,12,16,2,750,*,,
Octopus by Dive,98E,2000,12,17,2,740,*,,
Octopus by Dive,98E,2000,12,18,3,1840,3672,,
Octopus by Dive,98E,2000,12,19,3,1245,2403,,
Octopus by Dive,98E,2000,12,20,1,55,*,,
Octopus by Dive,98E,2000,12,21,1,120,*,,
Octopus by Dive,98E,2000,12,26,1,3420,*,,
Octopus by Dive,98E,2000,12,39,1,390,*,,
Octopus by Dive,98E,2000,12,41,1,120,*,,
Octopus by Dive,98E,2000,12,42,1,360,*,,
Octopus by Dive,98E,2000,12,Total,3,11525,20931,,
Octopus by Dive,98E,2000,13,1,1,820,*,,
Octopus by Dive,98E,2000,13,2,1,500,*,,
Octopus by Dive,98E,2000,13,6,1,45,*,,
Octopus by Dive,98E,2000,13,7,1,45,*,,
Octopus by Dive,98E,2000,13,9,1,80,*,,
Octopus by Dive,98E,2000,13,12,1,305,*,,
Octopus by Dive,98E,2000,13,14,1,180,*,,
Octopus by Dive,98E,2000,13,17,1,30,*,,
Octopus by Dive,98E,2000,13,19,1,30,*,,
Octopus by Dive,98E,2000,13,25,1,220,*,,
Octopus by Dive,98E,2000,13,Total,3,2255,5043,,
Octopus by Dive,98E,2000,14,1,1,210,*,,
Octopus by Dive,98E,2000,14,2,1,210,*,,
Octopus by Dive,98E,2000,14,5,1,85,*,,
Octopus by Dive,98E,2000,14,13,1,555,*,,
Octopus by Dive,98E,2000,14,Total,2,1060,*,,
Octopus by Dive,98E,2000,15,2,3,642,**,,
Octopus by Dive,98E,2000,15,3,1,100,*,,
Octopus by Dive,98E,2000,15,Total,3,742,1204,,
Octopus by Dive,98E,2000,16,1,1,400,*,,
Octopus by Dive,98E,2000,16,2,1,30,*,,
Octopus by Dive,98E,2000,16,5,1,58,*,,
Octopus by Dive,98E,2000,16,6,1,262,*,,
Octopus by Dive,98E,2000,16,9,1,255,*,,
Octopus by Dive,98E,2000,16,11,1,410,*,,
Octopus by Dive,98E,2000,16,16,1,80,*,,
Octopus by Dive,98E,2000,16,22,1,365,*,,
Octopus by Dive,98E,2000,16,Total,2,1860,*,,
Octopus by Dive,98E,2000,17,3,3,925,1484,,
Octopus by Dive,98E,2000,17,8,1,190,*,,
Octopus by Dive,98E,2000,17,10,2,160,*,,
Octopus by Dive,98E,2000,17,11,1,60,*,,
Octopus by Dive,98E,2000,17,12,2,990,*,,
Octopus by Dive,98E,2000,17,13,1,95,*,,
Octopus by Dive,98E,2000,17,14,1,50,*,,
Octopus by Dive,98E,2000,17,16,1,83,*,,
Octopus by Dive,98E,2000,17,18,2,255,*,,
Octopus by Dive,98E,2000,17,19,1,40,*,,
Octopus by Dive,98E,2000,17,Total,4,2848,6389,,
Octopus by Dive,98E,2000,18,1,2,540,*,,
Octopus by Dive,98E,2000,18,2,2,570,*,,
Octopus by Dive,98E,2000,18,4,2,100,*,,
Octopus by Dive,98E,2000,18,5,1,60,*,,
Octopus by Dive,98E,2000,18,6,1,360,*,,
Octopus by Dive,98E,2000,18,Total,3,1630,4720,,
Octopus by Dive,98E,2000,19,3,4,595,1308,,
Octopus by Dive,98E,2000,19,4,2,205,*,,
Octopus by Dive,98E,2000,19,5,1,120,*,,
Octopus by Dive,98E,2000,19,Total,5,920,2123,,
Octopus by Dive,98E,2000,20,5,1,300,*,,
Octopus by Dive,98E,2000,20,Total,1,300,*,,
Octopus by Dive,98E,2000,24,6,1,690,*,,
Octopus by Dive,98E,2000,24,8,1,450,*,,
Octopus by Dive,98E,2000,24,Total,1,1140,*,,
Octopus by Dive,98E,2000,29,4,2,205,*,,
Octopus by Dive,98E,2000,29,5,2,795,*,,
Octopus by Dive,98E,2000,29,7,1,120,*,,
Octopus by Dive,98E,2000,29,Total,3,1120,3551,,
Octopus by Dive,98E,2001,4,2,1,81,*,,
Octopus by Dive,98E,2001,4,5,1,55,*,,
Octopus by Dive,98E,2001,4,8,1,77,*,,
Octopus by Dive,98E,2001,4,9,1,170,*,,
Octopus by Dive,98E,2001,4,12,1,79,*,,
Octopus by Dive,98E,2001,4,Total,1,462,*,,
Octopus by Dive,98E,2001,5,23,1,58,*,,
Octopus by Dive,98E,2001,5,Total,1,58,*,,
Octopus by Dive,98E,2001,12,2,1,135,*,,
Octopus by Dive,98E,2001,12,6,1,320,*,,
Octopus by Dive,98E,2001,12,8,1,947,*,,
Octopus by Dive,98E,2001,12,9,1,180,*,,
Octopus by Dive,98E,2001,12,15,1,200,*,,
Octopus by Dive,98E,2001,12,16,4,1144,1844,,
Octopus by Dive,98E,2001,12,17,2,540,*,,
Octopus by Dive,98E,2001,12,18,2,1675,*,,
Octopus by Dive,98E,2001,12,19,2,695,*,,
Octopus by Dive,98E,2001,12,26,1,201,*,,
Octopus by Dive,98E,2001,12,41,1,165,*,,
Octopus by Dive,98E,2001,12,Total,4,6202,16300,,
Octopus by Dive,98E,2001,13,1,1,60,*,,
Octopus by Dive,98E,2001,13,2,2,870,*,,
Octopus by Dive,98E,2001,13,3,1,60,*,,
Octopus by Dive,98E,2001,13,6,1,60,*,,
Octopus by Dive,98E,2001,13,7,1,75,*,,
Octopus by Dive,98E,2001,13,11,1,30,*,,
Octopus by Dive,98E,2001,13,Total,2,1155,*,,
Octopus by Dive,98E,2001,14,1,2,285,*,,
Octopus by Dive,98E,2001,14,2,1,60,*,,
Octopus by Dive,98E,2001,14,3,1,50,*,,
Octopus by Dive,98E,2001,14,5,1,200,*,,
Octopus by Dive,98E,2001,14,9,2,245,*,,
Octopus by Dive,98E,2001,14,10,1,15,*,,
Octopus by Dive,98E,2001,14,12,1,45,*,,
Octopus by Dive,98E,2001,14,13,2,250,*,,
Octopus by Dive,98E,2001,14,Total,4,1150,2566,,
Octopus by Dive,98E,2001,15,1,1,240,*,,
Octopus by Dive,98E,2001,15,2,1,1969,*,,
Octopus by Dive,98E,2001,15,3,2,277,*,,
Octopus by Dive,98E,2001,15,Total,2,2486,*,,
Octopus by Dive,98E,2001,16,1,1,123,*,,
Octopus by Dive,98E,2001,16,6,1,120,*,,
Octopus by Dive,98E,2001,16,9,1,120,*,,
Octopus by Dive,98E,2001,16,11,1,175,*,,
Octopus by Dive,98E,2001,16,16,1,78,*,,
Octopus by Dive,98E,2001,16,20,1,278,*,,
Octopus by Dive,98E,2001,16,21,1,283,*,,
Octopus by Dive,98E,2001,16,22,1,250,*,,
Octopus by Dive,98E,2001,16,Total,2,1427,*,,
Octopus by Dive,98E,2001,17,1,1,180,*,,
Octopus by Dive,98E,2001,17,2,1,100,*,,
Octopus by Dive,98E,2001,17,3,2,603,*,,
Octopus by Dive,98E,2001,17,4,2,610,*,,
Octopus by Dive,98E,2001,17,5,2,225,*,,
Octopus by Dive,98E,2001,17,7,1,93,*,,
Octopus by Dive,98E,2001,17,8,1,32,*,,
Octopus by Dive,98E,2001,17,10,3,475,1467,,
Octopus by Dive,98E,2001,17,12,3,1123,2672,,
Octopus by Dive,98E,2001,17,13,2,438,*,,
Octopus by Dive,98E,2001,17,16,2,475,*,,
Octopus by Dive,98E,2001,17,17,2,643,*,,
Octopus by Dive,98E,2001,17,Total,4,4997,10810,,
Octopus by Dive,98E,2001,18,1,2,380,*,,
Octopus by Dive,98E,2001,18,2,2,540,*,,
Octopus by Dive,98E,2001,18,6,1,560,*,,
Octopus by Dive,98E,2001,18,9,1,400,*,,
Octopus by Dive,98E,2001,18,Total,3,1880,5700,,
Octopus by Dive,98E,2001,19,1,1,30,*,,
Octopus by Dive,98E,2001,19,3,3,1575,3666,,
Octopus by Dive,98E,2001,19,4,3,985,**,,
Octopus by Dive,98E,2001,19,Total,3,2590,6084,,
Octopus by Dive,98E,2001,20,5,2,480,*,,
Octopus by Dive,98E,2001,20,Total,2,480,*,,
Octopus by Dive,98E,2001,23,11,1,106,*,,
Octopus by Dive,98E,2001,23,Total,1,106,*,,
Octopus by Dive,98E,2001,24,6,1,2559,*,,
Octopus by Dive,98E,2001,24,8,1,1303,*,,
Octopus by Dive,98E,2001,24,Total,1,3862,*,,
Octopus by Dive,98E,2001,29,4,1,150,*,,
Octopus by Dive,98E,2001,29,5,3,1055,**,,
Octopus by Dive,98E,2001,29,Total,3,1205,4620,,
Octopus by Dive,98E,2001,124,3,1,235,*,,
Octopus by Dive,98E,2001,124,Total,1,235,*,,
Octopus by Dive,98E,2002,3,1,1,194,*,,
Octopus by Dive,98E,2002,3,Total,1,194,*,,
Octopus by Dive,98E,2002,4,8,1,65,*,,
Octopus by Dive,98E,2002,4,9,1,177,*,,
Octopus by Dive,98E,2002,4,12,1,133,*,,
Octopus by Dive,98E,2002,4,Total,1,375,*,,
Octopus by Dive,98E,2002,5,10,1,56,*,,
Octopus by Dive,98E,2002,5,11,1,83,*,,
Octopus by Dive,98E,2002,5,12,1,197,*,,
Octopus by Dive,98E,2002,5,20,1,408,*,,
Octopus by Dive,98E,2002,5,Total,1,744,*,,
Octopus by Dive,98E,2002,12,2,1,360,*,,
Octopus by Dive,98E,2002,12,5,2,795,*,,
Octopus by Dive,98E,2002,12,6,2,855,*,,
Octopus by Dive,98E,2002,12,8,2,2970,*,,
Octopus by Dive,98E,2002,12,13,1,300,*,,
Octopus by Dive,98E,2002,12,16,3,2570,4985,,
Octopus by Dive,98E,2002,12,17,2,2350,*,,
Octopus by Dive,98E,2002,12,18,2,2148,*,,
Octopus by Dive,98E,2002,12,19,2,1798,*,,
Octopus by Dive,98E,2002,12,20,1,145,*,,
Octopus by Dive,98E,2002,12,21,1,295,*,,
Octopus by Dive,98E,2002,12,26,1,1210,*,,
Octopus by Dive,98E,2002,12,41,1,215,*,,
Octopus by Dive,98E,2002,12,42,1,325,*,,
Octopus by Dive,98E,2002,12,Total,3,16336,38085,,
Octopus by Dive,98E,2002,13,2,3,440,777,,
Octopus by Dive,98E,2002,13,6,1,200,*,,
Octopus by Dive,98E,2002,13,7,1,200,*,,
Octopus by Dive,98E,2002,13,10,1,45,*,,
Octopus by Dive,98E,2002,13,11,1,400,*,,
Octopus by Dive,98E,2002,13,13,1,200,*,,
Octopus by Dive,98E,2002,13,14,1,200,*,,
Octopus by Dive,98E,2002,13,Total,3,1685,2885,,
Octopus by Dive,98E,2002,14,1,2,945,*,,
Octopus by Dive,98E,2002,14,13,1,200,*,,
Octopus by Dive,98E,2002,14,Total,2,1145,*,,
Octopus by Dive,98E,2002,16,21,1,330,*,,
Octopus by Dive,98E,2002,16,Total,1,330,*,,
Octopus by Dive,98E,2002,17,2,2,1305,*,,
Octopus by Dive,98E,2002,17,3,2,1300,*,,
Octopus by Dive,98E,2002,17,4,1,200,*,,
Octopus by Dive,98E,2002,17,5,1,200,*,,
Octopus by Dive,98E,2002,17,6,1,400,*,,
Octopus by Dive,98E,2002,17,7,1,200,*,,
Octopus by Dive,98E,2002,17,9,1,400,*,,
Octopus by Dive,98E,2002,17,10,2,675,*,,
Octopus by Dive,98E,2002,17,12,2,335,*,,
Octopus by Dive,98E,2002,17,13,1,800,*,,
Octopus by Dive,98E,2002,17,17,1,200,*,,
Octopus by Dive,98E,2002,17,18,1,15,*,,
Octopus by Dive,98E,2002,17,Total,2,6030,*,,
Octopus by Dive,98E,2002,18,1,2,350,*,,
Octopus by Dive,98E,2002,18,2,2,1680,*,,
Octopus by Dive,98E,2002,18,3,1,90,*,,
Octopus by Dive,98E,2002,18,4,2,245,*,,
Octopus by Dive,98E,2002,18,5,2,920,*,,
Octopus by Dive,98E,2002,18,6,2,5585,*,,
Octopus by Dive,98E,2002,18,7,2,2110,*,,
Octopus by Dive,98E,2002,18,8,2,625,*,,
Octopus by Dive,98E,2002,18,10,2,465,*,,
Octopus by Dive,98E,2002,18,11,1,120,*,,
Octopus by Dive,98E,2002,18,Total,2,12190,*,,
Octopus by Dive,98E,2002,19,3,2,3871,*,,
Octopus by Dive,98E,2002,19,4,3,1745,3719,,
Octopus by Dive,98E,2002,19,5,2,1057,*,,
Octopus by Dive,98E,2002,19,7,1,310,*,,
Octopus by Dive,98E,2002,19,Total,4,6983,19864,,
Octopus by Dive,98E,2002,20,2,1,440,*,,
Octopus by Dive,98E,2002,20,5,2,3235,*,,
Octopus by Dive,98E,2002,20,Total,2,3675,*,,
Octopus by Dive,98E,2002,24,4,1,100,*,,
Octopus by Dive,98E,2002,24,6,2,4469,*,,
Octopus by Dive,98E,2002,24,7,1,200,*,,
Octopus by Dive,98E,2002,24,8,2,1637,*,,
Octopus by Dive,98E,2002,24,9,1,240,*,,
Octopus by Dive,98E,2002,24,11,1,200,*,,
Octopus by Dive,98E,2002,24,Total,2,6846,*,,
Octopus by Dive,98E,2002,29,5,1,405,*,,
Octopus by Dive,98E,2002,29,Total,1,405,*,,
Octopus by Dive,98E,2003,3,1,1,156,*,,
Octopus by Dive,98E,2003,3,Total,1,156,*,,
Octopus by Dive,98E,2003,4,2,1,130,*,,
Octopus by Dive,98E,2003,4,8,1,132,*,,
Octopus by Dive,98E,2003,4,Total,1,262,*,,
Octopus by Dive,98E,2003,5,20,1,228,*,,
Octopus by Dive,98E,2003,5,23,1,45,*,,
Octopus by Dive,98E,2003,5,Total,1,273,*,,
Octopus by Dive,98E,2003,6,1,1,100,*,,
Octopus by Dive,98E,2003,6,Total,1,100,*,,
Octopus by Dive,98E,2003,12,2,1,175,*,,
Octopus by Dive,98E,2003,12,5,1,165,*,,
Octopus by Dive,98E,2003,12,6,2,1120,*,,
Octopus by Dive,98E,2003,12,8,2,1160,*,,
Octopus by Dive,98E,2003,12,9,1,200,*,,
Octopus by Dive,98E,2003,12,11,1,1440,*,,
Octopus by Dive,98E,2003,12,13,1,1080,*,,
Octopus by Dive,98E,2003,12,16,2,2920,*,,
Octopus by Dive,98E,2003,12,17,2,500,*,,
Octopus by Dive,98E,2003,12,18,2,2845,*,,
Octopus by Dive,98E,2003,12,19,3,550,994,,
Octopus by Dive,98E,2003,12,20,1,410,*,,
Octopus by Dive,98E,2003,12,21,1,120,*,,
Octopus by Dive,98E,2003,12,26,1,1225,*,,
Octopus by Dive,98E,2003,12,41,1,235,*,,
Octopus by Dive,98E,2003,12,Total,4,14145,22974,,
Octopus by Dive,98E,2003,13,10,1,30,*,,
Octopus by Dive,98E,2003,13,Total,1,30,*,,
Octopus by Dive,98E,2003,14,1,2,160,*,,
Octopus by Dive,98E,2003,14,2,1,20,*,,
Octopus by Dive,98E,2003,14,5,1,200,*,,
Octopus by Dive,98E,2003,14,7,1,200,*,,
Octopus by Dive,98E,2003,14,8,1,150,*,,
Octopus by Dive,98E,2003,14,9,1,200,*,,
Octopus by Dive,98E,2003,14,13,1,90,*,,
Octopus by Dive,98E,2003,14,Total,3,1020,1849,,
Octopus by Dive,98E,2003,17,2,2,910,*,,
Octopus by Dive,98E,2003,17,3,2,1095,*,,
Octopus by Dive,98E,2003,17,4,1,30,*,,
Octopus by Dive,98E,2003,17,7,1,200,*,,
Octopus by Dive,98E,2003,17,9,1,200,*,,
Octopus by Dive,98E,2003,17,10,1,60,*,,
Octopus by Dive,98E,2003,17,12,1,240,*,,
Octopus by Dive,98E,2003,17,13,1,45,*,,
Octopus by Dive,98E,2003,17,Total,2,2780,*,,
Octopus by Dive,98E,2003,18,1,2,606,*,,
Octopus by Dive,98E,2003,18,2,3,1845,7090,,
Octopus by Dive,98E,2003,18,3,1,20,*,,
Octopus by Dive,98E,2003,18,4,1,600,*,,
Octopus by Dive,98E,2003,18,6,2,2910,*,,
Octopus by Dive,98E,2003,18,7,2,1150,*,,
Octopus by Dive,98E,2003,18,8,1,30,*,,
Octopus by Dive,98E,2003,18,10,1,220,*,,
Octopus by Dive,98E,2003,18,Total,3,7381,22901,,
Octopus by Dive,98E,2003,19,3,3,4120,13893,,
Octopus by Dive,98E,2003,19,4,4,1490,3298,,
Octopus by Dive,98E,2003,19,5,1,1450,*,,
Octopus by Dive,98E,2003,19,7,1,345,*,,
Octopus by Dive,98E,2003,19,8,1,75,*,,
Octopus by Dive,98E,2003,19,Total,4,7480,21559,,
Octopus by Dive,98E,2003,20,2,1,200,*,,
Octopus by Dive,98E,2003,20,5,3,2620,**,,
Octopus by Dive,98E,2003,20,Total,3,2820,5321,,
Octopus by Dive,98E,2003,24,4,1,200,*,,
Octopus by Dive,98E,2003,24,6,2,4152,*,,
Octopus by Dive,98E,2003,24,8,1,844,*,,
Octopus by Dive,98E,2003,24,9,1,200,*,,
Octopus by Dive,98E,2003,24,10,1,200,*,,
Octopus by Dive,98E,2003,24,12,1,130,*,,
Octopus by Dive,98E,2003,24,Total,2,5726,*,,
Octopus by Dive,98E,2003,25,13,1,220,*,,
Octopus by Dive,98E,2003,25,Total,1,220,*,,
Octopus by Dive,98E,2003,26,1,1,220,*,,
Octopus by Dive,98E,2003,26,6,1,220,*,,
Octopus by Dive,98E,2003,26,7,1,220,*,,
Octopus by Dive,98E,2003,26,Total,1,660,*,,
Octopus by Dive,98E,2003,29,4,1,45,*,,
Octopus by Dive,98E,2003,29,5,1,180,*,,
Octopus by Dive,98E,2003,29,Total,2,225,*,,
Octopus by Dive,98E,2003,124,3,1,100,*,,
Octopus by Dive,98E,2003,124,Total,1,100,*,,
Octopus by Dive,98E,2004,3,1,1,76,*,,
Octopus by Dive,98E,2004,3,Total,1,76,*,,
Octopus by Dive,98E,2004,4,1,1,51,*,,
Octopus by Dive,98E,2004,4,9,1,50,*,,
Octopus by Dive,98E,2004,4,Total,1,101,*,,
Octopus by Dive,98E,2004,12,2,1,85,*,,
Octopus by Dive,98E,2004,12,4,1,207,*,,
Octopus by Dive,98E,2004,12,5,1,188,*,,
Octopus by Dive,98E,2004,12,6,3,1350,2659,,
Octopus by Dive,98E,2004,12,8,4,3047,3798,,
Octopus by Dive,98E,2004,12,9,1,85,*,,
Octopus by Dive,98E,2004,12,11,1,45,*,,
Octopus by Dive,98E,2004,12,15,1,90,*,,
Octopus by Dive,98E,2004,12,16,4,1285,2201,,
Octopus by Dive,98E,2004,12,17,3,1199,1911,,
Octopus by Dive,98E,2004,12,18,3,1586,2175,,
Octopus by Dive,98E,2004,12,19,3,1091,1662,,
Octopus by Dive,98E,2004,12,20,1,63,*,,
Octopus by Dive,98E,2004,12,26,1,545,*,,
Octopus by Dive,98E,2004,12,Total,4,10866,16003,,
Octopus by Dive,98E,2004,13,1,3,372,411,,
Octopus by Dive,98E,2004,13,2,3,1565,3508,,
Octopus by Dive,98E,2004,13,3,2,300,*,,
Octopus by Dive,98E,2004,13,6,1,105,*,,
Octopus by Dive,98E,2004,13,7,1,877,*,,
Octopus by Dive,98E,2004,13,8,1,1125,*,,
Octopus by Dive,98E,2004,13,9,1,242,*,,
Octopus by Dive,98E,2004,13,10,1,245,*,,
Octopus by Dive,98E,2004,13,14,2,460,*,,
Octopus by Dive,98E,2004,13,15,2,249,*,,
Octopus by Dive,98E,2004,13,28,1,180,*,,
Octopus by Dive,98E,2004,13,32,1,130,*,,
Octopus by Dive,98E,2004,13,Total,4,5850,7292,,
Octopus by Dive,98E,2004,14,1,3,490,892,,
Octopus by Dive,98E,2004,14,3,1,30,*,,
Octopus by Dive,98E,2004,14,8,1,60,*,,
Octopus by Dive,98E,2004,14,9,1,45,*,,
Octopus by Dive,98E,2004,14,11,1,218,*,,
Octopus by Dive,98E,2004,14,13,1,430,*,,
Octopus by Dive,98E,2004,14,Total,4,1273,2436,,
Octopus by Dive,98E,2004,15,1,1,90,*,,
Octopus by Dive,98E,2004,15,2,1,138,*,,
Octopus by Dive,98E,2004,15,Total,2,228,*,,
Octopus by Dive,98E,2004,16,6,1,209,*,,
Octopus by Dive,98E,2004,16,9,1,197,*,,
Octopus by Dive,98E,2004,16,11,1,185,*,,
Octopus by Dive,98E,2004,16,20,1,172,*,,
Octopus by Dive,98E,2004,16,22,2,352,*,,
Octopus by Dive,98E,2004,16,Total,2,1115,*,,
Octopus by Dive,98E,2004,17,2,2,475,*,,
Octopus by Dive,98E,2004,17,3,2,663,*,,
Octopus by Dive,98E,2004,17,4,1,313,*,,
Octopus by Dive,98E,2004,17,5,2,374,*,,
Octopus by Dive,98E,2004,17,6,2,218,*,,
Octopus by Dive,98E,2004,17,7,1,200,*,,
Octopus by Dive,98E,2004,17,8,1,192,*,,
Octopus by Dive,98E,2004,17,9,1,180,*,,
Octopus by Dive,98E,2004,17,10,2,305,*,,
Octopus by Dive,98E,2004,17,12,2,930,*,,
Octopus by Dive,98E,2004,17,13,1,125,*,,
Octopus by Dive,98E,2004,17,15,1,28,*,,
Octopus by Dive,98E,2004,17,16,1,124,*,,
Octopus by Dive,98E,2004,17,18,3,326,250,,
Octopus by Dive,98E,2004,17,19,2,325,*,,
Octopus by Dive,98E,2004,17,Total,4,4778,9531,,
Octopus by Dive,98E,2004,18,1,1,210,*,,
Octopus by Dive,98E,2004,18,2,2,1735,*,,
Octopus by Dive,98E,2004,18,4,2,445,*,,
Octopus by Dive,98E,2004,18,5,1,200,*,,
Octopus by Dive,98E,2004,18,6,2,1830,*,,
Octopus by Dive,98E,2004,18,7,2,630,*,,
Octopus by Dive,98E,2004,18,10,1,95,*,,
Octopus by Dive,98E,2004,18,Total,2,5145,*,,
Octopus by Dive,98E,2004,19,3,5,2798,6728,,
Octopus by Dive,98E,2004,19,4,3,496,**,,
Octopus by Dive,98E,2004,19,5,1,820,*,,
Octopus by Dive,98E,2004,19,Total,5,4114,9842,,
Octopus by Dive,98E,2004,20,2,1,200,*,,
Octopus by Dive,98E,2004,20,5,2,1930,*,,
Octopus by Dive,98E,2004,20,Total,2,2130,*,,
Octopus by Dive,98E,2004,24,4,1,140,*,,
Octopus by Dive,98E,2004,24,6,1,1360,*,,
Octopus by Dive,98E,2004,24,7,1,120,*,,
Octopus by Dive,98E,2004,24,8,1,625,*,,
Octopus by Dive,98E,2004,24,10,1,120,*,,
Octopus by Dive,98E,2004,24,Total,2,2365,*,,
Octopus by Dive,98E,2004,29,4,1,90,*,,
Octopus by Dive,98E,2004,29,5,2,380,*,,
Octopus by Dive,98E,2004,29,Total,2,470,*,,
Octopus by Dive,98E,2005,3,1,1,234,*,,
Octopus by Dive,98E,2005,3,Total,1,234,*,,
Octopus by Dive,98E,2005,4,8,1,82,*,,
Octopus by Dive,98E,2005,4,Total,1,82,*,,
Octopus by Dive,98E,2005,12,2,1,185,*,,
Octopus by Dive,98E,2005,12,5,1,198,*,,
Octopus by Dive,98E,2005,12,6,2,363,*,,
Octopus by Dive,98E,2005,12,8,3,1018,3209,,
Octopus by Dive,98E,2005,12,9,1,45,*,,
Octopus by Dive,98E,2005,12,13,1,108,*,,
Octopus by Dive,98E,2005,12,16,2,598,*,,
Octopus by Dive,98E,2005,12,17,2,928,*,,
Octopus by Dive,98E,2005,12,18,2,1021,*,,
Octopus by Dive,98E,2005,12,19,1,185,*,,
Octopus by Dive,98E,2005,12,26,1,332,*,,
Octopus by Dive,98E,2005,12,41,1,312,*,,
Octopus by Dive,98E,2005,12,Total,3,5293,13355,,
Octopus by Dive,98E,2005,13,1,3,365,872,,
Octopus by Dive,98E,2005,13,2,2,500,*,,
Octopus by Dive,98E,2005,13,6,1,367,*,,
Octopus by Dive,98E,2005,13,7,2,979,*,,
Octopus by Dive,98E,2005,13,8,2,486,*,,
Octopus by Dive,98E,2005,13,9,2,345,*,,
Octopus by Dive,98E,2005,13,10,1,90,*,,
Octopus by Dive,98E,2005,13,11,1,45,*,,
Octopus by Dive,98E,2005,13,12,1,90,*,,
Octopus by Dive,98E,2005,13,Total,4,3267,5484,,
Octopus by Dive,98E,2005,14,1,1,210,*,,
Octopus by Dive,98E,2005,14,2,2,430,*,,
Octopus by Dive,98E,2005,14,9,1,200,*,,
Octopus by Dive,98E,2005,14,13,2,935,*,,
Octopus by Dive,98E,2005,14,Total,2,1775,*,,
Octopus by Dive,98E,2005,15,1,1,150,*,,
Octopus by Dive,98E,2005,15,Total,1,150,*,,
Octopus by Dive,98E,2005,16,6,1,158,*,,
Octopus by Dive,98E,2005,16,9,1,203,*,,
Octopus by Dive,98E,2005,16,20,1,141,*,,
Octopus by Dive,98E,2005,16,21,1,129,*,,
Octopus by Dive,98E,2005,16,22,2,163,*,,
Octopus by Dive,98E,2005,16,Total,2,794,*,,
Octopus by Dive,98E,2005,17,1,1,25,*,,
Octopus by Dive,98E,2005,17,2,3,616,1207,,
Octopus by Dive,98E,2005,17,3,2,377,*,,
Octopus by Dive,98E,2005,17,4,1,89,*,,
Octopus by Dive,98E,2005,17,6,1,60,*,,
Octopus by Dive,98E,2005,17,7,1,47,*,,
Octopus by Dive,98E,2005,17,8,1,200,*,,
Octopus by Dive,98E,2005,17,9,1,200,*,,
Octopus by Dive,98E,2005,17,10,2,395,*,,
Octopus by Dive,98E,2005,17,12,2,229,*,,
Octopus by Dive,98E,2005,17,13,1,80,*,,
Octopus by Dive,98E,2005,17,16,1,79,*,,
Octopus by Dive,98E,2005,17,17,2,432,*,,
Octopus by Dive,98E,2005,17,18,2,128,*,,
Octopus by Dive,98E,2005,17,19,1,18,*,,
Octopus by Dive,98E,2005,17,Total,3,2975,5763,,
Octopus by Dive,98E,2005,18,1,1,600,*,,
Octopus by Dive,98E,2005,18,2,3,1150,2774,,
Octopus by Dive,98E,2005,18,3,2,222,*,,
Octopus by Dive,98E,2005,18,4,1,1550,*,,
Octopus by Dive,98E,2005,18,5,2,733,*,,
Octopus by Dive,98E,2005,18,6,2,3220,*,,
Octopus by Dive,98E,2005,18,7,2,1110,*,,
Octopus by Dive,98E,2005,18,9,1,24,*,,
Octopus by Dive,98E,2005,18,10,2,380,*,,
Octopus by Dive,98E,2005,18,Total,3,8989,17381,,
Octopus by Dive,98E,2005,19,1,2,295,*,,
Octopus by Dive,98E,2005,19,3,4,4379,9164,,
Octopus by Dive,98E,2005,19,4,3,1340,2317,,
Octopus by Dive,98E,2005,19,5,1,1470,*,,
Octopus by Dive,98E,2005,19,7,1,125,*,,
Octopus by Dive,98E,2005,19,Total,4,7609,14840,,
Octopus by Dive,98E,2005,20,5,2,2130,*,,
Octopus by Dive,98E,2005,20,6,1,200,*,,
Octopus by Dive,98E,2005,20,Total,2,2330,*,,
Octopus by Dive,98E,2005,24,6,3,2042,6310,,
Octopus by Dive,98E,2005,24,8,3,610,**,,
Octopus by Dive,98E,2005,24,9,1,100,*,,
Octopus by Dive,98E,2005,24,Total,3,2752,8252,,
Octopus by Dive,98E,2005,29,4,2,222,*,,
Octopus by Dive,98E,2005,29,5,1,60,*,,
Octopus by Dive,98E,2005,29,Total,2,282,*,,
Octopus by Dive,98E,2006,4,8,1,110,*,,
Octopus by Dive,98E,2006,4,9,1,102,*,,
Octopus by Dive,98E,2006,4,Total,1,212,*,,
Octopus by Dive,98E,2006,12,5,1,300,*,,
Octopus by Dive,98E,2006,12,6,2,1015,*,,
Octopus by Dive,98E,2006,12,8,3,3792,9067,,
Octopus by Dive,98E,2006,12,9,1,180,*,,
Octopus by Dive,98E,2006,12,13,1,50,*,,
Octopus by Dive,98E,2006,12,15,1,150,*,,
Octopus by Dive,98E,2006,12,16,3,1236,3211,,
Octopus by Dive,98E,2006,12,17,3,901,2420,,
Octopus by Dive,98E,2006,12,18,2,1808,*,,
Octopus by Dive,98E,2006,12,19,2,581,*,,
Octopus by Dive,98E,2006,12,Total,3,10013,24320,,
Octopus by Dive,98E,2006,13,3,1,70,*,,
Octopus by Dive,98E,2006,13,6,1,50,*,,
Octopus by Dive,98E,2006,13,7,1,90,*,,
Octopus by Dive,98E,2006,13,10,1,90,*,,
Octopus by Dive,98E,2006,13,12,1,40,*,,
Octopus by Dive,98E,2006,13,Total,1,340,*,,
Octopus by Dive,98E,2006,14,1,1,40,*,,
Octopus by Dive,98E,2006,14,2,1,200,*,,
Octopus by Dive,98E,2006,14,13,1,290,*,,
Octopus by Dive,98E,2006,14,Total,2,530,*,,
Octopus by Dive,98E,2006,15,2,1,140,*,,
Octopus by Dive,98E,2006,15,Total,1,140,*,,
Octopus by Dive,98E,2006,17,2,2,740,*,,
Octopus by Dive,98E,2006,17,3,2,560,*,,
Octopus by Dive,98E,2006,17,4,1,200,*,,
Octopus by Dive,98E,2006,17,5,1,200,*,,
Octopus by Dive,98E,2006,17,7,1,200,*,,
Octopus by Dive,98E,2006,17,8,1,450,*,,
Octopus by Dive,98E,2006,17,10,1,245,*,,
Octopus by Dive,98E,2006,17,12,2,490,*,,
Octopus by Dive,98E,2006,17,18,2,475,*,,
Octopus by Dive,98E,2006,17,Total,2,3560,*,,
Octopus by Dive,98E,2006,18,1,1,110,*,,
Octopus by Dive,98E,2006,18,2,2,1610,*,,
Octopus by Dive,98E,2006,18,3,1,45,*,,
Octopus by Dive,98E,2006,18,4,2,905,*,,
Octopus by Dive,98E,2006,18,5,2,550,*,,
Octopus by Dive,98E,2006,18,6,2,3625,*,,
Octopus by Dive,98E,2006,18,7,2,855,*,,
Octopus by Dive,98E,2006,18,8,1,325,*,,
Octopus by Dive,98E,2006,18,10,2,235,*,,
Octopus by Dive,98E,2006,18,Total,2,8260,*,,
Octopus by Dive,98E,2006,19,3,3,2810,4590,,
Octopus by Dive,98E,2006,19,4,3,550,895,,
Octopus by Dive,98E,2006,19,5,1,1040,*,,
Octopus by Dive,98E,2006,19,7,1,325,*,,
Octopus by Dive,98E,2006,19,8,1,165,*,,
Octopus by Dive,98E,2006,19,Total,3,4890,8475,,
Octopus by Dive,98E,2006,20,2,1,240,*,,
Octopus by Dive,98E,2006,20,5,2,2490,*,,
Octopus by Dive,98E,2006,20,7,1,40,*,,
Octopus by Dive,98E,2006,20,Total,2,2770,*,,
Octopus by Dive,98E,2006,29,5,2,475,*,,
Octopus by Dive,98E,2006,29,Total,2,475,*,,
Octopus by Dive,98E,2007,5,23,1,94,*,,
Octopus by Dive,98E,2007,5,Total,1,94,*,,
Octopus by Dive,98E,2007,12,6,1,180,*,,
Octopus by Dive,98E,2007,12,8,1,1380,*,,
Octopus by Dive,98E,2007,12,15,1,225,*,,
Octopus by Dive,98E,2007,12,16,2,635,*,,
Octopus by Dive,98E,2007,12,17,1,120,*,,
Octopus by Dive,98E,2007,12,18,1,420,*,,
Octopus by Dive,98E,2007,12,19,1,180,*,,
Octopus by Dive,98E,2007,12,Total,2,3140,*,,
Octopus by Dive,98E,2007,13,1,2,250,*,,
Octopus by Dive,98E,2007,13,2,2,300,*,,
Octopus by Dive,98E,2007,13,7,1,80,*,,
Octopus by Dive,98E,2007,13,9,1,80,*,,
Octopus by Dive,98E,2007,13,Total,2,710,*,,
Octopus by Dive,98E,2007,14,1,2,590,*,,
Octopus by Dive,98E,2007,14,2,1,30,*,,
Octopus by Dive,98E,2007,14,13,1,305,*,,
Octopus by Dive,98E,2007,14,Total,2,925,*,,
Octopus by Dive,98E,2007,15,1,1,135,*,,
Octopus by Dive,98E,2007,15,Total,1,135,*,,
Octopus by Dive,98E,2007,16,9,1,208,*,,
Octopus by Dive,98E,2007,16,11,1,60,*,,
Octopus by Dive,98E,2007,16,20,1,240,*,,
Octopus by Dive,98E,2007,16,21,1,45,*,,
Octopus by Dive,98E,2007,16,Total,1,553,*,,
Octopus by Dive,98E,2007,17,1,1,200,*,,
Octopus by Dive,98E,2007,17,2,1,750,*,,
Octopus by Dive,98E,2007,17,3,3,1293,2141,,
Octopus by Dive,98E,2007,17,4,1,75,*,,
Octopus by Dive,98E,2007,17,10,1,30,*,,
Octopus by Dive,98E,2007,17,12,1,200,*,,
Octopus by Dive,98E,2007,17,15,1,68,*,,
Octopus by Dive,98E,2007,17,17,1,350,*,,
Octopus by Dive,98E,2007,17,18,1,205,*,,
Octopus by Dive,98E,2007,17,19,2,168,*,,
Octopus by Dive,98E,2007,17,21,1,85,*,,
Octopus by Dive,98E,2007,17,Total,3,3424,5978,,
Octopus by Dive,98E,2007,18,1,1,520,*,,
Octopus by Dive,98E,2007,18,2,2,995,*,,
Octopus by Dive,98E,2007,18,3,2,190,*,,
Octopus by Dive,98E,2007,18,4,1,200,*,,
Octopus by Dive,98E,2007,18,5,1,200,*,,
Octopus by Dive,98E,2007,18,6,2,3240,*,,
Octopus by Dive,98E,2007,18,7,2,1210,*,,
Octopus by Dive,98E,2007,18,Total,2,6555,*,,
Octopus by Dive,98E,2007,19,3,3,2180,5389,,
Octopus by Dive,98E,2007,19,4,2,550,*,,
Octopus by Dive,98E,2007,19,5,2,830,*,,
Octopus by Dive,98E,2007,19,7,1,120,*,,
Octopus by Dive,98E,2007,19,Total,3,3680,8094,,
Octopus by Dive,98E,2007,20,5,1,2125,*,,
Octopus by Dive,98E,2007,20,6,1,400,*,,
Octopus by Dive,98E,2007,20,Total,1,2525,*,,
Octopus by Dive,98E,2007,24,6,1,90,*,,
Octopus by Dive,98E,2007,24,8,1,121,*,,
Octopus by Dive,98E,2007,24,Total,1,211,*,,
Octopus by Dive,98E,2007,29,5,1,120,*,,
Octopus by Dive,98E,2007,29,Total,1,120,*,,
Octopus by Dive,98E,2008,12,6,1,371,*,,
Octopus by Dive,98E,2008,12,8,2,913,*,,
Octopus by Dive,98E,2008,12,15,1,135,*,,
Octopus by Dive,98E,2008,12,16,2,360,*,,
Octopus by Dive,98E,2008,12,17,2,365,*,,
Octopus by Dive,98E,2008,12,18,1,140,*,,
Octopus by Dive,98E,2008,12,19,1,192,*,,
Octopus by Dive,98E,2008,12,Total,2,2476,*,,
Octopus by Dive,98E,2008,13,2,2,600,*,,
Octopus by Dive,98E,2008,13,Total,2,600,*,,
Octopus by Dive,98E,2008,14,1,1,600,*,,
Octopus by Dive,98E,2008,14,2,1,150,*,,
Octopus by Dive,98E,2008,14,5,1,200,*,,
Octopus by Dive,98E,2008,14,9,1,200,*,,
Octopus by Dive,98E,2008,14,13,1,135,*,,
Octopus by Dive,98E,2008,14,Total,2,1285,*,,
Octopus by Dive,98E,2008,17,2,1,400,*,,
Octopus by Dive,98E,2008,17,3,1,100,*,,
Octopus by Dive,98E,2008,17,4,1,200,*,,
Octopus by Dive,98E,2008,17,5,1,200,*,,
Octopus by Dive,98E,2008,17,7,1,180,*,,
Octopus by Dive,98E,2008,17,8,1,200,*,,
Octopus by Dive,98E,2008,17,10,2,270,*,,
Octopus by Dive,98E,2008,17,12,1,165,*,,
Octopus by Dive,98E,2008,17,17,1,200,*,,
Octopus by Dive,98E,2008,17,18,2,235,*,,
Octopus by Dive,98E,2008,17,Total,2,2150,*,,
Octopus by Dive,98E,2008,18,1,1,400,*,,
Octopus by Dive,98E,2008,18,2,2,820,*,,
Octopus by Dive,98E,2008,18,3,1,60,*,,
Octopus by Dive,98E,2008,18,4,1,200,*,,
Octopus by Dive,98E,2008,18,5,2,410,*,,
Octopus by Dive,98E,2008,18,6,2,2170,*,,
Octopus by Dive,98E,2008,18,7,2,490,*,,
Octopus by Dive,98E,2008,18,8,1,200,*,,
Octopus by Dive,98E,2008,18,Total,2,4750,*,,
Octopus by Dive,98E,2008,19,3,2,1305,*,,
Octopus by Dive,98E,2008,19,4,2,630,*,,
Octopus by Dive,98E,2008,19,5,1,600,*,,
Octopus by Dive,98E,2008,19,7,1,35,*,,
Octopus by Dive,98E,2008,19,Total,2,2570,*,,
Octopus by Dive,98E,2008,20,1,1,200,*,,
Octopus by Dive,98E,2008,20,2,1,200,*,,
Octopus by Dive,98E,2008,20,5,1,2080,*,,
Octopus by Dive,98E,2008,20,Total,1,2480,*,,
Octopus by Dive,98E,2008,29,5,2,235,*,,
Octopus by Dive,98E,2008,29,Total,2,235,*,,
Octopus by Dive,98E,2009,13,2,1,165,*,,
Octopus by Dive,98E,2009,13,9,1,80,*,,
Octopus by Dive,98E,2009,13,Total,1,245,*,,
Octopus by Dive,98E,2009,14,1,1,35,*,,
Octopus by Dive,98E,2009,14,Total,1,35,*,,
Octopus by Dive,98E,2009,15,1,1,180,*,,
Octopus by Dive,98E,2009,15,Total,1,180,*,,
Octopus by Dive,98E,2009,17,2,1,400,*,,
Octopus by Dive,98E,2009,17,3,1,375,*,,
Octopus by Dive,98E,2009,17,4,1,200,*,,
Octopus by Dive,98E,2009,17,5,1,200,*,,
Octopus by Dive,98E,2009,17,7,1,400,*,,
Octopus by Dive,98E,2009,17,10,2,230,*,,
Octopus by Dive,98E,2009,17,18,1,60,*,,
Octopus by Dive,98E,2009,17,Total,2,1865,*,,
Octopus by Dive,98E,2009,18,1,1,65,*,,
Octopus by Dive,98E,2009,18,2,2,955,*,,
Octopus by Dive,98E,2009,18,4,1,200,*,,
Octopus by Dive,98E,2009,18,5,1,200,*,,
Octopus by Dive,98E,2009,18,6,2,1620,*,,
Octopus by Dive,98E,2009,18,7,2,950,*,,
Octopus by Dive,98E,2009,18,9,1,200,*,,
Octopus by Dive,98E,2009,18,10,1,200,*,,
Octopus by Dive,98E,2009,18,Total,2,4390,*,,
Octopus by Dive,98E,2009,19,3,2,1185,*,,
Octopus by Dive,98E,2009,19,4,1,100,*,,
Octopus by Dive,98E,2009,19,7,1,150,*,,
Octopus by Dive,98E,2009,19,Total,2,1435,*,,
Octopus by Dive,98E,2009,20,2,1,400,*,,
Octopus by Dive,98E,2009,20,5,1,1600,*,,
Octopus by Dive,98E,2009,20,Total,1,2000,*,,
Octopus by Dive,98E,2009,29,5,1,30,*,,
Octopus by Dive,98E,2009,29,Total,1,30,*,,
Octopus by Dive,98E,2010,12,8,1,501,*,,
Octopus by Dive,98E,2010,12,17,1,420,*,,
Octopus by Dive,98E,2010,12,18,1,75,*,,
Octopus by Dive,98E,2010,12,19,1,128,*,,
Octopus by Dive,98E,2010,12,26,1,252,*,,
Octopus by Dive,98E,2010,12,41,1,123,*,,
Octopus by Dive,98E,2010,12,Total,1,1499,*,,
Octopus by Dive,98E,2010,13,1,1,150,*,,
Octopus by Dive,98E,2010,13,2,1,150,*,,
Octopus by Dive,98E,2010,13,7,1,40,*,,
Octopus by Dive,98E,2010,13,8,1,50,*,,
Octopus by Dive,98E,2010,13,9,1,30,*,,
Octopus by Dive,98E,2010,13,Total,1,420,*,,
Octopus by Dive,98E,2010,14,1,1,135,*,,
Octopus by Dive,98E,2010,14,Total,1,135,*,,
Octopus by Dive,98E,2010,17,2,2,340,*,,
Octopus by Dive,98E,2010,17,3,1,270,*,,
Octopus by Dive,98E,2010,17,5,1,350,*,,
Octopus by Dive,98E,2010,17,7,1,200,*,,
Octopus by Dive,98E,2010,17,10,1,100,*,,
Octopus by Dive,98E,2010,17,12,1,210,*,,
Octopus by Dive,98E,2010,17,13,1,30,*,,
Octopus by Dive,98E,2010,17,17,1,400,*,,
Octopus by Dive,98E,2010,17,18,1,70,*,,
Octopus by Dive,98E,2010,17,Total,2,1970,*,,
Octopus by Dive,98E,2010,18,1,1,60,*,,
Octopus by Dive,98E,2010,18,2,2,450,*,,
Octopus by Dive,98E,2010,18,3,1,55,*,,
Octopus by Dive,98E,2010,18,4,1,80,*,,
Octopus by Dive,98E,2010,18,5,1,30,*,,
Octopus by Dive,98E,2010,18,6,1,735,*,,
Octopus by Dive,98E,2010,18,7,2,695,*,,
Octopus by Dive,98E,2010,18,9,1,200,*,,
Octopus by Dive,98E,2010,18,Total,2,2305,*,,
Octopus by Dive,98E,2010,19,3,1,530,*,,
Octopus by Dive,98E,2010,19,4,1,200,*,,
Octopus by Dive,98E,2010,19,5,2,535,*,,
Octopus by Dive,98E,2010,19,7,1,290,*,,
Octopus by Dive,98E,2010,19,8,1,30,*,,
Octopus by Dive,98E,2010,19,Total,2,1585,*,,
Octopus by Dive,98E,2010,20,2,1,200,*,,
Octopus by Dive,98E,2010,20,5,1,400,*,,
Octopus by Dive,98E,2010,20,Total,1,600,*,,
Octopus by Dive,98E,2010,29,4,1,30,*,,
Octopus by Dive,98E,2010,29,5,1,70,*,,
Octopus by Dive,98E,2010,29,Total,1,100,*,,
Octopus by Dive,98E,2011,12,6,1,33,*,,
Octopus by Dive,98E,2011,12,18,1,45,*,,
Octopus by Dive,98E,2011,12,19,1,220,*,,
Octopus by Dive,98E,2011,12,26,1,455,*,,
Octopus by Dive,98E,2011,12,Total,1,753,*,,
Octopus by Dive,98E,2011,17,3,1,120,*,,
Octopus by Dive,98E,2011,17,13,1,90,*,,
Octopus by Dive,98E,2011,17,Total,1,210,*,,
Octopus by Dive,98E,2011,18,2,1,475,*,,
Octopus by Dive,98E,2011,18,3,1,30,*,,
Octopus by Dive,98E,2011,18,6,2,1731,*,,
Octopus by Dive,98E,2011,18,7,1,283,*,,
Octopus by Dive,98E,2011,18,10,1,160,*,,
Octopus by Dive,98E,2011,18,Total,2,2679,*,,
Octopus by Dive,98E,2011,19,3,2,1809,*,,
Octopus by Dive,98E,2011,19,4,1,205,*,,
Octopus by Dive,98E,2011,19,7,1,374,*,,
Octopus by Dive,98E,2011,19,Total,2,2388,*,,
Octopus by Dive,98E,2011,20,4,1,200,*,,
Octopus by Dive,98E,2011,20,5,1,75,*,,
Octopus by Dive,98E,2011,20,Total,2,275,*,,
Octopus by Dive,98E,2011,29,4,1,30,*,,
Octopus by Dive,98E,2011,29,Total,1,30,*,,
Octopus by Dive,98E,2012,14,9,1,98,*,,
Octopus by Dive,98E,2012,14,13,2,338,*,,
Octopus by Dive,98E,2012,14,Total,2,436,*,,
Octopus by Dive,98E,2012,16,1,1,224,*,,
Octopus by Dive,98E,2012,16,20,1,225,*,,
Octopus by Dive,98E,2012,16,21,1,48,*,,
Octopus by Dive,98E,2012,16,22,1,172,*,,
Octopus by Dive,98E,2012,16,Total,1,669,*,,
Octopus by Dive,98E,2012,17,3,1,135,*,,
Octopus by Dive,98E,2012,17,12,1,60,*,,
Octopus by Dive,98E,2012,17,18,1,70,*,,
Octopus by Dive,98E,2012,17,Total,1,265,*,,
Octopus by Dive,98E,2012,18,1,2,128,*,,
Octopus by Dive,98E,2012,18,2,2,618,*,,
Octopus by Dive,98E,2012,18,4,2,160,*,,
Octopus by Dive,98E,2012,18,5,2,330,*,,
Octopus by Dive,98E,2012,18,6,1,980,*,,
Octopus by Dive,98E,2012,18,7,2,635,*,,
Octopus by Dive,98E,2012,18,10,1,30,*,,
Octopus by Dive,98E,2012,18,Total,3,2881,7959,,
Octopus by Dive,98E,2012,19,1,1,45,*,,
Octopus by Dive,98E,2012,19,3,2,2175,*,,
Octopus by Dive,98E,2012,19,4,2,580,*,,
Octopus by Dive,98E,2012,19,5,1,90,*,,
Octopus by Dive,98E,2012,19,7,1,245,*,,
Octopus by Dive,98E,2012,19,Total,2,3135,*,,
Octopus by Dive,98E,2012,20,5,2,600,*,,
Octopus by Dive,98E,2012,20,Total,2,600,*,,
Octopus by Dive,98E,2013,12,8,2,580,*,,
Octopus by Dive,98E,2013,12,15,1,90,*,,
Octopus by Dive,98E,2013,12,16,1,225,*,,
Octopus by Dive,98E,2013,12,17,2,826,*,,
Octopus by Dive,98E,2013,12,18,1,180,*,,
Octopus by Dive,98E,2013,12,19,1,145,*,,
Octopus by Dive,98E,2013,12,Total,2,2046,*,,
Octopus by Dive,98E,2013,13,2,1,50,*,,
Octopus by Dive,98E,2013,13,7,1,110,*,,
Octopus by Dive,98E,2013,13,9,1,35,*,,
Octopus by Dive,98E,2013,13,Total,1,195,*,,
Octopus by Dive,98E,2013,14,13,1,100,*,,
Octopus by Dive,98E,2013,14,Total,1,100,*,,
Octopus by Dive,98E,2013,16,22,1,90,*,,
Octopus by Dive,98E,2013,16,Total,1,90,*,,
Octopus by Dive,98E,2013,17,2,1,30,*,,
Octopus by Dive,98E,2013,17,10,1,30,*,,
Octopus by Dive,98E,2013,17,12,1,70,*,,
Octopus by Dive,98E,2013,17,Total,1,130,*,,
Octopus by Dive,98E,2013,18,1,1,30,*,,
Octopus by Dive,98E,2013,18,2,1,90,*,,
Octopus by Dive,98E,2013,18,3,1,70,*,,
Octopus by Dive,98E,2013,18,4,1,155,*,,
Octopus by Dive,98E,2013,18,5,1,30,*,,
Octopus by Dive,98E,2013,18,6,1,590,*,,
Octopus by Dive,98E,2013,18,7,1,70,*,,
Octopus by Dive,98E,2013,18,10,1,30,*,,
Octopus by Dive,98E,2013,18,Total,1,1065,*,,
Octopus by Dive,98E,2013,19,3,1,1615,*,,
Octopus by Dive,98E,2013,19,4,1,335,*,,
Octopus by Dive,98E,2013,19,5,1,60,*,,
Octopus by Dive,98E,2013,19,7,1,135,*,,
Octopus by Dive,98E,2013,19,Total,1,2145,*,,
Octopus by Dive,98E,2013,20,5,1,30,*,,
Octopus by Dive,98E,2013,20,Total,1,30,*,,
Purple Urchin,6BD,1990,20,3,1,NULL,*,,
Purple Urchin,6BD,1990,20,Total,1,NULL,*,,
Purple Urchin,6BD,1991,20,2,1,NULL,*,,
Purple Urchin,6BD,1991,20,3,4,NULL,63650,,
Purple Urchin,6BD,1991,20,5,3,NULL,**,,
Purple Urchin,6BD,1991,20,Total,4,NULL,73726,,
Purple Urchin,6BD,1991,24,1,1,NULL,*,,
Purple Urchin,6BD,1991,24,Total,1,NULL,*,,
Purple Urchin,6BD,1992,20,3,4,NULL,64064,,
Purple Urchin,6BD,1992,20,Total,4,NULL,64064,,
Red Urchin,6BC,1982,14,7,2,1490,*,,
Red Urchin,6BC,1982,14,9,1,165,*,,
Red Urchin,6BC,1982,14,11,2,0,*,,
Red Urchin,6BC,1982,14,Total,2,1655,*,,
Red Urchin,6BC,1982,19,5,1,1310,*,,
Red Urchin,6BC,1982,19,Total,1,1310,*,,
Red Urchin,6BC,1982,24,6,1,470,*,,
Red Urchin,6BC,1982,24,8,1,1100,*,,
Red Urchin,6BC,1982,24,Total,1,1570,*,,
Red Urchin,6BC,1983,6,0,1,0,*,,
Red Urchin,6BC,1983,6,Total,1,0,*,,
Red Urchin,6BC,1983,12,7,4,11113,118241,,
Red Urchin,6BC,1983,12,18,4,2878,35008,,
Red Urchin,6BC,1983,12,Total,7,13991,153249,,
Red Urchin,6BC,1983,13,0,1,3120,*,,
Red Urchin,6BC,1983,13,1,1,1200,*,,
Red Urchin,6BC,1983,13,3,4,3425,172346,,
Red Urchin,6BC,1983,13,4,1,5400,*,,
Red Urchin,6BC,1983,13,5,1,4740,*,,
Red Urchin,6BC,1983,13,6,4,2744,38663,,
Red Urchin,6BC,1983,13,12,4,6170,100356,,
Red Urchin,6BC,1983,13,29,1,1110,*,,
Red Urchin,6BC,1983,13,30,1,1150,*,,
Red Urchin,6BC,1983,13,Total,11,29059,486294,,
Red Urchin,6BC,1983,14,11,2,645,*,,
Red Urchin,6BC,1983,14,12,2,0,*,,
Red Urchin,6BC,1983,14,Total,2,645,*,,
Red Urchin,6BC,1983,17,3,2,0,*,,
Red Urchin,6BC,1983,17,Total,2,0,*,,
Red Urchin,6BC,1983,18,0,1,2000,*,,
Red Urchin,6BC,1983,18,6,2,2510,*,,
Red Urchin,6BC,1983,18,Total,3,4510,39443,,
Red Urchin,6BC,1983,19,0,1,0,*,,
Red Urchin,6BC,1983,19,4,5,14070,**,,
Red Urchin,6BC,1983,19,Total,6,14070,196237,,
Red Urchin,6BC,1983,20,5,3,6150,44367,,
Red Urchin,6BC,1983,20,Total,3,6150,44367,,
Red Urchin,6BC,1983,23,4,1,480,*,,
Red Urchin,6BC,1983,23,5,1,500,*,,
Red Urchin,6BC,1983,23,7,1,1140,*,,
Red Urchin,6BC,1983,23,Total,1,2120,*,,
Red Urchin,6BC,1983,24,8,1,3235,*,,
Red Urchin,6BC,1983,24,Total,1,3235,*,,
Red Urchin,6BC,1983,26,1,1,11922,*,,
Red Urchin,6BC,1983,26,Total,1,11922,*,,
Red Urchin,6BC,1984,11,0,1,120,*,,
Red Urchin,6BC,1984,11,Total,1,120,*,,
Red Urchin,6BC,1984,12,1,1,580,*,,
Red Urchin,6BC,1984,12,11,3,35460,170071,,
Red Urchin,6BC,1984,12,12,1,1120,*,,
Red Urchin,6BC,1984,12,16,1,2400,*,,
Red Urchin,6BC,1984,12,17,1,400,*,,
Red Urchin,6BC,1984,12,18,12,36335,502252,,
Red Urchin,6BC,1984,12,19,3,2720,10271,,
Red Urchin,6BC,1984,12,24,1,1200,*,,
Red Urchin,6BC,1984,12,Total,15,80215,725809,,
Red Urchin,6BC,1984,13,1,7,16220,599813,,
Red Urchin,6BC,1984,13,2,2,0,*,,
Red Urchin,6BC,1984,13,3,1,5750,*,,
Red Urchin,6BC,1984,13,4,1,1373,*,,
Red Urchin,6BC,1984,13,5,1,1200,*,,
Red Urchin,6BC,1984,13,6,2,4720,*,,
Red Urchin,6BC,1984,13,10,1,3750,*,,
Red Urchin,6BC,1984,13,12,7,12560,178257,,
Red Urchin,6BC,1984,13,13,2,0,*,,
Red Urchin,6BC,1984,13,16,3,0,40866,,
Red Urchin,6BC,1984,13,20,4,2000,178271,,
Red Urchin,6BC,1984,13,23,2,300,*,,
Red Urchin,6BC,1984,13,28,1,10620,*,,
Red Urchin,6BC,1984,13,31,1,480,*,,
Red Urchin,6BC,1984,13,32,1,4800,*,,
Red Urchin,6BC,1984,13,33,1,780,*,,
Red Urchin,6BC,1984,13,35,1,720,*,,
Red Urchin,6BC,1984,13,Total,14,65273,1469542,,
Red Urchin,6BC,1984,14,7,2,13840,*,,
Red Urchin,6BC,1984,14,9,2,8150,*,,
Red Urchin,6BC,1984,14,11,2,9850,*,,
Red Urchin,6BC,1984,14,Total,3,31840,365133,,
Red Urchin,6BC,1984,17,2,1,5960,*,,
Red Urchin,6BC,1984,17,Total,1,5960,*,,
Red Urchin,6BC,1984,18,2,2,1760,*,,
Red Urchin,6BC,1984,18,3,1,1380,*,,
Red Urchin,6BC,1984,18,4,1,3400,*,,
Red Urchin,6BC,1984,18,6,4,5820,66893,,
Red Urchin,6BC,1984,18,10,1,90,*,,
Red Urchin,6BC,1984,18,Total,4,12450,132951,,
Red Urchin,6BC,1984,19,4,1,7010,*,,
Red Urchin,6BC,1984,19,6,1,3300,*,,
Red Urchin,6BC,1984,19,Total,2,10310,*,,
Red Urchin,6BC,1984,20,5,6,8595,80127,,
Red Urchin,6BC,1984,20,Total,6,8595,80127,,
Red Urchin,6BC,1984,23,5,1,3960,*,,
Red Urchin,6BC,1984,23,7,1,1080,*,,
Red Urchin,6BC,1984,23,Total,1,5040,*,,
Red Urchin,6BC,1984,24,6,1,1320,*,,
Red Urchin,6BC,1984,24,8,2,3425,*,,
Red Urchin,6BC,1984,24,Total,3,4745,42885,,
Red Urchin,6BC,1984,26,1,1,1365,*,,
Red Urchin,6BC,1984,26,Total,1,1365,*,,
Red Urchin,6BC,1984,29,5,1,980,*,,
Red Urchin,6BC,1984,29,Total,1,980,*,,
Red Urchin,6BC,1985,12,1,1,3690,*,,
Red Urchin,6BC,1985,12,2,1,1635,*,,
Red Urchin,6BC,1985,12,5,1,0,*,,
Red Urchin,6BC,1985,12,18,5,12935,249536,,
Red Urchin,6BC,1985,12,25,1,660,*,,
Red Urchin,6BC,1985,12,Total,8,18920,319074,,
Red Urchin,6BC,1985,13,1,9,14276,308812,,
Red Urchin,6BC,1985,13,2,7,19465,336547,,
Red Urchin,6BC,1985,13,7,1,0,*,,
Red Urchin,6BC,1985,13,12,1,990,*,,
Red Urchin,6BC,1985,13,32,1,300,*,,
Red Urchin,6BC,1985,13,33,2,980,*,,
Red Urchin,6BC,1985,13,Total,15,36011,704026,,
Red Urchin,6BC,1985,14,0,1,2200,*,,
Red Urchin,6BC,1985,14,7,7,7180,125806,,
Red Urchin,6BC,1985,14,8,2,2015,*,,
Red Urchin,6BC,1985,14,9,7,12530,206647,,
Red Urchin,6BC,1985,14,12,6,15780,256194,,
Red Urchin,6BC,1985,14,Total,11,39705,641009,,
Red Urchin,6BC,1985,15,2,6,18290,**,,
Red Urchin,6BC,1985,15,4,2,810,*,,
Red Urchin,6BC,1985,15,Total,6,19100,346196,,
Red Urchin,6BC,1985,16,9,1,200,*,,
Red Urchin,6BC,1985,16,Total,1,200,*,,
Red Urchin,6BC,1985,17,2,2,2440,*,,
Red Urchin,6BC,1985,17,17,1,2000,*,,
Red Urchin,6BC,1985,17,Total,3,4440,36324,,
Red Urchin,6BC,1985,18,2,2,5030,*,,
Red Urchin,6BC,1985,18,3,1,420,*,,
Red Urchin,6BC,1985,18,4,1,400,*,,
Red Urchin,6BC,1985,18,6,2,2728,*,,
Red Urchin,6BC,1985,18,9,1,2280,*,,
Red Urchin,6BC,1985,18,Total,4,10858,88993,,
Red Urchin,6BC,1985,19,5,3,3390,27430,,
Red Urchin,6BC,1985,19,Total,3,3390,27430,,
Red Urchin,6BC,1985,20,5,3,2840,41442,,
Red Urchin,6BC,1985,20,Total,3,2840,41442,,
Red Urchin,6BC,1985,23,11,2,7130,*,,
Red Urchin,6BC,1985,23,Total,2,7130,*,,
Red Urchin,6BC,1985,24,6,2,2730,*,,
Red Urchin,6BC,1985,24,8,3,7580,**,,
Red Urchin,6BC,1985,24,Total,4,10310,92459,,
Red Urchin,6BC,1985,25,0,1,1200,*,,
Red Urchin,6BC,1985,25,6,5,4840,50026,,
Red Urchin,6BC,1985,25,7,2,900,*,,
Red Urchin,6BC,1985,25,13,4,7670,76090,,
Red Urchin,6BC,1985,25,Total,6,14610,143841,,
Red Urchin,6BC,1985,26,1,1,1200,*,,
Red Urchin,6BC,1985,26,Total,1,1200,*,,
Red Urchin,6BC,1985,27,9,3,4180,107162,,
Red Urchin,6BC,1985,27,Total,3,4180,107162,,
Red Urchin,6BC,1986,10,2,1,0,*,,
Red Urchin,6BC,1986,10,Total,1,0,*,,
Red Urchin,6BC,1986,11,2,2,800,*,,
Red Urchin,6BC,1986,11,Total,2,800,*,,
Red Urchin,6BC,1986,12,0,1,2200,*,,
Red Urchin,6BC,1986,12,5,6,6250,101885,,
Red Urchin,6BC,1986,12,6,5,5653,106968,,
Red Urchin,6BC,1986,12,8,3,4640,128100,,
Red Urchin,6BC,1986,12,11,8,22886,345746,,
Red Urchin,6BC,1986,12,12,2,1372,*,,
Red Urchin,6BC,1986,12,16,2,5940,*,,
Red Urchin,6BC,1986,12,17,2,1380,*,,
Red Urchin,6BC,1986,12,18,4,4660,79390,,
Red Urchin,6BC,1986,12,19,2,3500,*,,
Red Urchin,6BC,1986,12,25,1,0,*,,
Red Urchin,6BC,1986,12,Total,22,58481,1023884,,
Red Urchin,6BC,1986,13,1,13,18243,297379,,
Red Urchin,6BC,1986,13,2,7,14815,218370,,
Red Urchin,6BC,1986,13,12,1,900,*,,
Red Urchin,6BC,1986,13,15,1,0,*,,
Red Urchin,6BC,1986,13,28,2,930,*,,
Red Urchin,6BC,1986,13,33,1,0,*,,
Red Urchin,6BC,1986,13,Total,20,34888,636345,,
Red Urchin,6BC,1986,14,3,1,600,*,,
Red Urchin,6BC,1986,14,8,1,150,*,,
Red Urchin,6BC,1986,14,9,3,7050,108573,,
Red Urchin,6BC,1986,14,11,1,0,*,,
Red Urchin,6BC,1986,14,12,3,7160,178098,,
Red Urchin,6BC,1986,14,13,3,1850,43223,,
Red Urchin,6BC,1986,14,Total,9,16810,372937,,
Red Urchin,6BC,1986,15,1,2,4119,*,,
Red Urchin,6BC,1986,15,2,3,1440,32739,,
Red Urchin,6BC,1986,15,4,1,0,*,,
Red Urchin,6BC,1986,15,5,2,689,*,,
Red Urchin,6BC,1986,15,Total,7,6248,96930,,
Red Urchin,6BC,1986,16,22,1,1270,*,,
Red Urchin,6BC,1986,16,Total,1,1270,*,,
Red Urchin,6BC,1986,17,2,3,1190,15551,,
Red Urchin,6BC,1986,17,3,4,2545,56664,,
Red Urchin,6BC,1986,17,8,1,800,*,,
Red Urchin,6BC,1986,17,10,3,3200,55184,,
Red Urchin,6BC,1986,17,17,1,740,*,,
Red Urchin,6BC,1986,17,Total,10,8475,151954,,
Red Urchin,6BC,1986,18,2,2,2855,*,,
Red Urchin,6BC,1986,18,3,1,720,*,,
Red Urchin,6BC,1986,18,5,1,1200,*,,
Red Urchin,6BC,1986,18,6,1,300,*,,
Red Urchin,6BC,1986,18,7,2,25,*,,
Red Urchin,6BC,1986,18,9,2,1155,*,,
Red Urchin,6BC,1986,18,Total,7,6255,97951,,
Red Urchin,6BC,1986,19,5,5,6735,**,,
Red Urchin,6BC,1986,19,6,2,1690,*,,
Red Urchin,6BC,1986,19,Total,7,8425,134836,,
Red Urchin,6BC,1986,20,5,6,9465,89677,,
Red Urchin,6BC,1986,20,Total,6,9465,89677,,
Red Urchin,6BC,1986,23,5,1,3555,*,,
Red Urchin,6BC,1986,23,7,1,430,*,,
Red Urchin,6BC,1986,23,11,5,5160,41108,,
Red Urchin,6BC,1986,23,Total,6,9145,73693,,
Red Urchin,6BC,1986,24,6,7,11425,189874,,
Red Urchin,6BC,1986,24,7,3,465,5710,,
Red Urchin,6BC,1986,24,8,8,15725,310976,,
Red Urchin,6BC,1986,24,Total,10,27615,506560,,
Red Urchin,6BC,1986,26,0,1,450,*,,
Red Urchin,6BC,1986,26,Total,1,450,*,,
Red Urchin,6BC,1986,27,7,2,1260,*,,
Red Urchin,6BC,1986,27,9,7,13980,**,,
Red Urchin,6BC,1986,27,Total,7,15240,192956,,
Red Urchin,6BC,1986,29,5,2,255,*,,
Red Urchin,6BC,1986,29,Total,2,255,*,,
Red Urchin,6BC,1987,4,2,1,0,*,,
Red Urchin,6BC,1987,4,Total,1,0,*,,
Red Urchin,6BC,1987,7,8,1,970,*,,
Red Urchin,6BC,1987,7,17,2,6720,*,,
Red Urchin,6BC,1987,7,18,2,5000,*,,
Red Urchin,6BC,1987,7,25,2,2750,*,,
Red Urchin,6BC,1987,7,27,1,265,*,,
Red Urchin,6BC,1987,7,32,1,0,*,,
Red Urchin,6BC,1987,7,Total,7,15705,339866,,
Red Urchin,6BC,1987,8,2,6,7530,164228,,
Red Urchin,6BC,1987,8,Total,6,7530,164228,,
Red Urchin,6BC,1987,12,0,5,1570,53423,,
Red Urchin,6BC,1987,12,3,1,600,*,,
Red Urchin,6BC,1987,12,4,1,0,*,,
Red Urchin,6BC,1987,12,5,7,8249,71194,,
Red Urchin,6BC,1987,12,6,6,1620,61791,,
Red Urchin,6BC,1987,12,8,3,4530,65303,,
Red Urchin,6BC,1987,12,11,12,9213,113240,,
Red Urchin,6BC,1987,12,12,2,1600,*,,
Red Urchin,6BC,1987,12,13,1,0,*,,
Red Urchin,6BC,1987,12,16,3,920,20276,,
Red Urchin,6BC,1987,12,17,1,1680,*,,
Red Urchin,6BC,1987,12,18,3,1940,22082,,
Red Urchin,6BC,1987,12,19,2,4070,*,,
Red Urchin,6BC,1987,12,Total,26,35992,564660,,
Red Urchin,6BC,1987,13,0,1,1310,*,,
Red Urchin,6BC,1987,13,1,4,3000,61182,,
Red Urchin,6BC,1987,13,2,11,10728,300138,,
Red Urchin,6BC,1987,13,3,1,1130,*,,
Red Urchin,6BC,1987,13,12,1,2140,*,,
Red Urchin,6BC,1987,13,32,3,4731,134096,,
Red Urchin,6BC,1987,13,33,2,3075,*,,
Red Urchin,6BC,1987,13,35,1,1093,*,,
Red Urchin,6BC,1987,13,Total,17,27207,636960,,
Red Urchin,6BC,1987,14,8,5,3740,34625,,
Red Urchin,6BC,1987,14,9,1,840,*,,
Red Urchin,6BC,1987,14,11,1,420,*,,
Red Urchin,6BC,1987,14,12,5,13910,220228,,
Red Urchin,6BC,1987,14,13,3,3490,89519,,
Red Urchin,6BC,1987,14,Total,13,22400,368570,,
Red Urchin,6BC,1987,15,1,2,1800,*,,
Red Urchin,6BC,1987,15,2,4,4310,**,,
Red Urchin,6BC,1987,15,Total,6,6110,68951,,
Red Urchin,6BC,1987,17,0,1,1270,*,,
Red Urchin,6BC,1987,17,1,1,890,*,,
Red Urchin,6BC,1987,17,2,2,3730,*,,
Red Urchin,6BC,1987,17,3,3,3955,41573,,
Red Urchin,6BC,1987,17,10,1,541,*,,
Red Urchin,6BC,1987,17,12,1,100,*,,
Red Urchin,6BC,1987,17,17,4,200,7558,,
Red Urchin,6BC,1987,17,Total,12,10686,103146,,
Red Urchin,6BC,1987,18,2,3,1300,11215,,
Red Urchin,6BC,1987,18,5,2,0,*,,
Red Urchin,6BC,1987,18,6,5,7142,70782,,
Red Urchin,6BC,1987,18,7,1,220,*,,
Red Urchin,6BC,1987,18,9,2,1600,*,,
Red Urchin,6BC,1987,18,Total,10,10262,115605,,
Red Urchin,6BC,1987,19,0,3,775,30637,,
Red Urchin,6BC,1987,19,3,1,210,*,,
Red Urchin,6BC,1987,19,4,2,1440,*,,
Red Urchin,6BC,1987,19,5,9,7734,80708,,
Red Urchin,6BC,1987,19,Total,15,10159,132216,,
Red Urchin,6BC,1987,20,5,2,2840,*,,
Red Urchin,6BC,1987,20,6,2,4220,*,,
Red Urchin,6BC,1987,20,Total,4,7060,33539,,
Red Urchin,6BC,1987,23,0,2,1800,*,,
Red Urchin,6BC,1987,23,10,1,900,*,,
Red Urchin,6BC,1987,23,11,1,3814,*,,
Red Urchin,6BC,1987,23,Total,4,6514,82262,,
Red Urchin,6BC,1987,24,0,1,3540,*,,
Red Urchin,6BC,1987,24,2,5,2340,**,,
Red Urchin,6BC,1987,24,6,7,6485,88479,,
Red Urchin,6BC,1987,24,8,8,9149,105958,,
Red Urchin,6BC,1987,24,Total,10,21514,267918,,
Red Urchin,6BC,1987,25,0,1,1560,*,,
Red Urchin,6BC,1987,25,6,6,4360,46686,,
Red Urchin,6BC,1987,25,7,3,1366,20281,,
Red Urchin,6BC,1987,25,11,1,360,*,,
Red Urchin,6BC,1987,25,13,5,9025,98509,,
Red Urchin,6BC,1987,25,15,1,745,*,,
Red Urchin,6BC,1987,25,25,1,0,*,,
Red Urchin,6BC,1987,25,Total,10,17416,191426,,
Red Urchin,6BC,1987,26,1,1,336,*,,
Red Urchin,6BC,1987,26,6,2,390,*,,
Red Urchin,6BC,1987,26,Total,3,726,7040,,
Red Urchin,6BC,1987,27,2,1,460,*,,
Red Urchin,6BC,1987,27,7,2,1235,*,,
Red Urchin,6BC,1987,27,9,3,4786,64069,,
Red Urchin,6BC,1987,27,Total,4,6481,88483,,
Red Urchin,6BC,1988,4,0,1,240,*,,
Red Urchin,6BC,1988,4,1,2,2000,*,,
Red Urchin,6BC,1988,4,2,2,4050,*,,
Red Urchin,6BC,1988,4,4,4,2000,25707,,
Red Urchin,6BC,1988,4,Total,6,8290,97414,,
Red Urchin,6BC,1988,5,0,1,2000,*,,
Red Urchin,6BC,1988,5,20,1,0,*,,
Red Urchin,6BC,1988,5,21,1,40,*,,
Red Urchin,6BC,1988,5,Total,3,2040,44998,,
Red Urchin,6BC,1988,6,25,2,1005,*,,
Red Urchin,6BC,1988,6,Total,2,1005,*,,
Red Urchin,6BC,1988,7,0,1,0,*,,
Red Urchin,6BC,1988,7,4,2,2035,*,,
Red Urchin,6BC,1988,7,5,1,205,*,,
Red Urchin,6BC,1988,7,17,1,4118,*,,
Red Urchin,6BC,1988,7,18,9,18904,264458,,
Red Urchin,6BC,1988,7,25,5,14412,160214,,
Red Urchin,6BC,1988,7,27,2,3750,*,,
Red Urchin,6BC,1988,7,28,1,130,*,,
Red Urchin,6BC,1988,7,Total,15,43554,537650,,
Red Urchin,6BC,1988,8,0,1,2670,*,,
Red Urchin,6BC,1988,8,2,2,2185,*,,
Red Urchin,6BC,1988,8,Total,3,4855,56969,,
Red Urchin,6BC,1988,10,2,1,530,*,,
Red Urchin,6BC,1988,10,Total,1,530,*,,
Red Urchin,6BC,1988,11,2,1,540,*,,
Red Urchin,6BC,1988,11,Total,1,540,*,,
Red Urchin,6BC,1988,12,3,6,8031,101572,,
Red Urchin,6BC,1988,12,4,2,3060,*,,
Red Urchin,6BC,1988,12,5,21,19540,297922,,
Red Urchin,6BC,1988,12,6,8,9372,154976,,
Red Urchin,6BC,1988,12,11,21,14976,225789,,
Red Urchin,6BC,1988,12,15,1,300,*,,
Red Urchin,6BC,1988,12,16,5,1530,83936,,
Red Urchin,6BC,1988,12,17,1,480,*,,
Red Urchin,6BC,1988,12,18,8,4020,83580,,
Red Urchin,6BC,1988,12,19,2,3290,*,,
Red Urchin,6BC,1988,12,21,1,680,*,,
Red Urchin,6BC,1988,12,Total,39,65279,1043769,,
Red Urchin,6BC,1988,13,1,4,4000,70933,,
Red Urchin,6BC,1988,13,2,21,25949,326055,,
Red Urchin,6BC,1988,13,3,1,720,*,,
Red Urchin,6BC,1988,13,10,4,7922,80403,,
Red Urchin,6BC,1988,13,11,1,120,*,,
Red Urchin,6BC,1988,13,12,4,8830,71224,,
Red Urchin,6BC,1988,13,15,1,3040,*,,
Red Urchin,6BC,1988,13,28,1,3000,*,,
Red Urchin,6BC,1988,13,30,1,1002,*,,
Red Urchin,6BC,1988,13,31,1,2281,*,,
Red Urchin,6BC,1988,13,32,5,8189,101183,,
Red Urchin,6BC,1988,13,33,7,9129,102870,,
Red Urchin,6BC,1988,13,34,2,4035,*,,
Red Urchin,6BC,1988,13,35,1,650,*,,
Red Urchin,6BC,1988,13,36,1,190,*,,
Red Urchin,6BC,1988,13,39,2,685,*,,
Red Urchin,6BC,1988,13,40,1,260,*,,
Red Urchin,6BC,1988,13,41,1,1115,*,,
Red Urchin,6BC,1988,13,Total,35,81117,870154,,
Red Urchin,6BC,1988,14,9,1,500,*,,
Red Urchin,6BC,1988,14,10,1,1390,*,,
Red Urchin,6BC,1988,14,12,6,10835,149115,,
Red Urchin,6BC,1988,14,13,1,118,*,,
Red Urchin,6BC,1988,14,Total,8,12843,170756,,
Red Urchin,6BC,1988,15,2,1,240,*,,
Red Urchin,6BC,1988,15,3,1,100,*,,
Red Urchin,6BC,1988,15,Total,1,340,*,,
Red Urchin,6BC,1988,16,21,1,540,*,,
Red Urchin,6BC,1988,16,Total,1,540,*,,
Red Urchin,6BC,1988,17,2,2,530,*,,
Red Urchin,6BC,1988,17,Total,2,530,*,,
Red Urchin,6BC,1988,18,4,1,326,*,,
Red Urchin,6BC,1988,18,6,9,4255,71136,,
Red Urchin,6BC,1988,18,10,1,910,*,,
Red Urchin,6BC,1988,18,11,1,830,*,,
Red Urchin,6BC,1988,18,Total,11,6321,83013,,
Red Urchin,6BC,1988,19,1,1,240,*,,
Red Urchin,6BC,1988,19,3,1,410,*,,
Red Urchin,6BC,1988,19,4,3,1610,29485,,
Red Urchin,6BC,1988,19,5,12,6834,92361,,
Red Urchin,6BC,1988,19,6,4,3497,14535,,
Red Urchin,6BC,1988,19,Total,21,12591,141822,,
Red Urchin,6BC,1988,20,0,1,60,*,,
Red Urchin,6BC,1988,20,5,4,3740,**,,
Red Urchin,6BC,1988,20,Total,4,3800,36115,,
Red Urchin,6BC,1988,23,11,2,545,*,,
Red Urchin,6BC,1988,23,Total,2,545,*,,
Red Urchin,6BC,1988,24,0,1,680,*,,
Red Urchin,6BC,1988,24,2,4,2065,45755,,
Red Urchin,6BC,1988,24,6,15,17896,244312,,
Red Urchin,6BC,1988,24,8,8,8765,110688,,
Red Urchin,6BC,1988,24,9,1,251,*,,
Red Urchin,6BC,1988,24,Total,18,29657,414130,,
Red Urchin,6BC,1988,25,5,1,5580,*,,
Red Urchin,6BC,1988,25,6,1,650,*,,
Red Urchin,6BC,1988,25,7,3,6957,59442,,
Red Urchin,6BC,1988,25,Total,4,13187,102973,,
Red Urchin,6BC,1988,26,0,1,1040,*,,
Red Urchin,6BC,1988,26,Total,1,1040,*,,
Red Urchin,6BC,1988,27,9,7,5400,**,,
Red Urchin,6BC,1988,27,11,1,150,*,,
Red Urchin,6BC,1988,27,Total,8,5550,73396,,
Red Urchin,6BC,1988,29,5,3,1170,11250,,
Red Urchin,6BC,1988,29,Total,3,1170,11250,,
Red Urchin,6BC,1988,123,3,1,100,*,,
Red Urchin,6BC,1988,123,Total,1,100,*,,
Red Urchin,6BC,1988,124,0,1,1085,*,,
Red Urchin,6BC,1988,124,2,1,375,*,,
Red Urchin,6BC,1988,124,Total,1,1460,*,,
Red Urchin,6BC,1988,125,1,8,6515,126386,,
Red Urchin,6BC,1988,125,Total,8,6515,126386,,
Red Urchin,6BC,1989,1,2,2,520,*,,
Red Urchin,6BC,1989,1,Total,2,520,*,,
Red Urchin,6BC,1989,2,3,5,14954,175104,,
Red Urchin,6BC,1989,2,7,2,2711,*,,
Red Urchin,6BC,1989,2,8,1,300,*,,
Red Urchin,6BC,1989,2,11,2,810,*,,
Red Urchin,6BC,1989,2,65,1,930,*,,
Red Urchin,6BC,1989,2,67,3,6160,101216,,
Red Urchin,6BC,1989,2,73,1,1455,*,,
Red Urchin,6BC,1989,2,Total,5,27320,343027,,
Red Urchin,6BC,1989,3,1,1,200,*,,
Red Urchin,6BC,1989,3,Total,1,200,*,,
Red Urchin,6BC,1989,4,1,3,1070,18465,,
Red Urchin,6BC,1989,4,2,4,1125,13401,,
Red Urchin,6BC,1989,4,4,1,103,*,,
Red Urchin,6BC,1989,4,9,1,447,*,,
Red Urchin,6BC,1989,4,13,1,550,*,,
Red Urchin,6BC,1989,4,Total,7,3295,49430,,
Red Urchin,6BC,1989,5,17,1,680,*,,
Red Urchin,6BC,1989,5,Total,1,680,*,,
Red Urchin,6BC,1989,6,9,2,4440,*,,
Red Urchin,6BC,1989,6,18,1,1240,*,,
Red Urchin,6BC,1989,6,19,3,2080,24584,,
Red Urchin,6BC,1989,6,20,2,1415,*,,
Red Urchin,6BC,1989,6,Total,7,9175,117240,,
Red Urchin,6BC,1989,7,0,3,8017,84580,,
Red Urchin,6BC,1989,7,1,1,675,*,,
Red Urchin,6BC,1989,7,5,3,4840,48241,,
Red Urchin,6BC,1989,7,9,2,1670,*,,
Red Urchin,6BC,1989,7,18,15,28929,449708,,
Red Urchin,6BC,1989,7,20,2,620,*,,
Red Urchin,6BC,1989,7,25,6,8650,127763,,
Red Urchin,6BC,1989,7,27,3,575,6364,,
Red Urchin,6BC,1989,7,Total,23,53976,752385,,
Red Urchin,6BC,1989,8,0,1,0,*,,
Red Urchin,6BC,1989,8,1,2,1800,*,,
Red Urchin,6BC,1989,8,2,5,5360,74948,,
Red Urchin,6BC,1989,8,Total,8,7160,120163,,
Red Urchin,6BC,1989,10,0,2,3200,*,,
Red Urchin,6BC,1989,10,1,1,3265,*,,
Red Urchin,6BC,1989,10,2,4,6708,101208,,
Red Urchin,6BC,1989,10,3,3,2075,25382,,
Red Urchin,6BC,1989,10,Total,8,15248,232254,,
Red Urchin,6BC,1989,12,0,3,120,6924,,
Red Urchin,6BC,1989,12,2,1,1500,*,,
Red Urchin,6BC,1989,12,3,8,3525,40555,,
Red Urchin,6BC,1989,12,5,14,17097,198406,,
Red Urchin,6BC,1989,12,6,3,3175,37746,,
Red Urchin,6BC,1989,12,7,1,710,*,,
Red Urchin,6BC,1989,12,8,7,5495,76424,,
Red Urchin,6BC,1989,12,10,1,160,*,,
Red Urchin,6BC,1989,12,11,6,4300,109691,,
Red Urchin,6BC,1989,12,12,5,2770,48478,,
Red Urchin,6BC,1989,12,13,1,305,*,,
Red Urchin,6BC,1989,12,16,10,3832,43273,,
Red Urchin,6BC,1989,12,17,2,2633,*,,
Red Urchin,6BC,1989,12,18,18,16175,187354,,
Red Urchin,6BC,1989,12,19,1,1225,*,,
Red Urchin,6BC,1989,12,20,1,90,*,,
Red Urchin,6BC,1989,12,39,2,710,*,,
Red Urchin,6BC,1989,12,41,6,2210,39551,,
Red Urchin,6BC,1989,12,42,1,180,*,,
Red Urchin,6BC,1989,12,Total,50,66212,873562,,
Red Urchin,6BC,1989,13,0,3,1256,13058,,
Red Urchin,6BC,1989,13,1,12,14102,142728,,
Red Urchin,6BC,1989,13,2,19,20562,269799,,
Red Urchin,6BC,1989,13,3,1,1080,*,,
Red Urchin,6BC,1989,13,6,1,270,*,,
Red Urchin,6BC,1989,13,7,2,1750,*,,
Red Urchin,6BC,1989,13,8,1,1000,*,,
Red Urchin,6BC,1989,13,9,1,1000,*,,
Red Urchin,6BC,1989,13,10,4,3030,45207,,
Red Urchin,6BC,1989,13,12,8,3780,67980,,
Red Urchin,6BC,1989,13,16,1,30,*,,
Red Urchin,6BC,1989,13,27,1,1000,*,,
Red Urchin,6BC,1989,13,28,5,4815,114619,,
Red Urchin,6BC,1989,13,31,1,930,*,,
Red Urchin,6BC,1989,13,32,4,3158,96085,,
Red Urchin,6BC,1989,13,33,1,540,*,,
Red Urchin,6BC,1989,13,Total,40,58303,845285,,
Red Urchin,6BC,1989,14,0,1,0,*,,
Red Urchin,6BC,1989,14,7,2,2450,*,,
Red Urchin,6BC,1989,14,8,3,2175,32716,,
Red Urchin,6BC,1989,14,9,3,4515,59534,,
Red Urchin,6BC,1989,14,10,1,540,*,,
Red Urchin,6BC,1989,14,11,2,1725,*,,
Red Urchin,6BC,1989,14,12,4,7754,94962,,
Red Urchin,6BC,1989,14,13,3,1675,19695,,
Red Urchin,6BC,1989,14,Total,11,20834,277698,,
Red Urchin,6BC,1989,15,2,3,2130,**,,
Red Urchin,6BC,1989,15,4,2,555,*,,
Red Urchin,6BC,1989,15,Total,4,2685,19947,,
Red Urchin,6BC,1989,18,0,3,150,18721,,
Red Urchin,6BC,1989,18,2,1,1345,*,,
Red Urchin,6BC,1989,18,4,2,1295,*,,
Red Urchin,6BC,1989,18,5,1,1260,*,,
Red Urchin,6BC,1989,18,6,4,2275,24006,,
Red Urchin,6BC,1989,18,9,1,175,*,,
Red Urchin,6BC,1989,18,10,1,997,*,,
Red Urchin,6BC,1989,18,Total,12,7497,101923,,
Red Urchin,6BC,1989,19,0,2,1360,*,,
Red Urchin,6BC,1989,19,5,4,3880,30555,,
Red Urchin,6BC,1989,19,6,2,3170,*,,
Red Urchin,6BC,1989,19,Total,8,8410,75315,,
Red Urchin,6BC,1989,20,0,1,0,*,,
Red Urchin,6BC,1989,20,5,2,1120,*,,
Red Urchin,6BC,1989,20,Total,3,1120,11417,,
Red Urchin,6BC,1989,24,1,1,480,*,,
Red Urchin,6BC,1989,24,3,1,800,*,,
Red Urchin,6BC,1989,24,6,11,18029,236582,,
Red Urchin,6BC,1989,24,8,6,5512,73767,,
Red Urchin,6BC,1989,24,Total,11,24821,317376,,
Red Urchin,6BC,1989,25,0,1,215,*,,
Red Urchin,6BC,1989,25,6,1,345,*,,
Red Urchin,6BC,1989,25,7,4,1195,18641,,
Red Urchin,6BC,1989,25,13,3,3000,75760,,
Red Urchin,6BC,1989,25,Total,6,4755,101357,,
Red Urchin,6BC,1989,27,0,1,600,*,,
Red Urchin,6BC,1989,27,2,2,6670,*,,
Red Urchin,6BC,1989,27,7,3,1650,13841,,
Red Urchin,6BC,1989,27,8,1,220,*,,
Red Urchin,6BC,1989,27,9,2,2215,*,,
Red Urchin,6BC,1989,27,Total,7,11355,163966,,
Red Urchin,6BC,1989,125,1,1,1000,*,,
Red Urchin,6BC,1989,125,Total,1,1000,*,,
Red Urchin,6BC,1990,2,3,1,565,*,,
Red Urchin,6BC,1990,2,67,1,3960,*,,
Red Urchin,6BC,1990,2,Total,1,4525,*,,
Red Urchin,6BC,1990,4,1,5,10935,102204,,
Red Urchin,6BC,1990,4,2,6,13335,135151,,
Red Urchin,6BC,1990,4,4,4,4600,57928,,
Red Urchin,6BC,1990,4,9,3,2210,**,,
Red Urchin,6BC,1990,4,13,1,300,*,,
Red Urchin,6BC,1990,4,Total,8,31380,315981,,
Red Urchin,6BC,1990,5,2,1,535,*,,
Red Urchin,6BC,1990,5,20,1,200,*,,
Red Urchin,6BC,1990,5,Total,2,735,*,,
Red Urchin,6BC,1990,6,18,2,565,*,,
Red Urchin,6BC,1990,6,19,2,2505,*,,
Red Urchin,6BC,1990,6,20,1,3650,*,,
Red Urchin,6BC,1990,6,Total,2,6720,*,,
Red Urchin,6BC,1990,7,0,2,8870,*,,
Red Urchin,6BC,1990,7,1,5,24627,261941,,
Red Urchin,6BC,1990,7,2,1,255,*,,
Red Urchin,6BC,1990,7,3,1,375,*,,
Red Urchin,6BC,1990,7,5,2,7635,*,,
Red Urchin,6BC,1990,7,6,2,4130,*,,
Red Urchin,6BC,1990,7,8,1,711,*,,
Red Urchin,6BC,1990,7,9,6,5610,48020,,
Red Urchin,6BC,1990,7,10,1,200,*,,
Red Urchin,6BC,1990,7,12,2,1270,*,,
Red Urchin,6BC,1990,7,18,22,112361,1197739,,
Red Urchin,6BC,1990,7,25,10,19505,231686,,
Red Urchin,6BC,1990,7,31,4,4460,53351,,
Red Urchin,6BC,1990,7,32,2,2272,*,,
Red Urchin,6BC,1990,7,Total,31,192281,2146503,,
Red Urchin,6BC,1990,11,2,7,4000,39684,,
Red Urchin,6BC,1990,11,Total,7,4000,39684,,
Red Urchin,6BC,1990,12,1,3,3510,28937,,
Red Urchin,6BC,1990,12,3,3,5880,64315,,
Red Urchin,6BC,1990,12,5,6,6089,61508,,
Red Urchin,6BC,1990,12,6,8,7510,78939,,
Red Urchin,6BC,1990,12,7,1,200,*,,
Red Urchin,6BC,1990,12,8,4,7332,122371,,
Red Urchin,6BC,1990,12,11,5,5380,85345,,
Red Urchin,6BC,1990,12,12,1,1400,*,,
Red Urchin,6BC,1990,12,13,8,9870,163332,,
Red Urchin,6BC,1990,12,16,4,1670,15005,,
Red Urchin,6BC,1990,12,17,1,1470,*,,
Red Urchin,6BC,1990,12,18,2,4800,*,,
Red Urchin,6BC,1990,12,19,2,1660,*,,
Red Urchin,6BC,1990,12,20,2,2470,*,,
Red Urchin,6BC,1990,12,21,1,380,*,,
Red Urchin,6BC,1990,12,32,1,1680,*,,
Red Urchin,6BC,1990,12,39,5,4260,46370,,
Red Urchin,6BC,1990,12,41,3,2540,34230,,
Red Urchin,6BC,1990,12,Total,28,68101,884460,,
Red Urchin,6BC,1990,13,0,3,1005,19951,,
Red Urchin,6BC,1990,13,1,7,4093,53036,,
Red Urchin,6BC,1990,13,2,16,12453,176766,,
Red Urchin,6BC,1990,13,9,3,3240,33536,,
Red Urchin,6BC,1990,13,10,4,10047,100644,,
Red Urchin,6BC,1990,13,26,1,1200,*,,
Red Urchin,6BC,1990,13,27,1,400,*,,
Red Urchin,6BC,1990,13,28,10,11925,166822,,
Red Urchin,6BC,1990,13,29,1,1940,*,,
Red Urchin,6BC,1990,13,31,3,1975,34892,,
Red Urchin,6BC,1990,13,32,5,3960,81445,,
Red Urchin,6BC,1990,13,33,4,3345,51229,,
Red Urchin,6BC,1990,13,40,1,155,*,,
Red Urchin,6BC,1990,13,41,1,450,*,,
Red Urchin,6BC,1990,13,Total,33,56188,751475,,
Red Urchin,6BC,1990,14,3,1,1130,*,,
Red Urchin,6BC,1990,14,8,2,1365,*,,
Red Urchin,6BC,1990,14,9,2,2045,*,,
Red Urchin,6BC,1990,14,11,1,1260,*,,
Red Urchin,6BC,1990,14,12,1,0,*,,
Red Urchin,6BC,1990,14,13,6,2110,36322,,
Red Urchin,6BC,1990,14,Total,10,7910,120595,,
Red Urchin,6BC,1990,15,5,1,2340,*,,
Red Urchin,6BC,1990,15,Total,1,2340,*,,
Red Urchin,6BC,1990,16,19,1,245,*,,
Red Urchin,6BC,1990,16,20,1,300,*,,
Red Urchin,6BC,1990,16,Total,1,545,*,,
Red Urchin,6BC,1990,17,0,1,0,*,,
Red Urchin,6BC,1990,17,2,1,0,*,,
Red Urchin,6BC,1990,17,3,4,1000,10248,,
Red Urchin,6BC,1990,17,10,3,1870,22551,,
Red Urchin,6BC,1990,17,17,4,2030,23395,,
Red Urchin,6BC,1990,17,Total,12,4900,89799,,
Red Urchin,6BC,1990,18,0,2,120,*,,
Red Urchin,6BC,1990,18,2,2,1260,*,,
Red Urchin,6BC,1990,18,3,1,330,*,,
Red Urchin,6BC,1990,18,6,5,3275,55574,,
Red Urchin,6BC,1990,18,9,1,360,*,,
Red Urchin,6BC,1990,18,11,1,185,*,,
Red Urchin,6BC,1990,18,Total,11,5530,84239,,
Red Urchin,6BC,1990,19,1,1,1432,*,,
Red Urchin,6BC,1990,19,4,3,3216,24098,,
Red Urchin,6BC,1990,19,5,3,2330,**,,
Red Urchin,6BC,1990,19,Total,7,6978,58752,,
Red Urchin,6BC,1990,20,0,1,1365,*,,
Red Urchin,6BC,1990,20,2,1,80,*,,
Red Urchin,6BC,1990,20,5,4,460,9620,,
Red Urchin,6BC,1990,20,Total,6,1905,17690,,
Red Urchin,6BC,1990,23,7,2,3730,*,,
Red Urchin,6BC,1990,23,9,2,2130,*,,
Red Urchin,6BC,1990,23,11,7,5585,53913,,
Red Urchin,6BC,1990,23,Total,9,11445,118420,,
Red Urchin,6BC,1990,24,2,7,4550,**,,
Red Urchin,6BC,1990,24,6,17,15875,166756,,
Red Urchin,6BC,1990,24,8,11,8274,106858,,
Red Urchin,6BC,1990,24,9,1,1100,*,,
Red Urchin,6BC,1990,24,Total,19,29799,321084,,
Red Urchin,6BC,1990,25,6,2,1480,*,,
Red Urchin,6BC,1990,25,7,3,3827,52776,,
Red Urchin,6BC,1990,25,15,1,420,*,,
Red Urchin,6BC,1990,25,Total,4,5727,77642,,
Red Urchin,6BC,1990,27,1,1,2860,*,,
Red Urchin,6BC,1990,27,2,4,1657,70648,,
Red Urchin,6BC,1990,27,3,1,0,*,,
Red Urchin,6BC,1990,27,9,2,2100,*,,
Red Urchin,6BC,1990,27,Total,7,6617,163413,,
Red Urchin,6BC,1990,125,1,1,1095,*,,
Red Urchin,6BC,1990,125,Total,1,1095,*,,
Red Urchin,6BC,1991,2,3,6,22905,380949,,
Red Urchin,6BC,1991,2,6,2,1555,*,,
Red Urchin,6BC,1991,2,7,5,11870,234807,,
Red Urchin,6BC,1991,2,8,1,1800,*,,
Red Urchin,6BC,1991,2,64,1,300,*,,
Red Urchin,6BC,1991,2,65,1,390,*,,
Red Urchin,6BC,1991,2,66,2,2040,*,,
Red Urchin,6BC,1991,2,67,3,2526,27747,,
Red Urchin,6BC,1991,2,78,1,0,*,,
Red Urchin,6BC,1991,2,Total,10,43386,763974,,
Red Urchin,6BC,1991,3,1,8,23060,334546,,
Red Urchin,6BC,1991,3,2,1,5200,*,,
Red Urchin,6BC,1991,3,4,1,465,*,,
Red Urchin,6BC,1991,3,Total,8,28725,391222,,
Red Urchin,6BC,1991,4,1,15,64471,915352,,
Red Urchin,6BC,1991,4,2,11,20528,203319,,
Red Urchin,6BC,1991,4,3,5,3910,**,,
Red Urchin,6BC,1991,4,4,10,17075,179688,,
Red Urchin,6BC,1991,4,5,1,402,*,,
Red Urchin,6BC,1991,4,9,7,16868,210014,,
Red Urchin,6BC,1991,4,13,9,5430,191432,,
Red Urchin,6BC,1991,4,Total,29,128684,1787824,,
Red Urchin,6BC,1991,5,0,2,7190,*,,
Red Urchin,6BC,1991,5,2,1,4400,*,,
Red Urchin,6BC,1991,5,7,2,680,*,,
Red Urchin,6BC,1991,5,8,1,460,*,,
Red Urchin,6BC,1991,5,9,11,26635,367908,,
Red Urchin,6BC,1991,5,10,25,102885,1449579,,
Red Urchin,6BC,1991,5,11,19,61176,886482,,
Red Urchin,6BC,1991,5,12,15,37343,615665,,
Red Urchin,6BC,1991,5,13,7,8258,108622,,
Red Urchin,6BC,1991,5,14,1,3300,*,,
Red Urchin,6BC,1991,5,16,2,835,*,,
Red Urchin,6BC,1991,5,17,9,35392,444049,,
Red Urchin,6BC,1991,5,20,17,68785,1102248,,
Red Urchin,6BC,1991,5,21,12,45770,597662,,
Red Urchin,6BC,1991,5,22,3,2195,26403,,
Red Urchin,6BC,1991,5,Total,37,405304,5817733,,
Red Urchin,6BC,1991,6,13,2,4750,*,,
Red Urchin,6BC,1991,6,16,2,2920,*,,
Red Urchin,6BC,1991,6,18,5,5670,65793,,
Red Urchin,6BC,1991,6,19,2,1200,*,,
Red Urchin,6BC,1991,6,20,2,2715,*,,
Red Urchin,6BC,1991,6,25,10,8530,143133,,
Red Urchin,6BC,1991,6,Total,14,25785,363412,,
Red Urchin,6BC,1991,7,0,1,1305,*,,
Red Urchin,6BC,1991,7,2,1,0,*,,
Red Urchin,6BC,1991,7,18,1,0,*,,
Red Urchin,6BC,1991,7,25,26,96785,1263624,,
Red Urchin,6BC,1991,7,27,18,17791,217604,,
Red Urchin,6BC,1991,7,28,1,2440,*,,
Red Urchin,6BC,1991,7,31,1,380,*,,
Red Urchin,6BC,1991,7,Total,29,118701,1536360,,
Red Urchin,6BC,1991,8,0,1,0,*,,
Red Urchin,6BC,1991,8,1,6,2272,36794,,
Red Urchin,6BC,1991,8,2,11,10596,123916,,
Red Urchin,6BC,1991,8,4,4,2808,31824,,
Red Urchin,6BC,1991,8,16,4,1120,**,,
Red Urchin,6BC,1991,8,Total,14,16796,210939,,
Red Urchin,6BC,1991,9,1,1,200,*,,
Red Urchin,6BC,1991,9,2,3,4980,73614,,
Red Urchin,6BC,1991,9,12,1,300,*,,
Red Urchin,6BC,1991,9,Total,3,5480,78169,,
Red Urchin,6BC,1991,10,1,4,3887,**,,
Red Urchin,6BC,1991,10,2,3,5725,127387,,
Red Urchin,6BC,1991,10,3,10,17370,306950,,
Red Urchin,6BC,1991,10,4,2,0,*,,
Red Urchin,6BC,1991,10,Total,12,26982,570152,,
Red Urchin,6BC,1991,11,2,3,4255,64573,,
Red Urchin,6BC,1991,11,Total,3,4255,64573,,
Red Urchin,6BC,1991,12,0,1,0,*,,
Red Urchin,6BC,1991,12,3,5,3977,76742,,
Red Urchin,6BC,1991,12,5,4,4595,53280,,
Red Urchin,6BC,1991,12,6,3,4085,84286,,
Red Urchin,6BC,1991,12,7,2,1170,*,,
Red Urchin,6BC,1991,12,8,8,11200,156360,,
Red Urchin,6BC,1991,12,11,4,4241,50295,,
Red Urchin,6BC,1991,12,12,2,770,*,,
Red Urchin,6BC,1991,12,13,3,2095,36900,,
Red Urchin,6BC,1991,12,16,4,3335,47155,,
Red Urchin,6BC,1991,12,18,4,5062,73694,,
Red Urchin,6BC,1991,12,39,3,1540,27180,,
Red Urchin,6BC,1991,12,41,5,1450,26419,,
Red Urchin,6BC,1991,12,Total,18,43520,663179,,
Red Urchin,6BC,1991,13,1,9,7830,86939,,
Red Urchin,6BC,1991,13,2,8,10120,163333,,
Red Urchin,6BC,1991,13,6,1,680,*,,
Red Urchin,6BC,1991,13,7,1,620,*,,
Red Urchin,6BC,1991,13,9,1,230,*,,
Red Urchin,6BC,1991,13,12,3,1970,37843,,
Red Urchin,6BC,1991,13,16,1,420,*,,
Red Urchin,6BC,1991,13,28,4,5355,80963,,
Red Urchin,6BC,1991,13,29,1,945,*,,
Red Urchin,6BC,1991,13,30,1,1395,*,,
Red Urchin,6BC,1991,13,31,3,840,26193,,
Red Urchin,6BC,1991,13,32,6,5950,78783,,
Red Urchin,6BC,1991,13,33,2,1268,*,,
Red Urchin,6BC,1991,13,35,1,440,*,,
Red Urchin,6BC,1991,13,39,4,3830,46507,,
Red Urchin,6BC,1991,13,Total,22,41893,618591,,
Red Urchin,6BC,1991,15,2,1,260,*,,
Red Urchin,6BC,1991,15,4,1,1810,*,,
Red Urchin,6BC,1991,15,Total,2,2070,*,,
Red Urchin,6BC,1991,17,0,1,235,*,,
Red Urchin,6BC,1991,17,3,5,1815,25145,,
Red Urchin,6BC,1991,17,10,1,400,*,,
Red Urchin,6BC,1991,17,18,1,530,*,,
Red Urchin,6BC,1991,17,Total,8,2980,45495,,
Red Urchin,6BC,1991,18,0,1,2149,*,,
Red Urchin,6BC,1991,18,2,6,6483,53560,,
Red Urchin,6BC,1991,18,3,3,1200,15798,,
Red Urchin,6BC,1991,18,4,2,600,*,,
Red Urchin,6BC,1991,18,6,2,1380,*,,
Red Urchin,6BC,1991,18,9,2,1000,*,,
Red Urchin,6BC,1991,18,11,1,400,*,,
Red Urchin,6BC,1991,18,Total,11,13212,138354,,
Red Urchin,6BC,1991,19,0,1,0,*,,
Red Urchin,6BC,1991,19,3,1,300,*,,
Red Urchin,6BC,1991,19,5,4,4730,66543,,
Red Urchin,6BC,1991,19,Total,5,5030,81143,,
Red Urchin,6BC,1991,20,2,1,1237,*,,
Red Urchin,6BC,1991,20,3,1,500,*,,
Red Urchin,6BC,1991,20,5,3,1690,26785,,
Red Urchin,6BC,1991,20,Total,4,3427,54489,,
Red Urchin,6BC,1991,23,5,1,700,*,,
Red Urchin,6BC,1991,23,7,1,1200,*,,
Red Urchin,6BC,1991,23,8,1,300,*,,
Red Urchin,6BC,1991,23,9,1,200,*,,
Red Urchin,6BC,1991,23,11,4,6439,77775,,
Red Urchin,6BC,1991,23,Total,5,8839,136007,,
Red Urchin,6BC,1991,24,0,2,1980,*,,
Red Urchin,6BC,1991,24,6,8,12435,168543,,
Red Urchin,6BC,1991,24,8,9,8325,**,,
Red Urchin,6BC,1991,24,Total,12,22740,343471,,
Red Urchin,6BC,1991,25,7,3,5103,**,,
Red Urchin,6BC,1991,25,13,5,7336,145615,,
Red Urchin,6BC,1991,25,15,2,3600,*,,
Red Urchin,6BC,1991,25,Total,10,16039,236164,,
Red Urchin,6BC,1991,27,2,3,10440,117774,,
Red Urchin,6BC,1991,27,4,1,1810,*,,
Red Urchin,6BC,1991,27,7,1,1210,*,,
Red Urchin,6BC,1991,27,9,2,2140,*,,
Red Urchin,6BC,1991,27,Total,5,15600,206874,,
Red Urchin,6BC,1991,29,4,2,1730,*,,
Red Urchin,6BC,1991,29,5,2,965,*,,
Red Urchin,6BC,1991,29,Total,4,2695,58362,,
Red Urchin,6BC,1991,125,1,2,2007,*,,
Red Urchin,6BC,1991,125,Total,2,2007,*,,
Red Urchin,6BC,1992,0,0,2,0,*,,
Red Urchin,6BC,1992,0,Total,2,0,*,,
Red Urchin,6BC,1992,2,6,6,11770,202327,,
Red Urchin,6BC,1992,2,7,17,49627,869153,,
Red Urchin,6BC,1992,2,8,13,25780,459770,,
Red Urchin,6BC,1992,2,10,2,4760,*,,
Red Urchin,6BC,1992,2,11,15,55962,916983,,
Red Urchin,6BC,1992,2,18,1,1060,*,,
Red Urchin,6BC,1992,2,73,1,1740,*,,
Red Urchin,6BC,1992,2,Total,24,150699,2562210,,
Red Urchin,6BC,1992,5,10,1,1360,*,,
Red Urchin,6BC,1992,5,11,1,830,*,,
Red Urchin,6BC,1992,5,13,22,63155,769398,,
Red Urchin,6BC,1992,5,14,5,18319,225825,,
Red Urchin,6BC,1992,5,16,5,32901,381914,,
Red Urchin,6BC,1992,5,17,15,22811,329262,,
Red Urchin,6BC,1992,5,20,25,163062,2490518,,
Red Urchin,6BC,1992,5,21,24,123773,1936811,,
Red Urchin,6BC,1992,5,22,13,38921,540545,,
Red Urchin,6BC,1992,5,Total,39,465132,6693213,,
Red Urchin,6BC,1992,6,9,33,213701,2971443,,
Red Urchin,6BC,1992,6,10,1,300,*,,
Red Urchin,6BC,1992,6,11,10,14848,259727,,
Red Urchin,6BC,1992,6,13,51,179639,2438030,,
Red Urchin,6BC,1992,6,14,24,41314,631992,,
Red Urchin,6BC,1992,6,15,28,109033,1677790,,
Red Urchin,6BC,1992,6,16,24,39587,674367,,
Red Urchin,6BC,1992,6,17,14,20854,320759,,
Red Urchin,6BC,1992,6,18,3,730,12757,,
Red Urchin,6BC,1992,6,20,1,920,*,,
Red Urchin,6BC,1992,6,Total,71,620926,8999048,,
Red Urchin,6BC,1992,7,0,1,120,*,,
Red Urchin,6BC,1992,7,3,1,1200,*,,
Red Urchin,6BC,1992,7,9,1,545,*,,
Red Urchin,6BC,1992,7,13,1,900,*,,
Red Urchin,6BC,1992,7,18,55,361507,4930111,,
Red Urchin,6BC,1992,7,23,1,0,*,,
Red Urchin,6BC,1992,7,25,2,5625,*,,
Red Urchin,6BC,1992,7,31,20,50234,681617,,
Red Urchin,6BC,1992,7,Total,59,420131,5759514,,
Red Urchin,6BC,1992,8,1,1,1385,*,,
Red Urchin,6BC,1992,8,2,13,16473,225462,,
Red Urchin,6BC,1992,8,3,1,490,*,,
Red Urchin,6BC,1992,8,4,4,2995,41018,,
Red Urchin,6BC,1992,8,Total,16,21343,297986,,
Red Urchin,6BC,1992,9,0,1,7880,*,,
Red Urchin,6BC,1992,9,1,2,695,*,,
Red Urchin,6BC,1992,9,2,6,8960,156748,,
Red Urchin,6BC,1992,9,12,2,350,*,,
Red Urchin,6BC,1992,9,Total,9,17885,343980,,
Red Urchin,6BC,1992,10,2,1,0,*,,
Red Urchin,6BC,1992,10,Total,1,0,*,,
Red Urchin,6BC,1992,11,0,1,960,*,,
Red Urchin,6BC,1992,11,2,1,1670,*,,
Red Urchin,6BC,1992,11,Total,2,2630,*,,
Red Urchin,6BC,1992,12,0,2,2920,*,,
Red Urchin,6BC,1992,12,1,1,520,*,,
Red Urchin,6BC,1992,12,5,11,10347,159599,,
Red Urchin,6BC,1992,12,6,8,4870,89387,,
Red Urchin,6BC,1992,12,7,1,340,*,,
Red Urchin,6BC,1992,12,8,3,4156,79840,,
Red Urchin,6BC,1992,12,11,18,12369,228593,,
Red Urchin,6BC,1992,12,12,10,9994,132072,,
Red Urchin,6BC,1992,12,13,2,600,*,,
Red Urchin,6BC,1992,12,15,1,0,*,,
Red Urchin,6BC,1992,12,16,1,250,*,,
Red Urchin,6BC,1992,12,18,5,5552,113556,,
Red Urchin,6BC,1992,12,19,1,485,*,,
Red Urchin,6BC,1992,12,21,1,330,*,,
Red Urchin,6BC,1992,12,39,2,2000,*,,
Red Urchin,6BC,1992,12,41,5,3490,68190,,
Red Urchin,6BC,1992,12,Total,45,58223,989657,,
Red Urchin,6BC,1992,13,0,1,300,*,,
Red Urchin,6BC,1992,13,1,9,5989,59666,,
Red Urchin,6BC,1992,13,2,6,5900,87565,,
Red Urchin,6BC,1992,13,6,1,4180,*,,
Red Urchin,6BC,1992,13,25,6,2560,78825,,
Red Urchin,6BC,1992,13,28,5,5970,102408,,
Red Urchin,6BC,1992,13,31,1,760,*,,
Red Urchin,6BC,1992,13,33,1,1225,*,,
Red Urchin,6BC,1992,13,35,2,2205,*,,
Red Urchin,6BC,1992,13,39,5,2200,84670,,
Red Urchin,6BC,1992,13,Total,20,31289,572549,,
Red Urchin,6BC,1992,14,13,1,1755,*,,
Red Urchin,6BC,1992,14,Total,1,1755,*,,
Red Urchin,6BC,1992,17,1,1,0,*,,
Red Urchin,6BC,1992,17,2,1,0,*,,
Red Urchin,6BC,1992,17,3,3,2545,33454,,
Red Urchin,6BC,1992,17,10,2,480,*,,
Red Urchin,6BC,1992,17,17,3,390,7614,,
Red Urchin,6BC,1992,17,Total,10,3415,56472,,
Red Urchin,6BC,1992,18,0,1,2760,*,,
Red Urchin,6BC,1992,18,1,2,200,*,,
Red Urchin,6BC,1992,18,2,5,2360,52840,,
Red Urchin,6BC,1992,18,5,1,790,*,,
Red Urchin,6BC,1992,18,6,9,8195,95511,,
Red Urchin,6BC,1992,18,7,1,445,*,,
Red Urchin,6BC,1992,18,Total,17,14750,183159,,
Red Urchin,6BC,1992,19,4,2,850,*,,
Red Urchin,6BC,1992,19,5,7,5109,45907,,
Red Urchin,6BC,1992,19,6,1,275,*,,
Red Urchin,6BC,1992,19,Total,9,6234,58712,,
Red Urchin,6BC,1992,20,5,6,9553,101730,,
Red Urchin,6BC,1992,20,Total,6,9553,101730,,
Red Urchin,6BC,1992,23,7,1,790,*,,
Red Urchin,6BC,1992,23,11,3,4800,**,,
Red Urchin,6BC,1992,23,Total,4,5590,86084,,
Red Urchin,6BC,1992,24,0,1,600,*,,
Red Urchin,6BC,1992,24,6,8,13550,**,,
Red Urchin,6BC,1992,24,8,14,14220,301399,,
Red Urchin,6BC,1992,24,Total,15,28370,550610,,
Red Urchin,6BC,1992,25,13,1,320,*,,
Red Urchin,6BC,1992,25,Total,1,320,*,,
Red Urchin,6BC,1992,27,1,1,1500,*,,
Red Urchin,6BC,1992,27,2,1,1530,*,,
Red Urchin,6BC,1992,27,7,2,2700,*,,
Red Urchin,6BC,1992,27,9,2,2710,*,,
Red Urchin,6BC,1992,27,Total,6,8440,140726,,
Red Urchin,6BC,1992,29,4,2,250,*,,
Red Urchin,6BC,1992,29,5,8,2358,**,,
Red Urchin,6BC,1992,29,Total,10,2608,38252,,
Red Urchin,6BC,1992,106,2,1,907,*,,
Red Urchin,6BC,1992,106,Total,1,907,*,,
Red Urchin,6BC,1993,1,3,4,5620,52583,,
Red Urchin,6BC,1993,1,5,3,2480,61343,,
Red Urchin,6BC,1993,1,7,7,7340,119802,,
Red Urchin,6BC,1993,1,Total,12,15440,233728,,
Red Urchin,6BC,1993,2,7,5,3162,46850,,
Red Urchin,6BC,1993,2,8,1,200,*,,
Red Urchin,6BC,1993,2,11,1,120,*,,
Red Urchin,6BC,1993,2,12,3,7735,69519,,
Red Urchin,6BC,1993,2,13,1,280,*,,
Red Urchin,6BC,1993,2,14,6,12190,162712,,
Red Urchin,6BC,1993,2,15,5,6380,91706,,
Red Urchin,6BC,1993,2,17,2,1676,*,,
Red Urchin,6BC,1993,2,18,3,950,38020,,
Red Urchin,6BC,1993,2,31,1,3000,*,,
Red Urchin,6BC,1993,2,Total,12,35693,489854,,
Red Urchin,6BC,1993,3,1,19,21905,**,,
Red Urchin,6BC,1993,3,6,1,1160,*,,
Red Urchin,6BC,1993,3,Total,19,23065,241612,,
Red Urchin,6BC,1993,4,1,29,28541,433675,,
Red Urchin,6BC,1993,4,2,40,72314,849737,,
Red Urchin,6BC,1993,4,3,24,32826,387840,,
Red Urchin,6BC,1993,4,4,19,18563,245207,,
Red Urchin,6BC,1993,4,5,1,267,*,,
Red Urchin,6BC,1993,4,9,10,13567,134488,,
Red Urchin,6BC,1993,4,11,1,1180,*,,
Red Urchin,6BC,1993,4,13,12,25980,245857,,
Red Urchin,6BC,1993,4,Total,64,193238,2326781,,
Red Urchin,6BC,1993,5,9,7,4883,112390,,
Red Urchin,6BC,1993,5,10,16,12690,134318,,
Red Urchin,6BC,1993,5,11,28,30724,371619,,
Red Urchin,6BC,1993,5,12,18,19267,232958,,
Red Urchin,6BC,1993,5,Total,44,67564,851285,,
Red Urchin,6BC,1993,6,5,1,180,*,,
Red Urchin,6BC,1993,6,9,62,192126,2466824,,
Red Urchin,6BC,1993,6,10,39,62183,773089,,
Red Urchin,6BC,1993,6,11,4,2260,31907,,
Red Urchin,6BC,1993,6,13,35,91767,1464545,,
Red Urchin,6BC,1993,6,17,3,872,**,,
Red Urchin,6BC,1993,6,Total,69,349388,4745693,,
Red Urchin,6BC,1993,7,1,1,160,*,,
Red Urchin,6BC,1993,7,3,11,10001,119552,,
Red Urchin,6BC,1993,7,4,2,3234,*,,
Red Urchin,6BC,1993,7,8,1,1120,*,,
Red Urchin,6BC,1993,7,9,35,54560,769904,,
Red Urchin,6BC,1993,7,12,6,3228,16550,,
Red Urchin,6BC,1993,7,19,13,12370,243310,,
Red Urchin,6BC,1993,7,20,10,4265,79590,,
Red Urchin,6BC,1993,7,21,2,380,*,,
Red Urchin,6BC,1993,7,23,1,320,*,,
Red Urchin,6BC,1993,7,25,17,28170,384226,,
Red Urchin,6BC,1993,7,26,1,250,*,,
Red Urchin,6BC,1993,7,27,11,6702,125404,,
Red Urchin,6BC,1993,7,31,5,9665,122380,,
Red Urchin,6BC,1993,7,32,16,21455,344946,,
Red Urchin,6BC,1993,7,Total,53,155880,2262145,,
Red Urchin,6BC,1993,9,1,1,650,*,,
Red Urchin,6BC,1993,9,2,1,200,*,,
Red Urchin,6BC,1993,9,Total,2,850,*,,
Red Urchin,6BC,1993,10,1,3,5960,**,,
Red Urchin,6BC,1993,10,2,12,23233,208121,,
Red Urchin,6BC,1993,10,3,8,7111,126560,,
Red Urchin,6BC,1993,10,4,2,2100,*,,
Red Urchin,6BC,1993,10,Total,16,38404,402738,,
Red Urchin,6BC,1993,11,1,2,2400,*,,
Red Urchin,6BC,1993,11,2,6,7080,**,,
Red Urchin,6BC,1993,11,Total,6,9480,141986,,
Red Urchin,6BC,1993,12,0,1,485,*,,
Red Urchin,6BC,1993,12,1,3,2584,30686,,
Red Urchin,6BC,1993,12,3,4,2020,16522,,
Red Urchin,6BC,1993,12,5,21,16130,187274,,
Red Urchin,6BC,1993,12,6,3,1460,38922,,
Red Urchin,6BC,1993,12,7,3,965,**,,
Red Urchin,6BC,1993,12,8,6,5207,74304,,
Red Urchin,6BC,1993,12,11,15,7380,86501,,
Red Urchin,6BC,1993,12,12,4,1432,13637,,
Red Urchin,6BC,1993,12,13,3,1585,14523,,
Red Urchin,6BC,1993,12,16,10,3719,40934,,
Red Urchin,6BC,1993,12,18,15,8631,109947,,
Red Urchin,6BC,1993,12,19,5,4380,54299,,
Red Urchin,6BC,1993,12,39,5,1630,22878,,
Red Urchin,6BC,1993,12,41,3,580,8800,,
Red Urchin,6BC,1993,12,Total,46,58188,716408,,
Red Urchin,6BC,1993,13,0,1,600,*,,
Red Urchin,6BC,1993,13,1,4,1180,43656,,
Red Urchin,6BC,1993,13,2,6,2350,51323,,
Red Urchin,6BC,1993,13,10,1,400,*,,
Red Urchin,6BC,1993,13,11,1,800,*,,
Red Urchin,6BC,1993,13,16,1,365,*,,
Red Urchin,6BC,1993,13,23,3,800,12668,,
Red Urchin,6BC,1993,13,25,6,2620,22860,,
Red Urchin,6BC,1993,13,26,2,120,*,,
Red Urchin,6BC,1993,13,27,4,1545,15050,,
Red Urchin,6BC,1993,13,28,11,6755,88751,,
Red Urchin,6BC,1993,13,29,3,1119,12840,,
Red Urchin,6BC,1993,13,30,1,500,*,,
Red Urchin,6BC,1993,13,31,3,1100,13410,,
Red Urchin,6BC,1993,13,35,2,1065,*,,
Red Urchin,6BC,1993,13,39,1,480,*,,
Red Urchin,6BC,1993,13,41,1,200,*,,
Red Urchin,6BC,1993,13,Total,26,21999,320712,,
Red Urchin,6BC,1993,17,2,1,360,*,,
Red Urchin,6BC,1993,17,3,1,378,*,,
Red Urchin,6BC,1993,17,9,1,310,*,,
Red Urchin,6BC,1993,17,10,2,740,*,,
Red Urchin,6BC,1993,17,17,2,440,*,,
Red Urchin,6BC,1993,17,Total,7,2228,40761,,
Red Urchin,6BC,1993,18,1,1,200,*,,
Red Urchin,6BC,1993,18,2,6,1956,14162,,
Red Urchin,6BC,1993,18,4,1,395,*,,
Red Urchin,6BC,1993,18,5,5,4534,48217,,
Red Urchin,6BC,1993,18,6,6,3575,42681,,
Red Urchin,6BC,1993,18,7,1,297,*,,
Red Urchin,6BC,1993,18,11,5,4400,50021,,
Red Urchin,6BC,1993,18,Total,22,15357,166935,,
Red Urchin,6BC,1993,19,4,1,1000,*,,
Red Urchin,6BC,1993,19,5,5,3980,**,,
Red Urchin,6BC,1993,19,Total,5,4980,45504,,
Red Urchin,6BC,1993,20,5,4,2505,24626,,
Red Urchin,6BC,1993,20,Total,4,2505,24626,,
Red Urchin,6BC,1993,23,11,10,7453,91670,,
Red Urchin,6BC,1993,23,Total,10,7453,91670,,
Red Urchin,6BC,1993,24,6,13,16221,**,,
Red Urchin,6BC,1993,24,7,1,450,*,,
Red Urchin,6BC,1993,24,Total,13,16671,203966,,
Red Urchin,6BC,1993,25,6,1,2420,*,,
Red Urchin,6BC,1993,25,Total,1,2420,*,,
Red Urchin,6BC,1993,27,1,1,430,*,,
Red Urchin,6BC,1993,27,2,5,2345,35833,,
Red Urchin,6BC,1993,27,5,3,1720,**,,
Red Urchin,6BC,1993,27,7,4,2760,27554,,
Red Urchin,6BC,1993,27,9,4,2485,20328,,
Red Urchin,6BC,1993,27,Total,10,9740,106872,,
Red Urchin,6BC,1993,29,4,1,388,*,,
Red Urchin,6BC,1993,29,Total,1,388,*,,
Red Urchin,6BC,1993,106,2,1,860,*,,
Red Urchin,6BC,1993,106,Total,1,860,*,,
Red Urchin,6BC,1993,123,3,1,300,*,,
Red Urchin,6BC,1993,123,Total,1,300,*,,
Red Urchin,6BC,1994,0,0,1,1200,*,,
Red Urchin,6BC,1994,0,Total,1,1200,*,,
Red Urchin,6BC,1994,1,1,8,3777,41649,,
Red Urchin,6BC,1994,1,2,2,625,*,,
Red Urchin,6BC,1994,1,3,23,26198,269776,,
Red Urchin,6BC,1994,1,5,1,0,*,,
Red Urchin,6BC,1994,1,7,20,18379,157516,,
Red Urchin,6BC,1994,1,Total,37,48979,488226,,
Red Urchin,6BC,1994,2,3,1,440,*,,
Red Urchin,6BC,1994,2,4,1,350,*,,
Red Urchin,6BC,1994,2,6,9,4605,30573,,
Red Urchin,6BC,1994,2,7,15,18247,212954,,
Red Urchin,6BC,1994,2,8,11,11291,119454,,
Red Urchin,6BC,1994,2,11,18,29918,265524,,
Red Urchin,6BC,1994,2,12,10,10335,70509,,
Red Urchin,6BC,1994,2,13,1,3590,*,,
Red Urchin,6BC,1994,2,14,5,3680,39475,,
Red Urchin,6BC,1994,2,17,5,5480,50081,,
Red Urchin,6BC,1994,2,18,6,6818,59951,,
Red Urchin,6BC,1994,2,31,9,8250,121827,,
Red Urchin,6BC,1994,2,67,3,1337,23946,,
Red Urchin,6BC,1994,2,68,5,10280,144476,,
Red Urchin,6BC,1994,2,88,1,160,*,,
Red Urchin,6BC,1994,2,94,2,1720,*,,
Red Urchin,6BC,1994,2,95,1,335,*,,
Red Urchin,6BC,1994,2,96,4,3205,36270,,
Red Urchin,6BC,1994,2,98,1,720,*,,
Red Urchin,6BC,1994,2,Total,41,120761,1255636,,
Red Urchin,6BC,1994,3,0,1,0,*,,
Red Urchin,6BC,1994,3,1,22,27061,305128,,
Red Urchin,6BC,1994,3,2,4,1600,10679,,
Red Urchin,6BC,1994,3,3,8,4315,37301,,
Red Urchin,6BC,1994,3,4,1,865,*,,
Red Urchin,6BC,1994,3,11,1,280,*,,
Red Urchin,6BC,1994,3,Total,25,34121,382492,,
Red Urchin,6BC,1994,4,1,12,10692,153135,,
Red Urchin,6BC,1994,4,2,38,55873,597028,,
Red Urchin,6BC,1994,4,3,29,38501,432430,,
Red Urchin,6BC,1994,4,4,9,6110,76644,,
Red Urchin,6BC,1994,4,9,8,3957,57532,,
Red Urchin,6BC,1994,4,13,11,18246,197204,,
Red Urchin,6BC,1994,4,Total,54,133379,1513973,,
Red Urchin,6BC,1994,5,0,1,0,*,,
Red Urchin,6BC,1994,5,2,1,500,*,,
Red Urchin,6BC,1994,5,8,1,0,*,,
Red Urchin,6BC,1994,5,9,8,6380,104947,,
Red Urchin,6BC,1994,5,10,12,34088,427619,,
Red Urchin,6BC,1994,5,11,14,19493,262535,,
Red Urchin,6BC,1994,5,12,11,11748,109424,,
Red Urchin,6BC,1994,5,13,8,12178,192176,,
Red Urchin,6BC,1994,5,17,3,3685,50887,,
Red Urchin,6BC,1994,5,20,31,55926,527248,,
Red Urchin,6BC,1994,5,21,23,28233,356499,,
Red Urchin,6BC,1994,5,22,19,25073,206376,,
Red Urchin,6BC,1994,5,Total,53,197304,2296681,,
Red Urchin,6BC,1994,6,0,1,0,*,,
Red Urchin,6BC,1994,6,2,1,500,*,,
Red Urchin,6BC,1994,6,9,24,42421,601603,,
Red Urchin,6BC,1994,6,10,18,34493,443183,,
Red Urchin,6BC,1994,6,12,6,5200,69503,,
Red Urchin,6BC,1994,6,13,25,49032,594928,,
Red Urchin,6BC,1994,6,14,7,3210,52087,,
Red Urchin,6BC,1994,6,15,15,14713,193378,,
Red Urchin,6BC,1994,6,16,5,4630,60330,,
Red Urchin,6BC,1994,6,17,3,1914,15393,,
Red Urchin,6BC,1994,6,Total,52,156113,2058808,,
Red Urchin,6BC,1994,7,3,9,9523,131865,,
Red Urchin,6BC,1994,7,4,3,1740,35044,,
Red Urchin,6BC,1994,7,5,1,540,*,,
Red Urchin,6BC,1994,7,9,15,15549,174567,,
Red Urchin,6BC,1994,7,12,1,600,*,,
Red Urchin,6BC,1994,7,18,25,39926,488255,,
Red Urchin,6BC,1994,7,19,14,12876,164744,,
Red Urchin,6BC,1994,7,20,2,1216,*,,
Red Urchin,6BC,1994,7,21,1,105,*,,
Red Urchin,6BC,1994,7,23,4,1600,23358,,
Red Urchin,6BC,1994,7,25,26,44043,486593,,
Red Urchin,6BC,1994,7,27,1,600,*,,
Red Urchin,6BC,1994,7,31,26,37769,361317,,
Red Urchin,6BC,1994,7,32,2,920,*,,
Red Urchin,6BC,1994,7,Total,46,167007,1897758,,
Red Urchin,6BC,1994,8,1,5,7815,84847,,
Red Urchin,6BC,1994,8,2,2,3270,*,,
Red Urchin,6BC,1994,8,4,1,1393,*,,
Red Urchin,6BC,1994,8,Total,7,12478,125952,,
Red Urchin,6BC,1994,9,1,6,7118,67034,,
Red Urchin,6BC,1994,9,2,4,3500,**,,
Red Urchin,6BC,1994,9,7,1,200,*,,
Red Urchin,6BC,1994,9,Total,9,10818,100426,,
Red Urchin,6BC,1994,10,1,7,15641,252569,,
Red Urchin,6BC,1994,10,2,7,6426,54721,,
Red Urchin,6BC,1994,10,3,5,5330,**,,
Red Urchin,6BC,1994,10,4,1,300,*,,
Red Urchin,6BC,1994,10,Total,16,27697,360760,,
Red Urchin,6BC,1994,11,2,3,3675,38176,,
Red Urchin,6BC,1994,11,Total,3,3675,38176,,
Red Urchin,6BC,1994,12,0,1,201,*,,
Red Urchin,6BC,1994,12,1,1,1420,*,,
Red Urchin,6BC,1994,12,3,3,1700,20270,,
Red Urchin,6BC,1994,12,5,11,13194,144365,,
Red Urchin,6BC,1994,12,6,3,1660,24804,,
Red Urchin,6BC,1994,12,8,5,4500,81623,,
Red Urchin,6BC,1994,12,11,9,16759,151967,,
Red Urchin,6BC,1994,12,12,1,320,*,,
Red Urchin,6BC,1994,12,13,1,90,*,,
Red Urchin,6BC,1994,12,16,6,5661,61068,,
Red Urchin,6BC,1994,12,18,7,8273,145501,,
Red Urchin,6BC,1994,12,19,6,7022,94800,,
Red Urchin,6BC,1994,12,21,1,93,*,,
Red Urchin,6BC,1994,12,Total,22,60893,767902,,
Red Urchin,6BC,1994,13,1,7,5025,64326,,
Red Urchin,6BC,1994,13,2,3,2085,19508,,
Red Urchin,6BC,1994,13,9,3,1400,20810,,
Red Urchin,6BC,1994,13,10,2,1176,*,,
Red Urchin,6BC,1994,13,11,1,375,*,,
Red Urchin,6BC,1994,13,12,2,655,*,,
Red Urchin,6BC,1994,13,16,1,180,*,,
Red Urchin,6BC,1994,13,18,1,504,*,,
Red Urchin,6BC,1994,13,23,3,1135,21810,,
Red Urchin,6BC,1994,13,25,3,2060,18950,,
Red Urchin,6BC,1994,13,27,1,300,*,,
Red Urchin,6BC,1994,13,28,5,5748,90594,,
Red Urchin,6BC,1994,13,29,1,1245,*,,
Red Urchin,6BC,1994,13,35,2,4265,*,,
Red Urchin,6BC,1994,13,36,1,210,*,,
Red Urchin,6BC,1994,13,39,1,1381,*,,
Red Urchin,6BC,1994,13,41,1,466,*,,
Red Urchin,6BC,1994,13,Total,17,28210,370116,,
Red Urchin,6BC,1994,17,10,1,780,*,,
Red Urchin,6BC,1994,17,Total,1,780,*,,
Red Urchin,6BC,1994,18,0,1,0,*,,
Red Urchin,6BC,1994,18,1,1,1890,*,,
Red Urchin,6BC,1994,18,2,2,2385,*,,
Red Urchin,6BC,1994,18,5,1,300,*,,
Red Urchin,6BC,1994,18,6,5,5980,53987,,
Red Urchin,6BC,1994,18,11,1,0,*,,
Red Urchin,6BC,1994,18,Total,8,10555,130906,,
Red Urchin,6BC,1994,19,5,2,2900,*,,
Red Urchin,6BC,1994,19,Total,2,2900,*,,
Red Urchin,6BC,1994,20,2,1,220,*,,
Red Urchin,6BC,1994,20,5,1,600,*,,
Red Urchin,6BC,1994,20,Total,2,820,*,,
Red Urchin,6BC,1994,23,5,6,4772,**,,
Red Urchin,6BC,1994,23,7,1,200,*,,
Red Urchin,6BC,1994,23,11,6,5541,56746,,
Red Urchin,6BC,1994,23,Total,8,10513,103683,,
Red Urchin,6BC,1994,24,0,1,170,*,,
Red Urchin,6BC,1994,24,2,5,6750,70032,,
Red Urchin,6BC,1994,24,6,7,15478,150216,,
Red Urchin,6BC,1994,24,8,3,2886,**,,
Red Urchin,6BC,1994,24,Total,12,25284,245493,,
Red Urchin,6BC,1994,25,0,1,1288,*,,
Red Urchin,6BC,1994,25,6,4,1640,**,,
Red Urchin,6BC,1994,25,7,4,2193,24348,,
Red Urchin,6BC,1994,25,Total,8,5121,49455,,
Red Urchin,6BC,1994,27,0,1,1245,*,,
Red Urchin,6BC,1994,27,2,7,4490,65957,,
Red Urchin,6BC,1994,27,3,4,2540,**,,
Red Urchin,6BC,1994,27,Total,11,8275,108889,,
Red Urchin,6BC,1994,29,4,1,295,*,,
Red Urchin,6BC,1994,29,Total,1,295,*,,
Red Urchin,6BC,1994,105,1,3,3376,30679,,
Red Urchin,6BC,1994,105,Total,3,3376,30679,,
Red Urchin,6BC,1994,106,2,27,60360,684661,,
Red Urchin,6BC,1994,106,Total,27,60360,684661,,
Red Urchin,6BC,1994,123,3,1,1620,*,,
Red Urchin,6BC,1994,123,Total,1,1620,*,,
Red Urchin,6BC,1994,125,1,3,3985,60096,,
Red Urchin,6BC,1994,125,Total,3,3985,60096,,
Red Urchin,6BC,1995,0,0,1,480,*,,
Red Urchin,6BC,1995,0,Total,1,480,*,,
Red Urchin,6BC,1995,1,0,1,540,*,,
Red Urchin,6BC,1995,1,1,18,15346,197086,,
Red Urchin,6BC,1995,1,2,3,1380,14215,,
Red Urchin,6BC,1995,1,3,16,15725,191178,,
Red Urchin,6BC,1995,1,5,1,440,*,,
Red Urchin,6BC,1995,1,7,14,13218,153411,,
Red Urchin,6BC,1995,1,Total,33,46649,568760,,
Red Urchin,6BC,1995,2,6,6,3959,51710,,
Red Urchin,6BC,1995,2,7,20,22282,278393,,
Red Urchin,6BC,1995,2,8,11,8940,104301,,
Red Urchin,6BC,1995,2,11,18,31201,390707,,
Red Urchin,6BC,1995,2,12,2,1450,*,,
Red Urchin,6BC,1995,2,14,10,5266,61643,,
Red Urchin,6BC,1995,2,15,4,1590,20091,,
Red Urchin,6BC,1995,2,17,2,1220,*,,
Red Urchin,6BC,1995,2,18,10,2786,35179,,
Red Urchin,6BC,1995,2,31,20,22557,254227,,
Red Urchin,6BC,1995,2,32,1,60,*,,
Red Urchin,6BC,1995,2,35,1,0,*,,
Red Urchin,6BC,1995,2,64,1,400,*,,
Red Urchin,6BC,1995,2,66,1,500,*,,
Red Urchin,6BC,1995,2,68,12,19932,242832,,
Red Urchin,6BC,1995,2,96,1,420,*,,
Red Urchin,6BC,1995,2,98,4,1560,21699,,
Red Urchin,6BC,1995,2,100,2,1138,*,,
Red Urchin,6BC,1995,2,Total,44,125261,1535579,,
Red Urchin,6BC,1995,3,1,11,9145,**,,
Red Urchin,6BC,1995,3,7,1,301,*,,
Red Urchin,6BC,1995,3,Total,11,9446,106919,,
Red Urchin,6BC,1995,4,1,23,29336,400374,,
Red Urchin,6BC,1995,4,2,31,56530,703434,,
Red Urchin,6BC,1995,4,3,25,32930,379662,,
Red Urchin,6BC,1995,4,4,8,2610,**,,
Red Urchin,6BC,1995,4,5,1,840,*,,
Red Urchin,6BC,1995,4,9,23,31670,331537,,
Red Urchin,6BC,1995,4,13,13,20531,227303,,
Red Urchin,6BC,1995,4,Total,49,174447,2073001,,
Red Urchin,6BC,1995,5,0,1,0,*,,
Red Urchin,6BC,1995,5,9,11,9452,134137,,
Red Urchin,6BC,1995,5,10,24,40928,473792,,
Red Urchin,6BC,1995,5,11,19,19914,231799,,
Red Urchin,6BC,1995,5,12,15,17120,192983,,
Red Urchin,6BC,1995,5,13,11,17101,183057,,
Red Urchin,6BC,1995,5,14,1,1140,*,,
Red Urchin,6BC,1995,5,16,1,494,*,,
Red Urchin,6BC,1995,5,17,14,27117,318265,,
Red Urchin,6BC,1995,5,20,36,66059,678543,,
Red Urchin,6BC,1995,5,21,20,26034,318198,,
Red Urchin,6BC,1995,5,22,26,26120,273354,,
Red Urchin,6BC,1995,5,Total,54,251479,2822135,,
Red Urchin,6BC,1995,6,9,29,60427,673678,,
Red Urchin,6BC,1995,6,10,22,36754,484285,,
Red Urchin,6BC,1995,6,11,1,115,*,,
Red Urchin,6BC,1995,6,12,4,1460,11004,,
Red Urchin,6BC,1995,6,13,33,33253,417013,,
Red Urchin,6BC,1995,6,14,3,1573,**,,
Red Urchin,6BC,1995,6,15,17,25377,310029,,
Red Urchin,6BC,1995,6,16,10,6934,86335,,
Red Urchin,6BC,1995,6,17,9,7335,61605,,
Red Urchin,6BC,1995,6,Total,54,173228,2055969,,
Red Urchin,6BC,1995,7,1,9,5730,71816,,
Red Urchin,6BC,1995,7,3,10,14170,147996,,
Red Urchin,6BC,1995,7,9,21,23229,294996,,
Red Urchin,6BC,1995,7,12,1,1280,*,,
Red Urchin,6BC,1995,7,18,25,39869,477120,,
Red Urchin,6BC,1995,7,19,5,5215,53196,,
Red Urchin,6BC,1995,7,20,3,520,6665,,
Red Urchin,6BC,1995,7,21,3,1175,15025,,
Red Urchin,6BC,1995,7,23,2,415,*,,
Red Urchin,6BC,1995,7,24,1,260,*,,
Red Urchin,6BC,1995,7,25,29,44771,558495,,
Red Urchin,6BC,1995,7,27,3,2990,33847,,
Red Urchin,6BC,1995,7,31,21,37790,469575,,
Red Urchin,6BC,1995,7,32,16,15143,213087,,
Red Urchin,6BC,1995,7,Total,54,192557,2371209,,
Red Urchin,6BC,1995,8,1,4,3603,**,,
Red Urchin,6BC,1995,8,2,8,8852,88425,,
Red Urchin,6BC,1995,8,4,5,6577,87546,,
Red Urchin,6BC,1995,8,16,2,2022,*,,
Red Urchin,6BC,1995,8,Total,13,21054,244886,,
Red Urchin,6BC,1995,9,1,4,5613,52048,,
Red Urchin,6BC,1995,9,2,4,5970,**,,
Red Urchin,6BC,1995,9,12,1,814,*,,
Red Urchin,6BC,1995,9,Total,7,12397,108504,,
Red Urchin,6BC,1995,10,1,5,8683,**,,
Red Urchin,6BC,1995,10,2,9,21952,196123,,
Red Urchin,6BC,1995,10,3,7,17008,163086,,
Red Urchin,6BC,1995,10,4,1,512,*,,
Red Urchin,6BC,1995,10,Total,14,48155,494148,,
Red Urchin,6BC,1995,11,0,1,0,*,,
Red Urchin,6BC,1995,11,1,2,2233,*,,
Red Urchin,6BC,1995,11,2,2,2315,*,,
Red Urchin,6BC,1995,11,Total,5,4548,74807,,
Red Urchin,6BC,1995,12,0,2,300,*,,
Red Urchin,6BC,1995,12,1,2,1420,*,,
Red Urchin,6BC,1995,12,2,1,680,*,,
Red Urchin,6BC,1995,12,3,5,2700,20017,,
Red Urchin,6BC,1995,12,5,4,3469,32977,,
Red Urchin,6BC,1995,12,6,4,4111,42740,,
Red Urchin,6BC,1995,12,7,1,200,*,,
Red Urchin,6BC,1995,12,8,5,7120,82127,,
Red Urchin,6BC,1995,12,11,11,23145,240060,,
Red Urchin,6BC,1995,12,12,1,880,*,,
Red Urchin,6BC,1995,12,13,1,1000,*,,
Red Urchin,6BC,1995,12,15,1,720,*,,
Red Urchin,6BC,1995,12,16,5,10648,130826,,
Red Urchin,6BC,1995,12,17,2,650,*,,
Red Urchin,6BC,1995,12,18,4,3667,38189,,
Red Urchin,6BC,1995,12,19,4,1814,23690,,
Red Urchin,6BC,1995,12,21,2,775,*,,
Red Urchin,6BC,1995,12,39,1,960,*,,
Red Urchin,6BC,1995,12,41,6,5282,64575,,
Red Urchin,6BC,1995,12,Total,20,69541,803567,,
Red Urchin,6BC,1995,13,0,1,0,*,,
Red Urchin,6BC,1995,13,1,3,2710,28574,,
Red Urchin,6BC,1995,13,2,4,4170,44159,,
Red Urchin,6BC,1995,13,3,1,1450,*,,
Red Urchin,6BC,1995,13,6,1,260,*,,
Red Urchin,6BC,1995,13,7,1,510,*,,
Red Urchin,6BC,1995,13,8,2,810,*,,
Red Urchin,6BC,1995,13,10,3,2180,6500,,
Red Urchin,6BC,1995,13,11,1,920,*,,
Red Urchin,6BC,1995,13,12,4,4200,53740,,
Red Urchin,6BC,1995,13,16,1,460,*,,
Red Urchin,6BC,1995,13,23,2,660,*,,
Red Urchin,6BC,1995,13,25,6,7771,57580,,
Red Urchin,6BC,1995,13,28,5,3480,39708,,
Red Urchin,6BC,1995,13,29,1,420,*,,
Red Urchin,6BC,1995,13,31,2,3250,*,,
Red Urchin,6BC,1995,13,32,1,600,*,,
Red Urchin,6BC,1995,13,35,4,5185,44238,,
Red Urchin,6BC,1995,13,39,1,950,*,,
Red Urchin,6BC,1995,13,Total,17,39986,385102,,
Red Urchin,6BC,1995,17,3,3,3332,36483,,
Red Urchin,6BC,1995,17,10,2,1713,*,,
Red Urchin,6BC,1995,17,16,1,300,*,,
Red Urchin,6BC,1995,17,17,1,360,*,,
Red Urchin,6BC,1995,17,Total,3,5705,61669,,
Red Urchin,6BC,1995,18,1,1,1550,*,,
Red Urchin,6BC,1995,18,4,2,2410,*,,
Red Urchin,6BC,1995,18,5,1,1020,*,,
Red Urchin,6BC,1995,18,6,4,5551,52832,,
Red Urchin,6BC,1995,18,11,3,3985,33644,,
Red Urchin,6BC,1995,18,Total,7,14516,152619,,
Red Urchin,6BC,1995,19,5,2,3566,*,,
Red Urchin,6BC,1995,19,Total,2,3566,*,,
Red Urchin,6BC,1995,20,5,2,4780,*,,
Red Urchin,6BC,1995,20,Total,2,4780,*,,
Red Urchin,6BC,1995,23,5,1,892,*,,
Red Urchin,6BC,1995,23,7,4,3961,**,,
Red Urchin,6BC,1995,23,11,5,6959,77429,,
Red Urchin,6BC,1995,23,Total,7,11812,125732,,
Red Urchin,6BC,1995,24,2,2,760,*,,
Red Urchin,6BC,1995,24,6,11,18634,250938,,
Red Urchin,6BC,1995,24,7,2,1950,*,,
Red Urchin,6BC,1995,24,8,7,9065,153230,,
Red Urchin,6BC,1995,24,Total,11,30409,438096,,
Red Urchin,6BC,1995,27,0,1,0,*,,
Red Urchin,6BC,1995,27,2,4,7513,82155,,
Red Urchin,6BC,1995,27,3,1,1260,*,,
Red Urchin,6BC,1995,27,7,1,510,*,,
Red Urchin,6BC,1995,27,9,3,6640,75368,,
Red Urchin,6BC,1995,27,11,1,2339,*,,
Red Urchin,6BC,1995,27,Total,7,18262,217084,,
Red Urchin,6BC,1995,29,5,1,1360,*,,
Red Urchin,6BC,1995,29,Total,1,1360,*,,
Red Urchin,6BC,1995,106,2,14,24221,265295,,
Red Urchin,6BC,1995,106,Total,14,24221,265295,,
Red Urchin,6BC,1996,1,1,17,8643,**,,
Red Urchin,6BC,1996,1,2,1,300,*,,
Red Urchin,6BC,1996,1,3,20,16630,220310,,
Red Urchin,6BC,1996,1,7,23,16039,197093,,
Red Urchin,6BC,1996,1,Total,42,41612,570859,,
Red Urchin,6BC,1996,2,8,35,9992,123234,,
Red Urchin,6BC,1996,2,10,3,1085,13694,,
Red Urchin,6BC,1996,2,11,33,19658,230128,,
Red Urchin,6BC,1996,2,12,12,4911,81579,,
Red Urchin,6BC,1996,2,14,18,7930,107706,,
Red Urchin,6BC,1996,2,15,1,300,*,,
Red Urchin,6BC,1996,2,17,13,6725,74312,,
Red Urchin,6BC,1996,2,18,22,10583,146097,,
Red Urchin,6BC,1996,2,19,7,3292,25893,,
Red Urchin,6BC,1996,2,31,24,13178,141741,,
Red Urchin,6BC,1996,2,36,7,2165,18437,,
Red Urchin,6BC,1996,2,37,1,240,*,,
Red Urchin,6BC,1996,2,49,5,2260,41854,,
Red Urchin,6BC,1996,2,50,7,4570,54545,,
Red Urchin,6BC,1996,2,51,2,605,*,,
Red Urchin,6BC,1996,2,60,1,60,*,,
Red Urchin,6BC,1996,2,65,4,2790,29282,,
Red Urchin,6bc,1996,2,68,22,15731,214706,,
Red Urchin,6BC,1996,2,87,2,1565,*,,
Red Urchin,6BC,1996,2,88,1,240,*,,
Red Urchin,6BC,1996,2,Total,45,107880,1337663,,
Red Urchin,6BC,1996,3,1,10,7700,100923,,
Red Urchin,6BC,1996,3,3,5,2860,43904,,
Red Urchin,6BC,1996,3,Total,11,10560,144827,,
Red Urchin,6BC,1996,4,1,24,35260,374379,,
Red Urchin,6BC,1996,4,2,30,40217,558932,,
Red Urchin,6BC,1996,4,3,19,27951,374090,,
Red Urchin,6BC,1996,4,4,6,3180,42859,,
Red Urchin,6BC,1996,4,5,4,3433,30320,,
Red Urchin,6BC,1996,4,9,16,13981,142430,,
Red Urchin,6BC,1996,4,13,23,30859,364632,,
Red Urchin,6BC,1996,4,Total,52,154881,1887642,,
Red Urchin,6BC,1996,5,9,9,9810,115164,,
Red Urchin,6BC,1996,5,10,33,37924,486290,,
Red Urchin,6BC,1996,5,11,17,15117,210479,,
Red Urchin,6BC,1996,5,12,20,17341,235086,,
Red Urchin,6BC,1996,5,13,9,7205,73637,,
Red Urchin,6BC,1996,5,14,1,0,*,,
Red Urchin,6BC,1996,5,16,3,2076,9657,,
Red Urchin,6BC,1996,5,17,22,33558,431411,,
Red Urchin,6BC,1996,5,19,1,521,*,,
Red Urchin,6BC,1996,5,20,29,50473,662995,,
Red Urchin,6BC,1996,5,21,1,289,*,,
Red Urchin,6BC,1996,5,22,17,22095,325029,,
Red Urchin,6BC,1996,5,Total,52,196409,2570350,,
Red Urchin,6BC,1996,6,9,41,43081,594268,,
Red Urchin,6BC,1996,6,10,27,34273,526674,,
Red Urchin,6BC,1996,6,11,9,6214,94209,,
Red Urchin,6bc,1996,6,12,1,240,*,,
Red Urchin,6BC,1996,6,13,34,42014,577162,,
Red Urchin,6BC,1996,6,14,13,8109,100687,,
Red Urchin,6BC,1996,6,15,15,17967,231124,,
Red Urchin,6BC,1996,6,16,21,17325,229421,,
Red Urchin,6BC,1996,6,17,4,1740,27472,,
Red Urchin,6BC,1996,6,19,3,1605,**,,
Red Urchin,6BC,1996,6,Total,57,172568,2400745,,
Red Urchin,6BC,1996,7,1,7,2745,32769,,
Red Urchin,6BC,1996,7,3,5,1123,12152,,
Red Urchin,6BC,1996,7,4,8,6885,108039,,
Red Urchin,6BC,1996,7,8,1,950,*,,
Red Urchin,6BC,1996,7,9,29,28386,418388,,
Red Urchin,6BC,1996,7,12,2,280,*,,
Red Urchin,6BC,1996,7,17,2,760,*,,
Red Urchin,6BC,1996,7,18,21,27978,340459,,
Red Urchin,6BC,1996,7,19,9,4973,52001,,
Red Urchin,6BC,1996,7,20,2,720,*,,
Red Urchin,6BC,1996,7,21,3,1200,16774,,
Red Urchin,6BC,1996,7,23,6,3695,46323,,
Red Urchin,6BC,1996,7,25,23,34001,559117,,
Red Urchin,6BC,1996,7,27,9,3740,52043,,
Red Urchin,6BC,1996,7,28,2,1180,*,,
Red Urchin,6BC,1996,7,31,1,1255,*,,
Red Urchin,6BC,1996,7,32,19,11980,186999,,
Red Urchin,6BC,1996,7,Total,47,131851,1897027,,
Red Urchin,6BC,1996,8,1,2,555,*,,
Red Urchin,6BC,1996,8,2,9,8227,124868,,
Red Urchin,6BC,1996,8,4,10,10485,117260,,
Red Urchin,6BC,1996,8,16,2,2240,*,,
Red Urchin,6BC,1996,8,Total,15,21507,269075,,
Red Urchin,6BC,1996,9,1,6,1470,14151,,
Red Urchin,6BC,1996,9,11,1,0,*,,
Red Urchin,6BC,1996,9,12,1,442,*,,
Red Urchin,6BC,1996,9,Total,8,1912,22894,,
Red Urchin,6BC,1996,10,1,6,5000,46689,,
Red Urchin,6BC,1996,10,2,12,12853,177885,,
Red Urchin,6BC,1996,10,3,17,14087,258650,,
Red Urchin,6BC,1996,10,4,6,3170,63525,,
Red Urchin,6BC,1996,10,Total,24,35110,546749,,
Red Urchin,6BC,1996,11,2,6,6031,83251,,
Red Urchin,6BC,1996,11,Total,6,6031,83251,,
Red Urchin,6BC,1996,12,1,2,1910,*,,
Red Urchin,6BC,1996,12,3,5,5060,55272,,
Red Urchin,6BC,1996,12,4,1,590,*,,
Red Urchin,6BC,1996,12,5,4,4040,45720,,
Red Urchin,6BC,1996,12,6,4,6039,67007,,
Red Urchin,6BC,1996,12,7,1,0,*,,
Red Urchin,6BC,1996,12,8,5,11770,121646,,
Red Urchin,6BC,1996,12,11,7,14812,192383,,
Red Urchin,6BC,1996,12,12,2,7135,*,,
Red Urchin,6BC,1996,12,15,1,1360,*,,
Red Urchin,6BC,1996,12,16,2,2675,*,,
Red Urchin,6BC,1996,12,18,5,6009,60100,,
Red Urchin,6BC,1996,12,19,2,660,*,,
Red Urchin,6BC,1996,12,39,1,610,*,,
Red Urchin,6BC,1996,12,41,4,2995,32465,,
Red Urchin,6bc,1996,12,42,1,770,*,,
Red Urchin,6BC,1996,12,Total,18,66435,758902,,
Red Urchin,6BC,1996,13,1,5,2500,32516,,
Red Urchin,6BC,1996,13,2,6,5500,69679,,
Red Urchin,6BC,1996,13,6,2,1950,*,,
Red Urchin,6BC,1996,13,7,1,1310,*,,
Red Urchin,6BC,1996,13,8,1,840,*,,
Red Urchin,6BC,1996,13,9,2,1300,*,,
Red Urchin,6BC,1996,13,11,1,540,*,,
Red Urchin,6BC,1996,13,17,1,265,*,,
Red Urchin,6BC,1996,13,23,2,2180,*,,
Red Urchin,6BC,1996,13,25,5,6350,85847,,
Red Urchin,6BC,1996,13,26,2,556,*,,
Red Urchin,6BC,1996,13,27,1,301,*,,
Red Urchin,6BC,1996,13,28,6,7325,88959,,
Red Urchin,6BC,1996,13,29,1,390,*,,
Red Urchin,6BC,1996,13,30,2,2290,*,,
Red Urchin,6BC,1996,13,31,2,2180,*,,
Red Urchin,6BC,1996,13,35,2,1460,*,,
Red Urchin,6BC,1996,13,36,2,1285,*,,
Red Urchin,6BC,1996,13,39,3,2500,36874,,
Red Urchin,6BC,1996,13,40,1,1550,*,,
Red Urchin,6BC,1996,13,41,1,450,*,,
Red Urchin,6BC,1996,13,Total,12,43022,525693,,
Red Urchin,6BC,1996,17,2,1,180,*,,
Red Urchin,6BC,1996,17,3,2,2580,*,,
Red Urchin,6BC,1996,17,17,1,220,*,,
Red Urchin,6BC,1996,17,Total,4,2980,54704,,
Red Urchin,6BC,1996,18,1,2,520,*,,
Red Urchin,6BC,1996,18,2,6,9420,110194,,
Red Urchin,6BC,1996,18,3,1,1280,*,,
Red Urchin,6BC,1996,18,4,2,770,*,,
Red Urchin,6BC,1996,18,5,1,590,*,,
Red Urchin,6BC,1996,18,6,4,5126,62504,,
Red Urchin,6BC,1996,18,7,1,1050,*,,
Red Urchin,6BC,1996,18,11,2,1142,*,,
Red Urchin,6BC,1996,18,Total,10,19898,246660,,
Red Urchin,6BC,1996,19,4,1,160,*,,
Red Urchin,6BC,1996,19,5,3,1355,**,,
Red Urchin,6BC,1996,19,Total,3,1515,14681,,
Red Urchin,6BC,1996,20,4,1,2850,*,,
Red Urchin,6BC,1996,20,5,4,4930,**,,
Red Urchin,6BC,1996,20,Total,5,7780,73152,,
Red Urchin,6BC,1996,23,5,5,1795,21439,,
Red Urchin,6BC,1996,23,7,3,475,6412,,
Red Urchin,6BC,1996,23,11,5,6278,73771,,
Red Urchin,6BC,1996,23,Total,6,8548,101622,,
Red Urchin,6BC,1996,24,2,2,1080,*,,
Red Urchin,6BC,1996,24,6,10,13492,173204,,
Red Urchin,6BC,1996,24,8,2,3880,*,,
Red Urchin,6BC,1996,24,Total,12,18452,251159,,
Red Urchin,6BC,1996,27,2,4,6035,**,,
Red Urchin,6BC,1996,27,3,1,480,*,,
Red Urchin,6BC,1996,27,9,4,5573,81730,,
Red Urchin,6BC,1996,27,Total,5,12088,154474,,
Red Urchin,6BC,1996,29,4,2,1305,*,,
Red Urchin,6BC,1996,29,5,1,1000,*,,
Red Urchin,6BC,1996,29,Total,3,2305,23036,,
Red Urchin,6BC,1996,105,1,2,510,*,,
Red Urchin,6BC,1996,105,2,2,740,*,,
Red Urchin,6BC,1996,105,Total,3,1250,15635,,
Red Urchin,6BC,1996,106,2,25,24956,286216,,
Red Urchin,6BC,1996,106,Total,25,24956,286216,,
Red Urchin,6BC,1996,124,3,1,1265,*,,
Red Urchin,6BC,1996,124,Total,1,1265,*,,
Red Urchin,6BC,1997,1,1,12,5676,70033,,
Red Urchin,6BC,1997,1,2,37,36891,380894,,
Red Urchin,6BC,1997,1,3,6,4201,37817,,
Red Urchin,6BC,1997,1,7,9,6350,61188,,
Red Urchin,6BC,1997,1,Total,42,53118,549932,,
Red Urchin,6BC,1997,2,8,23,12878,143086,,
Red Urchin,6BC,1997,2,10,1,560,*,,
Red Urchin,6BC,1997,2,11,35,24204,241894,,
Red Urchin,6BC,1997,2,12,11,6141,57300,,
Red Urchin,6BC,1997,2,14,28,13338,138944,,
Red Urchin,6BC,1997,2,15,8,2685,26659,,
Red Urchin,6BC,1997,2,17,11,3570,32414,,
Red Urchin,6BC,1997,2,18,24,10720,100187,,
Red Urchin,6BC,1997,2,19,3,1870,13106,,
Red Urchin,6BC,1997,2,31,24,9915,92780,,
Red Urchin,6BC,1997,2,49,4,1600,16161,,
Red Urchin,6BC,1997,2,50,13,6782,72086,,
Red Urchin,6BC,1997,2,59,1,260,*,,
Red Urchin,6BC,1997,2,65,1,340,*,,
Red Urchin,6BC,1997,2,68,23,12180,108280,,
Red Urchin,6BC,1997,2,71,7,3310,40554,,
Red Urchin,6BC,1997,2,82,2,310,*,,
Red Urchin,6BC,1997,2,83,2,1330,*,,
Red Urchin,6BC,1997,2,86,1,200,*,,
Red Urchin,6BC,1997,2,87,15,3930,57475,,
Red Urchin,6BC,1997,2,95,1,310,*,,
Red Urchin,6BC,1997,2,96,5,1800,16957,,
Red Urchin,6BC,1997,2,97,1,200,*,,
Red Urchin,6BC,1997,2,98,8,3020,25284,,
Red Urchin,6BC,1997,2,99,3,970,7467,,
Red Urchin,6BC,1997,2,Total,43,122423,1220609,,
Red Urchin,6BC,1997,3,1,6,3127,**,,
Red Urchin,6BC,1997,3,3,2,480,*,,
Red Urchin,6BC,1997,3,Total,7,3607,26851,,
Red Urchin,6BC,1997,4,1,21,31311,316327,,
Red Urchin,6BC,1997,4,2,39,37524,432142,,
Red Urchin,6BC,1997,4,3,19,16266,175119,,
Red Urchin,6BC,1997,4,4,7,5298,**,,
Red Urchin,6BC,1997,4,5,1,425,*,,
Red Urchin,6BC,1997,4,9,15,7568,84278,,
Red Urchin,6BC,1997,4,13,15,18760,198829,,
Red Urchin,6BC,1997,4,Total,51,117152,1259016,,
Red Urchin,6BC,1997,5,9,8,6274,79335,,
Red Urchin,6BC,1997,5,10,33,56018,577880,,
Red Urchin,6BC,1997,5,11,15,9248,97819,,
Red Urchin,6BC,1997,5,12,24,22872,257968,,
Red Urchin,6BC,1997,5,13,22,21385,245517,,
Red Urchin,6BC,1997,5,14,5,3470,27759,,
Red Urchin,6BC,1997,5,17,24,21586,242743,,
Red Urchin,6BC,1997,5,18,2,680,*,,
Red Urchin,6BC,1997,5,20,22,45907,512872,,
Red Urchin,6BC,1997,5,21,2,1210,*,,
Red Urchin,6BC,1997,5,22,25,22097,274798,,
Red Urchin,6BC,1997,5,Total,55,210747,2336199,,
Red Urchin,6BC,1997,6,5,1,260,*,,
Red Urchin,6BC,1997,6,9,41,66531,750445,,
Red Urchin,6BC,1997,6,10,28,46546,490862,,
Red Urchin,6BC,1997,6,11,7,5115,63379,,
Red Urchin,6BC,1997,6,12,2,1290,*,,
Red Urchin,6BC,1997,6,13,34,77224,844749,,
Red Urchin,6BC,1997,6,14,14,6655,65040,,
Red Urchin,6BC,1997,6,15,16,16565,188005,,
Red Urchin,6BC,1997,6,16,21,16656,175363,,
Red Urchin,6BC,1997,6,17,7,3825,40537,,
Red Urchin,6BC,1997,6,19,8,2638,31022,,
Red Urchin,6BC,1997,6,Total,50,243305,2663173,,
Red Urchin,6BC,1997,7,1,1,620,*,,
Red Urchin,6BC,1997,7,3,7,13218,113506,,
Red Urchin,6BC,1997,7,4,8,5005,36073,,
Red Urchin,6BC,1997,7,9,29,37622,322222,,
Red Urchin,6BC,1997,7,12,6,2739,22772,,
Red Urchin,6BC,1997,7,18,30,28236,295768,,
Red Urchin,6BC,1997,7,19,11,5084,45181,,
Red Urchin,6BC,1997,7,20,3,770,3466,,
Red Urchin,6BC,1997,7,21,6,3743,33720,,
Red Urchin,6BC,1997,7,23,5,2114,16687,,
Red Urchin,6BC,1997,7,24,1,120,*,,
Red Urchin,6BC,1997,7,25,24,14755,140294,,
Red Urchin,6BC,1997,7,27,8,5489,42212,,
Red Urchin,6BC,1997,7,28,1,391,*,,
Red Urchin,6BC,1997,7,32,8,5926,47403,,
Red Urchin,6BC,1997,7,Total,47,125832,1131358,,
Red Urchin,6BC,1997,8,1,6,2656,25149,,
Red Urchin,6BC,1997,8,2,9,7810,85783,,
Red Urchin,6BC,1997,8,4,2,1450,*,,
Red Urchin,6BC,1997,8,16,1,250,*,,
Red Urchin,6BC,1997,8,Total,12,12166,126191,,
Red Urchin,6BC,1997,9,1,7,4435,35603,,
Red Urchin,6BC,1997,9,2,8,3519,27547,,
Red Urchin,6BC,1997,9,10,3,1383,9819,,
Red Urchin,6BC,1997,9,12,4,1163,16516,,
Red Urchin,6BC,1997,9,Total,13,10500,89485,,
Red Urchin,6BC,1997,10,1,9,6692,93193,,
Red Urchin,6BC,1997,10,2,8,3468,40414,,
Red Urchin,6BC,1997,10,3,8,3841,40592,,
Red Urchin,6BC,1997,10,4,2,770,*,,
Red Urchin,6BC,1997,10,12,1,110,*,,
Red Urchin,6BC,1997,10,Total,19,14881,188644,,
Red Urchin,6BC,1997,11,1,1,2792,*,,
Red Urchin,6BC,1997,11,2,2,1220,*,,
Red Urchin,6BC,1997,11,Total,3,4012,54878,,
Red Urchin,6BC,1997,12,1,1,1760,*,,
Red Urchin,6BC,1997,12,3,5,7387,117981,,
Red Urchin,6BC,1997,12,5,3,5334,49015,,
Red Urchin,6BC,1997,12,6,2,840,*,,
Red Urchin,6BC,1997,12,7,1,165,*,,
Red Urchin,6BC,1997,12,8,7,12212,153749,,
Red Urchin,6BC,1997,12,11,10,19894,234747,,
Red Urchin,6BC,1997,12,12,3,3253,34126,,
Red Urchin,6BC,1997,12,15,3,2414,36740,,
Red Urchin,6BC,1997,12,16,7,8127,89899,,
Red Urchin,6BC,1997,12,17,3,1250,14901,,
Red Urchin,6BC,1997,12,18,9,17634,195796,,
Red Urchin,6BC,1997,12,19,3,3482,46475,,
Red Urchin,6BC,1997,12,21,1,180,*,,
Red Urchin,6BC,1997,12,41,4,1459,12409,,
Red Urchin,6BC,1997,12,Total,21,85391,1018058,,
Red Urchin,6BC,1997,13,1,6,6000,87380,,
Red Urchin,6BC,1997,13,2,1,965,*,,
Red Urchin,6BC,1997,13,6,1,1400,*,,
Red Urchin,6BC,1997,13,7,2,2235,*,,
Red Urchin,6BC,1997,13,9,1,690,*,,
Red Urchin,6BC,1997,13,12,2,2775,*,,
Red Urchin,6BC,1997,13,23,1,845,*,,
Red Urchin,6BC,1997,13,25,5,9424,119607,,
Red Urchin,6BC,1997,13,27,1,330,*,,
Red Urchin,6BC,1997,13,28,5,4052,58859,,
Red Urchin,6BC,1997,13,30,1,690,*,,
Red Urchin,6BC,1997,13,31,4,2975,39630,,
Red Urchin,6BC,1997,13,32,5,5055,74473,,
Red Urchin,6BC,1997,13,33,3,3000,70079,,
Red Urchin,6BC,1997,13,39,1,1670,*,,
Red Urchin,6BC,1997,13,41,1,75,*,,
Red Urchin,6BC,1997,13,Total,14,42181,595468,,
Red Urchin,6BC,1997,17,3,2,2190,*,,
Red Urchin,6BC,1997,17,10,2,1750,*,,
Red Urchin,6BC,1997,17,17,2,1210,*,,
Red Urchin,6BC,1997,17,Total,3,5150,51405,,
Red Urchin,6BC,1997,18,1,1,500,*,,
Red Urchin,6BC,1997,18,2,4,2055,22380,,
Red Urchin,6BC,1997,18,3,1,866,*,,
Red Urchin,6BC,1997,18,4,1,1810,*,,
Red Urchin,6BC,1997,18,5,1,1080,*,,
Red Urchin,6BC,1997,18,6,3,2340,35169,,
Red Urchin,6BC,1997,18,11,5,2134,19686,,
Red Urchin,6BC,1997,18,Total,8,10785,126697,,
Red Urchin,6BC,1997,19,4,2,1160,*,,
Red Urchin,6BC,1997,19,5,1,1155,*,,
Red Urchin,6BC,1997,19,Total,3,2315,44859,,
Red Urchin,6BC,1997,20,5,3,3505,51383,,
Red Urchin,6BC,1997,20,Total,3,3505,51383,,
Red Urchin,6BC,1997,23,5,4,1976,25447,,
Red Urchin,6BC,1997,23,7,3,2285,24605,,
Red Urchin,6BC,1997,23,11,7,4795,55986,,
Red Urchin,6BC,1997,23,Total,8,9056,106038,,
Red Urchin,6BC,1997,24,2,2,1760,*,,
Red Urchin,6BC,1997,24,6,10,16235,165233,,
Red Urchin,6BC,1997,24,8,7,8829,**,,
Red Urchin,6BC,1997,24,Total,12,26824,287729,,
Red Urchin,6BC,1997,27,1,2,3492,*,,
Red Urchin,6BC,1997,27,2,2,1148,*,,
Red Urchin,6BC,1997,27,9,5,7291,93052,,
Red Urchin,6BC,1997,27,Total,5,11931,149713,,
Red Urchin,6BC,1997,29,4,1,818,*,,
Red Urchin,6BC,1997,29,5,2,610,*,,
Red Urchin,6BC,1997,29,Total,3,1428,16756,,
Red Urchin,6BC,1997,101,6,9,7921,72529,,
Red Urchin,6BC,1997,101,Total,9,7921,72529,,
Red Urchin,6BC,1997,105,2,2,652,*,,
Red Urchin,6BC,1997,105,Total,2,652,*,,
Red Urchin,6BC,1997,106,2,10,7740,73532,,
Red Urchin,6BC,1997,106,Total,10,7740,73532,,
Red Urchin,6BC,1997,111,0,1,992,*,,
Red Urchin,6BC,1997,111,Total,1,992,*,,
Red Urchin,6BC,1997,123,3,2,2084,*,,
Red Urchin,6BC,1997,123,Total,2,2084,*,,
Red Urchin,6BC,1997,124,3,1,303,*,,
Red Urchin,6BC,1997,124,Total,1,303,*,,
Red Urchin,6BC,1998,1,1,6,2360,29435,,
Red Urchin,6BC,1998,1,2,30,36831,446709,,
Red Urchin,6BC,1998,1,3,16,12046,145807,,
Red Urchin,6BC,1998,1,7,6,4300,39310,,
Red Urchin,6BC,1998,1,Total,40,55537,661261,,
Red Urchin,6BC,1998,2,8,36,12034,143524,,
Red Urchin,6BC,1998,2,11,34,22854,240494,,
Red Urchin,6BC,1998,2,12,12,6040,62432,,
Red Urchin,6BC,1998,2,13,1,442,*,,
Red Urchin,6BC,1998,2,14,24,10707,118327,,
Red Urchin,6BC,1998,2,15,16,6095,64233,,
Red Urchin,6BC,1998,2,17,5,1950,19704,,
Red Urchin,6BC,1998,2,18,36,17325,165748,,
Red Urchin,6BC,1998,2,19,3,1423,11516,,
Red Urchin,6BC,1998,2,31,42,10501,100266,,
Red Urchin,6BC,1998,2,68,6,1640,16710,,
Red Urchin,6BC,1998,2,69,1,120,*,,
Red Urchin,6BC,1998,2,71,7,1950,23153,,
Red Urchin,6BC,1998,2,75,2,730,*,,
Red Urchin,6BC,1998,2,80,1,485,*,,
Red Urchin,6BC,1998,2,87,12,4647,59149,,
Red Urchin,6BC,1998,2,88,1,550,*,,
Red Urchin,6BC,1998,2,Total,44,99493,1049365,,
Red Urchin,6BC,1998,3,1,13,7645,85600,,
Red Urchin,6BC,1998,3,2,3,5250,46062,,
Red Urchin,6BC,1998,3,3,4,2135,20141,,
Red Urchin,6BC,1998,3,Total,14,15030,151803,,
Red Urchin,6BC,1998,4,1,44,65407,658577,,
Red Urchin,6BC,1998,4,2,28,36975,409374,,
Red Urchin,6BC,1998,4,3,10,4894,53666,,
Red Urchin,6BC,1998,4,4,5,2830,24958,,
Red Urchin,6BC,1998,4,5,8,3470,38260,,
Red Urchin,6BC,1998,4,9,25,20459,215305,,
Red Urchin,6BC,1998,4,12,9,5130,50201,,
Red Urchin,6BC,1998,4,13,36,42757,462220,,
Red Urchin,6BC,1998,4,Total,52,181922,1912561,,
Red Urchin,6BC,1998,5,10,13,7997,84761,,
Red Urchin,6BC,1998,5,11,12,5150,65718,,
Red Urchin,6BC,1998,5,13,14,9367,96054,,
Red Urchin,6BC,1998,5,14,7,2770,24568,,
Red Urchin,6BC,1998,5,17,20,8138,90205,,
Red Urchin,6BC,1998,5,20,24,42098,503094,,
Red Urchin,6BC,1998,5,21,11,7521,100796,,
Red Urchin,6BC,1998,5,22,22,34467,390171,,
Red Urchin,6BC,1998,5,Total,40,117508,1355367,,
Red Urchin,6BC,1998,6,6,1,250,*,,
Red Urchin,6BC,1998,6,9,48,94944,1095032,,
Red Urchin,6BC,1998,6,10,38,43160,490202,,
Red Urchin,6BC,1998,6,11,11,3687,41357,,
Red Urchin,6BC,1998,6,12,4,1580,27354,,
Red Urchin,6BC,1998,6,13,56,122202,1179279,,
Red Urchin,6BC,1998,6,14,25,14101,149581,,
Red Urchin,6BC,1998,6,15,28,25295,276030,,
Red Urchin,6BC,1998,6,16,35,21718,193591,,
Red Urchin,6BC,1998,6,17,10,6379,45704,,
Red Urchin,6BC,1998,6,19,9,3334,38023,,
Red Urchin,6BC,1998,6,26,1,250,*,,
Red Urchin,6BC,1998,6,Total,65,336900,3539317,,
Red Urchin,6BC,1998,7,1,2,440,*,,
Red Urchin,6BC,1998,7,3,21,13223,127880,,
Red Urchin,6BC,1998,7,4,16,11102,137900,,
Red Urchin,6BC,1998,7,5,1,300,*,,
Red Urchin,6BC,1998,7,8,4,460,4098,,
Red Urchin,6BC,1998,7,9,42,44912,427281,,
Red Urchin,6BC,1998,7,12,13,5826,49195,,
Red Urchin,6BC,1998,7,18,26,17976,198753,,
Red Urchin,6BC,1998,7,19,11,5633,44476,,
Red Urchin,6BC,1998,7,20,6,1740,19094,,
Red Urchin,6BC,1998,7,21,4,2031,13982,,
Red Urchin,6BC,1998,7,23,4,725,8195,,
Red Urchin,6BC,1998,7,25,15,7955,78613,,
Red Urchin,6BC,1998,7,26,2,527,*,,
Red Urchin,6BC,1998,7,27,23,13003,118638,,
Red Urchin,6BC,1998,7,28,3,615,8319,,
Red Urchin,6BC,1998,7,31,1,120,*,,
Red Urchin,6BC,1998,7,32,27,17293,175898,,
Red Urchin,6BC,1998,7,Total,60,143881,1430565,,
Red Urchin,6BC,1998,8,1,13,6458,63429,,
Red Urchin,6BC,1998,8,2,17,6090,58934,,
Red Urchin,6BC,1998,8,4,16,6983,73306,,
Red Urchin,6BC,1998,8,16,6,2226,20262,,
Red Urchin,6BC,1998,8,Total,33,21757,215931,,
Red Urchin,6BC,1998,10,2,20,9302,98821,,
Red Urchin,6BC,1998,10,3,10,3573,29693,,
Red Urchin,6BC,1998,10,4,6,2257,18713,,
Red Urchin,6BC,1998,10,8,1,30,*,,
Red Urchin,6BC,1998,10,12,1,30,*,,
Red Urchin,6BC,1998,10,Total,26,15192,147495,,
Red Urchin,6BC,1998,11,1,3,983,11254,,
Red Urchin,6BC,1998,11,2,6,5656,63107,,
Red Urchin,6BC,1998,11,Total,7,6639,74361,,
Red Urchin,6BC,1998,12,1,3,3077,36739,,
Red Urchin,6BC,1998,12,2,1,750,*,,
Red Urchin,6BC,1998,12,3,1,180,*,,
Red Urchin,6BC,1998,12,5,4,1379,20113,,
Red Urchin,6BC,1998,12,6,2,1470,*,,
Red Urchin,6BC,1998,12,7,5,4005,57098,,
Red Urchin,6BC,1998,12,8,5,5249,74728,,
Red Urchin,6BC,1998,12,11,8,9004,122358,,
Red Urchin,6BC,1998,12,12,6,6174,65871,,
Red Urchin,6BC,1998,12,13,4,4221,60408,,
Red Urchin,6BC,1998,12,14,1,954,*,,
Red Urchin,6BC,1998,12,15,2,605,*,,
Red Urchin,6BC,1998,12,16,7,9162,114565,,
Red Urchin,6BC,1998,12,17,2,580,*,,
Red Urchin,6BC,1998,12,18,8,7509,85924,,
Red Urchin,6BC,1998,12,19,4,3774,41186,,
Red Urchin,6BC,1998,12,39,2,1690,*,,
Red Urchin,6BC,1998,12,41,4,2704,37691,,
Red Urchin,6BC,1998,12,Total,15,62487,793835,,
Red Urchin,6BC,1998,13,1,1,320,*,,
Red Urchin,6BC,1998,13,2,4,6668,80313,,
Red Urchin,6BC,1998,13,3,1,360,*,,
Red Urchin,6BC,1998,13,6,2,995,*,,
Red Urchin,6BC,1998,13,7,2,1470,*,,
Red Urchin,6BC,1998,13,8,3,1070,9205,,
Red Urchin,6BC,1998,13,9,6,4646,49113,,
Red Urchin,6BC,1998,13,10,2,1070,*,,
Red Urchin,6BC,1998,13,11,1,610,*,,
Red Urchin,6BC,1998,13,12,3,2950,34925,,
Red Urchin,6BC,1998,13,18,2,732,*,,
Red Urchin,6BC,1998,13,23,1,244,*,,
Red Urchin,6BC,1998,13,25,10,13458,159841,,
Red Urchin,6BC,1998,13,26,2,1500,*,,
Red Urchin,6BC,1998,13,28,10,8558,139000,,
Red Urchin,6BC,1998,13,29,1,950,*,,
Red Urchin,6BC,1998,13,31,3,3540,47130,,
Red Urchin,6BC,1998,13,32,3,1280,25427,,
Red Urchin,6BC,1998,13,33,8,4530,66776,,
Red Urchin,6BC,1998,13,35,2,1460,*,,
Red Urchin,6BC,1998,13,39,3,1706,27125,,
Red Urchin,6BC,1998,13,Total,16,58117,773536,,
Red Urchin,6BC,1998,17,2,1,1140,*,,
Red Urchin,6BC,1998,17,3,3,1630,30383,,
Red Urchin,6BC,1998,17,10,3,730,**,,
Red Urchin,6BC,1998,17,Total,4,3500,64318,,
Red Urchin,6BC,1998,18,1,1,120,*,,
Red Urchin,6BC,1998,18,2,4,2318,22308,,
Red Urchin,6BC,1998,18,3,1,360,*,,
Red Urchin,6BC,1998,18,4,4,1770,29392,,
Red Urchin,6BC,1998,18,5,3,3431,39936,,
Red Urchin,6BC,1998,18,6,4,2677,40564,,
Red Urchin,6BC,1998,18,11,3,2443,32484,,
Red Urchin,6BC,1998,18,Total,7,13119,170280,,
Red Urchin,6BC,1998,19,3,1,330,*,,
Red Urchin,6BC,1998,19,4,5,6185,64224,,
Red Urchin,6BC,1998,19,5,3,1430,**,,
Red Urchin,6BC,1998,19,Total,7,7945,84534,,
Red Urchin,6BC,1998,20,5,3,4060,**,,
Red Urchin,6BC,1998,20,6,1,335,*,,
Red Urchin,6BC,1998,20,Total,3,4395,59788,,
Red Urchin,6BC,1998,24,2,3,2250,31954,,
Red Urchin,6BC,1998,24,6,6,7450,112451,,
Red Urchin,6BC,1998,24,8,5,3554,65584,,
Red Urchin,6BC,1998,24,Total,6,13254,209989,,
Red Urchin,6BC,1998,27,1,2,2276,*,,
Red Urchin,6BC,1998,27,9,2,3289,*,,
Red Urchin,6BC,1998,27,Total,2,5565,*,,
Red Urchin,6BC,1998,29,5,4,2490,24217,,
Red Urchin,6BC,1998,29,Total,4,2490,24217,,
Red Urchin,6BC,1998,105,1,2,1315,*,,
Red Urchin,6BC,1998,105,2,1,560,*,,
Red Urchin,6BC,1998,105,Total,2,1875,*,,
Red Urchin,6BC,1998,106,2,51,58698,595131,,
Red Urchin,6BC,1998,106,Total,51,58698,595131,,
Red Urchin,6BC,1998,124,3,1,250,*,,
Red Urchin,6BC,1998,124,Total,1,250,*,,
Red Urchin,6BC,1999,1,1,21,8490,111429,,
Red Urchin,6BC,1999,1,2,26,21838,301637,,
Red Urchin,6BC,1999,1,3,7,5899,79944,,
Red Urchin,6BC,1999,1,5,1,400,*,,
Red Urchin,6BC,1999,1,7,5,3031,**,,
Red Urchin,6BC,1999,1,Total,34,39658,529129,,
Red Urchin,6BC,1999,2,8,28,11288,119696,,
Red Urchin,6BC,1999,2,10,12,3020,29215,,
Red Urchin,6BC,1999,2,11,27,11489,132904,,
Red Urchin,6BC,1999,2,12,6,1300,16176,,
Red Urchin,6BC,1999,2,14,25,11313,127802,,
Red Urchin,6BC,1999,2,15,6,1740,18823,,
Red Urchin,6BC,1999,2,17,11,4238,53607,,
Red Urchin,6BC,1999,2,18,31,12809,149874,,
Red Urchin,6BC,1999,2,31,20,8161,72486,,
Red Urchin,6BC,1999,2,32,1,480,*,,
Red Urchin,6BC,1999,2,49,2,400,*,,
Red Urchin,6BC,1999,2,50,2,1065,*,,
Red Urchin,6BC,1999,2,55,1,240,*,,
Red Urchin,6BC,1999,2,68,14,5233,63852,,
Red Urchin,6BC,1999,2,71,4,1094,10187,,
Red Urchin,6BC,1999,2,75,6,2055,28327,,
Red Urchin,6BC,1999,2,76,1,100,*,,
Red Urchin,6BC,1999,2,78,2,570,*,,
Red Urchin,6BC,1999,2,82,2,840,*,,
Red Urchin,6BC,1999,2,85,1,300,*,,
Red Urchin,6BC,1999,2,87,14,3321,43205,,
Red Urchin,6BC,1999,2,88,5,1390,19985,,
Red Urchin,6BC,1999,2,89,1,240,*,,
Red Urchin,6BC,1999,2,92,1,300,*,,
Red Urchin,6BC,1999,2,93,4,393,3803,,
Red Urchin,6BC,1999,2,95,2,150,*,,
Red Urchin,6BC,1999,2,96,2,660,*,,
Red Urchin,6BC,1999,2,98,4,1215,13524,,
Red Urchin,6BC,1999,2,99,5,470,4293,,
Red Urchin,6BC,1999,2,100,1,240,*,,
Red Urchin,6BC,1999,2,Total,40,86114,965820,,
Red Urchin,6BC,1999,3,1,7,6374,71481,,
Red Urchin,6BC,1999,3,2,3,1692,**,,
Red Urchin,6BC,1999,3,3,2,1510,*,,
Red Urchin,6BC,1999,3,Total,9,9576,105341,,
Red Urchin,6BC,1999,4,1,37,61613,671241,,
Red Urchin,6BC,1999,4,2,27,23224,264920,,
Red Urchin,6BC,1999,4,3,6,2565,27637,,
Red Urchin,6BC,1999,4,5,5,2200,27598,,
Red Urchin,6BC,1999,4,9,12,3926,48864,,
Red Urchin,6BC,1999,4,12,9,3800,38340,,
Red Urchin,6BC,1999,4,13,41,55280,648204,,
Red Urchin,6BC,1999,4,Total,46,152608,1726804,,
Red Urchin,6BC,1999,5,9,17,11384,139626,,
Red Urchin,6BC,1999,5,10,40,30879,350465,,
Red Urchin,6BC,1999,5,11,21,8769,102092,,
Red Urchin,6BC,1999,5,12,21,11505,127635,,
Red Urchin,6BC,1999,5,13,18,9208,101157,,
Red Urchin,6BC,1999,5,14,16,6375,67427,,
Red Urchin,6BC,1999,5,16,4,683,**,,
Red Urchin,6BC,1999,5,17,33,10758,118762,,
Red Urchin,6BC,1999,5,18,1,200,*,,
Red Urchin,6BC,1999,5,20,32,34996,466273,,
Red Urchin,6BC,1999,5,21,20,7642,100634,,
Red Urchin,6BC,1999,5,22,23,37531,398250,,
Red Urchin,6BC,1999,5,Total,53,169930,1981712,,
Red Urchin,6BC,1999,6,9,40,58711,714943,,
Red Urchin,6BC,1999,6,10,32,35473,406117,,
Red Urchin,6BC,1999,6,11,7,2640,27565,,
Red Urchin,6BC,1999,6,12,1,300,*,,
Red Urchin,6BC,1999,6,13,45,100812,1122587,,
Red Urchin,6BC,1999,6,14,7,4033,42304,,
Red Urchin,6BC,1999,6,15,11,4167,36412,,
Red Urchin,6BC,1999,6,16,17,14973,155725,,
Red Urchin,6BC,1999,6,17,13,8545,71709,,
Red Urchin,6BC,1999,6,19,3,1370,9120,,
Red Urchin,6BC,1999,6,26,1,420,*,,
Red Urchin,6BC,1999,6,Total,52,231444,2594350,,
Red Urchin,6BC,1999,7,3,15,9150,93851,,
Red Urchin,6BC,1999,7,4,17,10520,86195,,
Red Urchin,6BC,1999,7,12,7,3821,46731,,
Red Urchin,6BC,1999,7,19,7,3460,29615,,
Red Urchin,6BC,1999,7,20,6,2405,24563,,
Red Urchin,6BC,1999,7,21,2,1010,*,,
Red Urchin,6BC,1999,7,23,10,3864,32233,,
Red Urchin,6BC,1999,7,24,2,240,*,,
Red Urchin,6BC,1999,7,25,7,1960,15534,,
Red Urchin,6BC,1999,7,27,21,18090,160311,,
Red Urchin,6BC,1999,7,28,6,3443,34762,,
Red Urchin,6BC,1999,7,32,12,6686,63728,,
Red Urchin,6BC,1999,7,Total,34,64649,597705,,
Red Urchin,6BC,1999,8,1,4,1360,12487,,
Red Urchin,6BC,1999,8,2,11,3548,30741,,
Red Urchin,6BC,1999,8,3,3,1330,12495,,
Red Urchin,6BC,1999,8,4,8,2639,24227,,
Red Urchin,6BC,1999,8,16,4,2185,16975,,
Red Urchin,6BC,1999,8,Total,23,11062,96925,,
Red Urchin,6BC,1999,9,1,9,4322,48087,,
Red Urchin,6BC,1999,9,2,4,1715,22743,,
Red Urchin,6BC,1999,9,11,3,720,**,,
Red Urchin,6BC,1999,9,12,2,266,*,,
Red Urchin,6BC,1999,9,Total,16,7023,76805,,
Red Urchin,6BC,1999,10,1,14,13144,124125,,
Red Urchin,6BC,1999,10,2,18,12291,122800,,
Red Urchin,6BC,1999,10,3,22,17485,165220,,
Red Urchin,6BC,1999,10,4,14,9020,102694,,
Red Urchin,6BC,1999,10,5,1,210,*,,
Red Urchin,6BC,1999,10,6,1,500,*,,
Red Urchin,6BC,1999,10,Total,39,52650,522095,,
Red Urchin,6BC,1999,11,2,10,14964,176241,,
Red Urchin,6BC,1999,11,Total,10,14964,176241,,
Red Urchin,6BC,1999,12,3,4,3365,47743,,
Red Urchin,6BC,1999,12,5,6,3530,45678,,
Red Urchin,6BC,1999,12,6,6,5701,78193,,
Red Urchin,6BC,1999,12,7,4,2679,34182,,
Red Urchin,6BC,1999,12,8,5,5690,88273,,
Red Urchin,6BC,1999,12,11,11,7399,101701,,
Red Urchin,6BC,1999,12,12,4,7073,86253,,
Red Urchin,6BC,1999,12,13,4,5109,60001,,
Red Urchin,6BC,1999,12,14,3,554,8336,,
Red Urchin,6BC,1999,12,15,2,880,*,,
Red Urchin,6BC,1999,12,16,8,4142,54928,,
Red Urchin,6BC,1999,12,18,4,2350,43288,,
Red Urchin,6BC,1999,12,19,3,1120,17202,,
Red Urchin,6BC,1999,12,20,1,200,*,,
Red Urchin,6BC,1999,12,21,1,180,*,,
Red Urchin,6BC,1999,12,41,1,815,*,,
Red Urchin,6BC,1999,12,Total,13,50787,701034,,
Red Urchin,6BC,1999,13,1,4,2462,31597,,
Red Urchin,6BC,1999,13,2,6,4447,58312,,
Red Urchin,6BC,1999,13,9,2,760,*,,
Red Urchin,6BC,1999,13,12,5,2733,36918,,
Red Urchin,6BC,1999,13,18,1,840,*,,
Red Urchin,6BC,1999,13,25,3,3268,39275,,
Red Urchin,6BC,1999,13,28,9,7475,112606,,
Red Urchin,6BC,1999,13,31,3,2515,37212,,
Red Urchin,6BC,1999,13,32,3,1090,28706,,
Red Urchin,6BC,1999,13,33,5,4140,61631,,
Red Urchin,6BC,1999,13,35,1,1500,*,,
Red Urchin,6BC,1999,13,39,1,360,*,,
Red Urchin,6BC,1999,13,Total,12,31590,452932,,
Red Urchin,6BC,1999,17,3,3,3511,39183,,
Red Urchin,6BC,1999,17,10,1,41,*,,
Red Urchin,6BC,1999,17,17,2,1280,*,,
Red Urchin,6BC,1999,17,Total,6,4832,58626,,
Red Urchin,6BC,1999,18,2,2,1720,*,,
Red Urchin,6BC,1999,18,4,1,1182,*,,
Red Urchin,6BC,1999,18,5,2,1640,*,,
Red Urchin,6BC,1999,18,6,6,3126,42095,,
Red Urchin,6BC,1999,18,11,2,914,*,,
Red Urchin,6BC,1999,18,Total,7,8582,124248,,
Red Urchin,6BC,1999,19,3,3,2682,40470,,
Red Urchin,6BC,1999,19,4,4,3553,**,,
Red Urchin,6BC,1999,19,5,2,420,*,,
Red Urchin,6BC,1999,19,Total,5,6655,85209,,
Red Urchin,6BC,1999,20,5,2,3875,*,,
Red Urchin,6BC,1999,20,Total,2,3875,*,,
Red Urchin,6BC,1999,23,5,2,2400,*,,
Red Urchin,6BC,1999,23,7,6,2700,**,,
Red Urchin,6BC,1999,23,11,7,3845,60167,,
Red Urchin,6BC,1999,23,Total,9,8945,121044,,
Red Urchin,6BC,1999,24,2,7,3437,45334,,
Red Urchin,6BC,1999,24,6,9,9384,115141,,
Red Urchin,6BC,1999,24,8,8,4412,64836,,
Red Urchin,6BC,1999,24,Total,9,17233,225311,,
Red Urchin,6BC,1999,27,1,3,3988,55737,,
Red Urchin,6BC,1999,27,9,3,3154,36129,,
Red Urchin,6BC,1999,27,Total,5,7142,91866,,
Red Urchin,6BC,1999,29,4,1,240,*,,
Red Urchin,6BC,1999,29,5,1,640,*,,
Red Urchin,6BC,1999,29,Total,2,880,*,,
Red Urchin,6BC,1999,101,2,3,1830,20698,,
Red Urchin,6BC,1999,101,3,2,1150,*,,
Red Urchin,6BC,1999,101,6,5,2380,38854,,
Red Urchin,6BC,1999,101,7,1,240,*,,
Red Urchin,6BC,1999,101,Total,9,5600,79735,,
Red Urchin,6BC,1999,105,1,2,1230,*,,
Red Urchin,6BC,1999,105,Total,2,1230,*,,
Red Urchin,6BC,1999,106,1,1,850,*,,
Red Urchin,6BC,1999,106,2,31,33154,**,,
Red Urchin,6BC,1999,106,Total,31,34004,429664,,
Red Urchin,6BC,1999,111,0,1,527,*,,
Red Urchin,6BC,1999,111,Total,1,527,*,,
Red Urchin,6BC,1999,123,3,1,400,*,,
Red Urchin,6BC,1999,123,Total,1,400,*,,
Red Urchin,6BC,1999,124,3,3,3860,48837,,
Red Urchin,6BC,1999,124,Total,3,3860,48837,,
Red Urchin,6BC,1999,127,3,1,180,*,,
Red Urchin,6BC,1999,127,Total,1,180,*,,
Red Urchin,6BC,2000,1,1,17,10627,135299,,
Red Urchin,6BC,2000,1,2,26,30250,377914,,
Red Urchin,6BC,2000,1,3,8,4555,60010,,
Red Urchin,6BC,2000,1,7,11,4551,51567,,
Red Urchin,6BC,2000,1,Total,33,49983,624790,,
Red Urchin,6BC,2000,2,8,29,13558,140747,,
Red Urchin,6BC,2000,2,10,4,625,6263,,
Red Urchin,6BC,2000,2,11,34,11681,123085,,
Red Urchin,6BC,2000,2,12,3,1041,10812,,
Red Urchin,6BC,2000,2,14,22,10646,125181,,
Red Urchin,6BC,2000,2,17,19,9280,85175,,
Red Urchin,6BC,2000,2,18,32,14431,142012,,
Red Urchin,6BC,2000,2,19,1,200,*,,
Red Urchin,6BC,2000,2,31,14,6595,67471,,
Red Urchin,6BC,2000,2,49,3,1840,27316,,
Red Urchin,6BC,2000,2,50,16,8906,113806,,
Red Urchin,6BC,2000,2,59,1,530,*,,
Red Urchin,6BC,2000,2,68,19,6037,79301,,
Red Urchin,6BC,2000,2,69,3,1080,12249,,
Red Urchin,6BC,2000,2,73,1,240,*,,
Red Urchin,6BC,2000,2,75,4,1325,17154,,
Red Urchin,6BC,2000,2,78,7,1870,28096,,
Red Urchin,6BC,2000,2,79,3,1200,13396,,
Red Urchin,6BC,2000,2,82,2,600,*,,
Red Urchin,6BC,2000,2,87,14,3074,42536,,
Red Urchin,6BC,2000,2,88,5,990,15736,,
Red Urchin,6BC,2000,2,92,4,700,11526,,
Red Urchin,6BC,2000,2,93,5,1290,15053,,
Red Urchin,6BC,2000,2,96,1,210,*,,
Red Urchin,6BC,2000,2,97,1,425,*,,
Red Urchin,6BC,2000,2,98,5,1300,17591,,
Red Urchin,6BC,2000,2,Total,40,99674,1124521,,
Red Urchin,6BC,2000,3,1,12,5932,69084,,
Red Urchin,6BC,2000,3,2,5,2850,**,,
Red Urchin,6BC,2000,3,3,2,1430,*,,
Red Urchin,6BC,2000,3,Total,12,10212,123339,,
Red Urchin,6BC,2000,4,1,13,10770,133035,,
Red Urchin,6BC,2000,4,2,27,17275,215328,,
Red Urchin,6BC,2000,4,3,4,1100,15459,,
Red Urchin,6BC,2000,4,9,15,3950,44357,,
Red Urchin,6BC,2000,4,12,9,2780,42069,,
Red Urchin,6BC,2000,4,13,31,35984,415873,,
Red Urchin,6BC,2000,4,Total,38,71859,866121,,
Red Urchin,6BC,2000,5,9,8,3308,31818,,
Red Urchin,6BC,2000,5,10,20,8413,116674,,
Red Urchin,6BC,2000,5,11,16,9618,135026,,
Red Urchin,6BC,2000,5,12,13,3585,55379,,
Red Urchin,6BC,2000,5,13,23,5912,81376,,
Red Urchin,6BC,2000,5,14,3,600,**,,
Red Urchin,6BC,2000,5,16,2,395,*,,
Red Urchin,6BC,2000,5,17,31,6881,87344,,
Red Urchin,6BC,2000,5,20,26,32130,429123,,
Red Urchin,6BC,2000,5,21,16,5815,85321,,
Red Urchin,6BC,2000,5,22,23,28772,381254,,
Red Urchin,6BC,2000,5,Total,37,105429,1416266,,
Red Urchin,6BC,2000,6,9,43,58894,779036,,
Red Urchin,6BC,2000,6,10,40,48880,604391,,
Red Urchin,6BC,2000,6,11,4,930,13248,,
Red Urchin,6BC,2000,6,13,40,82792,988607,,
Red Urchin,6BC,2000,6,14,19,9764,100423,,
Red Urchin,6BC,2000,6,15,25,19373,218524,,
Red Urchin,6BC,2000,6,16,27,30817,365997,,
Red Urchin,6BC,2000,6,17,1,140,*,,
Red Urchin,6BC,2000,6,19,16,11231,125850,,
Red Urchin,6BC,2000,6,26,1,345,*,,
Red Urchin,6BC,2000,6,Total,50,263166,3205233,,
Red Urchin,6BC,2000,7,2,1,120,*,,
Red Urchin,6BC,2000,7,3,21,20748,235992,,
Red Urchin,6BC,2000,7,4,13,10602,129606,,
Red Urchin,6BC,2000,7,5,6,3334,36050,,
Red Urchin,6BC,2000,7,8,4,4075,23418,,
Red Urchin,6BC,2000,7,9,26,27389,303985,,
Red Urchin,6BC,2000,7,12,13,7210,82921,,
Red Urchin,6BC,2000,7,18,30,31828,276528,,
Red Urchin,6BC,2000,7,19,4,1815,14882,,
Red Urchin,6BC,2000,7,21,3,320,**,,
Red Urchin,6BC,2000,7,23,3,1355,12013,,
Red Urchin,6BC,2000,7,25,22,18037,186469,,
Red Urchin,6BC,2000,7,27,12,7930,72480,,
Red Urchin,6BC,2000,7,28,8,3591,27293,,
Red Urchin,6BC,2000,7,32,4,2000,17021,,
Red Urchin,6BC,2000,7,Total,41,140354,1424411,,
Red Urchin,6BC,2000,8,2,9,5467,46738,,
Red Urchin,6BC,2000,8,3,5,1473,13420,,
Red Urchin,6BC,2000,8,4,14,9305,105926,,
Red Urchin,6BC,2000,8,16,7,2965,28036,,
Red Urchin,6BC,2000,8,Total,20,19210,194120,,
Red Urchin,6BC,2000,9,1,6,2479,**,,
Red Urchin,6BC,2000,9,2,11,7942,84985,,
Red Urchin,6BC,2000,9,3,1,760,*,,
Red Urchin,6BC,2000,9,Total,14,11181,122613,,
Red Urchin,6BC,2000,10,1,18,9010,109252,,
Red Urchin,6BC,2000,10,2,12,9430,131366,,
Red Urchin,6BC,2000,10,3,14,9390,102807,,
Red Urchin,6BC,2000,10,4,9,3535,**,,
Red Urchin,6BC,2000,10,5,1,240,*,,
Red Urchin,6BC,2000,10,Total,27,31605,387296,,
Red Urchin,6BC,2000,11,2,5,2565,37023,,
Red Urchin,6BC,2000,11,Total,5,2565,37023,,
Red Urchin,6BC,2000,12,1,5,5480,67323,,
Red Urchin,6BC,2000,12,3,1,560,*,,
Red Urchin,6BC,2000,12,5,3,3900,44277,,
Red Urchin,6BC,2000,12,7,1,164,*,,
Red Urchin,6BC,2000,12,8,2,3329,*,,
Red Urchin,6BC,2000,12,11,7,5730,88583,,
Red Urchin,6BC,2000,12,12,4,4565,62132,,
Red Urchin,6BC,2000,12,13,4,3385,38920,,
Red Urchin,6BC,2000,12,14,1,920,*,,
Red Urchin,6BC,2000,12,15,3,2100,36886,,
Red Urchin,6BC,2000,12,16,3,2470,32457,,
Red Urchin,6BC,2000,12,18,1,130,*,,
Red Urchin,6BC,2000,12,19,2,2680,*,,
Red Urchin,6BC,2000,12,Total,13,35413,457551,,
Red Urchin,6BC,2000,13,1,3,2149,36234,,
Red Urchin,6BC,2000,13,2,3,2580,34382,,
Red Urchin,6BC,2000,13,7,2,770,*,,
Red Urchin,6BC,2000,13,11,1,320,*,,
Red Urchin,6BC,2000,13,12,4,3200,42528,,
Red Urchin,6BC,2000,13,25,5,4860,43326,,
Red Urchin,6BC,2000,13,26,1,400,*,,
Red Urchin,6BC,2000,13,28,6,7433,92995,,
Red Urchin,6BC,2000,13,29,1,300,*,,
Red Urchin,6BC,2000,13,30,1,480,*,,
Red Urchin,6BC,2000,13,31,1,1470,*,,
Red Urchin,6BC,2000,13,32,3,1850,38860,,
Red Urchin,6BC,2000,13,33,4,1719,19013,,
Red Urchin,6BC,2000,13,35,1,360,*,,
Red Urchin,6BC,2000,13,39,1,1680,*,,
Red Urchin,6BC,2000,13,41,1,1540,*,,
Red Urchin,6BC,2000,13,Total,10,31111,393894,,
Red Urchin,6BC,2000,14,7,2,1340,*,,
Red Urchin,6BC,2000,14,8,1,480,*,,
Red Urchin,6BC,2000,14,9,1,720,*,,
Red Urchin,6BC,2000,14,11,1,780,*,,
Red Urchin,6BC,2000,14,12,1,202,*,,
Red Urchin,6BC,2000,14,13,1,1093,*,,
Red Urchin,6BC,2000,14,Total,6,4615,50642,,
Red Urchin,6BC,2000,17,3,1,780,*,,
Red Urchin,6BC,2000,17,17,3,2585,**,,
Red Urchin,6BC,2000,17,Total,4,3365,47972,,
Red Urchin,6BC,2000,18,1,1,60,*,,
Red Urchin,6BC,2000,18,2,2,1949,*,,
Red Urchin,6BC,2000,18,5,1,242,*,,
Red Urchin,6BC,2000,18,6,5,4003,72130,,
Red Urchin,6BC,2000,18,Total,6,6254,107327,,
Red Urchin,6BC,2000,19,3,4,2895,31852,,
Red Urchin,6BC,2000,19,4,1,2710,*,,
Red Urchin,6BC,2000,19,5,2,1313,*,,
Red Urchin,6BC,2000,19,Total,6,6918,79695,,
Red Urchin,6BC,2000,20,5,5,6150,54294,,
Red Urchin,6BC,2000,20,Total,5,6150,54294,,
Red Urchin,6BC,2000,23,7,4,2900,49690,,
Red Urchin,6BC,2000,23,11,4,2719,30402,,
Red Urchin,6BC,2000,23,Total,6,5619,80092,,
Red Urchin,6BC,2000,24,2,8,3217,35347,,
Red Urchin,6BC,2000,24,6,10,9234,120374,,
Red Urchin,6BC,2000,24,8,10,3898,58507,,
Red Urchin,6BC,2000,24,Total,10,16349,214228,,
Red Urchin,6BC,2000,27,1,1,494,*,,
Red Urchin,6BC,2000,27,9,3,5915,**,,
Red Urchin,6BC,2000,27,Total,4,6409,68051,,
Red Urchin,6BC,2000,29,5,1,600,*,,
Red Urchin,6BC,2000,29,Total,1,600,*,,
Red Urchin,6BC,2000,101,2,3,850,11687,,
Red Urchin,6BC,2000,101,6,1,410,*,,
Red Urchin,6BC,2000,101,7,2,800,*,,
Red Urchin,6BC,2000,101,Total,5,2060,28097,,
Red Urchin,6BC,2000,105,1,1,600,*,,
Red Urchin,6BC,2000,105,2,1,565,*,,
Red Urchin,6BC,2000,105,Total,2,1165,*,,
Red Urchin,6BC,2000,106,1,1,480,*,,
Red Urchin,6BC,2000,106,2,32,34341,**,,
Red Urchin,6BC,2000,106,Total,32,34821,431094,,
Red Urchin,6BC,2000,111,0,1,5730,*,,
Red Urchin,6BC,2000,111,Total,1,5730,*,,
Red Urchin,6BC,2000,123,3,2,849,*,,
Red Urchin,6BC,2000,123,Total,2,849,*,,
Red Urchin,6BC,2000,124,3,1,280,*,,
Red Urchin,6BC,2000,124,Total,1,280,*,,
Red Urchin,6BC,2000,142,2,1,200,*,,
Red Urchin,6BC,2000,142,Total,1,200,*,,
Red Urchin,6BC,2001,1,1,18,10458,147328,,
Red Urchin,6BC,2001,1,2,27,22865,309850,,
Red Urchin,6BC,2001,1,3,5,2745,27433,,
Red Urchin,6BC,2001,1,7,6,3431,30197,,
Red Urchin,6BC,2001,1,Total,32,39499,514808,,
Red Urchin,6BC,2001,2,8,23,10238,126129,,
Red Urchin,6BC,2001,2,10,1,420,*,,
Red Urchin,6BC,2001,2,11,25,10288,125020,,
Red Urchin,6BC,2001,2,12,3,649,9488,,
Red Urchin,6BC,2001,2,14,15,6469,87605,,
Red Urchin,6BC,2001,2,15,4,2140,24328,,
Red Urchin,6BC,2001,2,17,13,5355,82439,,
Red Urchin,6BC,2001,2,18,30,10659,136835,,
Red Urchin,6BC,2001,2,19,1,480,*,,
Red Urchin,6BC,2001,2,31,27,6853,83467,,
Red Urchin,6BC,2001,2,49,7,3220,42462,,
Red Urchin,6BC,2001,2,50,9,4345,66239,,
Red Urchin,6BC,2001,2,68,15,4464,66460,,
Red Urchin,6BC,2001,2,69,2,250,*,,
Red Urchin,6BC,2001,2,70,1,335,*,,
Red Urchin,6BC,2001,2,71,7,1980,29865,,
Red Urchin,6BC,2001,2,74,2,760,*,,
Red Urchin,6BC,2001,2,75,2,560,*,,
Red Urchin,6BC,2001,2,78,1,381,*,,
Red Urchin,6BC,2001,2,87,13,3454,42555,,
Red Urchin,6BC,2001,2,88,1,140,*,,
Red Urchin,6BC,2001,2,89,2,1130,*,,
Red Urchin,6BC,2001,2,92,1,280,*,,
Red Urchin,6BC,2001,2,93,2,1430,*,,
Red Urchin,6BC,2001,2,98,3,705,8528,,
Red Urchin,6BC,2001,2,Total,32,76985,1010222,,
Red Urchin,6BC,2001,3,1,27,36639,455565,,
Red Urchin,6BC,2001,3,2,2,1170,*,,
Red Urchin,6BC,2001,3,3,3,630,**,,
Red Urchin,6BC,2001,3,Total,29,38439,472362,,
Red Urchin,6BC,2001,4,1,22,15627,208756,,
Red Urchin,6BC,2001,4,2,27,16140,227000,,
Red Urchin,6BC,2001,4,3,3,1330,24672,,
Red Urchin,6BC,2001,4,9,15,3167,43269,,
Red Urchin,6BC,2001,4,12,7,1904,27940,,
Red Urchin,6BC,2001,4,13,30,39658,499345,,
Red Urchin,6BC,2001,4,Total,34,77826,1030982,,
Red Urchin,6BC,2001,5,9,15,6520,76130,,
Red Urchin,6BC,2001,5,10,22,10670,151983,,
Red Urchin,6BC,2001,5,11,15,8385,117834,,
Red Urchin,6BC,2001,5,12,17,4954,76055,,
Red Urchin,6BC,2001,5,13,23,7357,101669,,
Red Urchin,6BC,2001,5,14,7,3289,37034,,
Red Urchin,6BC,2001,5,16,2,300,*,,
Red Urchin,6BC,2001,5,17,25,6353,80525,,
Red Urchin,6BC,2001,5,19,1,25,*,,
Red Urchin,6BC,2001,5,20,28,29456,423979,,
Red Urchin,6BC,2001,5,21,12,6680,88731,,
Red Urchin,6BC,2001,5,22,16,26199,399885,,
Red Urchin,6BC,2001,5,Total,39,110188,1557083,,
Red Urchin,6BC,2001,6,9,36,57746,758558,,
Red Urchin,6BC,2001,6,10,33,38252,459561,,
Red Urchin,6BC,2001,6,11,4,2670,38171,,
Red Urchin,6BC,2001,6,12,2,1510,*,,
Red Urchin,6BC,2001,6,13,35,39074,480415,,
Red Urchin,6BC,2001,6,15,16,8353,104307,,
Red Urchin,6BC,2001,6,16,21,20478,255880,,
Red Urchin,6BC,2001,6,17,5,3550,**,,
Red Urchin,6BC,2001,6,19,13,6355,69636,,
Red Urchin,6BC,2001,6,Total,41,177988,2217631,,
Red Urchin,6BC,2001,7,2,3,3760,54878,,
Red Urchin,6BC,2001,7,3,22,16294,184690,,
Red Urchin,6BC,2001,7,4,4,1890,21419,,
Red Urchin,6BC,2001,7,5,4,3525,41912,,
Red Urchin,6BC,2001,7,8,2,340,*,,
Red Urchin,6BC,2001,7,9,12,11974,139521,,
Red Urchin,6BC,2001,7,12,13,9578,99799,,
Red Urchin,6BC,2001,7,15,1,275,*,,
Red Urchin,6BC,2001,7,18,5,1560,11292,,
Red Urchin,6BC,2001,7,21,1,800,*,,
Red Urchin,6BC,2001,7,25,8,2970,25425,,
Red Urchin,6BC,2001,7,26,1,360,*,,
Red Urchin,6BC,2001,7,27,4,1670,28435,,
Red Urchin,6BC,2001,7,28,5,1890,20809,,
Red Urchin,6BC,2001,7,31,1,720,*,,
Red Urchin,6BC,2001,7,32,7,3210,52821,,
Red Urchin,6BC,2001,7,Total,30,60816,714105,,
Red Urchin,6BC,2001,8,1,1,630,*,,
Red Urchin,6BC,2001,8,2,7,3030,39049,,
Red Urchin,6BC,2001,8,3,1,180,*,,
Red Urchin,6BC,2001,8,4,13,8947,95102,,
Red Urchin,6BC,2001,8,16,6,3326,32688,,
Red Urchin,6BC,2001,8,Total,20,16113,172516,,
Red Urchin,6BC,2001,9,1,3,2035,22336,,
Red Urchin,6BC,2001,9,2,6,1857,21908,,
Red Urchin,6BC,2001,9,10,1,620,*,,
Red Urchin,6BC,2001,9,12,1,920,*,,
Red Urchin,6BC,2001,9,Total,9,5432,59788,,
Red Urchin,6BC,2001,10,1,10,4869,52849,,
Red Urchin,6BC,2001,10,2,8,5322,79478,,
Red Urchin,6BC,2001,10,3,14,8020,114066,,
Red Urchin,6BC,2001,10,4,9,3780,42534,,
Red Urchin,6BC,2001,10,5,3,1178,13679,,
Red Urchin,6BC,2001,10,Total,24,23169,302606,,
Red Urchin,6BC,2001,11,2,7,5937,74540,,
Red Urchin,6BC,2001,11,Total,7,5937,74540,,
Red Urchin,6BC,2001,12,1,6,4755,67038,,
Red Urchin,6BC,2001,12,3,1,740,*,,
Red Urchin,6BC,2001,12,5,2,1825,*,,
Red Urchin,6BC,2001,12,6,1,1420,*,,
Red Urchin,6BC,2001,12,7,7,3727,43366,,
Red Urchin,6BC,2001,12,8,2,1065,*,,
Red Urchin,6BC,2001,12,11,3,6085,88138,,
Red Urchin,6BC,2001,12,12,2,4470,*,,
Red Urchin,6BC,2001,12,13,4,4012,48964,,
Red Urchin,6BC,2001,12,14,4,6500,93708,,
Red Urchin,6BC,2001,12,15,2,1981,*,,
Red Urchin,6BC,2001,12,16,5,3476,45480,,
Red Urchin,6BC,2001,12,18,10,4930,57808,,
Red Urchin,6BC,2001,12,19,2,2020,*,,
Red Urchin,6BC,2001,12,41,1,780,*,,
Red Urchin,6BC,2001,12,Total,13,47786,630566,,
Red Urchin,6BC,2001,13,1,3,1586,23788,,
Red Urchin,6BC,2001,13,2,5,4200,56816,,
Red Urchin,6BC,2001,13,6,2,1145,*,,
Red Urchin,6BC,2001,13,9,1,264,*,,
Red Urchin,6BC,2001,13,10,3,1521,23017,,
Red Urchin,6BC,2001,13,12,2,1700,*,,
Red Urchin,6BC,2001,13,23,1,1210,*,,
Red Urchin,6BC,2001,13,25,4,3328,42916,,
Red Urchin,6BC,2001,13,28,7,5892,81771,,
Red Urchin,6BC,2001,13,31,1,595,*,,
Red Urchin,6BC,2001,13,32,6,6370,96721,,
Red Urchin,6BC,2001,13,33,1,744,*,,
Red Urchin,6BC,2001,13,Total,9,28555,397847,,
Red Urchin,6BC,2001,14,7,1,435,*,,
Red Urchin,6BC,2001,14,8,2,1738,*,,
Red Urchin,6BC,2001,14,Total,2,2173,*,,
Red Urchin,6BC,2001,17,3,1,122,*,,
Red Urchin,6BC,2001,17,Total,1,122,*,,
Red Urchin,6BC,2001,18,2,3,2576,40144,,
Red Urchin,6BC,2001,18,5,1,140,*,,
Red Urchin,6BC,2001,18,6,1,45,*,,
Red Urchin,6BC,2001,18,Total,3,2761,43170,,
Red Urchin,6BC,2001,19,3,1,648,*,,
Red Urchin,6BC,2001,19,4,2,3075,*,,
Red Urchin,6BC,2001,19,5,1,50,*,,
Red Urchin,6BC,2001,19,Total,4,3773,68816,,
Red Urchin,6BC,2001,20,5,3,4452,54485,,
Red Urchin,6BC,2001,20,Total,3,4452,54485,,
Red Urchin,6BC,2001,23,5,1,310,*,,
Red Urchin,6BC,2001,23,7,3,2322,39120,,
Red Urchin,6BC,2001,23,11,2,2925,*,,
Red Urchin,6BC,2001,23,Total,4,5557,85239,,
Red Urchin,6BC,2001,24,2,8,3020,42882,,
Red Urchin,6BC,2001,24,6,8,7442,114610,,
Red Urchin,6BC,2001,24,8,8,3653,56947,,
Red Urchin,6BC,2001,24,Total,8,14115,214439,,
Red Urchin,6BC,2001,27,1,1,2280,*,,
Red Urchin,6BC,2001,27,9,1,540,*,,
Red Urchin,6BC,2001,27,Total,2,2820,*,,
Red Urchin,6BC,2001,101,6,5,3070,46060,,
Red Urchin,6BC,2001,101,7,5,2764,33246,,
Red Urchin,6BC,2001,101,Total,8,5834,79306,,
Red Urchin,6BC,2001,105,1,5,3111,**,,
Red Urchin,6BC,2001,105,2,1,95,*,,
Red Urchin,6BC,2001,105,Total,6,3206,46360,,
Red Urchin,6BC,2001,106,1,1,433,*,,
Red Urchin,6BC,2001,106,2,10,5940,**,,
Red Urchin,6BC,2001,106,Total,11,6373,100714,,
Red Urchin,6BC,2001,111,0,2,3560,*,,
Red Urchin,6BC,2001,111,Total,2,3560,*,,
Red Urchin,6BC,2001,123,3,1,210,*,,
Red Urchin,6BC,2001,123,Total,1,210,*,,
Red Urchin,6BC,2001,124,3,1,910,*,,
Red Urchin,6BC,2001,124,Total,1,910,*,,
Red Urchin,6BC,2001,142,2,5,2076,28326,,
Red Urchin,6BC,2001,142,Total,5,2076,28326,,
Red Urchin,6BC,2002,1,1,21,14125,185900,,
Red Urchin,6BC,2002,1,2,28,50290,732964,,
Red Urchin,6BC,2002,1,3,1,640,*,,
Red Urchin,6BC,2002,1,7,4,1667,**,,
Red Urchin,6BC,2002,1,Total,28,66722,954066,,
Red Urchin,6BC,2002,2,8,13,6293,97551,,
Red Urchin,6BC,2002,2,11,21,10450,132432,,
Red Urchin,6BC,2002,2,12,4,1929,28195,,
Red Urchin,6BC,2002,2,14,11,5654,84220,,
Red Urchin,6BC,2002,2,15,7,2709,36070,,
Red Urchin,6BC,2002,2,17,9,4762,76103,,
Red Urchin,6BC,2002,2,18,24,9223,142509,,
Red Urchin,6BC,2002,2,31,24,6022,85477,,
Red Urchin,6BC,2002,2,49,11,5560,72056,,
Red Urchin,6BC,2002,2,50,13,10241,134312,,
Red Urchin,6BC,2002,2,52,1,180,*,,
Red Urchin,6BC,2002,2,53,3,900,14095,,
Red Urchin,6BC,2002,2,60,3,821,12848,,
Red Urchin,6BC,2002,2,61,1,360,*,,
Red Urchin,6BC,2002,2,68,25,11177,149057,,
Red Urchin,6BC,2002,2,69,9,2180,26353,,
Red Urchin,6BC,2002,2,70,2,945,*,,
Red Urchin,6BC,2002,2,71,6,996,14946,,
Red Urchin,6BC,2002,2,73,1,70,*,,
Red Urchin,6BC,2002,2,74,4,1525,17016,,
Red Urchin,6BC,2002,2,75,5,2032,31214,,
Red Urchin,6BC,2002,2,79,1,120,*,,
Red Urchin,6BC,2002,2,80,4,750,11373,,
Red Urchin,6BC,2002,2,81,1,360,*,,
Red Urchin,6BC,2002,2,82,5,1859,21039,,
Red Urchin,6BC,2002,2,87,18,6438,87242,,
Red Urchin,6BC,2002,2,88,4,1428,19116,,
Red Urchin,6BC,2002,2,89,2,720,*,,
Red Urchin,6BC,2002,2,90,3,860,11629,,
Red Urchin,6BC,2002,2,91,1,240,*,,
Red Urchin,6BC,2002,2,92,2,525,*,,
Red Urchin,6BC,2002,2,93,6,2140,19284,,
Red Urchin,6BC,2002,2,95,2,424,*,,
Red Urchin,6BC,2002,2,98,3,1486,15942,,
Red Urchin,6BC,2002,2,99,3,1145,13880,,
Red Urchin,6BC,2002,2,Total,29,102524,1405763,,
Red Urchin,6BC,2002,3,1,16,18747,252963,,
Red Urchin,6BC,2002,3,2,4,2035,**,,
Red Urchin,6BC,2002,3,3,2,1930,*,,
Red Urchin,6BC,2002,3,Total,17,22712,299934,,
Red Urchin,6BC,2002,4,1,17,16562,206760,,
Red Urchin,6BC,2002,4,2,26,17179,238283,,
Red Urchin,6BC,2002,4,3,3,1891,19456,,
Red Urchin,6BC,2002,4,9,12,5310,59390,,
Red Urchin,6BC,2002,4,12,4,1100,16669,,
Red Urchin,6BC,2002,4,13,17,23877,261690,,
Red Urchin,6BC,2002,4,Total,34,65919,802248,,
Red Urchin,6BC,2002,5,9,2,190,*,,
Red Urchin,6BC,2002,5,10,24,11743,136397,,
Red Urchin,6BC,2002,5,11,15,5738,81045,,
Red Urchin,6BC,2002,5,12,20,6150,79750,,
Red Urchin,6BC,2002,5,13,30,7483,98674,,
Red Urchin,6BC,2002,5,14,1,120,*,,
Red Urchin,6BC,2002,5,16,1,480,*,,
Red Urchin,6BC,2002,5,17,19,7470,83196,,
Red Urchin,6BC,2002,5,19,2,308,*,,
Red Urchin,6BC,2002,5,20,21,34092,487766,,
Red Urchin,6BC,2002,5,21,5,3790,57686,,
Red Urchin,6BC,2002,5,22,14,25960,385771,,
Red Urchin,6BC,2002,5,Total,36,103524,1419978,,
Red Urchin,6BC,2002,6,6,1,940,*,,
Red Urchin,6BC,2002,6,9,33,39554,516825,,
Red Urchin,6BC,2002,6,10,30,32274,430819,,
Red Urchin,6BC,2002,6,11,4,1209,25734,,
Red Urchin,6BC,2002,6,12,5,2365,25031,,
Red Urchin,6BC,2002,6,13,36,67587,876009,,
Red Urchin,6BC,2002,6,15,11,5746,72072,,
Red Urchin,6BC,2002,6,16,24,17910,231712,,
Red Urchin,6BC,2002,6,17,6,3593,39318,,
Red Urchin,6BC,2002,6,19,7,1260,**,,
Red Urchin,6BC,2002,6,Total,41,172438,2245048,,
Red Urchin,6BC,2002,7,2,6,1908,36214,,
Red Urchin,6BC,2002,7,3,2,640,*,,
Red Urchin,6BC,2002,7,4,5,1595,19466,,
Red Urchin,6BC,2002,7,5,2,350,*,,
Red Urchin,6BC,2002,7,8,1,210,*,,
Red Urchin,6BC,2002,7,12,7,1475,21788,,
Red Urchin,6BC,2002,7,18,12,6504,97211,,
Red Urchin,6BC,2002,7,23,1,180,*,,
Red Urchin,6BC,2002,7,25,18,8332,86329,,
Red Urchin,6BC,2002,7,26,1,390,*,,
Red Urchin,6BC,2002,7,27,15,9436,156959,,
Red Urchin,6BC,2002,7,28,1,290,*,,
Red Urchin,6BC,2002,7,32,7,2530,39624,,
Red Urchin,6BC,2002,7,Total,28,33840,493769,,
Red Urchin,6BC,2002,8,2,11,3585,49365,,
Red Urchin,6BC,2002,8,3,1,255,*,,
Red Urchin,6BC,2002,8,4,19,7725,92599,,
Red Urchin,6BC,2002,8,16,5,1935,**,,
Red Urchin,6BC,2002,8,Total,26,13500,171372,,
Red Urchin,6BC,2002,9,1,9,2486,37727,,
Red Urchin,6BC,2002,9,2,7,2245,26461,,
Red Urchin,6BC,2002,9,12,6,2404,27940,,
Red Urchin,6BC,2002,9,Total,19,7135,92128,,
Red Urchin,6BC,2002,10,1,6,3137,35289,,
Red Urchin,6BC,2002,10,2,7,8480,134856,,
Red Urchin,6BC,2002,10,3,14,7922,113603,,
Red Urchin,6BC,2002,10,4,7,3588,52516,,
Red Urchin,6BC,2002,10,Total,20,23127,336264,,
Red Urchin,6BC,2002,11,2,6,5490,81194,,
Red Urchin,6BC,2002,11,Total,6,5490,81194,,
Red Urchin,6BC,2002,12,1,4,1732,23972,,
Red Urchin,6BC,2002,12,2,5,3318,50130,,
Red Urchin,6BC,2002,12,3,1,210,*,,
Red Urchin,6BC,2002,12,5,4,3194,43705,,
Red Urchin,6BC,2002,12,8,1,570,*,,
Red Urchin,6BC,2002,12,11,3,4373,74093,,
Red Urchin,6BC,2002,12,12,3,4417,59527,,
Red Urchin,6BC,2002,12,13,4,3337,49800,,
Red Urchin,6BC,2002,12,14,3,5440,70822,,
Red Urchin,6BC,2002,12,15,1,596,*,,
Red Urchin,6BC,2002,12,16,4,4320,65830,,
Red Urchin,6BC,2002,12,17,1,410,*,,
Red Urchin,6BC,2002,12,18,7,5200,58115,,
Red Urchin,6BC,2002,12,19,4,4805,67561,,
Red Urchin,6BC,2002,12,24,1,240,*,,
Red Urchin,6BC,2002,12,Total,15,42162,595451,,
Red Urchin,6BC,2002,13,1,6,4294,62652,,
Red Urchin,6BC,2002,13,2,4,3018,37586,,
Red Urchin,6BC,2002,13,9,1,525,*,,
Red Urchin,6BC,2002,13,10,2,1750,*,,
Red Urchin,6BC,2002,13,20,1,95,*,,
Red Urchin,6BC,2002,13,23,2,1880,*,,
Red Urchin,6BC,2002,13,28,5,4177,65263,,
Red Urchin,6BC,2002,13,29,1,220,*,,
Red Urchin,6BC,2002,13,30,1,260,*,,
Red Urchin,6BC,2002,13,31,2,886,*,,
Red Urchin,6BC,2002,13,32,4,2139,31982,,
Red Urchin,6BC,2002,13,33,5,2306,28925,,
Red Urchin,6BC,2002,13,35,4,1197,18106,,
Red Urchin,6BC,2002,13,39,2,760,*,,
Red Urchin,6BC,2002,13,41,2,1970,*,,
Red Urchin,6BC,2002,13,Total,12,25477,362632,,
Red Urchin,6BC,2002,14,8,3,1277,23398,,
Red Urchin,6BC,2002,14,Total,3,1277,23398,,
Red Urchin,6BC,2002,17,3,1,1265,*,,
Red Urchin,6BC,2002,17,12,1,726,*,,
Red Urchin,6BC,2002,17,Total,2,1991,*,,
Red Urchin,6BC,2002,18,1,1,860,*,,
Red Urchin,6BC,2002,18,6,4,3649,**,,
Red Urchin,6BC,2002,18,Total,5,4509,59213,,
Red Urchin,6BC,2002,19,3,2,380,*,,
Red Urchin,6BC,2002,19,4,5,3192,**,,
Red Urchin,6BC,2002,19,Total,5,3572,58861,,
Red Urchin,6BC,2002,20,5,4,3693,41000,,
Red Urchin,6BC,2002,20,Total,4,3693,41000,,
Red Urchin,6BC,2002,23,5,1,160,*,,
Red Urchin,6BC,2002,23,7,8,2816,40732,,
Red Urchin,6BC,2002,23,11,8,2585,**,,
Red Urchin,6BC,2002,23,Total,9,5561,80948,,
Red Urchin,6BC,2002,24,2,10,2219,30917,,
Red Urchin,6BC,2002,24,6,8,7011,107848,,
Red Urchin,6BC,2002,24,8,10,3803,66134,,
Red Urchin,6BC,2002,24,Total,10,13033,204899,,
Red Urchin,6BC,2002,27,1,1,400,*,,
Red Urchin,6BC,2002,27,Total,1,400,*,,
Red Urchin,6BC,2002,29,5,1,200,*,,
Red Urchin,6BC,2002,29,Total,1,200,*,,
Red Urchin,6BC,2002,101,2,3,1700,**,,
Red Urchin,6BC,2002,101,6,2,700,*,,
Red Urchin,6BC,2002,101,7,5,4069,57886,,
Red Urchin,6BC,2002,101,Total,9,6469,101664,,
Red Urchin,6BC,2002,105,1,5,4090,57010,,
Red Urchin,6BC,2002,105,Total,5,4090,57010,,
Red Urchin,6BC,2002,106,1,1,900,*,,
Red Urchin,6BC,2002,106,2,31,30185,**,,
Red Urchin,6BC,2002,106,Total,31,31085,460659,,
Red Urchin,6BC,2002,111,0,3,6195,90180,,
Red Urchin,6BC,2002,111,Total,3,6195,90180,,
Red Urchin,6BC,2002,123,3,2,532,*,,
Red Urchin,6BC,2002,123,Total,2,532,*,,
Red Urchin,6BC,2002,124,3,2,1470,*,,
Red Urchin,6BC,2002,124,Total,2,1470,*,,
Red Urchin,6BC,2002,142,2,2,430,*,,
Red Urchin,6BC,2002,142,Total,2,430,*,,
Red Urchin,6BC,2003,1,1,10,6105,97585,,
Red Urchin,6BC,2003,1,2,10,2415,40727,,
Red Urchin,6BC,2003,1,Total,10,8520,138312,,
Red Urchin,6BC,2003,2,8,21,7472,99890,,
Red Urchin,6BC,2003,2,12,21,7202,98599,,
Red Urchin,6BC,2003,2,14,9,6345,91440,,
Red Urchin,6BC,2003,2,15,8,4441,69773,,
Red Urchin,6BC,2003,2,17,10,5615,86088,,
Red Urchin,6BC,2003,2,18,23,9478,127927,,
Red Urchin,6BC,2003,2,19,1,360,*,,
Red Urchin,6BC,2003,2,31,22,11441,154342,,
Red Urchin,6BC,2003,2,32,1,180,*,,
Red Urchin,6BC,2003,2,Total,24,52534,736585,,
Red Urchin,6BC,2003,3,1,11,9422,96928,,
Red Urchin,6BC,2003,3,2,2,1413,*,,
Red Urchin,6BC,2003,3,3,3,3749,**,,
Red Urchin,6BC,2003,3,Total,12,14584,148021,,
Red Urchin,6BC,2003,4,1,18,13082,168712,,
Red Urchin,6BC,2003,4,2,24,19176,224301,,
Red Urchin,6BC,2003,4,3,6,2624,28076,,
Red Urchin,6BC,2003,4,5,1,190,*,,
Red Urchin,6BC,2003,4,9,7,2100,**,,
Red Urchin,6BC,2003,4,12,12,2054,23294,,
Red Urchin,6BC,2003,4,13,24,24972,314166,,
Red Urchin,6BC,2003,4,Total,30,64198,782794,,
Red Urchin,6BC,2003,5,9,9,4465,50697,,
Red Urchin,6BC,2003,5,10,22,16838,203106,,
Red Urchin,6BC,2003,5,11,13,5780,80787,,
Red Urchin,6BC,2003,5,12,5,1385,17556,,
Red Urchin,6BC,2003,5,13,20,9924,126722,,
Red Urchin,6BC,2003,5,14,8,820,**,,
Red Urchin,6BC,2003,5,16,1,120,*,,
Red Urchin,6BC,2003,5,17,31,10892,131401,,
Red Urchin,6BC,2003,5,20,19,32799,446467,,
Red Urchin,6BC,2003,5,21,10,4595,58550,,
Red Urchin,6BC,2003,5,22,15,26803,361719,,
Red Urchin,6BC,2003,5,Total,34,114421,1487168,,
Red Urchin,6BC,2003,6,5,2,1565,*,,
Red Urchin,6BC,2003,6,6,1,980,*,,
Red Urchin,6BC,2003,6,9,36,66847,886475,,
Red Urchin,6BC,2003,6,10,30,23656,282950,,
Red Urchin,6BC,2003,6,11,5,2670,30871,,
Red Urchin,6BC,2003,6,13,36,93485,1114209,,
Red Urchin,6BC,2003,6,15,3,1332,17555,,
Red Urchin,6BC,2003,6,16,20,13156,193168,,
Red Urchin,6BC,2003,6,17,8,5460,86728,,
Red Urchin,6BC,2003,6,19,12,5555,72808,,
Red Urchin,6BC,2003,6,26,1,402,*,,
Red Urchin,6BC,2003,6,Total,39,215108,2712806,,
Red Urchin,6BC,2003,7,2,3,2055,23319,,
Red Urchin,6BC,2003,7,3,25,10355,145165,,
Red Urchin,6BC,2003,7,4,5,3750,40671,,
Red Urchin,6BC,2003,7,5,3,3272,28346,,
Red Urchin,6BC,2003,7,8,1,860,*,,
Red Urchin,6BC,2003,7,9,16,13438,157657,,
Red Urchin,6BC,2003,7,12,7,1553,19527,,
Red Urchin,6BC,2003,7,18,4,2180,19033,,
Red Urchin,6BC,2003,7,21,3,650,**,,
Red Urchin,6BC,2003,7,25,9,7461,74482,,
Red Urchin,6BC,2003,7,27,7,3665,46946,,
Red Urchin,6BC,2003,7,31,5,2091,27909,,
Red Urchin,6BC,2003,7,32,3,710,10628,,
Red Urchin,6BC,2003,7,Total,35,52040,617742,,
Red Urchin,6BC,2003,8,2,8,3742,49978,,
Red Urchin,6BC,2003,8,4,14,8524,103750,,
Red Urchin,6BC,2003,8,16,3,2055,27525,,
Red Urchin,6BC,2003,8,Total,19,14321,181253,,
Red Urchin,6BC,2003,9,1,9,3747,44059,,
Red Urchin,6BC,2003,9,2,5,1180,19956,,
Red Urchin,6BC,2003,9,11,1,470,*,,
Red Urchin,6BC,2003,9,12,1,400,*,,
Red Urchin,6BC,2003,9,Total,15,5797,77236,,
Red Urchin,6BC,2003,10,1,5,3670,**,,
Red Urchin,6BC,2003,10,2,11,12390,189398,,
Red Urchin,6BC,2003,10,3,11,6757,95134,,
Red Urchin,6BC,2003,10,4,2,1165,*,,
Red Urchin,6BC,2003,10,Total,19,23982,354258,,
Red Urchin,6BC,2003,11,2,6,5791,70095,,
Red Urchin,6BC,2003,11,Total,6,5791,70095,,
Red Urchin,6BC,2003,12,1,1,1280,*,,
Red Urchin,6BC,2003,12,2,2,2002,*,,
Red Urchin,6BC,2003,12,3,3,2512,25943,,
Red Urchin,6BC,2003,12,4,3,1775,43481,,
Red Urchin,6BC,2003,12,5,3,1670,24828,,
Red Urchin,6BC,2003,12,6,2,560,*,,
Red Urchin,6BC,2003,12,7,2,618,*,,
Red Urchin,6BC,2003,12,8,2,1053,*,,
Red Urchin,6BC,2003,12,11,7,7521,104789,,
Red Urchin,6BC,2003,12,12,4,6233,85193,,
Red Urchin,6BC,2003,12,13,6,6747,89146,,
Red Urchin,6BC,2003,12,14,2,2130,*,,
Red Urchin,6BC,2003,12,15,2,1500,*,,
Red Urchin,6BC,2003,12,16,6,4395,48008,,
Red Urchin,6BC,2003,12,17,2,473,*,,
Red Urchin,6BC,2003,12,18,6,3897,52276,,
Red Urchin,6BC,2003,12,19,5,2310,35905,,
Red Urchin,6BC,2003,12,41,1,198,*,,
Red Urchin,6BC,2003,12,Total,15,46874,670304,,
Red Urchin,6BC,2003,13,1,6,5081,66299,,
Red Urchin,6BC,2003,13,2,4,1585,33638,,
Red Urchin,6BC,2003,13,6,2,755,*,,
Red Urchin,6BC,2003,13,7,1,90,*,,
Red Urchin,6BC,2003,13,9,2,577,*,,
Red Urchin,6BC,2003,13,10,1,300,*,,
Red Urchin,6BC,2003,13,11,2,1794,*,,
Red Urchin,6BC,2003,13,12,1,1470,*,,
Red Urchin,6BC,2003,13,18,1,2030,*,,
Red Urchin,6BC,2003,13,23,1,60,*,,
Red Urchin,6BC,2003,13,25,2,1495,*,,
Red Urchin,6BC,2003,13,28,6,3609,58296,,
Red Urchin,6BC,2003,13,30,1,500,*,,
Red Urchin,6BC,2003,13,31,2,1169,*,,
Red Urchin,6BC,2003,13,32,3,1108,23812,,
Red Urchin,6BC,2003,13,33,5,1717,29530,,
Red Urchin,6BC,2003,13,35,3,634,11584,,
Red Urchin,6BC,2003,13,39,2,1200,*,,
Red Urchin,6BC,2003,13,41,1,556,*,,
Red Urchin,6BC,2003,13,Total,13,25730,378642,,
Red Urchin,6BC,2003,14,7,1,1235,*,,
Red Urchin,6BC,2003,14,8,1,448,*,,
Red Urchin,6BC,2003,14,Total,2,1683,*,,
Red Urchin,6BC,2003,17,3,1,900,*,,
Red Urchin,6BC,2003,17,10,1,422,*,,
Red Urchin,6BC,2003,17,16,1,90,*,,
Red Urchin,6BC,2003,17,Total,3,1412,20351,,
Red Urchin,6BC,2003,18,2,1,160,*,,
Red Urchin,6BC,2003,18,5,1,320,*,,
Red Urchin,6BC,2003,18,6,2,1080,*,,
Red Urchin,6BC,2003,18,Total,2,1560,*,,
Red Urchin,6BC,2003,19,4,1,960,*,,
Red Urchin,6BC,2003,19,5,2,780,*,,
Red Urchin,6BC,2003,19,Total,3,1740,22830,,
Red Urchin,6BC,2003,23,11,4,1144,17656,,
Red Urchin,6BC,2003,23,Total,4,1144,17656,,
Red Urchin,6BC,2003,24,2,4,464,8224,,
Red Urchin,6BC,2003,24,6,5,9042,123076,,
Red Urchin,6BC,2003,24,8,5,7321,100378,,
Red Urchin,6BC,2003,24,Total,6,16827,231678,,
Red Urchin,6BC,2003,29,4,1,680,*,,
Red Urchin,6BC,2003,29,5,1,190,*,,
Red Urchin,6BC,2003,29,Total,2,870,*,,
Red Urchin,6BC,2003,105,1,4,3039,**,,
Red Urchin,6BC,2003,105,2,1,1005,*,,
Red Urchin,6BC,2003,105,Total,5,4044,54166,,
Red Urchin,6BC,2003,106,1,1,580,*,,
Red Urchin,6BC,2003,106,2,27,50261,**,,
Red Urchin,6BC,2003,106,Total,27,50841,693062,,
Red Urchin,6BC,2003,111,0,1,775,*,,
Red Urchin,6BC,2003,111,Total,1,775,*,,
Red Urchin,6BC,2003,123,5,2,380,*,,
Red Urchin,6BC,2003,123,Total,2,380,*,,
Red Urchin,6BC,2004,1,1,10,3045,**,,
Red Urchin,6BC,2004,1,2,22,15861,244784,,
Red Urchin,6BC,2004,1,3,2,400,*,,
Red Urchin,6BC,2004,1,7,10,5340,74489,,
Red Urchin,6BC,2004,1,Total,25,24646,370057,,
Red Urchin,6BC,2004,2,3,13,5555,58989,,
Red Urchin,6BC,2004,2,8,26,9541,119198,,
Red Urchin,6BC,2004,2,12,26,8344,96238,,
Red Urchin,6BC,2004,2,14,19,7919,108332,,
Red Urchin,6BC,2004,2,15,8,3778,38520,,
Red Urchin,6BC,2004,2,17,29,13087,147192,,
Red Urchin,6BC,2004,2,18,26,12261,148786,,
Red Urchin,6BC,2004,2,31,26,10589,132289,,
Red Urchin,6BC,2004,2,32,1,300,*,,
Red Urchin,6BC,2004,2,49,5,3162,41817,,
Red Urchin,6BC,2004,2,50,10,6584,76087,,
Red Urchin,6BC,2004,2,51,2,350,*,,
Red Urchin,6BC,2004,2,53,1,160,*,,
Red Urchin,6BC,2004,2,68,17,6117,79371,,
Red Urchin,6BC,2004,2,69,7,2380,30177,,
Red Urchin,6BC,2004,2,71,3,880,14757,,
Red Urchin,6BC,2004,2,73,2,440,*,,
Red Urchin,6BC,2004,2,74,2,557,*,,
Red Urchin,6BC,2004,2,75,5,1590,17473,,
Red Urchin,6BC,2004,2,80,2,571,*,,
Red Urchin,6BC,2004,2,82,3,935,11604,,
Red Urchin,6BC,2004,2,85,4,1314,18079,,
Red Urchin,6BC,2004,2,87,20,7252,87575,,
Red Urchin,6BC,2004,2,88,1,300,*,,
Red Urchin,6BC,2004,2,89,6,1775,18574,,
Red Urchin,6BC,2004,2,90,4,960,13344,,
Red Urchin,6BC,2004,2,92,2,426,*,,
Red Urchin,6BC,2004,2,95,1,380,*,,
Red Urchin,6BC,2004,2,96,1,250,*,,
Red Urchin,6BC,2004,2,98,4,1256,13111,,
Red Urchin,6BC,2004,2,99,3,840,9568,,
Red Urchin,6BC,2004,2,Total,30,109853,1318028,,
Red Urchin,6BC,2004,3,1,15,12489,142529,,
Red Urchin,6BC,2004,3,2,5,2278,**,,
Red Urchin,6BC,2004,3,3,1,960,*,,
Red Urchin,6BC,2004,3,Total,15,15727,185518,,
Red Urchin,6BC,2004,4,1,20,18135,215589,,
Red Urchin,6BC,2004,4,2,21,17667,197341,,
Red Urchin,6BC,2004,4,3,19,9683,137448,,
Red Urchin,6BC,2004,4,5,4,1110,15121,,
Red Urchin,6BC,2004,4,9,13,7976,84214,,
Red Urchin,6BC,2004,4,12,3,1145,15532,,
Red Urchin,6BC,2004,4,13,20,17136,199254,,
Red Urchin,6BC,2004,4,Total,29,72852,864499,,
Red Urchin,6BC,2004,5,9,5,1890,25875,,
Red Urchin,6BC,2004,5,10,19,20009,212555,,
Red Urchin,6BC,2004,5,11,14,7890,80397,,
Red Urchin,6BC,2004,5,12,13,5191,63354,,
Red Urchin,6BC,2004,5,13,19,8996,115465,,
Red Urchin,6BC,2004,5,17,19,8779,96182,,
Red Urchin,6BC,2004,5,20,20,26197,341777,,
Red Urchin,6BC,2004,5,21,7,3237,30232,,
Red Urchin,6BC,2004,5,22,17,16819,248238,,
Red Urchin,6BC,2004,5,Total,30,99008,1214075,,
Red Urchin,6BC,2004,6,5,1,260,*,,
Red Urchin,6BC,2004,6,9,31,55011,716132,,
Red Urchin,6BC,2004,6,10,27,35261,419719,,
Red Urchin,6BC,2004,6,11,3,1918,**,,
Red Urchin,6BC,2004,6,13,33,44552,553300,,
Red Urchin,6BC,2004,6,15,15,8293,109041,,
Red Urchin,6BC,2004,6,16,28,34576,416891,,
Red Urchin,6BC,2004,6,17,22,14010,167378,,
Red Urchin,6BC,2004,6,19,16,5367,65474,,
Red Urchin,6BC,2004,6,Total,35,199248,2473961,,
Red Urchin,6BC,2004,7,2,1,240,*,,
Red Urchin,6BC,2004,7,3,20,14452,184401,,
Red Urchin,6BC,2004,7,4,11,5604,86036,,
Red Urchin,6BC,2004,7,5,3,726,8919,,
Red Urchin,6BC,2004,7,8,1,360,*,,
Red Urchin,6BC,2004,7,9,21,19471,219679,,
Red Urchin,6BC,2004,7,12,4,2080,22672,,
Red Urchin,6BC,2004,7,25,11,6079,68127,,
Red Urchin,6BC,2004,7,27,7,2451,30161,,
Red Urchin,6BC,2004,7,28,2,1100,*,,
Red Urchin,6BC,2004,7,31,10,3547,51829,,
Red Urchin,6BC,2004,7,32,1,570,*,,
Red Urchin,6BC,2004,7,Total,33,56680,696100,,
Red Urchin,6BC,2004,8,2,11,5467,52307,,
Red Urchin,6BC,2004,8,3,1,180,*,,
Red Urchin,6BC,2004,8,4,10,4252,50591,,
Red Urchin,6BC,2004,8,16,2,630,*,,
Red Urchin,6BC,2004,8,Total,15,10529,117240,,
Red Urchin,6BC,2004,9,1,6,2471,**,,
Red Urchin,6BC,2004,9,2,1,820,*,,
Red Urchin,6BC,2004,9,Total,7,3291,47115,,
Red Urchin,6BC,2004,10,1,10,6170,101567,,
Red Urchin,6BC,2004,10,2,8,9770,127094,,
Red Urchin,6BC,2004,10,3,9,7460,107430,,
Red Urchin,6BC,2004,10,4,3,990,10600,,
Red Urchin,6BC,2004,10,Total,14,24390,346691,,
Red Urchin,6BC,2004,11,2,2,5025,*,,
Red Urchin,6BC,2004,11,Total,2,5025,*,,
Red Urchin,6BC,2004,12,1,1,780,*,,
Red Urchin,6BC,2004,12,2,2,3689,*,,
Red Urchin,6BC,2004,12,3,1,220,*,,
Red Urchin,6BC,2004,12,5,4,1320,17001,,
Red Urchin,6BC,2004,12,6,1,400,*,,
Red Urchin,6BC,2004,12,7,2,460,*,,
Red Urchin,6BC,2004,12,11,7,7407,110934,,
Red Urchin,6BC,2004,12,12,7,6222,89816,,
Red Urchin,6BC,2004,12,13,9,8057,115813,,
Red Urchin,6BC,2004,12,15,3,1980,27075,,
Red Urchin,6BC,2004,12,16,6,2791,41437,,
Red Urchin,6BC,2004,12,17,1,600,*,,
Red Urchin,6BC,2004,12,18,5,1822,26725,,
Red Urchin,6BC,2004,12,19,5,4759,72597,,
Red Urchin,6BC,2004,12,24,1,240,*,,
Red Urchin,6BC,2004,12,41,1,240,*,,
Red Urchin,6BC,2004,12,Total,13,40987,616447,,
Red Urchin,6BC,2004,13,1,7,4998,74307,,
Red Urchin,6BC,2004,13,2,3,2150,28184,,
Red Urchin,6BC,2004,13,6,1,570,*,,
Red Urchin,6BC,2004,13,7,2,850,*,,
Red Urchin,6BC,2004,13,9,3,535,6462,,
Red Urchin,6BC,2004,13,10,2,472,*,,
Red Urchin,6BC,2004,13,11,3,1169,15822,,
Red Urchin,6BC,2004,13,12,1,280,*,,
Red Urchin,6BC,2004,13,25,2,1640,*,,
Red Urchin,6BC,2004,13,28,4,1981,34175,,
Red Urchin,6BC,2004,13,29,2,770,*,,
Red Urchin,6BC,2004,13,31,5,1090,17155,,
Red Urchin,6BC,2004,13,32,2,440,*,,
Red Urchin,6BC,2004,13,33,7,2869,43243,,
Red Urchin,6BC,2004,13,35,1,260,*,,
Red Urchin,6BC,2004,13,40,1,840,*,,
Red Urchin,6BC,2004,13,41,1,180,*,,
Red Urchin,6BC,2004,13,Total,11,21094,297301,,
Red Urchin,6BC,2004,14,13,3,1433,18696,,
Red Urchin,6BC,2004,14,Total,3,1433,18696,,
Red Urchin,6BC,2004,17,8,1,152,*,,
Red Urchin,6BC,2004,17,17,1,201,*,,
Red Urchin,6BC,2004,17,Total,1,353,*,,
Red Urchin,6BC,2004,18,2,1,141,*,,
Red Urchin,6BC,2004,18,3,1,919,*,,
Red Urchin,6BC,2004,18,5,1,560,*,,
Red Urchin,6BC,2004,18,6,4,2625,43130,,
Red Urchin,6BC,2004,18,11,1,580,*,,
Red Urchin,6BC,2004,18,Total,4,4825,73653,,
Red Urchin,6BC,2004,19,3,1,130,*,,
Red Urchin,6BC,2004,19,4,4,1906,28772,,
Red Urchin,6BC,2004,19,5,4,1680,**,,
Red Urchin,6BC,2004,19,Total,5,3716,54602,,
Red Urchin,6BC,2004,20,5,2,970,*,,
Red Urchin,6BC,2004,20,Total,2,970,*,,
Red Urchin,6BC,2004,23,7,2,2780,*,,
Red Urchin,6BC,2004,23,11,7,8439,**,,
Red Urchin,6BC,2004,23,Total,8,11219,156052,,
Red Urchin,6BC,2004,24,6,7,9840,128614,,
Red Urchin,6BC,2004,24,8,5,8011,101112,,
Red Urchin,6BC,2004,24,Total,8,17851,229726,,
Red Urchin,6BC,2004,29,4,2,478,*,,
Red Urchin,6BC,2004,29,Total,2,478,*,,
Red Urchin,6BC,2004,101,2,2,900,*,,
Red Urchin,6BC,2004,101,6,2,1260,*,,
Red Urchin,6BC,2004,101,7,4,1824,22540,,
Red Urchin,6BC,2004,101,Total,6,3984,58279,,
Red Urchin,6BC,2004,105,1,4,2335,**,,
Red Urchin,6BC,2004,105,2,1,180,*,,
Red Urchin,6BC,2004,105,Total,5,2515,32693,,
Red Urchin,6BC,2004,106,2,28,36906,494163,,
Red Urchin,6BC,2004,106,Total,28,36906,494163,,
Red Urchin,6BC,2004,123,3,3,2139,**,,
Red Urchin,6BC,2004,123,5,1,95,*,,
Red Urchin,6BC,2004,123,Total,3,2234,20743,,
Red Urchin,6BC,2004,124,3,1,240,*,,
Red Urchin,6BC,2004,124,Total,1,240,*,,
Red Urchin,6BC,2005,1,2,15,12357,151931,,
Red Urchin,6BC,2005,1,3,6,2741,32272,,
Red Urchin,6BC,2005,1,7,5,1989,23322,,
Red Urchin,6BC,2005,1,Total,17,17087,207525,,
Red Urchin,6BC,2005,2,3,5,1755,17625,,
Red Urchin,6BC,2005,2,8,26,16984,196547,,
Red Urchin,6BC,2005,2,12,28,12596,150537,,
Red Urchin,6BC,2005,2,14,26,18856,240239,,
Red Urchin,6BC,2005,2,15,10,3660,39903,,
Red Urchin,6BC,2005,2,17,23,11636,130625,,
Red Urchin,6BC,2005,2,18,23,14851,174612,,
Red Urchin,6BC,2005,2,19,2,450,*,,
Red Urchin,6BC,2005,2,31,21,13660,165340,,
Red Urchin,6BC,2005,2,68,12,7548,111106,,
Red Urchin,6BC,2005,2,69,4,1780,32994,,
Red Urchin,6BC,2005,2,71,1,315,*,,
Red Urchin,6BC,2005,2,74,1,180,*,,
Red Urchin,6BC,2005,2,75,2,667,*,,
Red Urchin,6BC,2005,2,79,3,960,13746,,
Red Urchin,6BC,2005,2,82,7,3928,43793,,
Red Urchin,6BC,2005,2,85,6,3992,50404,,
Red Urchin,6BC,2005,2,87,5,2815,39805,,
Red Urchin,6BC,2005,2,88,2,420,*,,
Red Urchin,6BC,2005,2,89,4,2616,31221,,
Red Urchin,6BC,2005,2,92,2,330,*,,
Red Urchin,6BC,2005,2,95,1,95,*,,
Red Urchin,6BC,2005,2,96,2,295,*,,
Red Urchin,6BC,2005,2,98,1,96,*,,
Red Urchin,6BC,2005,2,99,2,200,*,,
Red Urchin,6BC,2005,2,Total,30,120685,1484068,,
Red Urchin,6BC,2005,3,1,10,9652,144561,,
Red Urchin,6BC,2005,3,Total,10,9652,144561,,
Red Urchin,6BC,2005,4,1,11,10702,112004,,
Red Urchin,6BC,2005,4,2,21,14008,166490,,
Red Urchin,6BC,2005,4,3,18,9860,135783,,
Red Urchin,6BC,2005,4,4,3,1600,21445,,
Red Urchin,6BC,2005,4,5,1,340,*,,
Red Urchin,6BC,2005,4,9,9,4414,51597,,
Red Urchin,6BC,2005,4,12,1,450,*,,
Red Urchin,6BC,2005,4,13,19,17280,194551,,
Red Urchin,6BC,2005,4,Total,25,58654,690111,,
Red Urchin,6BC,2005,5,9,2,1580,*,,
Red Urchin,6BC,2005,5,10,13,16587,210810,,
Red Urchin,6BC,2005,5,11,8,4367,61532,,
Red Urchin,6BC,2005,5,12,13,7457,91196,,
Red Urchin,6BC,2005,5,13,22,11495,126685,,
Red Urchin,6BC,2005,5,17,23,13147,139051,,
Red Urchin,6BC,2005,5,19,1,272,*,,
Red Urchin,6BC,2005,5,20,26,28874,344976,,
Red Urchin,6BC,2005,5,21,1,380,*,,
Red Urchin,6BC,2005,5,22,11,9925,157161,,
Red Urchin,6BC,2005,5,Total,30,94084,1153437,,
Red Urchin,6BC,2005,6,5,3,925,**,,
Red Urchin,6BC,2005,6,9,28,38328,514788,,
Red Urchin,6BC,2005,6,10,32,42201,528593,,
Red Urchin,6BC,2005,6,11,1,328,*,,
Red Urchin,6BC,2005,6,13,34,47280,607615,,
Red Urchin,6BC,2005,6,14,8,1591,17386,,
Red Urchin,6BC,2005,6,15,13,7116,93572,,
Red Urchin,6BC,2005,6,16,22,18707,232580,,
Red Urchin,6BC,2005,6,17,12,7104,90486,,
Red Urchin,6BC,2005,6,Total,36,163580,2100579,,
Red Urchin,6BC,2005,7,3,21,16243,226626,,
Red Urchin,6BC,2005,7,4,9,4510,55743,,
Red Urchin,6BC,2005,7,5,3,1075,10308,,
Red Urchin,6BC,2005,7,9,24,19577,191039,,
Red Urchin,6BC,2005,7,12,5,1985,16934,,
Red Urchin,6BC,2005,7,18,1,470,*,,
Red Urchin,6BC,2005,7,21,2,470,*,,
Red Urchin,6BC,2005,7,23,1,410,*,,
Red Urchin,6BC,2005,7,25,6,4045,46258,,
Red Urchin,6BC,2005,7,26,1,290,*,,
Red Urchin,6BC,2005,7,27,7,3349,35629,,
Red Urchin,6BC,2005,7,28,2,730,*,,
Red Urchin,6BC,2005,7,Total,33,53154,607396,,
Red Urchin,6BC,2005,8,1,6,2824,30172,,
Red Urchin,6BC,2005,8,2,7,4098,40395,,
Red Urchin,6BC,2005,8,3,1,350,*,,
Red Urchin,6BC,2005,8,4,12,8665,109950,,
Red Urchin,6BC,2005,8,16,2,880,*,,
Red Urchin,6BC,2005,8,Total,15,16817,198260,,
Red Urchin,6BC,2005,9,1,11,5635,70089,,
Red Urchin,6BC,2005,9,2,4,1619,**,,
Red Urchin,6BC,2005,9,12,2,434,*,,
Red Urchin,6BC,2005,9,Total,13,7688,98097,,
Red Urchin,6BC,2005,10,2,14,11003,140288,,
Red Urchin,6BC,2005,10,3,11,7874,96669,,
Red Urchin,6BC,2005,10,4,3,4280,62219,,
Red Urchin,6BC,2005,10,5,1,440,*,,
Red Urchin,6BC,2005,10,12,1,200,*,,
Red Urchin,6BC,2005,10,Total,16,23797,309094,,
Red Urchin,6BC,2005,11,2,5,9630,117706,,
Red Urchin,6BC,2005,11,Total,5,9630,117706,,
Red Urchin,6BC,2005,12,1,1,510,*,,
Red Urchin,6BC,2005,12,3,6,5540,70315,,
Red Urchin,6BC,2005,12,5,3,765,7712,,
Red Urchin,6BC,2005,12,6,2,1160,*,,
Red Urchin,6BC,2005,12,8,2,1830,*,,
Red Urchin,6BC,2005,12,11,6,9240,144996,,
Red Urchin,6BC,2005,12,12,7,4600,57831,,
Red Urchin,6BC,2005,12,13,7,9405,119713,,
Red Urchin,6BC,2005,12,15,5,4904,62387,,
Red Urchin,6BC,2005,12,16,1,665,*,,
Red Urchin,6BC,2005,12,18,2,1020,*,,
Red Urchin,6BC,2005,12,19,5,5353,69367,,
Red Urchin,6BC,2005,12,21,1,454,*,,
Red Urchin,6BC,2005,12,Total,13,45446,608268,,
Red Urchin,6BC,2005,13,1,8,4625,73894,,
Red Urchin,6BC,2005,13,2,3,900,10646,,
Red Urchin,6BC,2005,13,6,2,1784,*,,
Red Urchin,6BC,2005,13,7,1,900,*,,
Red Urchin,6BC,2005,13,8,1,366,*,,
Red Urchin,6BC,2005,13,9,4,2196,18439,,
Red Urchin,6BC,2005,13,10,2,960,*,,
Red Urchin,6BC,2005,13,11,1,125,*,,
Red Urchin,6BC,2005,13,12,6,3634,43058,,
Red Urchin,6BC,2005,13,13,1,500,*,,
Red Urchin,6BC,2005,13,18,1,2200,*,,
Red Urchin,6BC,2005,13,20,1,200,*,,
Red Urchin,6BC,2005,13,23,2,900,*,,
Red Urchin,6BC,2005,13,25,4,1593,16762,,
Red Urchin,6BC,2005,13,28,2,1680,*,,
Red Urchin,6BC,2005,13,29,2,390,*,,
Red Urchin,6BC,2005,13,30,2,290,*,,
Red Urchin,6BC,2005,13,31,3,1406,17134,,
Red Urchin,6BC,2005,13,32,1,560,*,,
Red Urchin,6BC,2005,13,33,2,2340,*,,
Red Urchin,6BC,2005,13,35,1,280,*,,
Red Urchin,6BC,2005,13,39,3,1577,22037,,
Red Urchin,6BC,2005,13,41,2,1372,*,,
Red Urchin,6BC,2005,13,Total,14,30778,361179,,
Red Urchin,6BC,2005,14,7,2,1506,*,,
Red Urchin,6BC,2005,14,8,2,517,*,,
Red Urchin,6BC,2005,14,13,4,4290,45368,,
Red Urchin,6BC,2005,14,Total,5,6313,75580,,
Red Urchin,6BC,2005,17,1,1,600,*,,
Red Urchin,6BC,2005,17,3,1,260,*,,
Red Urchin,6BC,2005,17,10,2,922,*,,
Red Urchin,6BC,2005,17,12,1,365,*,,
Red Urchin,6BC,2005,17,Total,3,2147,30664,,
Red Urchin,6BC,2005,18,2,2,1424,*,,
Red Urchin,6BC,2005,18,5,1,380,*,,
Red Urchin,6BC,2005,18,6,6,3565,37593,,
Red Urchin,6BC,2005,18,11,1,380,*,,
Red Urchin,6BC,2005,18,Total,6,5749,67614,,
Red Urchin,6BC,2005,19,4,4,4170,57307,,
Red Urchin,6BC,2005,19,5,3,660,7329,,
Red Urchin,6BC,2005,19,Total,6,4830,64636,,
Red Urchin,6BC,2005,20,5,2,1410,*,,
Red Urchin,6BC,2005,20,Total,2,1410,*,,
Red Urchin,6BC,2005,23,7,1,1900,*,,
Red Urchin,6BC,2005,23,11,4,2581,**,,
Red Urchin,6BC,2005,23,Total,4,4481,61741,,
Red Urchin,6BC,2005,24,6,5,11828,136641,,
Red Urchin,6BC,2005,24,8,3,1159,11761,,
Red Urchin,6BC,2005,24,Total,5,12987,148402,,
Red Urchin,6BC,2005,101,2,1,300,*,,
Red Urchin,6BC,2005,101,6,5,1010,**,,
Red Urchin,6BC,2005,101,7,6,2410,23250,,
Red Urchin,6BC,2005,101,Total,8,3720,38822,,
Red Urchin,6BC,2005,105,1,2,650,*,,
Red Urchin,6BC,2005,105,2,1,60,*,,
Red Urchin,6BC,2005,105,Total,3,710,7689,,
Red Urchin,6BC,2005,106,2,25,31077,415699,,
Red Urchin,6BC,2005,106,Total,25,31077,415699,,
Red Urchin,6BC,2005,123,3,1,90,*,,
Red Urchin,6BC,2005,123,5,4,1353,**,,
Red Urchin,6BC,2005,123,Total,4,1443,21444,,
Red Urchin,6BC,2005,124,3,2,2045,*,,
Red Urchin,6BC,2005,124,Total,2,2045,*,,
Red Urchin,6BC,2006,1,1,3,1340,**,,
Red Urchin,6BC,2006,1,2,15,16471,215665,,
Red Urchin,6BC,2006,1,3,8,2299,24939,,
Red Urchin,6BC,2006,1,7,2,420,*,,
Red Urchin,6BC,2006,1,Total,15,20530,260764,,
Red Urchin,6BC,2006,2,3,7,1327,18547,,
Red Urchin,6BC,2006,2,8,13,2496,28905,,
Red Urchin,6BC,2006,2,12,12,3346,41528,,
Red Urchin,6BC,2006,2,14,16,5826,76733,,
Red Urchin,6BC,2006,2,15,1,200,*,,
Red Urchin,6BC,2006,2,17,18,9820,125926,,
Red Urchin,6BC,2006,2,18,15,9767,130797,,
Red Urchin,6BC,2006,2,31,13,7995,95046,,
Red Urchin,6BC,2006,2,35,1,520,*,,
Red Urchin,6BC,2006,2,68,9,7108,91249,,
Red Urchin,6BC,2006,2,69,9,3976,57142,,
Red Urchin,6BC,2006,2,71,4,1320,23191,,
Red Urchin,6BC,2006,2,73,1,600,*,,
Red Urchin,6BC,2006,2,74,1,400,*,,
Red Urchin,6BC,2006,2,75,1,410,*,,
Red Urchin,6BC,2006,2,78,1,360,*,,
Red Urchin,6BC,2006,2,82,2,480,*,,
Red Urchin,6BC,2006,2,85,7,2506,31488,,
Red Urchin,6BC,2006,2,86,2,1150,*,,
Red Urchin,6BC,2006,2,87,7,2715,41661,,
Red Urchin,6BC,2006,2,Total,19,62322,805030,,
Red Urchin,6BC,2006,4,1,7,5440,52220,,
Red Urchin,6BC,2006,4,2,17,12614,147935,,
Red Urchin,6BC,2006,4,3,12,7133,98086,,
Red Urchin,6BC,2006,4,13,24,23412,288332,,
Red Urchin,6BC,2006,4,Total,28,48599,586573,,
Red Urchin,6BC,2006,5,9,5,1680,19279,,
Red Urchin,6BC,2006,5,10,22,13103,158445,,
Red Urchin,6BC,2006,5,11,3,980,11789,,
Red Urchin,6BC,2006,5,12,11,4930,61858,,
Red Urchin,6BC,2006,5,13,18,9012,123575,,
Red Urchin,6BC,2006,5,16,4,1346,16823,,
Red Urchin,6BC,2006,5,17,24,9731,103123,,
Red Urchin,6BC,2006,5,20,25,37193,496084,,
Red Urchin,6BC,2006,5,21,16,6574,89468,,
Red Urchin,6BC,2006,5,22,24,30138,430604,,
Red Urchin,6BC,2006,5,Total,32,114687,1511048,,
Red Urchin,6BC,2006,6,5,1,90,*,,
Red Urchin,6BC,2006,6,9,35,62771,876305,,
Red Urchin,6BC,2006,6,10,3,1580,20437,,
Red Urchin,6BC,2006,6,13,24,22612,237059,,
Red Urchin,6BC,2006,6,15,2,700,*,,
Red Urchin,6BC,2006,6,16,25,19886,213484,,
Red Urchin,6BC,2006,6,17,12,4173,40969,,
Red Urchin,6BC,2006,6,Total,38,111812,1398204,,
Red Urchin,6BC,2006,7,3,12,6975,91691,,
Red Urchin,6BC,2006,7,4,12,4563,45579,,
Red Urchin,6BC,2006,7,5,5,1580,18844,,
Red Urchin,6BC,2006,7,9,14,4540,54427,,
Red Urchin,6BC,2006,7,12,1,80,*,,
Red Urchin,6BC,2006,7,25,3,1789,**,,
Red Urchin,6BC,2006,7,27,3,1780,26370,,
Red Urchin,6BC,2006,7,Total,22,21307,255240,,
Red Urchin,6BC,2006,8,2,7,6105,83894,,
Red Urchin,6BC,2006,8,4,5,2576,39832,,
Red Urchin,6BC,2006,8,Total,7,8681,123726,,
Red Urchin,6BC,2006,9,1,5,1817,**,,
Red Urchin,6BC,2006,9,2,4,2430,24860,,
Red Urchin,6BC,2006,9,11,1,100,*,,
Red Urchin,6BC,2006,9,Total,6,4347,45719,,
Red Urchin,6BC,2006,10,1,5,3786,**,,
Red Urchin,6BC,2006,10,2,8,9856,125326,,
Red Urchin,6BC,2006,10,3,8,5732,59632,,
Red Urchin,6BC,2006,10,4,1,370,*,,
Red Urchin,6BC,2006,10,Total,9,19744,241501,,
Red Urchin,6BC,2006,11,2,4,6805,70241,,
Red Urchin,6BC,2006,11,Total,4,6805,70241,,
Red Urchin,6BC,2006,12,5,1,280,*,,
Red Urchin,6BC,2006,12,7,1,200,*,,
Red Urchin,6BC,2006,12,8,2,2842,*,,
Red Urchin,6BC,2006,12,11,4,5600,86820,,
Red Urchin,6BC,2006,12,12,1,570,*,,
Red Urchin,6BC,2006,12,13,7,12863,157162,,
Red Urchin,6BC,2006,12,15,2,2360,*,,
Red Urchin,6BC,2006,12,16,1,880,*,,
Red Urchin,6BC,2006,12,18,4,7890,106607,,
Red Urchin,6BC,2006,12,19,2,1890,*,,
Red Urchin,6BC,2006,12,Total,9,35375,491338,,
Red Urchin,6BC,2006,13,1,5,6683,99124,,
Red Urchin,6BC,2006,13,2,4,2540,34400,,
Red Urchin,6BC,2006,13,3,1,360,*,,
Red Urchin,6BC,2006,13,7,3,1480,23460,,
Red Urchin,6BC,2006,13,9,3,1790,22447,,
Red Urchin,6BC,2006,13,11,1,380,*,,
Red Urchin,6BC,2006,13,28,4,1010,12019,,
Red Urchin,6BC,2006,13,31,1,300,*,,
Red Urchin,6BC,2006,13,32,2,1470,*,,
Red Urchin,6BC,2006,13,33,4,3808,49957,,
Red Urchin,6BC,2006,13,35,4,3741,61236,,
Red Urchin,6BC,2006,13,36,1,390,*,,
Red Urchin,6BC,2006,13,Total,7,23952,340890,,
Red Urchin,6BC,2006,14,13,1,400,*,,
Red Urchin,6BC,2006,14,Total,1,400,*,,
Red Urchin,6BC,2006,19,3,2,925,*,,
Red Urchin,6BC,2006,19,4,4,3604,42291,,
Red Urchin,6BC,2006,19,5,2,317,*,,
Red Urchin,6BC,2006,19,Total,4,4846,58665,,
Red Urchin,6BC,2006,20,5,2,1465,*,,
Red Urchin,6BC,2006,20,Total,2,1465,*,,
Red Urchin,6BC,2006,23,5,1,150,*,,
Red Urchin,6BC,2006,23,7,2,1826,*,,
Red Urchin,6BC,2006,23,Total,3,1976,31117,,
Red Urchin,6BC,2006,24,8,4,6652,89725,,
Red Urchin,6BC,2006,24,Total,4,6652,89725,,
Red Urchin,6BC,2006,101,2,4,2687,36343,,
Red Urchin,6BC,2006,101,6,4,1460,**,,
Red Urchin,6BC,2006,101,7,1,540,*,,
Red Urchin,6BC,2006,101,Total,6,4687,59667,,
Red Urchin,6BC,2006,105,1,5,1340,**,,
Red Urchin,6BC,2006,105,2,1,285,*,,
Red Urchin,6BC,2006,105,Total,6,1625,19705,,
Red Urchin,6BC,2006,106,2,27,34663,415227,,
Red Urchin,6BC,2006,106,Total,27,34663,415227,,
Red Urchin,6BC,2006,123,5,2,1814,*,,
Red Urchin,6BC,2006,123,Total,2,1814,*,,
Red Urchin,6BC,2007,2,8,13,4078,55742,,
Red Urchin,6BC,2007,2,12,10,2606,30734,,
Red Urchin,6BC,2007,2,14,14,9752,131145,,
Red Urchin,6BC,2007,2,15,2,560,*,,
Red Urchin,6BC,2007,2,17,12,7034,106219,,
Red Urchin,6BC,2007,2,18,9,3154,44631,,
Red Urchin,6BC,2007,2,19,3,870,**,,
Red Urchin,6BC,2007,2,31,9,2290,30404,,
Red Urchin,6BC,2007,2,Total,15,30344,423469,,
Red Urchin,6BC,2007,4,2,10,6403,65627,,
Red Urchin,6BC,2007,4,3,12,8350,106580,,
Red Urchin,6BC,2007,4,4,2,1415,*,,
Red Urchin,6BC,2007,4,9,8,2895,31895,,
Red Urchin,6BC,2007,4,13,6,2935,**,,
Red Urchin,6BC,2007,4,Total,16,21998,251279,,
Red Urchin,6BC,2007,5,9,1,240,*,,
Red Urchin,6BC,2007,5,10,13,11130,138125,,
Red Urchin,6BC,2007,5,11,7,3680,42773,,
Red Urchin,6BC,2007,5,12,11,6070,70373,,
Red Urchin,6BC,2007,5,13,18,11524,137603,,
Red Urchin,6BC,2007,5,16,2,500,*,,
Red Urchin,6BC,2007,5,17,13,2945,31099,,
Red Urchin,6BC,2007,5,20,17,17090,216310,,
Red Urchin,6BC,2007,5,21,9,3961,49265,,
Red Urchin,6BC,2007,5,22,7,3110,35965,,
Red Urchin,6BC,2007,5,Total,23,60250,730205,,
Red Urchin,6BC,2007,6,9,28,55519,747179,,
Red Urchin,6BC,2007,6,10,22,17521,245153,,
Red Urchin,6BC,2007,6,11,3,725,**,,
Red Urchin,6BC,2007,6,12,2,950,*,,
Red Urchin,6BC,2007,6,13,22,35848,450474,,
Red Urchin,6BC,2007,6,15,10,6295,85428,,
Red Urchin,6BC,2007,6,16,15,14128,186178,,
Red Urchin,6BC,2007,6,17,3,1197,17768,,
Red Urchin,6BC,2007,6,Total,30,132183,1759691,,
Red Urchin,6BC,2007,7,3,9,4284,41661,,
Red Urchin,6BC,2007,7,4,7,1565,20404,,
Red Urchin,6BC,2007,7,5,1,240,*,,
Red Urchin,6BC,2007,7,6,1,300,*,,
Red Urchin,6BC,2007,7,9,13,10248,104321,,
Red Urchin,6BC,2007,7,27,4,1010,12860,,
Red Urchin,6BC,2007,7,Total,16,17647,191697,,
Red Urchin,6BC,2007,8,1,1,390,*,,
Red Urchin,6BC,2007,8,2,8,5685,60096,,
Red Urchin,6BC,2007,8,4,8,5289,57161,,
Red Urchin,6BC,2007,8,16,3,630,**,,
Red Urchin,6BC,2007,8,Total,10,11994,130356,,
Red Urchin,6BC,2007,10,1,1,150,*,,
Red Urchin,6BC,2007,10,2,4,1390,23323,,
Red Urchin,6BC,2007,10,3,6,2275,40961,,
Red Urchin,6BC,2007,10,4,2,585,*,,
Red Urchin,6BC,2007,10,Total,9,4400,74034,,
Red Urchin,6BC,2007,12,1,4,4316,61503,,
Red Urchin,6BC,2007,12,2,3,1000,13261,,
Red Urchin,6BC,2007,12,3,1,460,*,,
Red Urchin,6BC,2007,12,5,4,4922,62137,,
Red Urchin,6BC,2007,12,7,1,660,*,,
Red Urchin,6BC,2007,12,11,6,4971,74719,,
Red Urchin,6BC,2007,12,12,1,940,*,,
Red Urchin,6BC,2007,12,13,4,4677,77358,,
Red Urchin,6BC,2007,12,15,1,210,*,,
Red Urchin,6BC,2007,12,16,3,1430,23641,,
Red Urchin,6BC,2007,12,18,3,2868,41775,,
Red Urchin,6BC,2007,12,19,4,3560,52978,,
Red Urchin,6BC,2007,12,21,1,600,*,,
Red Urchin,6BC,2007,12,39,1,380,*,,
Red Urchin,6BC,2007,12,Total,12,30994,454939,,
Red Urchin,6BC,2007,13,1,2,660,*,,
Red Urchin,6BC,2007,13,2,1,319,*,,
Red Urchin,6BC,2007,13,10,2,670,*,,
Red Urchin,6BC,2007,13,12,3,2020,31560,,
Red Urchin,6BC,2007,13,15,1,100,*,,
Red Urchin,6BC,2007,13,23,1,2149,*,,
Red Urchin,6BC,2007,13,25,3,1248,17629,,
Red Urchin,6BC,2007,13,28,2,1170,*,,
Red Urchin,6BC,2007,13,32,2,1530,*,,
Red Urchin,6BC,2007,13,33,1,100,*,,
Red Urchin,6BC,2007,13,35,2,2150,*,,
Red Urchin,6BC,2007,13,39,2,1660,*,,
Red Urchin,6BC,2007,13,40,1,100,*,,
Red Urchin,6BC,2007,13,41,2,977,*,,
Red Urchin,6BC,2007,13,Total,9,14853,198950,,
Red Urchin,6BC,2007,14,7,1,641,*,,
Red Urchin,6BC,2007,14,8,2,370,*,,
Red Urchin,6BC,2007,14,13,3,1295,16568,,
Red Urchin,6BC,2007,14,Total,4,2306,32040,,
Red Urchin,6BC,2007,17,3,1,420,*,,
Red Urchin,6BC,2007,17,17,1,480,*,,
Red Urchin,6BC,2007,17,Total,2,900,*,,
Red Urchin,6BC,2007,18,1,1,220,*,,
Red Urchin,6BC,2007,18,2,1,965,*,,
Red Urchin,6BC,2007,18,4,1,460,*,,
Red Urchin,6BC,2007,18,5,1,1820,*,,
Red Urchin,6BC,2007,18,6,3,3900,43625,,
Red Urchin,6BC,2007,18,Total,3,7365,74389,,
Red Urchin,6BC,2007,19,4,3,4745,**,,
Red Urchin,6BC,2007,19,5,2,2990,*,,
Red Urchin,6BC,2007,19,Total,3,7735,84275,,
Red Urchin,6BC,2007,29,5,1,600,*,,
Red Urchin,6BC,2007,29,Total,1,600,*,,
Red Urchin,6BC,2007,105,2,1,200,*,,
Red Urchin,6BC,2007,105,Total,1,200,*,,
Red Urchin,6BC,2007,106,2,19,22930,307129,,
Red Urchin,6BC,2007,106,Total,19,22930,307129,,
Red Urchin,6BC,2008,4,1,9,3786,48031,,
Red Urchin,6BC,2008,4,2,12,11628,168708,,
Red Urchin,6BC,2008,4,3,4,1485,**,,
Red Urchin,6BC,2008,4,4,1,400,*,,
Red Urchin,6BC,2008,4,9,8,3760,47950,,
Red Urchin,6BC,2008,4,Total,15,21059,296615,,
Red Urchin,6BC,2008,5,10,9,8310,106899,,
Red Urchin,6BC,2008,5,11,5,1815,**,,
Red Urchin,6BC,2008,5,12,4,4530,61748,,
Red Urchin,6BC,2008,5,13,18,14280,174199,,
Red Urchin,6BC,2008,5,14,1,340,*,,
Red Urchin,6BC,2008,5,17,5,5005,52191,,
Red Urchin,6BC,2008,5,20,18,21996,290353,,
Red Urchin,6BC,2008,5,22,16,18442,219374,,
Red Urchin,6BC,2008,5,Total,23,74718,930746,,
Red Urchin,6BC,2008,6,9,19,36495,477194,,
Red Urchin,6BC,2008,6,10,18,17290,224439,,
Red Urchin,6BC,2008,6,11,1,229,*,,
Red Urchin,6BC,2008,6,13,20,29288,371227,,
Red Urchin,6BC,2008,6,14,3,970,11394,,
Red Urchin,6BC,2008,6,15,8,3172,37293,,
Red Urchin,6BC,2008,6,16,7,3327,38445,,
Red Urchin,6BC,2008,6,17,2,535,*,,
Red Urchin,6BC,2008,6,Total,21,91306,1170371,,
Red Urchin,6BC,2008,7,9,4,3956,37387,,
Red Urchin,6BC,2008,7,Total,4,3956,37387,,
Red Urchin,6BC,2008,8,1,1,275,*,,
Red Urchin,6BC,2008,8,2,2,2740,*,,
Red Urchin,6BC,2008,8,4,2,5425,*,,
Red Urchin,6BC,2008,8,16,1,850,*,,
Red Urchin,6BC,2008,8,Total,2,9290,*,,
Red Urchin,6BC,2008,9,1,2,490,*,,
Red Urchin,6BC,2008,9,11,2,370,*,,
Red Urchin,6BC,2008,9,12,1,240,*,,
Red Urchin,6BC,2008,9,Total,3,1100,9132,,
Red Urchin,6BC,2008,10,1,2,1060,*,,
Red Urchin,6BC,2008,10,2,5,3311,**,,
Red Urchin,6BC,2008,10,3,7,4295,48137,,
Red Urchin,6BC,2008,10,4,3,4984,55662,,
Red Urchin,6BC,2008,10,Total,8,13650,152337,,
Red Urchin,6BC,2008,11,2,3,5250,71882,,
Red Urchin,6BC,2008,11,Total,3,5250,71882,,
Red Urchin,6BC,2008,12,3,2,1678,*,,
Red Urchin,6BC,2008,12,4,1,443,*,,
Red Urchin,6BC,2008,12,5,4,5882,51888,,
Red Urchin,6BC,2008,12,6,1,1030,*,,
Red Urchin,6BC,2008,12,11,3,1399,15902,,
Red Urchin,6BC,2008,12,13,3,3531,36336,,
Red Urchin,6BC,2008,12,16,1,1106,*,,
Red Urchin,6BC,2008,12,17,1,498,*,,
Red Urchin,6BC,2008,12,18,7,6780,84947,,
Red Urchin,6BC,2008,12,19,5,6946,89812,,
Red Urchin,6BC,2008,12,21,1,991,*,,
Red Urchin,6BC,2008,12,Total,8,30284,331796,,
Red Urchin,6BC,2008,13,1,7,5720,81541,,
Red Urchin,6BC,2008,13,2,6,5227,70506,,
Red Urchin,6BC,2008,13,6,2,2040,*,,
Red Urchin,6BC,2008,13,7,1,880,*,,
Red Urchin,6BC,2008,13,8,1,360,*,,
Red Urchin,6BC,2008,13,9,3,1370,11675,,
Red Urchin,6BC,2008,13,10,4,1362,16192,,
Red Urchin,6BC,2008,13,11,2,2160,*,,
Red Urchin,6BC,2008,13,12,5,3850,47858,,
Red Urchin,6BC,2008,13,25,1,1860,*,,
Red Urchin,6BC,2008,13,28,6,4425,54374,,
Red Urchin,6BC,2008,13,30,1,240,*,,
Red Urchin,6BC,2008,13,32,2,1740,*,,
Red Urchin,6BC,2008,13,33,1,520,*,,
Red Urchin,6BC,2008,13,39,1,480,*,,
Red Urchin,6BC,2008,13,41,1,480,*,,
Red Urchin,6BC,2008,13,Total,11,32714,408145,,
Red Urchin,6BC,2008,14,13,5,5809,70014,,
Red Urchin,6BC,2008,14,Total,5,5809,70014,,
Red Urchin,6BC,2008,18,5,1,520,*,,
Red Urchin,6BC,2008,18,6,2,1855,*,,
Red Urchin,6BC,2008,18,11,1,380,*,,
Red Urchin,6BC,2008,18,Total,2,2755,*,,
Red Urchin,6BC,2008,19,3,1,660,*,,
Red Urchin,6BC,2008,19,4,2,3120,*,,
Red Urchin,6BC,2008,19,5,1,580,*,,
Red Urchin,6BC,2008,19,Total,2,4360,*,,
Red Urchin,6BC,2008,20,5,1,1210,*,,
Red Urchin,6BC,2008,20,Total,1,1210,*,,
Red Urchin,6BC,2008,105,1,2,1170,*,,
Red Urchin,6BC,2008,105,2,1,955,*,,
Red Urchin,6BC,2008,105,Total,3,2125,27920,,
Red Urchin,6BC,2008,106,2,15,28689,390652,,
Red Urchin,6BC,2008,106,Total,15,28689,390652,,
Red Urchin,6BC,2009,2,8,9,6526,**,,
Red Urchin,6BC,2009,2,14,9,12121,178218,,
Red Urchin,6BC,2009,2,15,1,300,*,,
Red Urchin,6BC,2009,2,Total,9,18947,277769,,
Red Urchin,6BC,2009,3,1,4,18560,**,,
Red Urchin,6BC,2009,3,2,1,1600,*,,
Red Urchin,6BC,2009,3,Total,4,20160,246120,,
Red Urchin,6BC,2009,4,1,9,21099,256025,,
Red Urchin,6BC,2009,4,2,10,13568,198416,,
Red Urchin,6BC,2009,4,3,7,6213,**,,
Red Urchin,6BC,2009,4,9,1,160,*,,
Red Urchin,6BC,2009,4,13,13,17820,284166,,
Red Urchin,6BC,2009,4,Total,17,58860,834174,,
Red Urchin,6BC,2009,5,10,8,7827,101707,,
Red Urchin,6BC,2009,5,11,3,2045,28548,,
Red Urchin,6BC,2009,5,12,4,2340,33174,,
Red Urchin,6BC,2009,5,13,4,5145,68526,,
Red Urchin,6BC,2009,5,20,11,18978,281960,,
Red Urchin,6BC,2009,5,21,6,3677,56386,,
Red Urchin,6BC,2009,5,22,9,9634,133454,,
Red Urchin,6BC,2009,5,Total,17,49646,703755,,
Red Urchin,6BC,2009,6,9,19,56330,815817,,
Red Urchin,6BC,2009,6,10,13,19570,252992,,
Red Urchin,6BC,2009,6,11,2,570,*,,
Red Urchin,6BC,2009,6,13,14,18433,258763,,
Red Urchin,6BC,2009,6,14,3,1190,17669,,
Red Urchin,6BC,2009,6,15,1,1200,*,,
Red Urchin,6BC,2009,6,16,2,1510,*,,
Red Urchin,6BC,2009,6,Total,19,98803,1398276,,
Red Urchin,6BC,2009,12,1,1,1860,*,,
Red Urchin,6BC,2009,12,2,1,1910,*,,
Red Urchin,6BC,2009,12,3,1,285,*,,
Red Urchin,6BC,2009,12,5,4,2850,31095,,
Red Urchin,6BC,2009,12,6,1,380,*,,
Red Urchin,6BC,2009,12,8,2,1620,*,,
Red Urchin,6BC,2009,12,11,2,1355,*,,
Red Urchin,6BC,2009,12,13,3,5231,78690,,
Red Urchin,6BC,2009,12,16,2,1676,*,,
Red Urchin,6BC,2009,12,18,7,5275,75066,,
Red Urchin,6BC,2009,12,19,3,3315,33764,,
Red Urchin,6BC,2009,12,24,1,710,*,,
Red Urchin,6BC,2009,12,41,1,280,*,,
Red Urchin,6BC,2009,12,Total,10,26747,341205,,
Red Urchin,6BC,2009,13,1,4,3670,47512,,
Red Urchin,6BC,2009,13,2,5,5060,73651,,
Red Urchin,6BC,2009,13,3,1,300,*,,
Red Urchin,6BC,2009,13,6,2,445,*,,
Red Urchin,6BC,2009,13,8,2,840,*,,
Red Urchin,6BC,2009,13,9,2,1000,*,,
Red Urchin,6BC,2009,13,10,2,1450,*,,
Red Urchin,6BC,2009,13,11,1,740,*,,
Red Urchin,6BC,2009,13,12,3,2695,31891,,
Red Urchin,6BC,2009,13,16,1,300,*,,
Red Urchin,6BC,2009,13,25,3,1565,17022,,
Red Urchin,6BC,2009,13,28,2,2350,*,,
Red Urchin,6BC,2009,13,32,5,3810,48505,,
Red Urchin,6BC,2009,13,33,5,2275,29306,,
Red Urchin,6BC,2009,13,35,3,2050,34776,,
Red Urchin,6BC,2009,13,39,2,815,*,,
Red Urchin,6BC,2009,13,41,2,1380,*,,
Red Urchin,6BC,2009,13,Total,10,30745,415639,,
Red Urchin,6BC,2009,14,13,2,1300,*,,
Red Urchin,6BC,2009,14,Total,2,1300,*,,
Red Urchin,6BC,2009,18,2,1,120,*,,
Red Urchin,6BC,2009,18,5,1,380,*,,
Red Urchin,6BC,2009,18,6,2,2255,*,,
Red Urchin,6BC,2009,18,Total,2,2755,*,,
Red Urchin,6BC,2009,19,3,1,545,*,,
Red Urchin,6BC,2009,19,4,2,2895,*,,
Red Urchin,6BC,2009,19,5,2,680,*,,
Red Urchin,6BC,2009,19,Total,2,4120,*,,
Red Urchin,6BC,2009,105,1,2,1973,*,,
Red Urchin,6BC,2009,105,Total,2,1973,*,,
Red Urchin,6BC,2009,106,2,13,18088,240874,,
Red Urchin,6BC,2009,106,Total,13,18088,240874,,
Red Urchin,6BC,2010,3,1,7,18300,239921,,
Red Urchin,6BC,2010,3,2,1,300,*,,
Red Urchin,6BC,2010,3,3,1,390,*,,
Red Urchin,6BC,2010,3,Total,7,18990,247683,,
Red Urchin,6BC,2010,4,1,6,14680,166145,,
Red Urchin,6BC,2010,4,2,12,14127,197410,,
Red Urchin,6BC,2010,4,3,6,1890,25223,,
Red Urchin,6BC,2010,4,4,2,1100,*,,
Red Urchin,6BC,2010,4,5,1,2640,*,,
Red Urchin,6BC,2010,4,9,6,6856,92543,,
Red Urchin,6BC,2010,4,12,3,2100,29197,,
Red Urchin,6BC,2010,4,13,13,16960,252433,,
Red Urchin,6BC,2010,4,Total,21,60353,809061,,
Red Urchin,6BC,2010,5,9,1,60,*,,
Red Urchin,6BC,2010,5,10,14,11621,162765,,
Red Urchin,6BC,2010,5,11,7,3365,49271,,
Red Urchin,6BC,2010,5,12,8,6345,86774,,
Red Urchin,6BC,2010,5,13,16,15282,221212,,
Red Urchin,6BC,2010,5,16,2,890,*,,
Red Urchin,6BC,2010,5,17,5,10927,138854,,
Red Urchin,6BC,2010,5,20,13,25435,400867,,
Red Urchin,6BC,2010,5,21,6,4630,76823,,
Red Urchin,6BC,2010,5,22,9,14211,255008,,
Red Urchin,6BC,2010,5,Total,19,92766,1401007,,
Red Urchin,6BC,2010,6,5,1,400,*,,
Red Urchin,6BC,2010,6,9,21,63845,899264,,
Red Urchin,6BC,2010,6,10,16,19085,269231,,
Red Urchin,6BC,2010,6,11,1,650,*,,
Red Urchin,6BC,2010,6,13,8,13463,204547,,
Red Urchin,6BC,2010,6,Total,21,97443,1384129,,
Red Urchin,6BC,2010,10,3,2,950,*,,
Red Urchin,6BC,2010,10,Total,2,950,*,,
Red Urchin,6BC,2010,11,2,1,220,*,,
Red Urchin,6BC,2010,11,Total,1,220,*,,
Red Urchin,6BC,2010,12,1,5,2170,16005,,
Red Urchin,6BC,2010,12,2,1,300,*,,
Red Urchin,6BC,2010,12,3,4,5530,55023,,
Red Urchin,6BC,2010,12,5,6,5545,50357,,
Red Urchin,6BC,2010,12,6,2,1060,*,,
Red Urchin,6BC,2010,12,7,2,615,*,,
Red Urchin,6BC,2010,12,8,3,2111,22960,,
Red Urchin,6BC,2010,12,13,3,12952,132218,,
Red Urchin,6BC,2010,12,16,2,2200,*,,
Red Urchin,6BC,2010,12,18,5,4021,42711,,
Red Urchin,6BC,2010,12,19,6,3602,38838,,
Red Urchin,6BC,2010,12,21,1,846,*,,
Red Urchin,6BC,2010,12,41,1,900,*,,
Red Urchin,6BC,2010,12,Total,9,41852,417440,,
Red Urchin,6BC,2010,13,1,4,5820,87661,,
Red Urchin,6BC,2010,13,2,4,2585,40212,,
Red Urchin,6BC,2010,13,3,1,430,*,,
Red Urchin,6BC,2010,13,6,3,380,8150,,
Red Urchin,6BC,2010,13,8,1,150,*,,
Red Urchin,6BC,2010,13,10,4,810,13128,,
Red Urchin,6BC,2010,13,12,2,420,*,,
Red Urchin,6BC,2010,13,13,1,240,*,,
Red Urchin,6BC,2010,13,14,1,230,*,,
Red Urchin,6BC,2010,13,25,3,1690,19354,,
Red Urchin,6BC,2010,13,27,1,240,*,,
Red Urchin,6BC,2010,13,29,1,400,*,,
Red Urchin,6BC,2010,13,30,2,760,*,,
Red Urchin,6BC,2010,13,31,2,1205,*,,
Red Urchin,6BC,2010,13,32,1,480,*,,
Red Urchin,6BC,2010,13,33,2,1295,*,,
Red Urchin,6BC,2010,13,35,2,405,*,,
Red Urchin,6BC,2010,13,39,3,1680,16652,,
Red Urchin,6BC,2010,13,40,1,250,*,,
Red Urchin,6BC,2010,13,41,1,240,*,,
Red Urchin,6BC,2010,13,Total,12,19710,292495,,
Red Urchin,6BC,2010,17,2,1,50,*,,
Red Urchin,6BC,2010,17,3,3,2795,43089,,
Red Urchin,6BC,2010,17,8,1,140,*,,
Red Urchin,6BC,2010,17,10,1,170,*,,
Red Urchin,6BC,2010,17,Total,4,3155,48464,,
Red Urchin,6BC,2010,18,2,4,1370,14559,,
Red Urchin,6BC,2010,18,3,1,540,*,,
Red Urchin,6BC,2010,18,4,3,510,5136,,
Red Urchin,6BC,2010,18,6,1,240,*,,
Red Urchin,6BC,2010,18,Total,4,2660,33260,,
Red Urchin,6BC,2010,19,3,1,307,*,,
Red Urchin,6BC,2010,19,4,1,2061,*,,
Red Urchin,6BC,2010,19,5,1,75,*,,
Red Urchin,6BC,2010,19,Total,1,2443,*,,
Red Urchin,6BC,2010,20,5,1,930,*,,
Red Urchin,6BC,2010,20,Total,1,930,*,,
Red Urchin,6BC,2010,29,4,1,390,*,,
Red Urchin,6BC,2010,29,Total,1,390,*,,
Red Urchin,6BC,2010,105,1,5,5084,**,,
Red Urchin,6BC,2010,105,2,2,1760,*,,
Red Urchin,6BC,2010,105,Total,6,6844,95599,,
Red Urchin,6BC,2010,106,2,8,9838,140306,,
Red Urchin,6BC,2010,106,Total,8,9838,140306,,
Red Urchin,6BC,2011,3,1,6,16250,230735,,
Red Urchin,6BC,2011,3,2,1,420,*,,
Red Urchin,6BC,2011,3,3,2,1444,*,,
Red Urchin,6BC,2011,3,Total,7,18114,254800,,
Red Urchin,6BC,2011,4,1,7,18051,246183,,
Red Urchin,6BC,2011,4,2,12,9544,139401,,
Red Urchin,6BC,2011,4,4,3,951,**,,
Red Urchin,6BC,2011,4,9,6,2793,42665,,
Red Urchin,6BC,2011,4,12,2,2101,*,,
Red Urchin,6BC,2011,4,13,13,19693,286851,,
Red Urchin,6BC,2011,4,Total,17,53133,761695,,
Red Urchin,6BC,2011,5,9,2,1200,*,,
Red Urchin,6BC,2011,5,10,11,10705,132419,,
Red Urchin,6BC,2011,5,11,3,1855,29919,,
Red Urchin,6BC,2011,5,12,5,1730,29646,,
Red Urchin,6BC,2011,5,13,9,8535,118167,,
Red Urchin,6BC,2011,5,17,6,8942,101456,,
Red Urchin,6BC,2011,5,18,1,520,*,,
Red Urchin,6BC,2011,5,20,14,18566,283356,,
Red Urchin,6BC,2011,5,21,6,6045,79924,,
Red Urchin,6BC,2011,5,22,14,26479,364374,,
Red Urchin,6BC,2011,5,Total,21,84577,1158952,,
Red Urchin,6BC,2011,6,9,21,74465,1104048,,
Red Urchin,6BC,2011,6,10,16,13764,220591,,
Red Urchin,6BC,2011,6,11,4,1290,14451,,
Red Urchin,6BC,2011,6,13,10,24876,308940,,
Red Urchin,6BC,2011,6,15,4,1300,25712,,
Red Urchin,6BC,2011,6,16,5,2382,37401,,
Red Urchin,6BC,2011,6,Total,21,118077,1711143,,
Red Urchin,6BC,2011,7,3,4,4241,54903,,
Red Urchin,6BC,2011,7,9,9,4940,70445,,
Red Urchin,6BC,2011,7,Total,9,9181,125348,,
Red Urchin,6BC,2011,10,1,4,6625,71295,,
Red Urchin,6BC,2011,10,2,4,3800,50853,,
Red Urchin,6BC,2011,10,3,3,2115,23152,,
Red Urchin,6BC,2011,10,Total,4,12540,145300,,
Red Urchin,6BC,2011,12,1,3,1245,13757,,
Red Urchin,6BC,2011,12,3,2,1200,*,,
Red Urchin,6BC,2011,12,5,3,2870,27304,,
Red Urchin,6BC,2011,12,6,2,1620,*,,
Red Urchin,6BC,2011,12,8,3,2155,27258,,
Red Urchin,6BC,2011,12,13,3,18398,213557,,
Red Urchin,6BC,2011,12,16,1,80,*,,
Red Urchin,6BC,2011,12,18,5,7122,86313,,
Red Urchin,6BC,2011,12,19,3,2525,32095,,
Red Urchin,6BC,2011,12,20,1,400,*,,
Red Urchin,6BC,2011,12,Total,7,37615,436691,,
Red Urchin,6BC,2011,13,1,2,2665,*,,
Red Urchin,6BC,2011,13,2,5,6720,93451,,
Red Urchin,6BC,2011,13,3,1,815,*,,
Red Urchin,6BC,2011,13,6,4,820,18845,,
Red Urchin,6BC,2011,13,7,1,1060,*,,
Red Urchin,6BC,2011,13,8,2,890,*,,
Red Urchin,6BC,2011,13,9,3,890,20884,,
Red Urchin,6BC,2011,13,10,3,1100,17088,,
Red Urchin,6BC,2011,13,11,1,120,*,,
Red Urchin,6BC,2011,13,12,2,2135,*,,
Red Urchin,6BC,2011,13,14,1,330,*,,
Red Urchin,6BC,2011,13,15,1,500,*,,
Red Urchin,6BC,2011,13,18,1,510,*,,
Red Urchin,6BC,2011,13,25,1,960,*,,
Red Urchin,6BC,2011,13,28,5,2551,38246,,
Red Urchin,6BC,2011,13,31,1,390,*,,
Red Urchin,6BC,2011,13,32,1,100,*,,
Red Urchin,6BC,2011,13,33,2,390,*,,
Red Urchin,6BC,2011,13,35,2,3840,*,,
Red Urchin,6BC,2011,13,39,1,230,*,,
Red Urchin,6BC,2011,13,40,1,280,*,,
Red Urchin,6BC,2011,13,Total,11,27296,396144,,
Red Urchin,6BC,2011,14,7,2,980,*,,
Red Urchin,6BC,2011,14,13,3,1015,**,,
Red Urchin,6BC,2011,14,Total,3,1995,30424,,
Red Urchin,6BC,2011,17,3,3,2420,**,,
Red Urchin,6BC,2011,17,12,1,160,*,,
Red Urchin,6BC,2011,17,Total,4,2580,36940,,
Red Urchin,6BC,2011,18,2,2,600,*,,
Red Urchin,6BC,2011,18,3,1,465,*,,
Red Urchin,6BC,2011,18,5,1,710,*,,
Red Urchin,6BC,2011,18,6,3,1215,14945,,
Red Urchin,6BC,2011,18,Total,3,2990,44042,,
Red Urchin,6BC,2011,19,3,1,140,*,,
Red Urchin,6BC,2011,19,4,3,2950,28045,,
Red Urchin,6BC,2011,19,5,1,480,*,,
Red Urchin,6BC,2011,19,Total,3,3570,35517,,
Red Urchin,6BC,2011,20,5,2,1185,*,,
Red Urchin,6BC,2011,20,Total,2,1185,*,,
Red Urchin,6BC,2011,23,5,1,600,*,,
Red Urchin,6BC,2011,23,7,1,615,*,,
Red Urchin,6BC,2011,23,11,2,1210,*,,
Red Urchin,6BC,2011,23,Total,2,2425,*,,
Red Urchin,6BC,2011,105,1,7,2698,38679,,
Red Urchin,6BC,2011,105,Total,7,2698,38679,,
Red Urchin,6BC,2011,106,2,9,18930,263913,,
Red Urchin,6BC,2011,106,Total,9,18930,263913,,
Red Urchin,6BC,2012,2,8,8,5614,85163,,
Red Urchin,6BC,2012,2,12,8,2837,40091,,
Red Urchin,6BC,2012,2,14,7,6369,107012,,
Red Urchin,6BC,2012,2,15,5,3930,59262,,
Red Urchin,6BC,2012,2,Total,9,18750,291528,,
Red Urchin,6BC,2012,3,1,7,20648,**,,
Red Urchin,6BC,2012,3,3,1,400,*,,
Red Urchin,6BC,2012,3,Total,7,21048,258546,,
Red Urchin,6BC,2012,4,1,11,17925,250677,,
Red Urchin,6BC,2012,4,2,16,23900,325418,,
Red Urchin,6BC,2012,4,3,7,5091,89650,,
Red Urchin,6BC,2012,4,4,3,2220,18656,,
Red Urchin,6BC,2012,4,9,8,8095,120415,,
Red Urchin,6BC,2012,4,12,7,6295,75421,,
Red Urchin,6BC,2012,4,13,18,30495,389984,,
Red Urchin,6BC,2012,4,Total,22,94021,1270221,,
Red Urchin,6BC,2012,5,9,3,290,2760,,
Red Urchin,6BC,2012,5,10,13,9992,137358,,
Red Urchin,6BC,2012,5,11,8,5642,91489,,
Red Urchin,6BC,2012,5,12,9,4880,75262,,
Red Urchin,6BC,2012,5,13,7,10856,116411,,
Red Urchin,6BC,2012,5,16,3,410,3895,,
Red Urchin,6BC,2012,5,17,12,14902,173507,,
Red Urchin,6BC,2012,5,20,17,33413,500352,,
Red Urchin,6BC,2012,5,21,12,11030,154597,,
Red Urchin,6BC,2012,5,22,12,31593,445937,,
Red Urchin,6BC,2012,5,Total,23,123008,1701568,,
Red Urchin,6BC,2012,6,6,1,100,*,,
Red Urchin,6BC,2012,6,9,21,63403,968931,,
Red Urchin,6BC,2012,6,10,14,17625,252924,,
Red Urchin,6BC,2012,6,11,1,550,*,,
Red Urchin,6BC,2012,6,13,18,47819,642989,,
Red Urchin,6BC,2012,6,14,2,700,*,,
Red Urchin,6BC,2012,6,15,5,2291,33979,,
Red Urchin,6BC,2012,6,16,2,550,*,,
Red Urchin,6BC,2012,6,17,6,3380,54639,,
Red Urchin,6BC,2012,6,Total,23,136418,1975919,,
Red Urchin,6BC,2012,12,1,2,1800,*,,
Red Urchin,6BC,2012,12,3,3,2510,24701,,
Red Urchin,6BC,2012,12,5,1,110,*,,
Red Urchin,6BC,2012,12,8,3,1620,21632,,
Red Urchin,6BC,2012,12,13,2,2857,*,,
Red Urchin,6BC,2012,12,16,1,1250,*,,
Red Urchin,6BC,2012,12,17,1,380,*,,
Red Urchin,6BC,2012,12,18,6,7345,118758,,
Red Urchin,6BC,2012,12,19,5,2780,45301,,
Red Urchin,6BC,2012,12,41,1,340,*,,
Red Urchin,6BC,2012,12,Total,8,20992,304947,,
Red Urchin,6BC,2012,13,2,5,7690,103368,,
Red Urchin,6BC,2012,13,3,1,1865,*,,
Red Urchin,6BC,2012,13,6,2,500,*,,
Red Urchin,6BC,2012,13,7,2,975,*,,
Red Urchin,6BC,2012,13,8,1,360,*,,
Red Urchin,6BC,2012,13,9,3,2290,32374,,
Red Urchin,6BC,2012,13,10,3,1940,22119,,
Red Urchin,6BC,2012,13,11,2,470,*,,
Red Urchin,6BC,2012,13,12,3,1850,23439,,
Red Urchin,6BC,2012,13,16,1,710,*,,
Red Urchin,6BC,2012,13,23,1,1060,*,,
Red Urchin,6BC,2012,13,28,2,615,*,,
Red Urchin,6BC,2012,13,29,1,240,*,,
Red Urchin,6BC,2012,13,31,1,715,*,,
Red Urchin,6BC,2012,13,32,3,2230,25545,,
Red Urchin,6BC,2012,13,33,3,2675,42463,,
Red Urchin,6BC,2012,13,35,1,20,*,,
Red Urchin,6BC,2012,13,41,1,960,*,,
Red Urchin,6BC,2012,13,Total,9,27165,375937,,
Red Urchin,6BC,2012,14,13,1,220,*,,
Red Urchin,6BC,2012,14,Total,1,220,*,,
Red Urchin,6BC,2012,17,3,1,205,*,,
Red Urchin,6BC,2012,17,12,1,1150,*,,
Red Urchin,6BC,2012,17,Total,2,1355,*,,
Red Urchin,6BC,2012,18,1,1,248,*,,
Red Urchin,6BC,2012,18,2,3,730,9527,,
Red Urchin,6BC,2012,18,3,2,380,*,,
Red Urchin,6BC,2012,18,4,1,180,*,,
Red Urchin,6BC,2012,18,5,2,795,*,,
Red Urchin,6BC,2012,18,6,2,1745,*,,
Red Urchin,6BC,2012,18,11,1,261,*,,
Red Urchin,6BC,2012,18,Total,5,4339,54998,,
Red Urchin,6BC,2012,19,3,2,905,*,,
Red Urchin,6BC,2012,19,4,2,2130,*,,
Red Urchin,6BC,2012,19,5,1,260,*,,
Red Urchin,6BC,2012,19,Total,3,3295,33087,,
Red Urchin,6BC,2012,20,5,3,1765,14999,,
Red Urchin,6BC,2012,20,Total,3,1765,14999,,
Red Urchin,6BC,2012,23,7,1,420,*,,
Red Urchin,6BC,2012,23,Total,1,420,*,,
Red Urchin,6BC,2012,105,1,4,2835,47065,,
Red Urchin,6BC,2012,105,Total,4,2835,47065,,
Red Urchin,6BC,2012,106,2,10,16417,243770,,
Red Urchin,6BC,2012,106,Total,10,16417,243770,,
Red Urchin,6BC,2013,1,2,14,13803,214286,,
Red Urchin,6BC,2013,1,3,3,5390,66718,,
Red Urchin,6BC,2013,1,7,5,2444,35646,,
Red Urchin,6BC,2013,1,Total,15,21637,316650,,
Red Urchin,6BC,2013,2,8,8,5288,93693,,
Red Urchin,6BC,2013,2,11,1,120,*,,
Red Urchin,6BC,2013,2,12,9,4097,59043,,
Red Urchin,6BC,2013,2,14,10,7075,125950,,
Red Urchin,6BC,2013,2,15,8,3723,57447,,
Red Urchin,6BC,2013,2,17,12,6875,107883,,
Red Urchin,6BC,2013,2,18,10,13418,193960,,
Red Urchin,6BC,2013,2,31,11,9949,189168,,
Red Urchin,6BC,2013,2,68,5,1325,22847,,
Red Urchin,6BC,2013,2,87,6,2615,45463,,
Red Urchin,6BC,2013,2,88,1,195,*,,
Red Urchin,6BC,2013,2,Total,17,54680,900720,,
Red Urchin,6BC,2013,3,1,10,16945,236545,,
Red Urchin,6BC,2013,3,2,3,1820,**,,
Red Urchin,6BC,2013,3,3,1,310,*,,
Red Urchin,6BC,2013,3,Total,10,19075,260748,,
Red Urchin,6BC,2013,4,1,10,22243,293478,,
Red Urchin,6BC,2013,4,2,14,10470,160938,,
Red Urchin,6BC,2013,4,3,5,3692,59737,,
Red Urchin,6BC,2013,4,4,2,1000,*,,
Red Urchin,6BC,2013,4,5,6,2060,**,,
Red Urchin,6BC,2013,4,9,5,2520,25126,,
Red Urchin,6BC,2013,4,13,15,6667,99181,,
Red Urchin,6BC,2013,4,Total,22,48652,671030,,
Red Urchin,6BC,2013,5,10,7,7100,91206,,
Red Urchin,6BC,2013,5,11,5,3090,34860,,
Red Urchin,6BC,2013,5,12,5,4835,44211,,
Red Urchin,6BC,2013,5,13,5,4140,32840,,
Red Urchin,6BC,2013,5,17,8,1805,22659,,
Red Urchin,6BC,2013,5,20,13,23135,330889,,
Red Urchin,6BC,2013,5,21,13,9543,153861,,
Red Urchin,6BC,2013,5,22,16,35033,589791,,
Red Urchin,6BC,2013,5,Total,20,88681,1300317,,
Red Urchin,6BC,2013,6,9,25,56388,888359,,
Red Urchin,6BC,2013,6,10,15,16010,259877,,
Red Urchin,6BC,2013,6,11,1,590,*,,
Red Urchin,6BC,2013,6,12,2,670,*,,
Red Urchin,6BC,2013,6,13,23,31992,451907,,
Red Urchin,6BC,2013,6,14,8,2815,31497,,
Red Urchin,6BC,2013,6,15,5,2591,36971,,
Red Urchin,6BC,2013,6,16,11,10194,170517,,
Red Urchin,6BC,2013,6,17,9,6450,105025,,
Red Urchin,6BC,2013,6,Total,27,127700,1958346,,
Red Urchin,6BC,2013,7,2,1,360,*,,
Red Urchin,6BC,2013,7,3,7,2847,29653,,
Red Urchin,6BC,2013,7,4,4,7630,82888,,
Red Urchin,6BC,2013,7,5,3,1520,**,,
Red Urchin,6BC,2013,7,9,4,3120,34210,,
Red Urchin,6BC,2013,7,Total,7,15477,165350,,
Red Urchin,6BC,2013,12,1,2,4658,*,,
Red Urchin,6BC,2013,12,2,1,1530,*,,
Red Urchin,6BC,2013,12,3,3,7070,71609,,
Red Urchin,6BC,2013,12,5,5,3407,30635,,
Red Urchin,6BC,2013,12,6,5,3644,41849,,
Red Urchin,6BC,2013,12,7,1,830,*,,
Red Urchin,6BC,2013,12,8,1,410,*,,
Red Urchin,6BC,2013,12,11,2,1100,*,,
Red Urchin,6BC,2013,12,13,5,17583,167030,,
Red Urchin,6BC,2013,12,16,1,220,*,,
Red Urchin,6BC,2013,12,18,2,5699,*,,
Red Urchin,6BC,2013,12,19,2,1595,*,,
Red Urchin,6BC,2013,12,41,1,500,*,,
Red Urchin,6BC,2013,12,Total,11,48246,515708,,
Red Urchin,6BC,2013,13,1,2,2070,*,,
Red Urchin,6BC,2013,13,2,7,10375,96690,,
Red Urchin,6BC,2013,13,3,4,4290,44810,,
Red Urchin,6BC,2013,13,7,1,400,*,,
Red Urchin,6BC,2013,13,9,2,2580,*,,
Red Urchin,6BC,2013,13,10,2,760,*,,
Red Urchin,6BC,2013,13,11,1,1200,*,,
Red Urchin,6BC,2013,13,12,2,1160,*,,
Red Urchin,6BC,2013,13,15,1,880,*,,
Red Urchin,6BC,2013,13,23,1,420,*,,
Red Urchin,6BC,2013,13,25,5,3490,34934,,
Red Urchin,6BC,2013,13,26,1,660,*,,
Red Urchin,6BC,2013,13,28,4,2285,28330,,
Red Urchin,6BC,2013,13,29,1,500,*,,
Red Urchin,6BC,2013,13,30,1,800,*,,
Red Urchin,6BC,2013,13,31,4,5260,68484,,
Red Urchin,6BC,2013,13,32,5,2775,33100,,
Red Urchin,6BC,2013,13,33,7,4330,52011,,
Red Urchin,6BC,2013,13,35,1,500,*,,
Red Urchin,6BC,2013,13,39,1,640,*,,
Red Urchin,6BC,2013,13,41,3,1130,15508,,
Red Urchin,6BC,2013,13,Total,10,46505,509770,,
Red Urchin,6BC,2013,14,7,1,840,*,,
Red Urchin,6BC,2013,14,12,1,400,*,,
Red Urchin,6BC,2013,14,13,1,360,*,,
Red Urchin,6BC,2013,14,Total,1,1600,*,,
Red Urchin,6BC,2013,17,3,3,2156,23461,,
Red Urchin,6BC,2013,17,10,1,135,*,,
Red Urchin,6BC,2013,17,17,2,1595,*,,
Red Urchin,6BC,2013,17,Total,4,3886,47101,,
Red Urchin,6BC,2013,18,2,2,1987,*,,
Red Urchin,6BC,2013,18,3,2,691,*,,
Red Urchin,6BC,2013,18,5,2,435,*,,
Red Urchin,6BC,2013,18,6,1,1740,*,,
Red Urchin,6BC,2013,18,Total,3,4853,48384,,
Red Urchin,6BC,2013,19,3,2,860,*,,
Red Urchin,6BC,2013,19,4,1,1105,*,,
Red Urchin,6BC,2013,19,Total,2,1965,*,,
Red Urchin,6BC,2013,20,5,2,1160,*,,
Red Urchin,6BC,2013,20,Total,2,1160,*,,
Red Urchin,6BC,2013,23,5,1,680,*,,
Red Urchin,6BC,2013,23,7,1,3530,*,,
Red Urchin,6BC,2013,23,11,1,3480,*,,
Red Urchin,6BC,2013,23,Total,1,7690,*,,
Red Urchin,6BC,2013,29,4,1,1265,*,,
Red Urchin,6BC,2013,29,Total,1,1265,*,,
Red Urchin,6BC,2013,101,2,1,375,*,,
Red Urchin,6BC,2013,101,7,3,1218,**,,
Red Urchin,6BC,2013,101,Total,4,1593,24579,,
Red Urchin,6BC,2013,105,1,7,4687,**,,
Red Urchin,6BC,2013,105,2,2,1060,*,,
Red Urchin,6BC,2013,105,Total,9,5747,105654,,
Red Urchin,6BC,2013,106,2,22,32874,470943,,
Red Urchin,6BC,2013,106,Total,22,32874,470943,,
Red Urchin,6BC,2014,1,1,1,530,*,,
Red Urchin,6BC,2014,1,2,10,12698,216639,,
Red Urchin,6BC,2014,1,3,10,5430,83682,,
Red Urchin,6BC,2014,1,7,2,1410,*,,
Red Urchin,6BC,2014,1,Total,11,20068,326282,,
Red Urchin,6BC,2014,2,8,12,8712,118052,,
Red Urchin,6BC,2014,2,12,12,4151,51602,,
Red Urchin,6BC,2014,2,13,2,1320,*,,
Red Urchin,6BC,2014,2,14,14,10458,131604,,
Red Urchin,6BC,2014,2,15,12,4610,66787,,
Red Urchin,6BC,2014,2,17,17,8399,119474,,
Red Urchin,6BC,2014,2,18,13,11683,171703,,
Red Urchin,6BC,2014,2,19,2,610,*,,
Red Urchin,6BC,2014,2,31,16,14382,210757,,
Red Urchin,6BC,2014,2,32,1,600,*,,
Red Urchin,6BC,2014,2,49,6,4323,45582,,
Red Urchin,6BC,2014,2,50,9,8054,100989,,
Red Urchin,6BC,2014,2,51,1,110,*,,
Red Urchin,6BC,2014,2,53,1,480,*,,
Red Urchin,6BC,2014,2,60,2,910,*,,
Red Urchin,6BC,2014,2,62,1,640,*,,
Red Urchin,6BC,2014,2,68,8,4072,74127,,
Red Urchin,6BC,2014,2,71,1,140,*,,
Red Urchin,6BC,2014,2,73,1,545,*,,
Red Urchin,6BC,2014,2,75,8,5265,62840,,
Red Urchin,6BC,2014,2,76,3,665,8161,,
Red Urchin,6BC,2014,2,80,4,1650,11747,,
Red Urchin,6BC,2014,2,81,1,600,*,,
Red Urchin,6BC,2014,2,82,9,6730,76415,,
Red Urchin,6BC,2014,2,83,2,540,*,,
Red Urchin,6BC,2014,2,85,3,1630,27035,,
Red Urchin,6BC,2014,2,87,12,2785,48183,,
Red Urchin,6BC,2014,2,88,3,3005,38964,,
Red Urchin,6BC,2014,2,92,2,1220,*,,
Red Urchin,6BC,2014,2,93,3,1790,24649,,
Red Urchin,6BC,2014,2,96,1,420,*,,
Red Urchin,6BC,2014,2,97,3,1200,23823,,
Red Urchin,6BC,2014,2,98,4,1592,31869,,
Red Urchin,6BC,2014,2,99,1,900,*,,
Red Urchin,6BC,2014,2,Total,20,114191,1566821,,
Red Urchin,6BC,2014,3,1,16,23130,**,,
Red Urchin,6BC,2014,3,3,1,420,*,,
Red Urchin,6BC,2014,3,Total,16,23550,312772,,
Red Urchin,6BC,2014,4,1,12,8391,104859,,
Red Urchin,6BC,2014,4,2,15,19165,267041,,
Red Urchin,6BC,2014,4,3,11,9815,126059,,
Red Urchin,6BC,2014,4,4,1,800,*,,
Red Urchin,6BC,2014,4,9,12,8425,105159,,
Red Urchin,6BC,2014,4,12,3,1320,**,,
Red Urchin,6BC,2014,4,13,20,27025,340605,,
Red Urchin,6BC,2014,4,Total,24,74941,966901,,
Red Urchin,6BC,2014,5,9,4,1860,15722,,
Red Urchin,6BC,2014,5,10,15,11228,134379,,
Red Urchin,6BC,2014,5,11,6,3635,50481,,
Red Urchin,6BC,2014,5,12,6,2845,25406,,
Red Urchin,6BC,2014,5,13,10,13862,160226,,
Red Urchin,6BC,2014,5,17,8,6070,70865,,
Red Urchin,6BC,2014,5,20,13,25046,364969,,
Red Urchin,6BC,2014,5,21,13,8800,126440,,
Red Urchin,6BC,2014,5,22,8,10815,154939,,
Red Urchin,6BC,2014,5,Total,18,84161,1103427,,
Red Urchin,6BC,2014,6,9,24,60241,821527,,
Red Urchin,6BC,2014,6,10,20,14199,192185,,
Red Urchin,6BC,2014,6,13,25,47594,628586,,
Red Urchin,6BC,2014,6,15,4,1300,13487,,
Red Urchin,6BC,2014,6,16,15,10400,107910,,
Red Urchin,6BC,2014,6,17,21,15514,167316,,
Red Urchin,6BC,2014,6,Total,29,149248,1931011,,
Red Urchin,6BC,2014,7,4,10,6755,68356,,
Red Urchin,6BC,2014,7,5,5,2060,**,,
Red Urchin,6BC,2014,7,6,1,150,*,,
Red Urchin,6BC,2014,7,9,11,6325,64071,,
Red Urchin,6BC,2014,7,Total,12,15290,146611,,
Red Urchin,6BC,2014,10,1,4,2957,**,,
Red Urchin,6BC,2014,10,2,2,1485,*,,
Red Urchin,6BC,2014,10,3,3,4825,57541,,
Red Urchin,6BC,2014,10,Total,4,9267,112484,,
Red Urchin,6BC,2014,12,1,2,3480,*,,
Red Urchin,6BC,2014,12,2,1,400,*,,
Red Urchin,6BC,2014,12,5,5,2770,34345,,
Red Urchin,6BC,2014,12,6,2,1435,*,,
Red Urchin,6BC,2014,12,7,1,95,*,,
Red Urchin,6BC,2014,12,8,2,2215,*,,
Red Urchin,6BC,2014,12,13,5,16350,201699,,
Red Urchin,6BC,2014,12,18,8,14980,164574,,
Red Urchin,6BC,2014,12,19,5,3534,46571,,
Red Urchin,6BC,2014,12,39,1,240,*,,
Red Urchin,6BC,2014,12,41,1,470,*,,
Red Urchin,6BC,2014,12,Total,11,45969,535532,,
Red Urchin,6BC,2014,13,1,5,10085,109809,,
Red Urchin,6BC,2014,13,2,2,1360,*,,
Red Urchin,6BC,2014,13,3,2,1575,*,,
Red Urchin,6BC,2014,13,9,1,1360,*,,
Red Urchin,6BC,2014,13,10,4,2480,28984,,
Red Urchin,6BC,2014,13,11,1,970,*,,
Red Urchin,6BC,2014,13,12,3,1150,15021,,
Red Urchin,6BC,2014,13,14,1,160,*,,
Red Urchin,6BC,2014,13,23,2,2645,*,,
Red Urchin,6BC,2014,13,25,2,2970,*,,
Red Urchin,6BC,2014,13,28,5,2925,32023,,
Red Urchin,6BC,2014,13,31,2,3160,*,,
Red Urchin,6BC,2014,13,32,3,1020,16297,,
Red Urchin,6BC,2014,13,33,3,2540,34340,,
Red Urchin,6BC,2014,13,41,2,730,*,,
Red Urchin,6BC,2014,13,Total,8,35130,402891,,
Red Urchin,6BC,2014,14,7,2,860,*,,
Red Urchin,6BC,2014,14,12,1,500,*,,
Red Urchin,6BC,2014,14,13,2,1855,*,,
Red Urchin,6BC,2014,14,Total,3,3215,50082,,
Red Urchin,6BC,2014,17,2,1,390,*,,
Red Urchin,6BC,2014,17,3,1,1140,*,,
Red Urchin,6BC,2014,17,17,1,120,*,,
Red Urchin,6BC,2014,17,Total,2,1650,*,,
Red Urchin,6BC,2014,18,2,2,2895,*,,
Red Urchin,6BC,2014,18,3,1,345,*,,
Red Urchin,6BC,2014,18,5,1,100,*,,
Red Urchin,6BC,2014,18,6,2,798,*,,
Red Urchin,6BC,2014,18,Total,3,4138,41458,,
Red Urchin,6BC,2014,19,3,1,2186,*,,
Red Urchin,6BC,2014,19,4,1,3400,*,,
Red Urchin,6BC,2014,19,5,2,1230,*,,
Red Urchin,6BC,2014,19,Total,2,6816,*,,
Red Urchin,6BC,2014,20,5,1,1605,*,,
Red Urchin,6BC,2014,20,Total,1,1605,*,,
Red Urchin,6BC,2014,23,7,1,4160,*,,
Red Urchin,6BC,2014,23,11,1,2280,*,,
Red Urchin,6BC,2014,23,Total,1,6440,*,,
Red Urchin,6BC,2014,29,4,2,940,*,,
Red Urchin,6BC,2014,29,5,1,395,*,,
Red Urchin,6BC,2014,29,Total,3,1335,14089,,
Red Urchin,6BC,2014,101,2,2,960,*,,
Red Urchin,6BC,2014,101,6,1,630,*,,
Red Urchin,6BC,2014,101,7,2,1440,*,,
Red Urchin,6BC,2014,101,Total,4,3030,66488,,
Red Urchin,6BC,2014,105,1,11,7347,**,,
Red Urchin,6BC,2014,105,2,1,1180,*,,
Red Urchin,6BC,2014,105,Total,11,8527,128263,,
Red Urchin,6BC,2014,106,2,19,20977,289300,,
Red Urchin,6BC,2014,106,Total,19,20977,289300,,
Red Urchin,6BC,2014,142,2,1,970,*,,
Red Urchin,6BC,2014,142,Total,1,970,*,,
Red Urchin,6BC,2015,1,1,2,1100,*,,
Red Urchin,6BC,2015,1,2,18,16813,222193,,
Red Urchin,6BC,2015,1,3,10,4561,58877,,
Red Urchin,6BC,2015,1,7,4,2280,**,,
Red Urchin,6BC,2015,1,Total,18,24754,332138,,
Red Urchin,6BC,2015,2,8,16,8808,116432,,
Red Urchin,6BC,2015,2,12,16,3951,53022,,
Red Urchin,6BC,2015,2,13,2,540,*,,
Red Urchin,6BC,2015,2,14,19,11790,155869,,
Red Urchin,6BC,2015,2,15,7,2486,35816,,
Red Urchin,6BC,2015,2,17,19,9218,120650,,
Red Urchin,6BC,2015,2,18,16,12933,171158,,
Red Urchin,6BC,2015,2,31,19,13297,216835,,
Red Urchin,6BC,2015,2,34,1,250,*,,
Red Urchin,6BC,2015,2,49,3,3620,40672,,
Red Urchin,6BC,2015,2,50,3,5040,48373,,
Red Urchin,6BC,2015,2,51,2,540,*,,
Red Urchin,6BC,2015,2,53,1,460,*,,
Red Urchin,6BC,2015,2,60,1,360,*,,
Red Urchin,6BC,2015,2,69,2,1090,*,,
Red Urchin,6BC,2015,2,71,4,1800,28435,,
Red Urchin,6BC,2015,2,73,3,955,14291,,
Red Urchin,6BC,2015,2,74,1,240,*,,
Red Urchin,6BC,2015,2,75,8,3703,49844,,
Red Urchin,6BC,2015,2,78,3,1470,19938,,
Red Urchin,6BC,2015,2,79,4,890,14366,,
Red Urchin,6BC,2015,2,80,1,400,*,,
Red Urchin,6BC,2015,2,82,6,1890,32539,,
Red Urchin,6BC,2015,2,85,1,100,*,,
Red Urchin,6BC,2015,2,86,1,780,*,,
Red Urchin,6BC,2015,2,87,13,4339,60624,,
Red Urchin,6BC,2015,2,88,9,2525,38562,,
Red Urchin,6BC,2015,2,89,1,230,*,,
Red Urchin,6BC,2015,2,92,1,480,*,,
Red Urchin,6BC,2015,2,93,4,1739,19397,,
Red Urchin,6BC,2015,2,95,1,280,*,,
Red Urchin,6BC,2015,2,96,3,755,7534,,
Red Urchin,6BC,2015,2,99,1,65,*,,
Red Urchin,6BC,2015,2,Total,24,97024,1321858,,
Red Urchin,6BC,2015,3,1,18,28465,361004,,
Red Urchin,6BC,2015,3,Total,18,28465,361004,,
Red Urchin,6BC,2015,4,1,19,23355,300120,,
Red Urchin,6BC,2015,4,2,8,18575,223706,,
Red Urchin,6BC,2015,4,3,10,5716,77718,,
Red Urchin,6BC,2015,4,4,1,100,*,,
Red Urchin,6BC,2015,4,5,1,270,*,,
Red Urchin,6BC,2015,4,9,5,1810,17837,,
Red Urchin,6BC,2015,4,13,21,27067,332462,,
Red Urchin,6BC,2015,4,Total,25,76893,957508,,
Red Urchin,6BC,2015,5,9,3,1765,18380,,
Red Urchin,6BC,2015,5,10,12,8520,98756,,
Red Urchin,6BC,2015,5,11,6,5025,66741,,
Red Urchin,6BC,2015,5,12,15,7535,87370,,
Red Urchin,6BC,2015,5,13,14,12225,136496,,
Red Urchin,6BC,2015,5,17,17,17488,200035,,
Red Urchin,6BC,2015,5,18,1,180,*,,
Red Urchin,6BC,2015,5,19,1,100,*,,
Red Urchin,6BC,2015,5,20,15,22020,290726,,
Red Urchin,6BC,2015,5,21,5,6305,84726,,
Red Urchin,6BC,2015,5,22,21,31221,480448,,
Red Urchin,6BC,2015,5,Total,28,112384,1470857,,
Red Urchin,6BC,2015,6,9,24,68488,923031,,
Red Urchin,6BC,2015,6,10,16,22026,330984,,
Red Urchin,6BC,2015,6,13,22,36504,508359,,
Red Urchin,6BC,2015,6,14,3,3630,37391,,
Red Urchin,6BC,2015,6,15,2,1000,*,,
Red Urchin,6BC,2015,6,16,13,13244,153797,,
Red Urchin,6BC,2015,6,17,13,12088,148378,,
Red Urchin,6BC,2015,6,19,5,3325,**,,
Red Urchin,6BC,2015,6,Total,29,160305,2147624,,
Red Urchin,6BC,2015,7,3,7,9512,91099,,
Red Urchin,6BC,2015,7,4,8,7331,**,,
Red Urchin,6BC,2015,7,5,1,250,*,,
Red Urchin,6BC,2015,7,9,6,9350,100229,,
Red Urchin,6BC,2015,7,Total,10,26443,268021,,
Red Urchin,6BC,2015,9,1,4,2465,28558,,
Red Urchin,6BC,2015,9,2,5,1630,17779,,
Red Urchin,6BC,2015,9,11,3,1480,18854,,
Red Urchin,6BC,2015,9,Total,7,5575,65191,,
Red Urchin,6BC,2015,10,1,5,3050,39660,,
Red Urchin,6BC,2015,10,2,2,220,*,,
Red Urchin,6BC,2015,10,4,1,240,*,,
Red Urchin,6BC,2015,10,Total,7,3510,42993,,
Red Urchin,6BC,2015,12,1,4,3875,61964,,
Red Urchin,6BC,2015,12,2,2,1000,*,,
Red Urchin,6BC,2015,12,3,7,3220,27853,,
Red Urchin,6BC,2015,12,4,1,230,*,,
Red Urchin,6BC,2015,12,5,9,11359,125021,,
Red Urchin,6BC,2015,12,6,4,5133,41573,,
Red Urchin,6BC,2015,12,7,5,2345,24903,,
Red Urchin,6BC,2015,12,8,3,6615,68539,,
Red Urchin,6BC,2015,12,13,6,8820,90577,,
Red Urchin,6BC,2015,12,16,2,1927,*,,
Red Urchin,6BC,2015,12,18,10,11451,114785,,
Red Urchin,6BC,2015,12,19,5,5560,62573,,
Red Urchin,6BC,2015,12,20,2,630,*,,
Red Urchin,6BC,2015,12,39,2,1560,*,,
Red Urchin,6BC,2015,12,Total,15,63725,677511,,
Red Urchin,6BC,2015,13,1,5,8930,78114,,
Red Urchin,6BC,2015,13,2,2,580,*,,
Red Urchin,6BC,2015,13,3,1,80,*,,
Red Urchin,6BC,2015,13,7,1,1050,*,,
Red Urchin,6BC,2015,13,9,1,300,*,,
Red Urchin,6BC,2015,13,10,1,80,*,,
Red Urchin,6BC,2015,13,12,1,1960,*,,
Red Urchin,6BC,2015,13,15,2,1280,*,,
Red Urchin,6BC,2015,13,28,2,1990,*,,
Red Urchin,6BC,2015,13,29,1,600,*,,
Red Urchin,6BC,2015,13,30,1,1510,*,,
Red Urchin,6BC,2015,13,31,1,120,*,,
Red Urchin,6BC,2015,13,32,2,555,*,,
Red Urchin,6BC,2015,13,33,2,4520,*,,
Red Urchin,6BC,2015,13,35,1,1020,*,,
Red Urchin,6BC,2015,13,39,2,610,*,,
Red Urchin,6BC,2015,13,41,1,600,*,,
Red Urchin,6BC,2015,13,Total,8,25785,219317,,
Red Urchin,6BC,2015,17,2,1,460,*,,
Red Urchin,6BC,2015,17,3,1,1180,*,,
Red Urchin,6BC,2015,17,10,1,460,*,,
Red Urchin,6BC,2015,17,17,1,1990,*,,
Red Urchin,6BC,2015,17,Total,2,4090,*,,
Red Urchin,6BC,2015,18,1,1,120,*,,
Red Urchin,6BC,2015,18,2,2,4005,*,,
Red Urchin,6BC,2015,18,3,1,125,*,,
Red Urchin,6BC,2015,18,4,1,2350,*,,
Red Urchin,6BC,2015,18,5,2,2460,*,,
Red Urchin,6BC,2015,18,6,1,1090,*,,
Red Urchin,6BC,2015,18,Total,2,10150,*,,
Red Urchin,6BC,2015,19,3,1,1280,*,,
Red Urchin,6BC,2015,19,4,3,7295,62285,,
Red Urchin,6BC,2015,19,5,2,2250,*,,
Red Urchin,6BC,2015,19,Total,3,10825,90347,,
Red Urchin,6BC,2015,20,5,3,3690,29983,,
Red Urchin,6BC,2015,20,Total,3,3690,29983,,
Red Urchin,6BC,2015,23,5,1,680,*,,
Red Urchin,6BC,2015,23,11,1,1515,*,,
Red Urchin,6BC,2015,23,Total,1,2195,*,,
Red Urchin,6BC,2015,101,2,1,400,*,,
Red Urchin,6BC,2015,101,6,4,3435,34464,,
Red Urchin,6BC,2015,101,7,3,1759,**,,
Red Urchin,6BC,2015,101,Total,6,5594,65002,,
Red Urchin,6BC,2015,105,1,9,5365,76235,,
Red Urchin,6BC,2015,105,Total,9,5365,76235,,
Red Urchin,6BC,2015,106,2,17,20680,298728,,
Red Urchin,6BC,2015,106,Total,17,20680,298728,,
Red Urchin,6BC,2015,123,3,1,890,*,,
Red Urchin,6BC,2015,123,Total,1,890,*,,
Red Urchin,6BC,2016,1,1,5,2450,35757,,
Red Urchin,6BC,2016,1,2,19,14827,200871,,
Red Urchin,6BC,2016,1,3,17,5795,85475,,
Red Urchin,6BC,2016,1,7,5,1855,24447,,
Red Urchin,6BC,2016,1,Total,23,24927,346550,,
Red Urchin,6BC,2016,2,8,15,9286,114011,,
Red Urchin,6BC,2016,2,12,8,4798,63853,,
Red Urchin,6BC,2016,2,14,16,11440,127807,,
Red Urchin,6BC,2016,2,15,11,5448,61670,,
Red Urchin,6BC,2016,2,17,18,7970,91741,,
Red Urchin,6BC,2016,2,18,14,15162,163613,,
Red Urchin,6BC,2016,2,19,4,3500,30074,,
Red Urchin,6BC,2016,2,31,16,13850,198932,,
Red Urchin,6BC,2016,2,49,7,3910,35982,,
Red Urchin,6BC,2016,2,50,6,3125,30988,,
Red Urchin,6BC,2016,2,51,1,440,*,,
Red Urchin,6BC,2016,2,60,1,200,*,,
Red Urchin,6BC,2016,2,68,13,5566,74169,,
Red Urchin,6BC,2016,2,71,1,200,*,,
Red Urchin,6BC,2016,2,73,1,300,*,,
Red Urchin,6BC,2016,2,74,1,360,*,,
Red Urchin,6BC,2016,2,75,12,6765,75987,,
Red Urchin,6BC,2016,2,78,2,1600,*,,
Red Urchin,6BC,2016,2,79,1,90,*,,
Red Urchin,6BC,2016,2,80,3,1110,10984,,
Red Urchin,6BC,2016,2,81,1,320,*,,
Red Urchin,6BC,2016,2,82,9,5380,53421,,
Red Urchin,6BC,2016,2,87,18,7239,80675,,
Red Urchin,6BC,2016,2,88,4,1968,25364,,
Red Urchin,6BC,2016,2,89,2,1300,*,,
Red Urchin,6BC,2016,2,90,1,110,*,,
Red Urchin,6BC,2016,2,92,2,1270,*,,
Red Urchin,6BC,2016,2,93,1,560,*,,
Red Urchin,6BC,2016,2,96,1,400,*,,
Red Urchin,6BC,2016,2,98,5,2640,37917,,
Red Urchin,6BC,2016,2,99,2,920,*,,
Red Urchin,6BC,2016,2,Total,26,117227,1376194,,
Red Urchin,6BC,2016,3,1,15,18740,223816,,
Red Urchin,6BC,2016,3,Total,15,18740,223816,,
Red Urchin,6BC,2016,4,1,12,14318,155436,,
Red Urchin,6BC,2016,4,2,17,15605,181658,,
Red Urchin,6BC,2016,4,3,10,8685,100234,,
Red Urchin,6BC,2016,4,4,4,1040,15318,,
Red Urchin,6BC,2016,4,9,16,4605,65465,,
Red Urchin,6BC,2016,4,12,5,4138,35746,,
Red Urchin,6BC,2016,4,13,21,18421,224266,,
Red Urchin,6BC,2016,4,Total,27,66812,778123,,
Red Urchin,6BC,2016,5,9,2,580,*,,
Red Urchin,6BC,2016,5,10,12,5729,48761,,
Red Urchin,6BC,2016,5,11,5,2300,40213,,
Red Urchin,6BC,2016,5,12,9,3820,36045,,
Red Urchin,6BC,2016,5,13,13,4973,57971,,
Red Urchin,6BC,2016,5,20,22,44813,520147,,
Red Urchin,6BC,2016,5,21,4,1600,**,,
Red Urchin,6BC,2016,5,22,16,31232,411712,,
Red Urchin,6BC,2016,5,Total,26,95047,1147325,,
Red Urchin,6BC,2016,6,9,22,63116,785683,,
Red Urchin,6BC,2016,6,10,12,16497,237887,,
Red Urchin,6BC,2016,6,13,19,36063,421445,,
Red Urchin,6BC,2016,6,17,13,8485,102158,,
Red Urchin,6BC,2016,6,Total,23,124161,1547173,,
Red Urchin,6BC,2016,7,1,1,520,*,,
Red Urchin,6BC,2016,7,2,3,1930,25511,,
Red Urchin,6BC,2016,7,3,8,10436,99077,,
Red Urchin,6BC,2016,7,4,4,4873,39691,,
Red Urchin,6BC,2016,7,5,4,3085,18973,,
Red Urchin,6BC,2016,7,6,1,320,*,,
Red Urchin,6BC,2016,7,9,6,13489,124257,,
Red Urchin,6BC,2016,7,31,1,230,*,,
Red Urchin,6BC,2016,7,Total,9,34883,320615,,
Red Urchin,6BC,2016,12,1,4,1535,17977,,
Red Urchin,6BC,2016,12,2,5,3873,53059,,
Red Urchin,6BC,2016,12,3,5,2735,32716,,
Red Urchin,6BC,2016,12,4,1,150,*,,
Red Urchin,6BC,2016,12,5,6,7670,58658,,
Red Urchin,6BC,2016,12,6,5,3440,29470,,
Red Urchin,6BC,2016,12,7,2,750,*,,
Red Urchin,6BC,2016,12,8,5,8088,81774,,
Red Urchin,6BC,2016,12,17,1,240,*,,
Red Urchin,6BC,2016,12,18,11,13736,136880,,
Red Urchin,6BC,2016,12,19,4,2725,34577,,
Red Urchin,6BC,2016,12,21,4,1247,12990,,
Red Urchin,6BC,2016,12,39,1,1170,*,,
Red Urchin,6BC,2016,12,Total,15,47359,479536,,
Red Urchin,6BC,2016,13,1,9,16895,139640,,
Red Urchin,6BC,2016,13,6,1,190,*,,
Red Urchin,6BC,2016,13,7,2,640,*,,
Red Urchin,6BC,2016,13,8,1,240,*,,
Red Urchin,6BC,2016,13,9,1,600,*,,
Red Urchin,6BC,2016,13,11,1,200,*,,
Red Urchin,6BC,2016,13,12,2,1500,*,,
Red Urchin,6BC,2016,13,15,2,2360,*,,
Red Urchin,6BC,2016,13,25,2,560,*,,
Red Urchin,6BC,2016,13,29,1,40,*,,
Red Urchin,6BC,2016,13,30,1,400,*,,
Red Urchin,6BC,2016,13,32,1,900,*,,
Red Urchin,6BC,2016,13,33,3,3030,18604,,
Red Urchin,6BC,2016,13,35,3,710,7013,,
Red Urchin,6BC,2016,13,39,1,180,*,,
Red Urchin,6BC,2016,13,40,1,120,*,,
Red Urchin,6BC,2016,13,41,2,935,*,,
Red Urchin,6BC,2016,13,Total,12,29500,242551,,
Red Urchin,6BC,2016,14,7,1,4700,*,,
Red Urchin,6BC,2016,14,9,1,1080,*,,
Red Urchin,6BC,2016,14,12,1,2280,*,,
Red Urchin,6BC,2016,14,13,2,3545,*,,
Red Urchin,6BC,2016,14,Total,2,11605,*,,
Red Urchin,6BC,2016,17,1,1,80,*,,
Red Urchin,6BC,2016,17,2,1,300,*,,
Red Urchin,6BC,2016,17,3,2,1045,*,,
Red Urchin,6BC,2016,17,10,2,1350,*,,
Red Urchin,6BC,2016,17,17,1,800,*,,
Red Urchin,6BC,2016,17,Total,3,3575,36465,,
Red Urchin,6BC,2016,18,1,1,560,*,,
Red Urchin,6BC,2016,18,2,2,1105,*,,
Red Urchin,6BC,2016,18,4,1,800,*,,
Red Urchin,6BC,2016,18,5,2,3980,*,,
Red Urchin,6BC,2016,18,6,1,580,*,,
Red Urchin,6BC,2016,18,11,1,420,*,,
Red Urchin,6BC,2016,18,Total,3,7445,61255,,
Red Urchin,6BC,2016,19,3,1,1240,*,,
Red Urchin,6BC,2016,19,4,2,4020,*,,
Red Urchin,6BC,2016,19,5,1,2500,*,,
Red Urchin,6BC,2016,19,Total,2,7760,*,,
Red Urchin,6BC,2016,20,5,1,2530,*,,
Red Urchin,6BC,2016,20,Total,1,2530,*,,
Red Urchin,6BC,2016,23,5,2,4640,*,,
Red Urchin,6BC,2016,23,6,1,1320,*,,
Red Urchin,6BC,2016,23,7,3,4100,25936,,
Red Urchin,6BC,2016,23,11,2,2723,*,,
Red Urchin,6BC,2016,23,Total,4,12783,79117,,
Red Urchin,6BC,2016,29,4,1,380,*,,
Red Urchin,6BC,2016,29,Total,1,380,*,,
Red Urchin,6BC,2016,101,6,5,3955,48087,,
Red Urchin,6BC,2016,101,7,4,2443,36037,,
Red Urchin,6BC,2016,101,Total,8,6398,84124,,
Red Urchin,6BC,2016,105,1,7,9521,129899,,
Red Urchin,6BC,2016,105,Total,7,9521,129899,,
Red Urchin,6BC,2016,106,1,1,330,*,,
Red Urchin,6BC,2016,106,2,17,11278,**,,
Red Urchin,6BC,2016,106,Total,18,11608,130235,,
Red Urchin,6BC,2016,123,5,1,300,*,,
Red Urchin,6BC,2016,123,Total,1,300,*,,
Red Urchin,6BC,2016,142,1,1,560,*,,
Red Urchin,6BC,2016,142,2,3,2400,**,,
Red Urchin,6BC,2016,142,Total,4,2960,32693,,
Red Urchin,6BC,2017,1,1,22,11575,128749,,
Red Urchin,6BC,2017,1,2,17,10067,133827,,
Red Urchin,6BC,2017,1,3,8,2275,**,,
Red Urchin,6BC,2017,1,7,2,730,*,,
Red Urchin,6BC,2017,1,Total,22,24647,303519,,
Red Urchin,6BC,2017,2,8,19,12181,108086,,
Red Urchin,6BC,2017,2,9,1,160,*,,
Red Urchin,6BC,2017,2,10,4,1480,9154,,
Red Urchin,6BC,2017,2,12,22,10508,80836,,
Red Urchin,6BC,2017,2,13,2,610,*,,
Red Urchin,6BC,2017,2,14,20,12981,137274,,
Red Urchin,6BC,2017,2,15,14,7350,66600,,
Red Urchin,6BC,2017,2,17,25,11506,121299,,
Red Urchin,6BC,2017,2,18,15,12000,131704,,
Red Urchin,6BC,2017,2,19,9,4148,33599,,
Red Urchin,6BC,2017,2,31,21,16373,221143,,
Red Urchin,6BC,2017,2,68,7,4700,81517,,
Red Urchin,6BC,2017,2,69,3,860,13988,,
Red Urchin,6BC,2017,2,71,4,1570,24567,,
Red Urchin,6BC,2017,2,73,3,830,10259,,
Red Urchin,6BC,2017,2,74,1,400,*,,
Red Urchin,6BC,2017,2,75,8,3217,30378,,
Red Urchin,6BC,2017,2,78,9,3700,42599,,
Red Urchin,6BC,2017,2,79,6,3636,23587,,
Red Urchin,6BC,2017,2,80,3,870,8619,,
Red Urchin,6BC,2017,2,81,2,410,*,,
Red Urchin,6BC,2017,2,82,7,3784,35910,,
Red Urchin,6BC,2017,2,85,4,799,10161,,
Red Urchin,6BC,2017,2,86,6,2550,31013,,
Red Urchin,6BC,2017,2,87,8,2584,37131,,
Red Urchin,6BC,2017,2,88,10,4914,51464,,
Red Urchin,6BC,2017,2,89,2,690,*,,
Red Urchin,6BC,2017,2,90,1,140,*,,
Red Urchin,6BC,2017,2,96,2,420,*,,
Red Urchin,6BC,2017,2,97,4,1580,19062,,
Red Urchin,6BC,2017,2,98,6,2220,25913,,
Red Urchin,6BC,2017,2,99,1,300,*,,
Red Urchin,6BC,2017,2,Total,27,129471,1387775,,
Red Urchin,6BC,2017,3,1,11,12775,**,,
Red Urchin,6BC,2017,3,3,1,185,*,,
Red Urchin,6BC,2017,3,Total,11,12960,153563,,
Red Urchin,6BC,2017,4,1,12,20903,183273,,
Red Urchin,6BC,2017,4,2,16,21595,213098,,
Red Urchin,6BC,2017,4,3,4,7845,97358,,
Red Urchin,6BC,2017,4,4,2,3720,*,,
Red Urchin,6BC,2017,4,5,1,80,*,,
Red Urchin,6BC,2017,4,9,15,13275,112655,,
Red Urchin,6BC,2017,4,12,5,1625,17794,,
Red Urchin,6BC,2017,4,13,16,27398,258140,,
Red Urchin,6BC,2017,4,Total,25,96441,913277,,
Red Urchin,6BC,2017,5,9,5,8645,72446,,
Red Urchin,6BC,2017,5,10,9,4109,34316,,
Red Urchin,6BC,2017,5,11,5,2970,33147,,
Red Urchin,6BC,2017,5,12,10,4680,49294,,
Red Urchin,6BC,2017,5,13,13,11422,100983,,
Red Urchin,6BC,2017,5,14,4,1242,**,,
Red Urchin,6BC,2017,5,16,2,550,*,,
Red Urchin,6BC,2017,5,17,13,6054,52702,,
Red Urchin,6BC,2017,5,20,19,14870,185916,,
Red Urchin,6BC,2017,5,21,9,6645,75977,,
Red Urchin,6BC,2017,5,22,18,14400,161942,,
Red Urchin,6BC,2017,5,Total,30,75587,783377,,
Red Urchin,6BC,2017,6,9,28,76443,858094,,
Red Urchin,6BC,2017,6,10,11,10250,162928,,
Red Urchin,6BC,2017,6,11,3,719,**,,
Red Urchin,6BC,2017,6,13,19,32114,333818,,
Red Urchin,6BC,2017,6,14,1,200,*,,
Red Urchin,6BC,2017,6,15,4,2980,24494,,
Red Urchin,6BC,2017,6,16,5,4020,44899,,
Red Urchin,6BC,2017,6,17,9,9265,87714,,
Red Urchin,6BC,2017,6,Total,30,135991,1519998,,
Red Urchin,6BC,2017,7,4,3,300,**,,
Red Urchin,6BC,2017,7,5,4,1620,14248,,
Red Urchin,6BC,2017,7,6,4,810,10485,,
Red Urchin,6BC,2017,7,31,1,600,*,,
Red Urchin,6BC,2017,7,Total,6,3330,31771,,
Red Urchin,6BC,2017,12,1,3,1020,12265,,
Red Urchin,6BC,2017,12,2,5,4190,37938,,
Red Urchin,6BC,2017,12,3,7,2440,24401,,
Red Urchin,6BC,2017,12,5,10,9580,76040,,
Red Urchin,6BC,2017,12,6,9,11283,75719,,
Red Urchin,6BC,2017,12,7,2,1540,*,,
Red Urchin,6BC,2017,12,8,4,4610,38622,,
Red Urchin,6BC,2017,12,17,2,1500,*,,
Red Urchin,6BC,2017,12,18,9,16713,179026,,
Red Urchin,6BC,2017,12,19,7,9458,100434,,
Red Urchin,6BC,2017,12,20,1,310,*,,
Red Urchin,6BC,2017,12,21,2,410,*,,
Red Urchin,6BC,2017,12,26,1,300,*,,
Red Urchin,6BC,2017,12,39,3,2220,9834,,
Red Urchin,6BC,2017,12,Total,13,65574,588619,,
Red Urchin,6BC,2017,13,1,2,3981,*,,
Red Urchin,6BC,2017,13,2,2,5990,*,,
Red Urchin,6BC,2017,13,7,1,1100,*,,
Red Urchin,6BC,2017,13,10,1,160,*,,
Red Urchin,6BC,2017,13,12,2,340,*,,
Red Urchin,6BC,2017,13,15,2,8700,*,,
Red Urchin,6BC,2017,13,28,2,490,*,,
Red Urchin,6BC,2017,13,32,1,2140,*,,
Red Urchin,6BC,2017,13,33,1,1700,*,,
Red Urchin,6BC,2017,13,35,3,1225,10082,,
Red Urchin,6BC,2017,13,41,1,100,*,,
Red Urchin,6BC,2017,13,Total,8,25926,193510,,
Red Urchin,6BC,2017,14,9,1,1830,*,,
Red Urchin,6BC,2017,14,10,1,380,*,,
Red Urchin,6BC,2017,14,11,1,90,*,,
Red Urchin,6BC,2017,14,13,1,4200,*,,
Red Urchin,6BC,2017,14,Total,2,6500,*,,
Red Urchin,6BC,2017,17,1,1,185,*,,
Red Urchin,6BC,2017,17,3,4,3658,33736,,
Red Urchin,6BC,2017,17,10,2,375,*,,
Red Urchin,6BC,2017,17,17,3,840,9066,,
Red Urchin,6BC,2017,17,Total,5,5058,50289,,
Red Urchin,6BC,2017,18,1,1,1220,*,,
Red Urchin,6BC,2017,18,2,6,3020,25693,,
Red Urchin,6BC,2017,18,3,1,80,*,,
Red Urchin,6BC,2017,18,4,2,1060,*,,
Red Urchin,6BC,2017,18,5,2,2430,*,,
Red Urchin,6BC,2017,18,6,2,1152,*,,
Red Urchin,6BC,2017,18,11,1,320,*,,
Red Urchin,6BC,2017,18,Total,6,9282,82577,,
Red Urchin,6BC,2017,19,3,1,785,*,,
Red Urchin,6BC,2017,19,4,2,4080,*,,
Red Urchin,6BC,2017,19,5,2,680,*,,
Red Urchin,6BC,2017,19,Total,2,5545,*,,
Red Urchin,6BC,2017,20,5,1,2020,*,,
Red Urchin,6BC,2017,20,Total,1,2020,*,,
Red Urchin,6BC,2017,23,7,2,585,*,,
Red Urchin,6BC,2017,23,Total,2,585,*,,
Red Urchin,6BC,2017,29,4,1,475,*,,
Red Urchin,6BC,2017,29,Total,1,475,*,,
Red Urchin,6BC,2017,101,2,9,3260,56665,,
Red Urchin,6BC,2017,101,6,3,920,**,,
Red Urchin,6BC,2017,101,7,2,630,*,,
Red Urchin,6BC,2017,101,Total,10,4810,78030,,
Red Urchin,6BC,2017,105,1,5,3020,**,,
Red Urchin,6BC,2017,105,2,1,1900,*,,
Red Urchin,6BC,2017,105,Total,6,4920,73086,,
Red Urchin,6BC,2017,106,2,19,15005,170362,,
Red Urchin,6BC,2017,106,Total,19,15005,170362,,
Red Urchin,6BC,2018,1,1,2,440,*,,
Red Urchin,6BC,2018,1,2,17,13103,161259,,
Red Urchin,6BC,2018,1,3,9,2645,**,,
Red Urchin,6BC,2018,1,7,8,3000,38087,,
Red Urchin,6BC,2018,1,Total,21,19188,236297,,
Red Urchin,6BC,2018,2,8,19,9832,106597,,
Red Urchin,6BC,2018,2,12,18,4800,50060,,
Red Urchin,6BC,2018,2,13,1,120,*,,
Red Urchin,6BC,2018,2,14,19,11186,121370,,
Red Urchin,6BC,2018,2,15,13,7133,68226,,
Red Urchin,6BC,2018,2,17,23,10575,113697,,
Red Urchin,6BC,2018,2,18,13,4063,45040,,
Red Urchin,6BC,2018,2,19,3,2490,24436,,
Red Urchin,6BC,2018,2,31,21,16317,221593,,
Red Urchin,6BC,2018,2,35,4,2045,24864,,
Red Urchin,6BC,2018,2,36,1,290,*,,
Red Urchin,6BC,2018,2,68,13,4713,60278,,
Red Urchin,6BC,2018,2,69,10,5466,72091,,
Red Urchin,6BC,2018,2,71,5,705,6465,,
Red Urchin,6BC,2018,2,73,2,405,*,,
Red Urchin,6BC,2018,2,75,1,120,*,,
Red Urchin,6BC,2018,2,78,4,1420,22271,,
Red Urchin,6BC,2018,2,79,3,890,7417,,
Red Urchin,6BC,2018,2,80,2,580,*,,
Red Urchin,6BC,2018,2,81,1,500,*,,
Red Urchin,6BC,2018,2,82,4,1780,10598,,
Red Urchin,6BC,2018,2,85,1,800,*,,
Red Urchin,6BC,2018,2,86,5,1610,16859,,
Red Urchin,6BC,2018,2,87,7,4070,40426,,
Red Urchin,6BC,2018,2,88,10,3765,49219,,
Red Urchin,6BC,2018,2,92,2,291,*,,
Red Urchin,6BC,2018,2,93,2,455,*,,
Red Urchin,6BC,2018,2,97,2,220,*,,
Red Urchin,6BC,2018,2,98,1,100,*,,
Red Urchin,6BC,2018,2,99,1,100,*,,
Red Urchin,6BC,2018,2,Total,27,96841,1100177,,
Red Urchin,6BC,2018,3,1,18,20628,268885,,
Red Urchin,6BC,2018,3,2,1,365,*,,
Red Urchin,6BC,2018,3,3,2,145,*,,
Red Urchin,6BC,2018,3,Total,19,21138,274856,,
Red Urchin,6BC,2018,4,1,14,21438,280689,,
Red Urchin,6BC,2018,4,2,10,13428,130057,,
Red Urchin,6BC,2018,4,3,7,4285,60718,,
Red Urchin,6BC,2018,4,4,4,2865,23805,,
Red Urchin,6BC,2018,4,9,5,2019,29669,,
Red Urchin,6BC,2018,4,12,3,1370,4718,,
Red Urchin,6BC,2018,4,13,14,12235,148049,,
Red Urchin,6BC,2018,4,Total,18,57640,677705,,
Red Urchin,6BC,2018,5,9,4,5590,59624,,
Red Urchin,6BC,2018,5,10,14,10591,97791,,
Red Urchin,6BC,2018,5,11,3,1750,19167,,
Red Urchin,6BC,2018,5,12,5,1350,**,,
Red Urchin,6BC,2018,5,13,1,279,*,,
Red Urchin,6BC,2018,5,14,3,2530,11142,,
Red Urchin,6BC,2018,5,20,17,21268,242536,,
Red Urchin,6BC,2018,5,21,5,1760,25286,,
Red Urchin,6BC,2018,5,22,21,44298,516920,,
Red Urchin,6BC,2018,5,Total,24,89416,981299,,
Red Urchin,6BC,2018,6,9,26,78012,950005,,
Red Urchin,6BC,2018,6,10,13,9184,110309,,
Red Urchin,6BC,2018,6,11,3,1515,19135,,
Red Urchin,6BC,2018,6,13,16,19435,237989,,
Red Urchin,6BC,2018,6,Total,26,108146,1317438,,
Red Urchin,6BC,2018,12,1,5,3036,34351,,
Red Urchin,6BC,2018,12,2,4,4605,40881,,
Red Urchin,6BC,2018,12,3,4,2430,28356,,
Red Urchin,6BC,2018,12,4,1,850,*,,
Red Urchin,6BC,2018,12,5,9,11280,95889,,
Red Urchin,6BC,2018,12,6,9,5635,43574,,
Red Urchin,6BC,2018,12,7,1,280,*,,
Red Urchin,6BC,2018,12,8,3,4108,39268,,
Red Urchin,6BC,2018,12,16,2,1200,*,,
Red Urchin,6BC,2018,12,17,2,1100,*,,
Red Urchin,6BC,2018,12,18,9,4927,54040,,
Red Urchin,6BC,2018,12,19,6,5645,48899,,
Red Urchin,6BC,2018,12,20,2,400,*,,
Red Urchin,6BC,2018,12,24,1,100,*,,
Red Urchin,6BC,2018,12,26,1,360,*,,
Red Urchin,6BC,2018,12,39,3,2145,14102,,
Red Urchin,6BC,2018,12,41,1,200,*,,
Red Urchin,6BC,2018,12,Total,12,48301,448237,,
Red Urchin,6BC,2018,13,1,4,4760,40701,,
Red Urchin,6BC,2018,13,2,4,3587,35359,,
Red Urchin,6BC,2018,13,3,2,2135,*,,
Red Urchin,6BC,2018,13,6,1,100,*,,
Red Urchin,6BC,2018,13,8,2,800,*,,
Red Urchin,6BC,2018,13,9,2,472,*,,
Red Urchin,6BC,2018,13,10,1,320,*,,
Red Urchin,6BC,2018,13,12,1,320,*,,
Red Urchin,6BC,2018,13,14,1,1200,*,,
Red Urchin,6BC,2018,13,15,1,5050,*,,
Red Urchin,6BC,2018,13,25,2,3694,*,,
Red Urchin,6BC,2018,13,28,4,2860,24423,,
Red Urchin,6BC,2018,13,29,2,690,*,,
Red Urchin,6BC,2018,13,32,2,390,*,,
Red Urchin,6BC,2018,13,33,1,725,*,,
Red Urchin,6BC,2018,13,35,4,2355,21941,,
Red Urchin,6BC,2018,13,39,2,1745,*,,
Red Urchin,6BC,2018,13,40,1,320,*,,
Red Urchin,6BC,2018,13,41,2,1200,*,,
Red Urchin,6BC,2018,13,Total,10,32723,293242,,
Red Urchin,6BC,2018,14,7,1,965,*,,
Red Urchin,6BC,2018,14,9,1,2500,*,,
Red Urchin,6BC,2018,14,13,2,4000,*,,
Red Urchin,6BC,2018,14,Total,3,7465,76188,,
Red Urchin,6BC,2018,17,3,4,6120,51840,,
Red Urchin,6BC,2018,17,10,1,220,*,,
Red Urchin,6BC,2018,17,17,2,440,*,,
Red Urchin,6BC,2018,17,Total,5,6780,58472,,
Red Urchin,6BC,2018,18,1,1,290,*,,
Red Urchin,6BC,2018,18,2,4,1870,15267,,
Red Urchin,6BC,2018,18,4,1,1100,*,,
Red Urchin,6BC,2018,18,5,1,870,*,,
Red Urchin,6BC,2018,18,6,2,2720,*,,
Red Urchin,6BC,2018,18,11,3,3310,29235,,
Red Urchin,6BC,2018,18,Total,5,10160,81664,,
Red Urchin,6BC,2018,19,3,1,180,*,,
Red Urchin,6BC,2018,19,4,3,4900,**,,
Red Urchin,6BC,2018,19,Total,3,5080,40332,,
Red Urchin,6BC,2018,20,5,2,1735,*,,
Red Urchin,6BC,2018,20,6,1,420,*,,
Red Urchin,6BC,2018,20,Total,2,2155,*,,
Red Urchin,6BC,2018,23,7,1,1538,*,,
Red Urchin,6BC,2018,23,Total,1,1538,*,,
Red Urchin,6BC,2018,29,4,2,670,*,,
Red Urchin,6BC,2018,29,5,1,240,*,,
Red Urchin,6BC,2018,29,Total,3,910,7284,,
Red Urchin,6BC,2018,101,2,1,200,*,,
Red Urchin,6BC,2018,101,6,5,1526,17940,,
Red Urchin,6BC,2018,101,7,4,1176,**,,
Red Urchin,6BC,2018,101,Total,8,2902,27402,,
Red Urchin,6BC,2018,105,1,9,11838,146330,,
Red Urchin,6BC,2018,105,Total,9,11838,146330,,
Red Urchin,6BC,2018,106,1,1,220,*,,
Red Urchin,6BC,2018,106,2,12,5122,**,,
Red Urchin,6BC,2018,106,Total,12,5342,62917,,
Red Urchin,6BC,2018,123,3,1,2190,*,,
Red Urchin,6BC,2018,123,Total,1,2190,*,,
Red Urchin,6BC,2019,1,2,8,4057,65771,,
Red Urchin,6BC,2019,1,3,1,184,*,,
Red Urchin,6BC,2019,1,7,1,300,*,,
Red Urchin,6BC,2019,1,Total,10,4541,71551,,
Red Urchin,6BC,2019,2,8,22,12147,116777,,
Red Urchin,6BC,2019,2,12,20,5503,63312,,
Red Urchin,6BC,2019,2,13,3,1003,7783,,
Red Urchin,6BC,2019,2,14,19,9953,116183,,
Red Urchin,6BC,2019,2,15,12,5474,64593,,
Red Urchin,6BC,2019,2,17,20,5805,61414,,
Red Urchin,6BC,2019,2,18,9,3752,34569,,
Red Urchin,6BC,2019,2,31,20,17922,215040,,
Red Urchin,6BC,2019,2,33,1,590,*,,
Red Urchin,6BC,2019,2,35,5,1780,28117,,
Red Urchin,6BC,2019,2,36,4,2520,32063,,
Red Urchin,6BC,2019,2,68,11,6479,81928,,
Red Urchin,6BC,2019,2,69,6,3205,45918,,
Red Urchin,6BC,2019,2,70,1,377,*,,
Red Urchin,6BC,2019,2,71,4,1779,25785,,
Red Urchin,6BC,2019,2,75,1,100,*,,
Red Urchin,6BC,2019,2,78,4,2470,26684,,
Red Urchin,6BC,2019,2,82,2,520,*,,
Red Urchin,6BC,2019,2,85,1,192,*,,
Red Urchin,6BC,2019,2,86,1,400,*,,
Red Urchin,6BC,2019,2,87,12,4976,62450,,
Red Urchin,6BC,2019,2,88,5,817,13320,,
Red Urchin,6BC,2019,2,Total,25,87764,1018313,,
Red Urchin,6BC,2019,3,1,23,26135,**,,
Red Urchin,6BC,2019,3,2,1,375,*,,
Red Urchin,6BC,2019,3,Total,23,26510,376335,,
Red Urchin,6BC,2019,4,1,20,28785,314428,,
Red Urchin,6BC,2019,4,2,22,20970,257350,,
Red Urchin,6BC,2019,4,3,7,7380,106197,,
Red Urchin,6BC,2019,4,4,1,200,*,,
Red Urchin,6BC,2019,4,9,11,4407,**,,
Red Urchin,6BC,2019,4,13,20,16288,203970,,
Red Urchin,6BC,2019,4,Total,28,78030,931871,,
Red Urchin,6BC,2019,5,9,10,5490,62959,,
Red Urchin,6BC,2019,5,10,13,10979,102488,,
Red Urchin,6BC,2019,5,11,3,1875,21969,,
Red Urchin,6BC,2019,5,12,4,1060,10788,,
Red Urchin,6BC,2019,5,13,7,2790,28130,,
Red Urchin,6BC,2019,5,20,20,20764,221936,,
Red Urchin,6BC,2019,5,21,15,8952,96398,,
Red Urchin,6BC,2019,5,22,16,29863,372330,,
Red Urchin,6BC,2019,5,Total,26,81773,916998,,
Red Urchin,6BC,2019,6,9,26,66707,811784,,
Red Urchin,6BC,2019,6,10,18,12498,173567,,
Red Urchin,6BC,2019,6,11,2,815,*,,
Red Urchin,6BC,2019,6,13,19,27266,369082,,
Red Urchin,6BC,2019,6,15,3,850,11406,,
Red Urchin,6BC,2019,6,16,2,1020,*,,
Red Urchin,6BC,2019,6,17,14,8805,143780,,
Red Urchin,6BC,2019,6,Total,26,117961,1537341,,
Red Urchin,6BC,2019,12,1,5,5166,38138,,
Red Urchin,6BC,2019,12,2,2,1313,*,,
Red Urchin,6BC,2019,12,3,3,860,6950,,
Red Urchin,6BC,2019,12,4,1,2050,*,,
Red Urchin,6BC,2019,12,5,4,3180,30038,,
Red Urchin,6BC,2019,12,6,6,3440,25911,,
Red Urchin,6BC,2019,12,7,1,280,*,,
Red Urchin,6BC,2019,12,8,4,4060,27314,,
Red Urchin,6BC,2019,12,17,1,610,*,,
Red Urchin,6BC,2019,12,18,11,18460,178219,,
Red Urchin,6BC,2019,12,19,7,10180,87266,,
Red Urchin,6BC,2019,12,20,1,180,*,,
Red Urchin,6BC,2019,12,39,3,2680,26470,,
Red Urchin,6BC,2019,12,41,1,500,*,,
Red Urchin,6BC,2019,12,Total,16,52959,459739,,
Red Urchin,6BC,2019,13,1,5,10268,87976,,
Red Urchin,6BC,2019,13,2,6,11419,97980,,
Red Urchin,6BC,2019,13,3,6,10224,107560,,
Red Urchin,6BC,2019,13,4,2,5220,*,,
Red Urchin,6BC,2019,13,6,1,280,*,,
Red Urchin,6BC,2019,13,7,1,360,*,,
Red Urchin,6BC,2019,13,8,4,1350,12630,,
Red Urchin,6BC,2019,13,9,4,1797,15934,,
Red Urchin,6BC,2019,13,10,1,2776,*,,
Red Urchin,6BC,2019,13,11,4,2402,24134,,
Red Urchin,6BC,2019,13,12,1,1000,*,,
Red Urchin,6BC,2019,13,14,2,900,*,,
Red Urchin,6BC,2019,13,15,5,5867,44284,,
Red Urchin,6BC,2019,13,16,3,5940,37780,,
Red Urchin,6BC,2019,13,17,3,915,7951,,
Red Urchin,6BC,2019,13,25,3,3440,19133,,
Red Urchin,6BC,2019,13,27,2,760,*,,
Red Urchin,6BC,2019,13,28,3,1610,13571,,
Red Urchin,6BC,2019,13,30,1,1300,*,,
Red Urchin,6BC,2019,13,31,2,1600,*,,
Red Urchin,6BC,2019,13,32,5,5600,49849,,
Red Urchin,6BC,2019,13,33,2,920,*,,
Red Urchin,6BC,2019,13,35,4,2142,16151,,
Red Urchin,6BC,2019,13,36,1,960,*,,
Red Urchin,6BC,2019,13,39,5,2920,19955,,
Red Urchin,6BC,2019,13,40,2,895,*,,
Red Urchin,6BC,2019,13,41,3,3868,20235,,
Red Urchin,6BC,2019,13,Total,13,86733,695698,,
Red Urchin,6BC,2019,14,7,1,980,*,,
Red Urchin,6BC,2019,14,9,2,2400,*,,
Red Urchin,6BC,2019,14,12,3,1430,12292,,
Red Urchin,6BC,2019,14,Total,3,4810,37606,,
Red Urchin,6BC,2019,17,3,2,6730,*,,
Red Urchin,6BC,2019,17,Total,2,6730,*,,
Red Urchin,6BC,2019,18,1,1,400,*,,
Red Urchin,6BC,2019,18,2,3,3649,30904,,
Red Urchin,6BC,2019,18,3,1,400,*,,
Red Urchin,6BC,2019,18,5,2,860,*,,
Red Urchin,6BC,2019,18,6,1,1490,*,,
Red Urchin,6BC,2019,18,11,1,805,*,,
Red Urchin,6BC,2019,18,Total,5,7604,76189,,
Red Urchin,6BC,2019,19,4,2,3870,*,,
Red Urchin,6BC,2019,19,5,1,1040,*,,
Red Urchin,6BC,2019,19,Total,3,4910,48995,,
Red Urchin,6BC,2019,20,4,1,320,*,,
Red Urchin,6BC,2019,20,5,2,3060,*,,
Red Urchin,6BC,2019,20,Total,2,3380,*,,
Red Urchin,6BC,2019,23,7,1,3393,*,,
Red Urchin,6BC,2019,23,Total,1,3393,*,,
Red Urchin,6BC,2019,101,2,2,910,*,,
Red Urchin,6BC,2019,101,7,1,240,*,,
Red Urchin,6BC,2019,101,Total,2,1150,*,,
Red Urchin,6BC,2019,105,1,12,6448,94195,,
Red Urchin,6BC,2019,105,Total,12,6448,94195,,
Red Urchin,6BC,2019,106,2,10,3488,38819,,
Red Urchin,6BC,2019,106,Total,10,3488,38819,,
Red Urchin,6BC,2020,1,1,3,1008,11317,,
Red Urchin,6BC,2020,1,2,8,9790,122243,,
Red Urchin,6BC,2020,1,Total,8,10798,133560,,
Red Urchin,6BC,2020,2,8,10,3310,35149,,
Red Urchin,6BC,2020,2,11,6,6140,74452,,
Red Urchin,6BC,2020,2,12,10,2530,36140,,
Red Urchin,6BC,2020,2,13,1,200,*,,
Red Urchin,6BC,2020,2,14,7,1180,9700,,
Red Urchin,6BC,2020,2,15,1,200,*,,
Red Urchin,6BC,2020,2,18,3,770,14010,,
Red Urchin,6BC,2020,2,31,11,6780,88415,,
Red Urchin,6BC,2020,2,35,4,1760,24058,,
Red Urchin,6BC,2020,2,36,1,200,*,,
Red Urchin,6BC,2020,2,85,1,180,*,,
Red Urchin,6BC,2020,2,86,1,400,*,,
Red Urchin,6BC,2020,2,87,6,2700,25876,,
Red Urchin,6BC,2020,2,88,1,360,*,,
Red Urchin,6BC,2020,2,89,1,600,*,,
Red Urchin,6BC,2020,2,Total,12,27310,330553,,
Red Urchin,6BC,2020,3,1,18,29308,**,,
Red Urchin,6BC,2020,3,3,1,600,*,,
Red Urchin,6BC,2020,3,Total,18,29908,379140,,
Red Urchin,6BC,2020,4,1,14,16515,173998,,
Red Urchin,6BC,2020,4,2,18,14890,166647,,
Red Urchin,6BC,2020,4,3,7,2151,**,,
Red Urchin,6BC,2020,4,5,1,200,*,,
Red Urchin,6BC,2020,4,9,10,9102,111378,,
Red Urchin,6BC,2020,4,12,8,2640,36907,,
Red Urchin,6BC,2020,4,13,13,7967,84878,,
Red Urchin,6BC,2020,4,Total,22,53465,599411,,
Red Urchin,6BC,2020,5,9,11,4977,61369,,
Red Urchin,6BC,2020,5,10,7,3550,37424,,
Red Urchin,6BC,2020,5,11,2,270,*,,
Red Urchin,6BC,2020,5,12,6,3534,30980,,
Red Urchin,6BC,2020,5,13,9,4630,37586,,
Red Urchin,6BC,2020,5,14,5,2745,31442,,
Red Urchin,6BC,2020,5,17,4,2270,**,,
Red Urchin,6BC,2020,5,20,14,8711,106226,,
Red Urchin,6BC,2020,5,21,15,11620,124684,,
Red Urchin,6BC,2020,5,22,19,14678,180372,,
Red Urchin,6BC,2020,5,Total,22,56985,628962,,
Red Urchin,6BC,2020,6,9,22,46231,565557,,
Red Urchin,6BC,2020,6,10,16,19807,242905,,
Red Urchin,6BC,2020,6,11,1,240,*,,
Red Urchin,6BC,2020,6,13,9,10603,103669,,
Red Urchin,6BC,2020,6,15,1,100,*,,
Red Urchin,6BC,2020,6,17,6,2707,27846,,
Red Urchin,6BC,2020,6,Total,22,79688,944230,,
Red Urchin,6BC,2020,12,1,6,4526,29177,,
Red Urchin,6BC,2020,12,2,6,6695,48030,,
Red Urchin,6BC,2020,12,3,7,9280,62353,,
Red Urchin,6BC,2020,12,4,1,1080,*,,
Red Urchin,6BC,2020,12,5,9,12070,102095,,
Red Urchin,6BC,2020,12,6,5,3015,26461,,
Red Urchin,6BC,2020,12,7,3,2269,15493,,
Red Urchin,6BC,2020,12,17,1,720,*,,
Red Urchin,6BC,2020,12,18,10,17575,165486,,
Red Urchin,6BC,2020,12,19,8,7430,91202,,
Red Urchin,6BC,2020,12,21,3,890,4545,,
Red Urchin,6BC,2020,12,39,3,8430,54840,,
Red Urchin,6BC,2020,12,Total,16,73980,616883,,
Red Urchin,6BC,2020,13,1,7,6080,59455,,
Red Urchin,6BC,2020,13,2,2,1180,*,,
Red Urchin,6BC,2020,13,3,5,5085,59399,,
Red Urchin,6BC,2020,13,4,2,745,*,,
Red Urchin,6BC,2020,13,5,1,1200,*,,
Red Urchin,6BC,2020,13,7,2,600,*,,
Red Urchin,6BC,2020,13,9,7,4930,39506,,
Red Urchin,6BC,2020,13,10,3,10742,78901,,
Red Urchin,6BC,2020,13,11,2,2320,*,,
Red Urchin,6BC,2020,13,12,3,6680,51393,,
Red Urchin,6BC,2020,13,15,2,460,*,,
Red Urchin,6BC,2020,13,16,3,2470,15589,,
Red Urchin,6BC,2020,13,17,1,600,*,,
Red Urchin,6BC,2020,13,23,1,480,*,,
Red Urchin,6BC,2020,13,25,5,2795,13361,,
Red Urchin,6BC,2020,13,26,2,4560,*,,
Red Urchin,6BC,2020,13,27,3,980,5747,,
Red Urchin,6BC,2020,13,28,10,27564,243244,,
Red Urchin,6BC,2020,13,29,4,1770,12872,,
Red Urchin,6BC,2020,13,30,2,1552,*,,
Red Urchin,6BC,2020,13,31,2,1000,*,,
Red Urchin,6BC,2020,13,32,6,9390,118387,,
Red Urchin,6BC,2020,13,33,1,2060,*,,
Red Urchin,6BC,2020,13,35,5,5283,37926,,
Red Urchin,6BC,2020,13,39,3,1370,9246,,
Red Urchin,6BC,2020,13,40,3,2510,12519,,
Red Urchin,6BC,2020,13,41,3,1395,10306,,
Red Urchin,6BC,2020,13,Total,15,105801,891163,,
Red Urchin,6BC,2020,14,9,1,120,*,,
Red Urchin,6BC,2020,14,10,2,980,*,,
Red Urchin,6BC,2020,14,13,2,720,*,,
Red Urchin,6BC,2020,14,Total,4,1820,37924,,
Red Urchin,6BC,2020,17,1,1,470,*,,
Red Urchin,6BC,2020,17,2,1,1490,*,,
Red Urchin,6BC,2020,17,3,3,5349,38460,,
Red Urchin,6BC,2020,17,10,1,1400,*,,
Red Urchin,6BC,2020,17,17,1,270,*,,
Red Urchin,6BC,2020,17,Total,3,8979,68027,,
Red Urchin,6BC,2020,18,2,4,4771,34729,,
Red Urchin,6BC,2020,18,5,2,930,*,,
Red Urchin,6BC,2020,18,6,3,1960,18382,,
Red Urchin,6BC,2020,18,11,1,1225,*,,
Red Urchin,6BC,2020,18,Total,4,8886,74881,,
Red Urchin,6BC,2020,19,4,2,3430,*,,
Red Urchin,6BC,2020,19,5,1,1500,*,,
Red Urchin,6BC,2020,19,Total,3,4930,51292,,
Red Urchin,6BC,2020,20,5,2,2450,*,,
Red Urchin,6BC,2020,20,Total,2,2450,*,,
Red Urchin,6BC,2020,23,6,1,180,*,,
Red Urchin,6BC,2020,23,7,5,6550,54220,,
Red Urchin,6BC,2020,23,11,4,2080,**,,
Red Urchin,6BC,2020,23,Total,5,8810,70500,,
Red Urchin,6BC,2020,101,7,1,400,*,,
Red Urchin,6BC,2020,101,Total,1,400,*,,
Red Urchin,6BC,2020,105,1,6,3694,45725,,
Red Urchin,6BC,2020,105,Total,6,3694,45725,,
Red Urchin,6BC,2020,106,2,2,600,*,,
Red Urchin,6BC,2020,106,Total,2,600,*,,
Red Urchin,6BC,2021,1,1,10,1745,**,,
Red Urchin,6BC,2021,1,2,12,14365,178507,,
Red Urchin,6BC,2021,1,7,1,340,*,,
Red Urchin,6BC,2021,1,Total,12,16450,205029,,
Red Urchin,6BC,2021,2,8,11,3530,35058,,
Red Urchin,6BC,2021,2,12,12,4341,47597,,
Red Urchin,6BC,2021,2,13,1,120,*,,
Red Urchin,6BC,2021,2,14,19,8200,57070,,
Red Urchin,6BC,2021,2,15,2,810,*,,
Red Urchin,6BC,2021,2,17,16,4237,34767,,
Red Urchin,6BC,2021,2,18,13,10230,116764,,
Red Urchin,6BC,2021,2,19,1,800,*,,
Red Urchin,6BC,2021,2,31,16,12614,127087,,
Red Urchin,6BC,2021,2,32,1,200,*,,
Red Urchin,6BC,2021,2,49,1,180,*,,
Red Urchin,6BC,2021,2,50,6,2120,22245,,
Red Urchin,6BC,2021,2,68,8,1544,12563,,
Red Urchin,6BC,2021,2,71,1,600,*,,
Red Urchin,6BC,2021,2,73,1,120,*,,
Red Urchin,6BC,2021,2,75,2,440,*,,
Red Urchin,6BC,2021,2,86,1,300,*,,
Red Urchin,6BC,2021,2,87,8,3390,32054,,
Red Urchin,6BC,2021,2,88,3,854,8983,,
Red Urchin,6BC,2021,2,89,1,360,*,,
Red Urchin,6BC,2021,2,93,1,430,*,,
Red Urchin,6BC,2021,2,96,2,680,*,,
Red Urchin,6BC,2021,2,97,1,260,*,,
Red Urchin,6BC,2021,2,Total,21,56360,537182,,
Red Urchin,6BC,2021,3,1,14,8875,**,,
Red Urchin,6BC,2021,3,2,1,150,*,,
Red Urchin,6BC,2021,3,Total,14,9025,116621,,
Red Urchin,6BC,2021,4,1,16,15035,173597,,
Red Urchin,6BC,2021,4,2,18,24218,316269,,
Red Urchin,6BC,2021,4,3,4,1340,15259,,
Red Urchin,6BC,2021,4,4,5,1970,24502,,
Red Urchin,6BC,2021,4,9,9,2887,27677,,
Red Urchin,6BC,2021,4,12,9,5145,51358,,
Red Urchin,6BC,2021,4,13,9,4750,52788,,
Red Urchin,6BC,2021,4,Total,20,55345,661450,,
Red Urchin,6BC,2021,5,9,4,3720,49078,,
Red Urchin,6BC,2021,5,10,8,8035,98834,,
Red Urchin,6BC,2021,5,11,2,490,*,,
Red Urchin,6BC,2021,5,12,2,290,*,,
Red Urchin,6BC,2021,5,13,5,1905,19497,,
Red Urchin,6BC,2021,5,14,4,1260,11876,,
Red Urchin,6BC,2021,5,20,22,26971,316654,,
Red Urchin,6BC,2021,5,21,16,11553,121045,,
Red Urchin,6BC,2021,5,22,16,16335,201562,,
Red Urchin,6BC,2021,5,Total,22,70559,829796,,
Red Urchin,6BC,2021,6,9,21,41478,462050,,
Red Urchin,6BC,2021,6,10,14,11940,138541,,
Red Urchin,6BC,2021,6,11,5,2280,**,,
Red Urchin,6BC,2021,6,13,15,27915,287069,,
Red Urchin,6BC,2021,6,14,6,1940,24543,,
Red Urchin,6BC,2021,6,16,2,400,*,,
Red Urchin,6BC,2021,6,17,8,3870,53837,,
Red Urchin,6BC,2021,6,Total,23,89823,985413,,
Red Urchin,6BC,2021,12,1,3,2848,48046,,
Red Urchin,6BC,2021,12,2,4,3156,28480,,
Red Urchin,6BC,2021,12,3,1,927,*,,
Red Urchin,6BC,2021,12,5,8,20285,150051,,
Red Urchin,6BC,2021,12,6,6,6037,38285,,
Red Urchin,6BC,2021,12,18,10,12411,129775,,
Red Urchin,6BC,2021,12,19,8,9505,91892,,
Red Urchin,6BC,2021,12,26,1,300,*,,
Red Urchin,6BC,2021,12,39,4,6448,47208,,
Red Urchin,6BC,2021,12,41,2,1410,*,,
Red Urchin,6BC,2021,12,Total,13,63327,560076,,
Red Urchin,6BC,2021,13,1,4,7980,53225,,
Red Urchin,6BC,2021,13,2,4,5915,52721,,
Red Urchin,6BC,2021,13,3,5,6630,68398,,
Red Urchin,6BC,2021,13,4,2,930,*,,
Red Urchin,6BC,2021,13,8,1,200,*,,
Red Urchin,6BC,2021,13,9,3,1590,13013,,
Red Urchin,6BC,2021,13,10,4,6711,43176,,
Red Urchin,6BC,2021,13,11,3,650,4641,,
Red Urchin,6BC,2021,13,12,3,3895,30784,,
Red Urchin,6BC,2021,13,13,1,10,*,,
Red Urchin,6BC,2021,13,15,2,3170,*,,
Red Urchin,6BC,2021,13,16,3,1640,8345,,
Red Urchin,6BC,2021,13,17,3,1000,6877,,
Red Urchin,6BC,2021,13,19,1,1200,*,,
Red Urchin,6BC,2021,13,25,2,1470,*,,
Red Urchin,6BC,2021,13,26,2,520,*,,
Red Urchin,6BC,2021,13,27,1,150,*,,
Red Urchin,6BC,2021,13,28,7,10075,77655,,
Red Urchin,6BC,2021,13,29,2,1340,*,,
Red Urchin,6BC,2021,13,30,2,2200,*,,
Red Urchin,6BC,2021,13,32,5,5440,70434,,
Red Urchin,6BC,2021,13,33,2,1320,*,,
Red Urchin,6BC,2021,13,35,5,2650,19594,,
Red Urchin,6BC,2021,13,36,1,995,*,,
Red Urchin,6BC,2021,13,39,1,260,*,,
Red Urchin,6BC,2021,13,40,1,600,*,,
Red Urchin,6BC,2021,13,41,3,1435,13004,,
Red Urchin,6BC,2021,13,Total,14,69976,562919,,
Red Urchin,6BC,2021,14,7,2,2370,*,,
Red Urchin,6BC,2021,14,8,1,200,*,,
Red Urchin,6BC,2021,14,9,2,1070,*,,
Red Urchin,6BC,2021,14,13,2,670,*,,
Red Urchin,6BC,2021,14,Total,4,4310,38178,,
Red Urchin,6BC,2021,15,2,3,7270,**,,
Red Urchin,6BC,2021,15,3,2,2720,*,,
Red Urchin,6BC,2021,15,Total,4,9990,86142,,
Red Urchin,6BC,2021,17,1,1,100,*,,
Red Urchin,6BC,2021,17,2,1,1985,*,,
Red Urchin,6BC,2021,17,3,4,3551,24920,,
Red Urchin,6BC,2021,17,17,2,2240,*,,
Red Urchin,6BC,2021,17,Total,5,7876,69015,,
Red Urchin,6BC,2021,18,1,1,970,*,,
Red Urchin,6BC,2021,18,2,4,1372,8074,,
Red Urchin,6BC,2021,18,3,1,300,*,,
Red Urchin,6BC,2021,18,5,4,5050,38739,,
Red Urchin,6BC,2021,18,6,2,1020,*,,
Red Urchin,6BC,2021,18,11,1,540,*,,
Red Urchin,6BC,2021,18,Total,5,9252,72333,,
Red Urchin,6BC,2021,19,4,2,3213,*,,
Red Urchin,6BC,2021,19,5,2,2030,*,,
Red Urchin,6BC,2021,19,Total,4,5243,52797,,
Red Urchin,6BC,2021,20,5,6,2910,29922,,
Red Urchin,6BC,2021,20,Total,6,2910,29922,,
Red Urchin,6BC,2021,23,7,3,5500,**,,
Red Urchin,6BC,2021,23,11,1,300,*,,
Red Urchin,6BC,2021,23,Total,4,5800,78857,,
Red Urchin,6BC,2021,101,2,1,240,*,,
Red Urchin,6BC,2021,101,Total,1,240,*,,
Red Urchin,6BC,2021,105,1,2,680,*,,
Red Urchin,6BC,2021,105,2,1,240,*,,
Red Urchin,6BC,2021,105,Total,3,920,12714,,
Red Urchin,6BC,2021,142,2,2,295,*,,
Red Urchin,6BC,2021,142,Total,2,295,*,,
Red Urchin,6BC,2022,1,1,9,1930,26193,,
Red Urchin,6BC,2022,1,2,10,6459,105136,,
Red Urchin,6BC,2022,1,3,9,4125,66248,,
Red Urchin,6BC,2022,1,Total,10,12514,197577,,
Red Urchin,6BC,2022,2,8,15,4060,35828,,
Red Urchin,6BC,2022,2,11,6,7334,85154,,
Red Urchin,6BC,2022,2,12,15,3500,37035,,
Red Urchin,6BC,2022,2,13,1,300,*,,
Red Urchin,6BC,2022,2,14,12,4340,42305,,
Red Urchin,6BC,2022,2,15,4,780,7747,,
Red Urchin,6BC,2022,2,17,9,2220,23544,,
Red Urchin,6BC,2022,2,18,12,8896,104076,,
Red Urchin,6BC,2022,2,31,11,12059,154854,,
Red Urchin,6BC,2022,2,35,1,180,*,,
Red Urchin,6BC,2022,2,36,1,250,*,,
Red Urchin,6BC,2022,2,87,8,3903,31106,,
Red Urchin,6BC,2022,2,88,6,1726,22519,,
Red Urchin,6BC,2022,2,95,1,325,*,,
Red Urchin,6BC,2022,2,96,1,460,*,,
Red Urchin,6BC,2022,2,Total,17,50333,557975,,
Red Urchin,6BC,2022,3,1,17,20078,312489,,
Red Urchin,6BC,2022,3,2,2,910,*,,
Red Urchin,6BC,2022,3,3,1,100,*,,
Red Urchin,6BC,2022,3,Total,17,21088,327015,,
Red Urchin,6BC,2022,4,1,12,10705,137533,,
Red Urchin,6BC,2022,4,2,9,7734,94781,,
Red Urchin,6BC,2022,4,3,5,2090,31281,,
Red Urchin,6BC,2022,4,4,2,780,*,,
Red Urchin,6BC,2022,4,5,1,800,*,,
Red Urchin,6BC,2022,4,9,7,4850,60080,,
Red Urchin,6BC,2022,4,12,7,2075,19770,,
Red Urchin,6BC,2022,4,13,5,1260,17889,,
Red Urchin,6BC,2022,4,Total,17,30294,378888,,
Red Urchin,6BC,2022,5,9,8,4925,64619,,
Red Urchin,6BC,2022,5,10,13,8295,89815,,
Red Urchin,6BC,2022,5,11,1,200,*,,
Red Urchin,6BC,2022,5,12,9,3380,37718,,
Red Urchin,6BC,2022,5,14,3,580,**,,
Red Urchin,6BC,2022,5,20,17,20354,261796,,
Red Urchin,6BC,2022,5,21,7,7796,103722,,
Red Urchin,6BC,2022,5,22,14,7679,87988,,
Red Urchin,6BC,2022,5,Total,20,53209,652093,,
Red Urchin,6BC,2022,6,5,1,500,*,,
Red Urchin,6BC,2022,6,9,15,31947,401216,,
Red Urchin,6BC,2022,6,10,15,20225,234640,,
Red Urchin,6BC,2022,6,11,1,70,*,,
Red Urchin,6BC,2022,6,13,16,23276,301855,,
Red Urchin,6BC,2022,6,14,2,400,*,,
Red Urchin,6BC,2022,6,16,1,1080,*,,
Red Urchin,6BC,2022,6,17,5,2160,35040,,
Red Urchin,6BC,2022,6,Total,18,79658,991659,,
Red Urchin,6BC,2022,12,1,6,6397,55647,,
Red Urchin,6BC,2022,12,2,2,280,*,,
Red Urchin,6BC,2022,12,3,3,3610,34373,,
Red Urchin,6BC,2022,12,4,2,900,*,,
Red Urchin,6BC,2022,12,5,6,7930,93130,,
Red Urchin,6BC,2022,12,6,5,5594,42480,,
Red Urchin,6BC,2022,12,18,11,19505,163561,,
Red Urchin,6BC,2022,12,19,7,6240,68967,,
Red Urchin,6BC,2022,12,26,1,370,*,,
Red Urchin,6BC,2022,12,39,5,8111,81858,,
Red Urchin,6BC,2022,12,41,2,520,*,,
Red Urchin,6BC,2022,12,Total,13,59457,567243,,
Red Urchin,6BC,2022,13,1,6,4840,49753,,
Red Urchin,6BC,2022,13,2,4,5865,44247,,
Red Urchin,6BC,2022,13,3,7,6456,63197,,
Red Urchin,6BC,2022,13,4,5,2215,20970,,
Red Urchin,6BC,2022,13,6,3,3385,20434,,
Red Urchin,6BC,2022,13,7,4,920,6338,,
Red Urchin,6BC,2022,13,8,2,1700,*,,
Red Urchin,6BC,2022,13,9,6,2870,24657,,
Red Urchin,6BC,2022,13,10,3,2160,10719,,
Red Urchin,6BC,2022,13,11,5,7920,59093,,
Red Urchin,6BC,2022,13,12,7,12007,104873,,
Red Urchin,6BC,2022,13,13,1,820,*,,
Red Urchin,6BC,2022,13,15,2,840,*,,
Red Urchin,6BC,2022,13,16,2,920,*,,
Red Urchin,6BC,2022,13,25,3,3515,25232,,
Red Urchin,6BC,2022,13,27,2,520,*,,
Red Urchin,6BC,2022,13,28,8,10435,74491,,
Red Urchin,6BC,2022,13,29,2,680,*,,
Red Urchin,6BC,2022,13,30,3,460,4067,,
Red Urchin,6BC,2022,13,32,7,7300,71547,,
Red Urchin,6BC,2022,13,33,4,840,7504,,
Red Urchin,6BC,2022,13,35,7,6235,39343,,
Red Urchin,6BC,2022,13,39,1,120,*,,
Red Urchin,6BC,2022,13,40,1,200,*,,
Red Urchin,6BC,2022,13,Total,16,83223,665139,,
Red Urchin,6BC,2022,14,7,3,1470,16368,,
Red Urchin,6BC,2022,14,8,2,550,*,,
Red Urchin,6BC,2022,14,13,1,800,*,,
Red Urchin,6BC,2022,14,Total,5,2820,38178,,
Red Urchin,6BC,2022,15,2,4,16122,**,,
Red Urchin,6BC,2022,15,3,2,980,*,,
Red Urchin,6BC,2022,15,Total,4,17102,182109,,
Red Urchin,6BC,2022,17,2,3,3160,20589,,
Red Urchin,6BC,2022,17,3,3,2832,**,,
Red Urchin,6BC,2022,17,17,2,2520,*,,
Red Urchin,6BC,2022,17,Total,5,8512,56582,,
Red Urchin,6BC,2022,18,2,5,2855,14670,,
Red Urchin,6BC,2022,18,3,2,560,*,,
Red Urchin,6BC,2022,18,5,3,5460,34020,,
Red Urchin,6BC,2022,18,6,3,1570,18260,,
Red Urchin,6BC,2022,18,11,1,400,*,,
Red Urchin,6BC,2022,18,Total,5,10845,81800,,
Red Urchin,6BC,2022,19,3,1,215,*,,
Red Urchin,6BC,2022,19,4,4,3481,38364,,
Red Urchin,6BC,2022,19,5,1,900,*,,
Red Urchin,6BC,2022,19,Total,5,4596,45258,,
Red Urchin,6BC,2022,20,5,3,2395,29231,,
Red Urchin,6BC,2022,20,Total,3,2395,29231,,
Red Urchin,6BC,2022,23,7,4,8170,106940,,
Red Urchin,6BC,2022,23,Total,4,8170,106940,,
Red Urchin,6BC,2022,29,4,1,160,*,,
Red Urchin,6BC,2022,29,Total,1,160,*,,
Red Urchin,6BC,2022,105,1,3,720,11888,,
Red Urchin,6BC,2022,105,Total,3,720,11888,,
Red Urchin,6BC,2023,1,1,6,2455,21269,,
Red Urchin,6BC,2023,1,2,13,14017,196257,,
Red Urchin,6BC,2023,1,Total,13,16472,217526,,
Red Urchin,6BC,2023,2,8,9,3725,30491,,
Red Urchin,6BC,2023,2,10,4,4040,55922,,
Red Urchin,6BC,2023,2,11,7,8864,83677,,
Red Urchin,6BC,2023,2,12,9,6595,65710,,
Red Urchin,6BC,2023,2,13,1,260,*,,
Red Urchin,6BC,2023,2,14,8,4157,28997,,
Red Urchin,6BC,2023,2,15,3,1020,3758,,
Red Urchin,6BC,2023,2,17,11,3940,29782,,
Red Urchin,6BC,2023,2,18,16,12705,140528,,
Red Urchin,6BC,2023,2,31,15,11270,123957,,
Red Urchin,6BC,2023,2,49,1,300,*,,
Red Urchin,6BC,2023,2,50,4,1950,27998,,
Red Urchin,6BC,2023,2,53,1,360,*,,
Red Urchin,6BC,2023,2,59,1,240,*,,
Red Urchin,6BC,2023,2,62,2,680,*,,
Red Urchin,6BC,2023,2,71,1,250,*,,
Red Urchin,6BC,2023,2,75,2,800,*,,
Red Urchin,6BC,2023,2,76,6,2185,15903,,
Red Urchin,6BC,2023,2,82,3,935,6415,,
Red Urchin,6BC,2023,2,85,2,760,*,,
Red Urchin,6BC,2023,2,86,2,405,*,,
Red Urchin,6BC,2023,2,87,11,3315,38912,,
Red Urchin,6BC,2023,2,88,3,1540,18796,,
Red Urchin,6BC,2023,2,89,2,450,*,,
Red Urchin,6BC,2023,2,90,1,400,*,,
Red Urchin,6BC,2023,2,92,1,160,*,,
Red Urchin,6BC,2023,2,93,2,720,*,,
Red Urchin,6BC,2023,2,95,2,1060,*,,
Red Urchin,6BC,2023,2,97,1,305,*,,
Red Urchin,6BC,2023,2,100,1,100,*,,
Red Urchin,6BC,2023,2,Total,18,73491,737342,,
Red Urchin,6BC,2023,3,1,5,2250,24521,,
Red Urchin,6BC,2023,3,Total,5,2250,24521,,
Red Urchin,6BC,2023,4,1,11,10610,100755,,
Red Urchin,6BC,2023,4,2,12,12927,120188,,
Red Urchin,6BC,2023,4,3,2,1455,*,,
Red Urchin,6BC,2023,4,4,1,300,*,,
Red Urchin,6BC,2023,4,9,4,960,13103,,
Red Urchin,6BC,2023,4,13,8,4680,50305,,
Red Urchin,6BC,2023,4,Total,16,30932,302378,,
Red Urchin,6BC,2023,5,9,9,6930,62595,,
Red Urchin,6BC,2023,5,10,8,10717,108536,,
Red Urchin,6BC,2023,5,11,1,180,*,,
Red Urchin,6BC,2023,5,12,5,1625,16526,,
Red Urchin,6BC,2023,5,13,3,992,**,,
Red Urchin,6BC,2023,5,14,3,2463,22257,,
Red Urchin,6BC,2023,5,20,15,15523,207196,,
Red Urchin,6BC,2023,5,21,13,10549,126890,,
Red Urchin,6BC,2023,5,22,14,13230,136111,,
Red Urchin,6BC,2023,5,Total,17,62209,693162,,
Red Urchin,6BC,2023,6,9,18,43073,500371,,
Red Urchin,6BC,2023,6,10,12,10518,99850,,
Red Urchin,6BC,2023,6,13,8,8190,111473,,
Red Urchin,6BC,2023,6,14,2,1015,*,,
Red Urchin,6BC,2023,6,16,1,120,*,,
Red Urchin,6BC,2023,6,17,2,1140,*,,
Red Urchin,6BC,2023,6,Total,18,64056,727578,,
Red Urchin,6BC,2023,12,1,5,10850,81903,,
Red Urchin,6BC,2023,12,2,2,800,*,,
Red Urchin,6BC,2023,12,3,1,1610,*,,
Red Urchin,6BC,2023,12,5,10,11218,94813,,
Red Urchin,6BC,2023,12,6,5,2915,20187,,
Red Urchin,6BC,2023,12,18,10,14900,117042,,
Red Urchin,6BC,2023,12,19,1,440,*,,
Red Urchin,6BC,2023,12,21,1,40,*,,
Red Urchin,6BC,2023,12,24,1,240,*,,
Red Urchin,6BC,2023,12,39,3,5580,62726,,
Red Urchin,6BC,2023,12,41,1,1083,*,,
Red Urchin,6BC,2023,12,42,1,440,*,,
Red Urchin,6BC,2023,12,Total,16,50116,416577,,
Red Urchin,6BC,2023,13,1,6,7170,57586,,
Red Urchin,6BC,2023,13,2,4,8350,59276,,
Red Urchin,6BC,2023,13,3,6,7465,67886,,
Red Urchin,6BC,2023,13,4,2,1040,*,,
Red Urchin,6BC,2023,13,5,1,180,*,,
Red Urchin,6BC,2023,13,6,2,160,*,,
Red Urchin,6BC,2023,13,7,2,1090,*,,
Red Urchin,6BC,2023,13,8,2,770,*,,
Red Urchin,6BC,2023,13,9,8,9220,53112,,
Red Urchin,6BC,2023,13,10,3,3660,22204,,
Red Urchin,6BC,2023,13,11,6,2880,20167,,
Red Urchin,6BC,2023,13,12,5,4390,27288,,
Red Urchin,6BC,2023,13,14,2,840,*,,
Red Urchin,6BC,2023,13,15,2,1900,*,,
Red Urchin,6BC,2023,13,16,4,3520,27186,,
Red Urchin,6BC,2023,13,25,5,4730,32194,,
Red Urchin,6BC,2023,13,26,1,550,*,,
Red Urchin,6BC,2023,13,27,2,685,*,,
Red Urchin,6BC,2023,13,28,12,17405,144786,,
Red Urchin,6BC,2023,13,29,3,945,6712,,
Red Urchin,6BC,2023,13,30,3,1265,5301,,
Red Urchin,6BC,2023,13,32,11,7080,67516,,
Red Urchin,6BC,2023,13,35,3,3070,11276,,
Red Urchin,6BC,2023,13,36,2,585,*,,
Red Urchin,6BC,2023,13,39,2,640,*,,
Red Urchin,6BC,2023,13,40,1,520,*,,
Red Urchin,6BC,2023,13,41,1,450,*,,
Red Urchin,6BC,2023,13,Total,20,90560,679144,,
Red Urchin,6BC,2023,14,8,2,530,*,,
Red Urchin,6BC,2023,14,11,2,2210,*,,
Red Urchin,6BC,2023,14,12,2,640,*,,
Red Urchin,6BC,2023,14,13,2,420,*,,
Red Urchin,6BC,2023,14,Total,5,3800,40381,,
Red Urchin,6BC,2023,15,2,7,11235,101654,,
Red Urchin,6BC,2023,15,3,4,2260,**,,
Red Urchin,6BC,2023,15,4,2,2140,*,,
Red Urchin,6BC,2023,15,Total,10,15635,132883,,
Red Urchin,6BC,2023,17,1,1,720,*,,
Red Urchin,6BC,2023,17,2,1,1140,*,,
Red Urchin,6BC,2023,17,3,2,4870,*,,
Red Urchin,6BC,2023,17,8,1,483,*,,
Red Urchin,6BC,2023,17,Total,2,7213,*,,
Red Urchin,6BC,2023,18,2,6,4881,29676,,
Red Urchin,6BC,2023,18,3,1,220,*,,
Red Urchin,6BC,2023,18,4,2,555,*,,
Red Urchin,6BC,2023,18,5,3,3360,26128,,
Red Urchin,6BC,2023,18,6,1,2080,*,,
Red Urchin,6BC,2023,18,Total,6,11096,75590,,
Red Urchin,6BC,2023,19,3,1,180,*,,
Red Urchin,6BC,2023,19,4,4,4705,38183,,
Red Urchin,6BC,2023,19,5,1,1420,*,,
Red Urchin,6BC,2023,19,Total,5,6305,50337,,
Red Urchin,6BC,2023,20,5,4,2890,30470,,
Red Urchin,6BC,2023,20,Total,4,2890,30470,,
Red Urchin,6BC,2023,23,5,3,1830,**,,
Red Urchin,6BC,2023,23,6,2,1320,*,,
Red Urchin,6BC,2023,23,7,4,5730,95105,,
Red Urchin,6BC,2023,23,Total,4,8880,149741,,
Red Urchin,6BC,2023,29,4,1,120,*,,
Red Urchin,6BC,2023,29,Total,1,120,*,,
Red Urchin,6BC,2023,101,2,1,235,*,,
Red Urchin,6BC,2023,101,7,1,290,*,,
Red Urchin,6BC,2023,101,Total,1,525,*,,
Red Urchin,6BC,2023,105,1,2,934,*,,
Red Urchin,6BC,2023,105,Total,2,934,*,,
Red Urchin,6BC,2024,1,1,9,2670,**,,
Red Urchin,6BC,2024,1,2,14,14250,202623,,
Red Urchin,6BC,2024,1,3,1,280,*,,
Red Urchin,6BC,2024,1,Total,14,17200,237891,,
Red Urchin,6BC,2024,2,8,2,420,*,,
Red Urchin,6BC,2024,2,10,12,4790,55073,,
Red Urchin,6BC,2024,2,11,8,7339,76118,,
Red Urchin,6BC,2024,2,12,5,1425,18209,,
Red Urchin,6BC,2024,2,14,6,660,2985,,
Red Urchin,6BC,2024,2,15,4,480,2396,,
Red Urchin,6BC,2024,2,17,7,1650,14196,,
Red Urchin,6BC,2024,2,18,10,11720,125700,,
Red Urchin,6BC,2024,2,31,9,9080,101433,,
Red Urchin,6BC,2024,2,50,10,2975,26185,,
Red Urchin,6BC,2024,2,59,1,140,*,,
Red Urchin,6BC,2024,2,62,2,1320,*,,
Red Urchin,6BC,2024,2,68,9,2740,35942,,
Red Urchin,6BC,2024,2,69,9,3600,41300,,
Red Urchin,6BC,2024,2,70,1,280,*,,
Red Urchin,6BC,2024,2,71,4,1740,16981,,
Red Urchin,6BC,2024,2,72,2,700,*,,
Red Urchin,6BC,2024,2,75,1,280,*,,
Red Urchin,6BC,2024,2,76,1,360,*,,
Red Urchin,6BC,2024,2,78,2,800,*,,
Red Urchin,6BC,2024,2,82,2,510,*,,
Red Urchin,6BC,2024,2,85,1,200,*,,
Red Urchin,6BC,2024,2,87,11,2905,30107,,
Red Urchin,6BC,2024,2,88,5,1420,20650,,
Red Urchin,6BC,2024,2,90,1,300,*,,
Red Urchin,6BC,2024,2,93,2,320,*,,
Red Urchin,6BC,2024,2,95,1,400,*,,
Red Urchin,6BC,2024,2,96,2,1160,*,,
Red Urchin,6BC,2024,2,97,1,180,*,,
Red Urchin,6BC,2024,2,98,1,240,*,,
Red Urchin,6BC,2024,2,99,2,430,*,,
Red Urchin,6BC,2024,2,100,1,500,*,,
Red Urchin,6BC,2024,2,Total,13,61064,656974,,
Red Urchin,6BC,2024,3,1,11,6770,64362,,
Red Urchin,6BC,2024,3,Total,11,6770,64362,,
Red Urchin,6BC,2024,4,1,6,3791,46681,,
Red Urchin,6BC,2024,4,2,8,6470,85273,,
Red Urchin,6BC,2024,4,3,2,1230,*,,
Red Urchin,6BC,2024,4,4,5,3520,32919,,
Red Urchin,6BC,2024,4,9,5,2652,32208,,
Red Urchin,6BC,2024,4,12,2,470,*,,
Red Urchin,6BC,2024,4,13,4,880,9581,,
Red Urchin,6BC,2024,4,Total,12,19013,223154,,
Red Urchin,6BC,2024,5,9,9,5660,59491,,
Red Urchin,6BC,2024,5,10,7,10430,113871,,
Red Urchin,6BC,2024,5,11,2,700,*,,
Red Urchin,6BC,2024,5,12,6,2950,23310,,
Red Urchin,6BC,2024,5,14,7,1690,**,,
Red Urchin,6BC,2024,5,20,13,15571,173365,,
Red Urchin,6BC,2024,5,21,6,7760,90590,,
Red Urchin,6BC,2024,5,22,11,7702,96919,,
Red Urchin,6BC,2024,5,Total,17,52463,578940,,
Red Urchin,6BC,2024,6,5,1,100,*,,
Red Urchin,6BC,2024,6,9,15,33370,360201,,
Red Urchin,6BC,2024,6,10,11,7735,99507,,
Red Urchin,6BC,2024,6,13,10,14330,182088,,
Red Urchin,6BC,2024,6,17,7,3650,**,,
Red Urchin,6BC,2024,6,Total,15,59185,688414,,
Red Urchin,6BC,2024,12,1,4,7190,85650,,
Red Urchin,6BC,2024,12,2,5,3245,27672,,
Red Urchin,6BC,2024,12,3,3,970,12091,,
Red Urchin,6BC,2024,12,5,4,5535,52345,,
Red Urchin,6BC,2024,12,6,4,4320,35105,,
Red Urchin,6BC,2024,12,18,5,12405,144690,,
Red Urchin,6BC,2024,12,19,1,200,*,,
Red Urchin,6BC,2024,12,26,1,270,*,,
Red Urchin,6BC,2024,12,39,1,1225,*,,
Red Urchin,6BC,2024,12,41,1,90,*,,
Red Urchin,6BC,2024,12,Total,12,35450,378915,,
Red Urchin,6BC,2024,13,1,7,10791,58304,,
Red Urchin,6BC,2024,13,2,2,9634,*,,
Red Urchin,6BC,2024,13,3,10,13651,78158,,
Red Urchin,6BC,2024,13,4,3,1602,10179,,
Red Urchin,6BC,2024,13,6,2,940,*,,
Red Urchin,6BC,2024,13,7,4,3455,18765,,
Red Urchin,6BC,2024,13,8,4,4790,19753,,
Red Urchin,6BC,2024,13,9,4,2812,18714,,
Red Urchin,6BC,2024,13,10,6,6989,50063,,
Red Urchin,6BC,2024,13,11,5,5850,33948,,
Red Urchin,6BC,2024,13,12,8,14120,88641,,
Red Urchin,6BC,2024,13,15,3,1615,10812,,
Red Urchin,6BC,2024,13,16,2,520,*,,
Red Urchin,6BC,2024,13,23,1,80,*,,
Red Urchin,6BC,2024,13,25,5,4200,17273,,
Red Urchin,6BC,2024,13,26,2,270,*,,
Red Urchin,6BC,2024,13,27,3,4043,23058,,
Red Urchin,6BC,2024,13,28,15,18601,129040,,
Red Urchin,6BC,2024,13,29,2,1260,*,,
Red Urchin,6BC,2024,13,30,1,360,*,,
Red Urchin,6BC,2024,13,32,9,8915,73122,,
Red Urchin,6BC,2024,13,33,1,180,*,,
Red Urchin,6BC,2024,13,35,4,655,10292,,
Red Urchin,6BC,2024,13,38,1,450,*,,
Red Urchin,6BC,2024,13,39,2,1740,*,,
Red Urchin,6BC,2024,13,41,2,1280,*,,
Red Urchin,6BC,2024,13,Total,19,118803,732211,,
Red Urchin,6BC,2024,14,8,2,610,*,,
Red Urchin,6BC,2024,14,11,2,2115,*,,
Red Urchin,6BC,2024,14,13,2,840,*,,
Red Urchin,6BC,2024,14,Total,4,3565,36982,,
Red Urchin,6BC,2024,15,2,6,6995,55704,,
Red Urchin,6BC,2024,15,3,2,640,*,,
Red Urchin,6BC,2024,15,4,1,2360,*,,
Red Urchin,6BC,2024,15,Total,8,9995,75782,,
Red Urchin,6BC,2024,17,1,1,520,*,,
Red Urchin,6BC,2024,17,2,2,2815,*,,
Red Urchin,6BC,2024,17,3,4,4345,22377,,
Red Urchin,6BC,2024,17,8,1,160,*,,
Red Urchin,6BC,2024,17,10,1,300,*,,
Red Urchin,6BC,2024,17,16,1,180,*,,
Red Urchin,6BC,2024,17,17,4,1512,13811,,
Red Urchin,6BC,2024,17,Total,7,9832,67844,,
Red Urchin,6BC,2024,18,2,6,4310,30064,,
Red Urchin,6BC,2024,18,4,2,500,*,,
Red Urchin,6BC,2024,18,5,4,4580,33080,,
Red Urchin,6BC,2024,18,6,4,3495,**,,
Red Urchin,6BC,2024,18,Total,6,12885,91677,,
Red Urchin,6BC,2024,19,3,2,320,*,,
Red Urchin,6BC,2024,19,4,4,4432,40515,,
Red Urchin,6BC,2024,19,5,3,1205,**,,
Red Urchin,6BC,2024,19,Total,7,5957,50135,,
Red Urchin,6BC,2024,20,5,5,2945,29802,,
Red Urchin,6BC,2024,20,Total,5,2945,29802,,
Red Urchin,6BC,2024,23,5,3,940,**,,
Red Urchin,6BC,2024,23,6,1,120,*,,
Red Urchin,6BC,2024,23,7,4,10905,133632,,
Red Urchin,6BC,2024,23,Total,4,11965,146636,,
Red Urchin,6BC,2025,1,2,15,13165,181621,,
Red Urchin,6BC,2025,1,3,3,560,**,,
Red Urchin,6BC,2025,1,7,2,260,*,,
Red Urchin,6BC,2025,1,Total,15,13985,197860,,
Red Urchin,6BC,2025,2,8,5,2380,22376,,
Red Urchin,6BC,2025,2,10,11,7045,62101,,
Red Urchin,6BC,2025,2,11,6,9675,73148,,
Red Urchin,6BC,2025,2,12,7,2430,21735,,
Red Urchin,6BC,2025,2,13,1,15,*,,
Red Urchin,6BC,2025,2,14,5,1200,10665,,
Red Urchin,6BC,2025,2,15,3,1120,7478,,
Red Urchin,6BC,2025,2,17,5,1350,10417,,
Red Urchin,6BC,2025,2,18,11,9810,115447,,
Red Urchin,6BC,2025,2,31,9,7555,78957,,
Red Urchin,6BC,2025,2,32,1,220,*,,
Red Urchin,6BC,2025,2,49,1,400,*,,
Red Urchin,6BC,2025,2,50,3,2600,15079,,
Red Urchin,6BC,2025,2,62,1,600,*,,
Red Urchin,6BC,2025,2,71,1,170,*,,
Red Urchin,6BC,2025,2,78,1,600,*,,
Red Urchin,6BC,2025,2,80,1,120,*,,
Red Urchin,6BC,2025,2,83,1,100,*,,
Red Urchin,6BC,2025,2,86,1,300,*,,
Red Urchin,6BC,2025,2,87,10,3520,26751,,
Red Urchin,6BC,2025,2,88,3,360,3396,,
Red Urchin,6BC,2025,2,Total,15,51570,471090,,
Red Urchin,6BC,2025,3,1,3,3283,34259,,
Red Urchin,6BC,2025,3,Total,3,3283,34259,,
Red Urchin,6BC,2025,4,1,5,1640,9945,,
Red Urchin,6BC,2025,4,2,13,10305,105916,,
Red Urchin,6BC,2025,4,3,11,7205,93475,,
Red Urchin,6BC,2025,4,4,5,2045,14391,,
Red Urchin,6BC,2025,4,9,8,2775,34291,,
Red Urchin,6BC,2025,4,12,2,760,*,,
Red Urchin,6BC,2025,4,13,3,570,**,,
Red Urchin,6BC,2025,4,Total,15,25300,271817,,
Red Urchin,6BC,2025,5,10,5,1570,20226,,
Red Urchin,6BC,2025,5,12,4,3540,48940,,
Red Urchin,6BC,2025,5,13,4,1320,16742,,
Red Urchin,6BC,2025,5,14,1,200,*,,
Red Urchin,6BC,2025,5,17,2,500,*,,
Red Urchin,6BC,2025,5,20,10,5510,52969,,
Red Urchin,6BC,2025,5,21,8,3598,40271,,
Red Urchin,6BC,2025,5,Total,12,16238,188498,,
Red Urchin,6BC,2025,6,5,1,700,*,,
Red Urchin,6BC,2025,6,6,2,260,*,,
Red Urchin,6BC,2025,6,9,13,21350,215824,,
Red Urchin,6BC,2025,6,10,10,9457,100094,,
Red Urchin,6BC,2025,6,13,5,4640,24116,,
Red Urchin,6BC,2025,6,Total,13,36407,344915,,
Red Urchin,6BC,2025,12,26,1,1920,*,,
Red Urchin,6BC,2025,12,Total,1,1920,*,,
Red Urchin,6BC,2025,13,1,1,820,*,,
Red Urchin,6BC,2025,13,2,1,100,*,,
Red Urchin,6BC,2025,13,3,1,45,*,,
Red Urchin,6BC,2025,13,7,2,830,*,,
Red Urchin,6BC,2025,13,8,1,1316,*,,
Red Urchin,6BC,2025,13,9,3,2890,12584,,
Red Urchin,6BC,2025,13,10,3,2908,15768,,
Red Urchin,6BC,2025,13,11,1,380,*,,
Red Urchin,6BC,2025,13,12,4,5880,52718,,
Red Urchin,6BC,2025,13,15,1,610,*,,
Red Urchin,6BC,2025,13,16,1,360,*,,
Red Urchin,6BC,2025,13,27,1,139,*,,
Red Urchin,6BC,2025,13,28,2,1518,*,,
Red Urchin,6BC,2025,13,29,1,360,*,,
Red Urchin,6BC,2025,13,32,2,185,*,,
Red Urchin,6BC,2025,13,35,1,1925,*,,
Red Urchin,6BC,2025,13,36,1,2055,*,,
Red Urchin,6BC,2025,13,41,1,100,*,,
Red Urchin,6BC,2025,13,Total,9,22421,152581,,
Red Urchin,6BC,2025,15,2,4,5410,39573,,
Red Urchin,6BC,2025,15,3,1,780,*,,
Red Urchin,6BC,2025,15,4,1,200,*,,
Red Urchin,6BC,2025,15,Total,4,6390,49484,,
Red Urchin,6BC,2025,17,1,1,230,*,,
Red Urchin,6BC,2025,17,2,2,1980,*,,
Red Urchin,6BC,2025,17,3,1,2140,*,,
Red Urchin,6BC,2025,17,10,1,100,*,,
Red Urchin,6BC,2025,17,Total,3,4450,28675,,
Red Urchin,6BC,2025,20,5,1,15,*,,
Red Urchin,6BC,2025,20,Total,1,15,*,,
Red Urchin,6BC,2025,23,5,2,2485,*,,
Red Urchin,6BC,2025,23,6,1,120,*,,
Red Urchin,6BC,2025,23,7,3,7885,85195,,
Red Urchin,6BC,2025,23,11,1,120,*,,
Red Urchin,6BC,2025,23,Total,3,10610,102340,,
Red Urchin,6BC,2025,29,5,1,172,*,,
Red Urchin,6BC,2025,29,Total,1,172,*,,
Red Urchin,6BC,2025,101,6,1,240,*,,
Red Urchin,6BC,2025,101,Total,1,240,*,,
Red Urchin,6BC,2025,105,1,3,950,12847,,
Red Urchin,6BC,2025,105,Total,3,950,12847,,
Scallop by Dive,66Z,1982,19,2,1,300,*,,
Scallop by Dive,66Z,1982,19,Total,1,300,*,,
Scallop by Dive,66Z,1983,18,1,1,0,*,,
Scallop by Dive,66Z,1983,18,2,1,8280,*,,
Scallop by Dive,66Z,1983,18,6,1,0,*,,
Scallop by Dive,66Z,1983,18,Total,2,8280,*,,
Scallop by Dive,66Z,1983,19,2,3,2945,3731,,
Scallop by Dive,66Z,1983,19,Total,3,2945,3731,,
Scallop by Dive,66Z,1983,20,5,1,560,*,,
Scallop by Dive,66Z,1983,20,Total,1,560,*,,
Scallop by Dive,66Z,1984,18,0,1,0,*,,
Scallop by Dive,66Z,1984,18,1,3,8865,15367,,
Scallop by Dive,66Z,1984,18,2,1,2840,*,,
Scallop by Dive,66Z,1984,18,4,1,100,*,,
Scallop by Dive,66Z,1984,18,6,1,90,*,,
Scallop by Dive,66Z,1984,18,Total,5,11895,34419,,
Scallop by Dive,66Z,1985,14,7,1,692,*,,
Scallop by Dive,66Z,1985,14,Total,1,692,*,,
Scallop by Dive,66Z,1985,18,1,3,1910,22778,,
Scallop by Dive,66Z,1985,18,Total,3,1910,22778,,
Scallop by Dive,66Z,1986,14,0,1,1270,*,,
Scallop by Dive,66Z,1986,14,7,1,585,*,,
Scallop by Dive,66Z,1986,14,9,1,2518,*,,
Scallop by Dive,66Z,1986,14,Total,1,4373,*,,
Scallop by Dive,66Z,1986,17,2,1,500,*,,
Scallop by Dive,66Z,1986,17,10,2,8680,*,,
Scallop by Dive,66Z,1986,17,17,1,3865,*,,
Scallop by Dive,66Z,1986,17,Total,3,13045,34620,,
Scallop by Dive,66Z,1986,18,1,4,10354,21812,,
Scallop by Dive,66Z,1986,18,2,2,2440,*,,
Scallop by Dive,66Z,1986,18,6,1,250,*,,
Scallop by Dive,66Z,1986,18,7,1,28,*,,
Scallop by Dive,66Z,1986,18,9,1,360,*,,
Scallop by Dive,66Z,1986,18,Total,4,13432,28278,,
Scallop by Dive,66Z,1986,19,4,1,56,*,,
Scallop by Dive,66Z,1986,19,5,4,1606,**,,
Scallop by Dive,66Z,1986,19,Total,5,1662,2881,,
Scallop by Dive,66Z,1987,12,0,1,1320,*,,
Scallop by Dive,66Z,1987,12,Total,1,1320,*,,
Scallop by Dive,66Z,1987,13,0,1,1740,*,,
Scallop by Dive,66Z,1987,13,9,1,120,*,,
Scallop by Dive,66Z,1987,13,Total,1,1860,*,,
Scallop by Dive,66Z,1987,14,0,1,120,*,,
Scallop by Dive,66Z,1987,14,1,1,480,*,,
Scallop by Dive,66Z,1987,14,3,1,180,*,,
Scallop by Dive,66Z,1987,14,Total,1,780,*,,
Scallop by Dive,66Z,1987,15,2,1,120,*,,
Scallop by Dive,66Z,1987,15,Total,1,120,*,,
Scallop by Dive,66Z,1987,16,0,1,240,*,,
Scallop by Dive,66Z,1987,16,20,1,120,*,,
Scallop by Dive,66Z,1987,16,Total,2,360,*,,
Scallop by Dive,66Z,1987,17,0,2,1780,*,,
Scallop by Dive,66Z,1987,17,3,1,2475,*,,
Scallop by Dive,66Z,1987,17,5,2,995,*,,
Scallop by Dive,66Z,1987,17,10,1,17241,*,,
Scallop by Dive,66Z,1987,17,12,1,150,*,,
Scallop by Dive,66Z,1987,17,17,2,2725,*,,
Scallop by Dive,66Z,1987,17,Total,4,25366,50649,,
Scallop by Dive,66Z,1987,18,1,1,32320,*,,
Scallop by Dive,66Z,1987,18,2,1,610,*,,
Scallop by Dive,66Z,1987,18,6,1,765,*,,
Scallop by Dive,66Z,1987,18,9,1,90,*,,
Scallop by Dive,66Z,1987,18,10,1,280,*,,
Scallop by Dive,66Z,1987,18,Total,3,34065,53789,,
Scallop by Dive,66Z,1987,19,5,1,770,*,,
Scallop by Dive,66Z,1987,19,Total,1,770,*,,
Scallop by Dive,66Z,1987,29,2,1,460,*,,
Scallop by Dive,66Z,1987,29,5,2,13939,*,,
Scallop by Dive,66Z,1987,29,Total,3,14399,33271,,
Scallop by Dive,66Z,1988,17,6,1,630,*,,
Scallop by Dive,66Z,1988,17,10,2,8504,*,,
Scallop by Dive,66Z,1988,17,17,1,1145,*,,
Scallop by Dive,66Z,1988,17,Total,3,10279,20979,,
Scallop by Dive,66Z,1988,18,1,2,4540,*,,
Scallop by Dive,66Z,1988,18,4,2,3375,*,,
Scallop by Dive,66Z,1988,18,5,2,180,*,,
Scallop by Dive,66Z,1988,18,9,1,410,*,,
Scallop by Dive,66Z,1988,18,Total,6,8505,44219,,
Scallop by Dive,66Z,1988,19,5,1,60,*,,
Scallop by Dive,66Z,1988,19,6,1,395,*,,
Scallop by Dive,66Z,1988,19,Total,2,455,*,,
Scallop by Dive,66Z,1988,20,5,1,150,*,,
Scallop by Dive,66Z,1988,20,Total,1,150,*,,
Scallop by Dive,66Z,1988,29,5,2,19300,*,,
Scallop by Dive,66Z,1988,29,Total,2,19300,*,,
Scallop by Dive,66Z,1989,13,17,1,300,*,,
Scallop by Dive,66Z,1989,13,Total,1,300,*,,
Scallop by Dive,66Z,1989,17,10,3,7861,**,,
Scallop by Dive,66Z,1989,17,17,1,30,*,,
Scallop by Dive,66Z,1989,17,Total,4,7891,18733,,
Scallop by Dive,66Z,1989,18,1,1,9820,*,,
Scallop by Dive,66Z,1989,18,2,1,555,*,,
Scallop by Dive,66Z,1989,18,6,2,160,*,,
Scallop by Dive,66Z,1989,18,Total,4,10535,28014,,
Scallop by Dive,66Z,1989,29,2,1,180,*,,
Scallop by Dive,66Z,1989,29,3,1,180,*,,
Scallop by Dive,66Z,1989,29,5,4,3820,23143,,
Scallop by Dive,66Z,1989,29,Total,4,4180,24164,,
Scallop by Dive,66Z,1990,14,7,2,570,*,,
Scallop by Dive,66Z,1990,14,Total,2,570,*,,
Scallop by Dive,66Z,1990,17,3,1,1050,*,,
Scallop by Dive,66Z,1990,17,10,3,180,61016,,
Scallop by Dive,66Z,1990,17,12,1,840,*,,
Scallop by Dive,66Z,1990,17,Total,5,2070,65873,,
Scallop by Dive,66Z,1990,18,1,1,18700,*,,
Scallop by Dive,66Z,1990,18,Total,1,18700,*,,
Scallop by Dive,66Z,1990,29,5,4,1260,25452,,
Scallop by Dive,66Z,1990,29,Total,4,1260,25452,,
Scallop by Dive,66Z,1991,17,1,1,780,*,,
Scallop by Dive,66Z,1991,17,10,2,15622,*,,
Scallop by Dive,66Z,1991,17,Total,3,16402,32557,,
Scallop by Dive,66Z,1991,18,0,1,662,*,,
Scallop by Dive,66Z,1991,18,1,2,23320,*,,
Scallop by Dive,66Z,1991,18,2,2,523,*,,
Scallop by Dive,66Z,1991,18,11,1,1187,*,,
Scallop by Dive,66Z,1991,18,Total,3,25692,46093,,
Scallop by Dive,66Z,1991,19,4,1,46,*,,
Scallop by Dive,66Z,1991,19,Total,1,46,*,,
Scallop by Dive,66Z,1991,29,4,1,2280,*,,
Scallop by Dive,66Z,1991,29,5,3,13566,**,,
Scallop by Dive,66Z,1991,29,Total,3,15846,26284,,
Scallop by Dive,66Z,1992,17,10,2,21874,*,,
Scallop by Dive,66Z,1992,17,Total,2,21874,*,,
Scallop by Dive,66Z,1992,18,2,1,75,*,,
Scallop by Dive,66Z,1992,18,Total,1,75,*,,
Scallop by Dive,66Z,1992,29,5,5,16473,39817,,
Scallop by Dive,66Z,1992,29,Total,5,16473,39817,,
Scallop by Dive,66Z,1993,14,3,1,90,*,,
Scallop by Dive,66Z,1993,14,7,2,1017,*,,
Scallop by Dive,66Z,1993,14,9,1,210,*,,
Scallop by Dive,66Z,1993,14,12,1,127,*,,
Scallop by Dive,66Z,1993,14,Total,3,1444,1121,,
Scallop by Dive,66Z,1993,17,3,1,851,*,,
Scallop by Dive,66Z,1993,17,10,2,5947,*,,
Scallop by Dive,66Z,1993,17,Total,3,6798,36718,,
Scallop by Dive,66Z,1993,18,1,3,11767,39483,,
Scallop by Dive,66Z,1993,18,2,3,369,**,,
Scallop by Dive,66Z,1993,18,5,1,90,*,,
Scallop by Dive,66Z,1993,18,Total,5,12226,40645,,
Scallop by Dive,66Z,1993,20,1,1,120,*,,
Scallop by Dive,66Z,1993,20,4,1,300,*,,
Scallop by Dive,66Z,1993,20,Total,2,420,*,,
Scallop by Dive,66Z,1993,29,4,1,5180,*,,
Scallop by Dive,66Z,1993,29,5,3,18383,**,,
Scallop by Dive,66Z,1993,29,Total,4,23563,90600,,
Scallop by Dive,66Z,1994,12,6,1,23,*,,
Scallop by Dive,66Z,1994,12,Total,1,23,*,,
Scallop by Dive,66Z,1994,16,9,2,304,*,,
Scallop by Dive,66Z,1994,16,Total,2,304,*,,
Scallop by Dive,66Z,1994,17,0,1,315,*,,
Scallop by Dive,66Z,1994,17,3,3,3420,**,,
Scallop by Dive,66Z,1994,17,10,3,4485,30374,,
Scallop by Dive,66Z,1994,17,Total,5,8220,41440,,
Scallop by Dive,66Z,1994,18,1,4,4821,11570,,
Scallop by Dive,66Z,1994,18,2,4,5156,**,,
Scallop by Dive,66Z,1994,18,6,2,540,*,,
Scallop by Dive,66Z,1994,18,Total,8,10517,23003,,
Scallop by Dive,66Z,1994,19,3,1,180,*,,
Scallop by Dive,66Z,1994,19,4,2,1620,*,,
Scallop by Dive,66Z,1994,19,Total,3,1800,7525,,
Scallop by Dive,66Z,1994,29,3,1,1280,*,,
Scallop by Dive,66Z,1994,29,4,2,1270,*,,
Scallop by Dive,66Z,1994,29,5,5,22602,85268,,
Scallop by Dive,66Z,1994,29,Total,7,25152,89324,,
Scallop by Dive,66Z,1995,13,10,1,30,*,,
Scallop by Dive,66Z,1995,13,Total,1,30,*,,
Scallop by Dive,66Z,1995,14,3,1,277,*,,
Scallop by Dive,66Z,1995,14,Total,1,277,*,,
Scallop by Dive,66Z,1995,16,22,1,503,*,,
Scallop by Dive,66Z,1995,16,Total,1,503,*,,
Scallop by Dive,66Z,1995,17,3,1,600,*,,
Scallop by Dive,66Z,1995,17,10,3,2486,**,,
Scallop by Dive,66Z,1995,17,Total,4,3086,24058,,
Scallop by Dive,66Z,1995,18,1,3,7700,**,,
Scallop by Dive,66Z,1995,18,2,2,375,*,,
Scallop by Dive,66Z,1995,18,Total,5,8075,21696,,
Scallop by Dive,66Z,1995,19,3,1,461,*,,
Scallop by Dive,66Z,1995,19,4,1,1175,*,,
Scallop by Dive,66Z,1995,19,Total,2,1636,*,,
Scallop by Dive,66Z,1995,29,4,1,2250,*,,
Scallop by Dive,66Z,1995,29,5,6,23269,**,,
Scallop by Dive,66Z,1995,29,Total,7,25519,116657,,
Scallop by Dive,66Z,1996,13,39,1,20,*,,
Scallop by Dive,66Z,1996,13,Total,1,20,*,,
Scallop by Dive,66Z,1996,15,1,1,2047,*,,
Scallop by Dive,66Z,1996,15,Total,1,2047,*,,
Scallop by Dive,66Z,1996,16,22,1,1698,*,,
Scallop by Dive,66Z,1996,16,Total,1,1698,*,,
Scallop by Dive,66Z,1996,17,3,1,2475,*,,
Scallop by Dive,66Z,1996,17,10,5,2903,**,,
Scallop by Dive,66Z,1996,17,Total,5,5378,59752,,
Scallop by Dive,66Z,1996,18,1,8,37344,84639,,
Scallop by Dive,66Z,1996,18,2,4,1249,**,,
Scallop by Dive,66Z,1996,18,3,1,75,*,,
Scallop by Dive,66Z,1996,18,Total,9,38668,89247,,
Scallop by Dive,66Z,1996,19,3,2,195,*,,
Scallop by Dive,66Z,1996,19,Total,2,195,*,,
Scallop by Dive,66Z,1996,29,4,1,1920,*,,
Scallop by Dive,66Z,1996,29,5,7,14460,**,,
Scallop by Dive,66Z,1996,29,Total,8,16380,54064,,
Scallop by Dive,66Z,1997,14,13,2,2122,*,,
Scallop by Dive,66Z,1997,14,Total,2,2122,*,,
Scallop by Dive,66Z,1997,15,1,1,816,*,,
Scallop by Dive,66Z,1997,15,Total,1,816,*,,
Scallop by Dive,66Z,1997,16,2,1,1860,*,,
Scallop by Dive,66Z,1997,16,Total,1,1860,*,,
Scallop by Dive,66Z,1997,17,3,1,0,*,,
Scallop by Dive,66Z,1997,17,10,1,8864,*,,
Scallop by Dive,66Z,1997,17,Total,2,8864,*,,
Scallop by Dive,66Z,1997,18,1,6,26302,63230,,
Scallop by Dive,66Z,1997,18,2,1,60,*,,
Scallop by Dive,66Z,1997,18,4,1,65,*,,
Scallop by Dive,66Z,1997,18,6,1,20,*,,
Scallop by Dive,66Z,1997,18,Total,6,26447,63449,,
Scallop by Dive,66Z,1997,19,3,1,60,*,,
Scallop by Dive,66Z,1997,19,Total,1,60,*,,
Scallop by Dive,66Z,1997,29,4,3,2677,6365,,
Scallop by Dive,66Z,1997,29,5,4,31785,63615,,
Scallop by Dive,66Z,1997,29,Total,6,34462,69980,,
Scallop by Dive,66Z,1998,13,10,1,43,*,,
Scallop by Dive,66Z,1998,13,Total,1,43,*,,
Scallop by Dive,66Z,1998,14,13,2,2961,*,,
Scallop by Dive,66Z,1998,14,Total,2,2961,*,,
Scallop by Dive,66Z,1998,15,1,1,384,*,,
Scallop by Dive,66Z,1998,15,Total,1,384,*,,
Scallop by Dive,66Z,1998,17,3,1,120,*,,
Scallop by Dive,66Z,1998,17,10,1,16829,*,,
Scallop by Dive,66Z,1998,17,Total,2,16949,*,,
Scallop by Dive,66Z,1998,18,1,4,43493,85181,,
Scallop by Dive,66Z,1998,18,2,1,435,*,,
Scallop by Dive,66Z,1998,18,4,1,137,*,,
Scallop by Dive,66Z,1998,18,Total,4,44065,86136,,
Scallop by Dive,66Z,1998,29,4,1,1860,*,,
Scallop by Dive,66Z,1998,29,Total,1,1860,*,,
Scallop by Dive,66Z,1999,14,7,1,1167,*,,
Scallop by Dive,66Z,1999,14,13,2,11781,*,,
Scallop by Dive,66Z,1999,14,Total,3,12948,27324,,
Scallop by Dive,66Z,1999,17,10,2,930,*,,
Scallop by Dive,66Z,1999,17,12,1,420,*,,
Scallop by Dive,66Z,1999,17,Total,3,1350,2366,,
Scallop by Dive,66Z,1999,18,1,5,31374,46400,,
Scallop by Dive,66Z,1999,18,Total,5,31374,46400,,
Scallop by Dive,66Z,1999,20,5,1,120,*,,
Scallop by Dive,66Z,1999,20,Total,1,120,*,,
Scallop by Dive,66Z,1999,29,4,1,895,*,,
Scallop by Dive,66Z,1999,29,5,1,2774,*,,
Scallop by Dive,66Z,1999,29,Total,1,3669,*,,
Scallop by Dive,66Z,2000,13,2,1,474,*,,
Scallop by Dive,66Z,2000,13,Total,1,474,*,,
Scallop by Dive,66Z,2000,14,2,1,650,*,,
Scallop by Dive,66Z,2000,14,7,1,402,*,,
Scallop by Dive,66Z,2000,14,13,4,28475,65273,,
Scallop by Dive,66Z,2000,14,14,1,22,*,,
Scallop by Dive,66Z,2000,14,Total,5,29549,67593,,
Scallop by Dive,66Z,2000,15,0,1,87,*,,
Scallop by Dive,66Z,2000,15,Total,1,87,*,,
Scallop by Dive,66Z,2000,17,3,2,200,*,,
Scallop by Dive,66Z,2000,17,10,2,5280,*,,
Scallop by Dive,66Z,2000,17,18,2,14452,*,,
Scallop by Dive,66Z,2000,17,19,1,115,*,,
Scallop by Dive,66Z,2000,17,Total,4,20047,28913,,
Scallop by Dive,66Z,2000,18,1,3,15226,19126,,
Scallop by Dive,66Z,2000,18,Total,3,15226,19126,,
Scallop by Dive,66Z,2000,29,4,1,332,*,,
Scallop by Dive,66Z,2000,29,5,1,63,*,,
Scallop by Dive,66Z,2000,29,Total,2,395,*,,
Scallop by Dive,66Z,2001,13,10,2,440,*,,
Scallop by Dive,66Z,2001,13,11,1,555,*,,
Scallop by Dive,66Z,2001,13,Total,2,995,*,,
Scallop by Dive,66Z,2001,14,13,3,16228,38225,,
Scallop by Dive,66Z,2001,14,Total,3,16228,38225,,
Scallop by Dive,66Z,2001,17,3,1,845,*,,
Scallop by Dive,66Z,2001,17,10,2,8925,*,,
Scallop by Dive,66Z,2001,17,Total,2,9770,*,,
Scallop by Dive,66Z,2001,18,1,2,11551,*,,
Scallop by Dive,66Z,2001,18,Total,2,11551,*,,
Scallop by Dive,66Z,2001,29,4,1,2200,*,,
Scallop by Dive,66Z,2001,29,5,2,1854,*,,
Scallop by Dive,66Z,2001,29,Total,3,4054,9176,,
Scallop by Dive,66Z,2002,13,1,1,95,*,,
Scallop by Dive,66Z,2002,13,10,2,880,*,,
Scallop by Dive,66Z,2002,13,11,1,45,*,,
Scallop by Dive,66Z,2002,13,Total,2,1020,*,,
Scallop by Dive,66Z,2002,14,13,3,6138,12930,,
Scallop by Dive,66Z,2002,14,Total,3,6138,12930,,
Scallop by Dive,66Z,2002,15,3,1,265,*,,
Scallop by Dive,66Z,2002,15,Total,1,265,*,,
Scallop by Dive,66Z,2002,17,10,3,9801,**,,
Scallop by Dive,66Z,2002,17,18,2,1520,*,,
Scallop by Dive,66Z,2002,17,Total,3,11321,24289,,
Scallop by Dive,66Z,2002,18,1,1,18600,*,,
Scallop by Dive,66Z,2002,18,Total,1,18600,*,,
Scallop by Dive,66Z,2002,29,5,5,10282,25758,,
Scallop by Dive,66Z,2002,29,Total,5,10282,25758,,
Scallop by Dive,66Z,2003,14,13,1,4107,*,,
Scallop by Dive,66Z,2003,14,Total,1,4107,*,,
Scallop by Dive,66Z,2003,15,2,1,90,*,,
Scallop by Dive,66Z,2003,15,Total,1,90,*,,
Scallop by Dive,66Z,2003,17,10,3,5904,**,,
Scallop by Dive,66Z,2003,17,18,1,3930,*,,
Scallop by Dive,66Z,2003,17,Total,3,9834,35710,,
Scallop by Dive,66Z,2003,18,1,3,19978,38374,,
Scallop by Dive,66Z,2003,18,Total,3,19978,38374,,
Scallop by Dive,66Z,2003,29,5,2,7377,*,,
Scallop by Dive,66Z,2003,29,Total,2,7377,*,,
Scallop by Dive,66Z,2004,13,11,1,102,*,,
Scallop by Dive,66Z,2004,13,Total,1,102,*,,
Scallop by Dive,66Z,2004,14,13,2,2517,*,,
Scallop by Dive,66Z,2004,14,Total,2,2517,*,,
Scallop by Dive,66Z,2004,17,10,1,44,*,,
Scallop by Dive,66Z,2004,17,Total,1,44,*,,
Scallop by Dive,66Z,2004,18,1,3,12143,24893,,
Scallop by Dive,66Z,2004,18,Total,3,12143,24893,,
Scallop by Dive,66Z,2004,29,5,3,11739,29343,,
Scallop by Dive,66Z,2004,29,Total,3,11739,29343,,
Scallop by Dive,66Z,2005,14,13,1,535,*,,
Scallop by Dive,66Z,2005,14,Total,1,535,*,,
Scallop by Dive,66Z,2005,18,1,1,5080,*,,
Scallop by Dive,66Z,2005,18,Total,1,5080,*,,
Scallop by Dive,66Z,2005,29,5,3,5704,14877,,
Scallop by Dive,66Z,2005,29,Total,3,5704,14877,,
Scallop by Dive,66Z,2006,14,13,1,246,*,,
Scallop by Dive,66Z,2006,14,Total,1,246,*,,
Scallop by Dive,66Z,2006,18,1,3,4351,**,,
Scallop by Dive,66Z,2006,18,2,1,263,*,,
Scallop by Dive,66Z,2006,18,Total,3,4614,7690,,
Scallop by Dive,66Z,2006,29,5,2,4830,*,,
Scallop by Dive,66Z,2006,29,6,1,50,*,,
Scallop by Dive,66Z,2006,29,Total,2,4880,*,,
Scallop by Dive,66Z,2007,18,1,1,2840,*,,
Scallop by Dive,66Z,2007,18,Total,1,2840,*,,
Scallop by Dive,66Z,2007,29,5,1,980,*,,
Scallop by Dive,66Z,2007,29,Total,1,980,*,,
Scallop by Dive,66Z,2008,29,5,1,580,*,,
Scallop by Dive,66Z,2008,29,Total,1,580,*,,
Scallop by Dive,66Z,2009,29,5,1,280,*,,
Scallop by Dive,66Z,2009,29,Total,1,280,*,,
Scallop by Dive,66Z,2010,18,1,1,6922,*,,
Scallop by Dive,66Z,2010,18,Total,1,6922,*,,
Scallop by Dive,66Z,2011,18,1,1,1560,*,,
Scallop by Dive,66Z,2011,18,Total,1,1560,*,,
Sea Cucumber,6OB,1983,0,0,1,0,*,,
Sea Cucumber,6OB,1983,0,Total,1,0,*,,
Sea Cucumber,6OB,1983,13,3,3,17881,**,,
Sea Cucumber,6OB,1983,13,6,1,3010,*,,
Sea Cucumber,6OB,1983,13,Total,4,20891,535118,,
Sea Cucumber,6OB,1983,16,2,1,800,*,,
Sea Cucumber,6OB,1983,16,5,1,0,*,,
Sea Cucumber,6OB,1983,16,6,1,1360,*,,
Sea Cucumber,6OB,1983,16,Total,2,2160,*,,
Sea Cucumber,6OB,1983,18,2,1,2330,*,,
Sea Cucumber,6OB,1983,18,4,1,3335,*,,
Sea Cucumber,6OB,1983,18,6,3,7855,102101,,
Sea Cucumber,6OB,1983,18,10,1,1065,*,,
Sea Cucumber,6OB,1983,18,Total,3,14585,205819,,
Sea Cucumber,6OB,1983,19,2,1,1960,*,,
Sea Cucumber,6OB,1983,19,4,3,1510,**,,
Sea Cucumber,6OB,1983,19,Total,4,3470,55029,,
Sea Cucumber,6OB,1983,25,12,1,400,*,,
Sea Cucumber,6OB,1983,25,Total,1,400,*,,
Sea Cucumber,6OB,1983,26,1,1,195,*,,
Sea Cucumber,6OB,1983,26,6,1,8616,*,,
Sea Cucumber,6OB,1983,26,10,1,1005,*,,
Sea Cucumber,6OB,1983,26,Total,1,9816,*,,
Sea Cucumber,6OB,1984,0,0,1,0,*,,
Sea Cucumber,6OB,1984,0,Total,1,0,*,,
Sea Cucumber,6OB,1984,13,1,2,0,*,,
Sea Cucumber,6OB,1984,13,12,2,0,*,,
Sea Cucumber,6OB,1984,13,13,2,0,*,,
Sea Cucumber,6OB,1984,13,16,2,0,*,,
Sea Cucumber,6OB,1984,13,20,2,0,*,,
Sea Cucumber,6OB,1984,13,Total,2,0,*,,
Sea Cucumber,6OB,1984,14,7,2,0,*,,
Sea Cucumber,6OB,1984,14,8,1,0,*,,
Sea Cucumber,6OB,1984,14,9,3,0,1548,,
Sea Cucumber,6OB,1984,14,11,2,0,*,,
Sea Cucumber,6OB,1984,14,Total,3,0,18185,,
Sea Cucumber,6OB,1984,17,10,1,4022,*,,
Sea Cucumber,6OB,1984,17,17,1,2580,*,,
Sea Cucumber,6OB,1984,17,Total,1,6602,*,,
Sea Cucumber,6OB,1984,18,6,3,4965,44616,,
Sea Cucumber,6OB,1984,18,Total,3,4965,44616,,
Sea Cucumber,6OB,1984,19,2,1,295,*,,
Sea Cucumber,6OB,1984,19,6,1,743,*,,
Sea Cucumber,6OB,1984,19,Total,2,1038,*,,
Sea Cucumber,6OB,1985,12,8,1,2010,*,,
Sea Cucumber,6OB,1985,12,23,1,5370,*,,
Sea Cucumber,6OB,1985,12,Total,1,7380,*,,
Sea Cucumber,6OB,1985,13,11,1,0,*,,
Sea Cucumber,6OB,1985,13,12,1,0,*,,
Sea Cucumber,6OB,1985,13,13,1,0,*,,
Sea Cucumber,6OB,1985,13,Total,2,0,*,,
Sea Cucumber,6OB,1985,14,2,1,0,*,,
Sea Cucumber,6OB,1985,14,7,1,3200,*,,
Sea Cucumber,6OB,1985,14,13,2,0,*,,
Sea Cucumber,6OB,1985,14,15,1,0,*,,
Sea Cucumber,6OB,1985,14,Total,3,3200,44790,,
Sea Cucumber,6OB,1985,16,0,1,1400,*,,
Sea Cucumber,6OB,1985,16,Total,1,1400,*,,
Sea Cucumber,6OB,1985,17,1,2,890,*,,
Sea Cucumber,6OB,1985,17,2,2,1796,*,,
Sea Cucumber,6OB,1985,17,18,1,1800,*,,
Sea Cucumber,6OB,1985,17,Total,3,4486,48770,,
Sea Cucumber,6OB,1985,18,2,2,2115,*,,
Sea Cucumber,6OB,1985,18,3,2,2782,*,,
Sea Cucumber,6OB,1985,18,4,2,1298,*,,
Sea Cucumber,6OB,1985,18,6,3,2355,41068,,
Sea Cucumber,6OB,1985,18,9,1,355,*,,
Sea Cucumber,6OB,1985,18,Total,4,8905,109210,,
Sea Cucumber,6OB,1985,19,5,1,90,*,,
Sea Cucumber,6OB,1985,19,Total,1,90,*,,
Sea Cucumber,6OB,1985,24,6,1,625,*,,
Sea Cucumber,6OB,1985,24,7,2,2142,*,,
Sea Cucumber,6OB,1985,24,8,1,1668,*,,
Sea Cucumber,6OB,1985,24,Total,2,4435,*,,
Sea Cucumber,6OB,1986,13,0,1,360,*,,
Sea Cucumber,6OB,1986,13,13,2,7000,*,,
Sea Cucumber,6OB,1986,13,14,1,6490,*,,
Sea Cucumber,6OB,1986,13,15,1,0,*,,
Sea Cucumber,6OB,1986,13,Total,4,13850,102203,,
Sea Cucumber,6OB,1986,14,0,3,3130,28585,,
Sea Cucumber,6OB,1986,14,1,1,755,*,,
Sea Cucumber,6OB,1986,14,8,2,510,*,,
Sea Cucumber,6OB,1986,14,10,1,0,*,,
Sea Cucumber,6OB,1986,14,Total,6,4395,43148,,
Sea Cucumber,6OB,1986,15,0,1,0,*,,
Sea Cucumber,6OB,1986,15,3,1,613,*,,
Sea Cucumber,6OB,1986,15,5,1,2935,*,,
Sea Cucumber,6OB,1986,15,Total,2,3548,*,,
Sea Cucumber,6OB,1986,16,0,1,0,*,,
Sea Cucumber,6OB,1986,16,1,1,0,*,,
Sea Cucumber,6OB,1986,16,3,1,2840,*,,
Sea Cucumber,6OB,1986,16,5,1,0,*,,
Sea Cucumber,6OB,1986,16,6,1,0,*,,
Sea Cucumber,6OB,1986,16,9,1,0,*,,
Sea Cucumber,6OB,1986,16,10,1,5910,*,,
Sea Cucumber,6OB,1986,16,11,1,773,*,,
Sea Cucumber,6OB,1986,16,12,1,6250,*,,
Sea Cucumber,6OB,1986,16,Total,4,15773,218883,,
Sea Cucumber,6OB,1986,17,1,2,2640,*,,
Sea Cucumber,6OB,1986,17,2,3,1464,68069,,
Sea Cucumber,6OB,1986,17,3,1,3900,*,,
Sea Cucumber,6OB,1986,17,5,1,850,*,,
Sea Cucumber,6OB,1986,17,8,1,2100,*,,
Sea Cucumber,6OB,1986,17,10,2,6940,*,,
Sea Cucumber,6OB,1986,17,15,1,2000,*,,
Sea Cucumber,6OB,1986,17,17,1,1200,*,,
Sea Cucumber,6OB,1986,17,18,1,306,*,,
Sea Cucumber,6OB,1986,17,Total,5,21400,351196,,
Sea Cucumber,6OB,1986,18,0,1,4440,*,,
Sea Cucumber,6OB,1986,18,2,1,2000,*,,
Sea Cucumber,6OB,1986,18,4,1,911,*,,
Sea Cucumber,6OB,1986,18,5,1,1482,*,,
Sea Cucumber,6OB,1986,18,6,8,11942,181740,,
Sea Cucumber,6OB,1986,18,9,1,1041,*,,
Sea Cucumber,6OB,1986,18,Total,9,21816,290713,,
Sea Cucumber,6OB,1986,19,1,1,450,*,,
Sea Cucumber,6OB,1986,19,4,1,5,*,,
Sea Cucumber,6OB,1986,19,5,3,1096,54920,,
Sea Cucumber,6OB,1986,19,6,3,5590,63954,,
Sea Cucumber,6OB,1986,19,Total,7,7141,126336,,
Sea Cucumber,6OB,1986,20,5,1,310,*,,
Sea Cucumber,6OB,1986,20,Total,1,310,*,,
Sea Cucumber,6OB,1986,28,1,1,2770,*,,
Sea Cucumber,6OB,1986,28,Total,1,2770,*,,
Sea Cucumber,6OB,1987,2,1,1,2870,*,,
Sea Cucumber,6OB,1987,2,Total,1,2870,*,,
Sea Cucumber,6OB,1987,4,4,1,550,*,,
Sea Cucumber,6OB,1987,4,12,1,405,*,,
Sea Cucumber,6OB,1987,4,Total,2,955,*,,
Sea Cucumber,6OB,1987,5,3,1,970,*,,
Sea Cucumber,6OB,1987,5,Total,1,970,*,,
Sea Cucumber,6OB,1987,7,0,1,2270,*,,
Sea Cucumber,6OB,1987,7,7,2,1445,*,,
Sea Cucumber,6OB,1987,7,12,1,3830,*,,
Sea Cucumber,6OB,1987,7,13,1,2156,*,,
Sea Cucumber,6OB,1987,7,15,1,3252,*,,
Sea Cucumber,6OB,1987,7,17,5,16222,262793,,
Sea Cucumber,6OB,1987,7,22,1,4060,*,,
Sea Cucumber,6OB,1987,7,Total,8,33235,571294,,
Sea Cucumber,6OB,1987,8,2,1,840,*,,
Sea Cucumber,6OB,1987,8,Total,1,840,*,,
Sea Cucumber,6OB,1987,12,0,2,1119,*,,
Sea Cucumber,6OB,1987,12,6,1,405,*,,
Sea Cucumber,6OB,1987,12,8,2,2401,*,,
Sea Cucumber,6OB,1987,12,11,2,2470,*,,
Sea Cucumber,6OB,1987,12,13,2,4570,*,,
Sea Cucumber,6OB,1987,12,16,4,12336,132956,,
Sea Cucumber,6OB,1987,12,18,2,1479,*,,
Sea Cucumber,6OB,1987,12,19,2,2514,*,,
Sea Cucumber,6OB,1987,12,Total,7,27294,275018,,
Sea Cucumber,6OB,1987,13,6,1,366,*,,
Sea Cucumber,6OB,1987,13,12,3,10125,111738,,
Sea Cucumber,6OB,1987,13,13,1,625,*,,
Sea Cucumber,6OB,1987,13,14,1,250,*,,
Sea Cucumber,6OB,1987,13,15,1,230,*,,
Sea Cucumber,6OB,1987,13,16,1,8385,*,,
Sea Cucumber,6OB,1987,13,17,2,6885,*,,
Sea Cucumber,6OB,1987,13,35,1,2489,*,,
Sea Cucumber,6OB,1987,13,36,1,1300,*,,
Sea Cucumber,6OB,1987,13,39,1,819,*,,
Sea Cucumber,6OB,1987,13,42,1,440,*,,
Sea Cucumber,6OB,1987,13,Total,5,31914,348191,,
Sea Cucumber,6OB,1987,14,1,3,3377,24902,,
Sea Cucumber,6OB,1987,14,3,2,327,*,,
Sea Cucumber,6OB,1987,14,5,1,405,*,,
Sea Cucumber,6OB,1987,14,Total,3,4109,28946,,
Sea Cucumber,6OB,1987,15,3,1,138,*,,
Sea Cucumber,6OB,1987,15,4,2,2750,*,,
Sea Cucumber,6OB,1987,15,Total,3,2888,29396,,
Sea Cucumber,6OB,1987,16,17,1,4529,*,,
Sea Cucumber,6OB,1987,16,19,1,1310,*,,
Sea Cucumber,6OB,1987,16,Total,2,5839,*,,
Sea Cucumber,6OB,1987,17,18,1,422,*,,
Sea Cucumber,6OB,1987,17,Total,1,422,*,,
Sea Cucumber,6OB,1987,18,0,1,350,*,,
Sea Cucumber,6OB,1987,18,6,4,12106,115772,,
Sea Cucumber,6OB,1987,18,10,1,4040,*,,
Sea Cucumber,6OB,1987,18,Total,5,16496,188579,,
Sea Cucumber,6OB,1987,19,3,1,40,*,,
Sea Cucumber,6OB,1987,19,4,1,5700,*,,
Sea Cucumber,6OB,1987,19,6,2,1619,*,,
Sea Cucumber,6OB,1987,19,Total,4,7359,55777,,
Sea Cucumber,6OB,1987,20,0,1,280,*,,
Sea Cucumber,6OB,1987,20,Total,1,280,*,,
Sea Cucumber,6OB,1987,23,0,1,617,*,,
Sea Cucumber,6OB,1987,23,9,2,618,*,,
Sea Cucumber,6OB,1987,23,10,3,4163,42522,,
Sea Cucumber,6OB,1987,23,11,1,480,*,,
Sea Cucumber,6OB,1987,23,Total,4,5878,73259,,
Sea Cucumber,6OB,1987,24,0,1,1260,*,,
Sea Cucumber,6OB,1987,24,2,1,0,*,,
Sea Cucumber,6OB,1987,24,3,1,0,*,,
Sea Cucumber,6OB,1987,24,4,1,0,*,,
Sea Cucumber,6OB,1987,24,5,1,0,*,,
Sea Cucumber,6OB,1987,24,6,1,700,*,,
Sea Cucumber,6OB,1987,24,7,2,350,*,,
Sea Cucumber,6OB,1987,24,9,3,7071,71273,,
Sea Cucumber,6OB,1987,24,10,1,0,*,,
Sea Cucumber,6OB,1987,24,11,1,4200,*,,
Sea Cucumber,6OB,1987,24,13,1,0,*,,
Sea Cucumber,6OB,1987,24,14,1,0,*,,
Sea Cucumber,6OB,1987,24,Total,5,13581,213448,,
Sea Cucumber,6OB,1987,25,6,1,2150,*,,
Sea Cucumber,6OB,1987,25,8,3,10340,147684,,
Sea Cucumber,6OB,1987,25,9,3,8150,115669,,
Sea Cucumber,6OB,1987,25,13,1,2360,*,,
Sea Cucumber,6OB,1987,25,Total,4,23000,308468,,
Sea Cucumber,6OB,1987,26,2,2,11000,*,,
Sea Cucumber,6OB,1987,26,Total,2,11000,*,,
Sea Cucumber,6OB,1987,27,7,1,1750,*,,
Sea Cucumber,6OB,1987,27,Total,1,1750,*,,
Sea Cucumber,6OB,1987,28,1,1,2615,*,,
Sea Cucumber,6OB,1987,28,2,3,8635,**,,
Sea Cucumber,6OB,1987,28,Total,3,11250,125781,,
Sea Cucumber,6OB,1988,4,9,2,8800,*,,
Sea Cucumber,6OB,1988,4,Total,2,8800,*,,
Sea Cucumber,6OB,1988,5,12,1,0,*,,
Sea Cucumber,6OB,1988,5,Total,1,0,*,,
Sea Cucumber,6OB,1988,6,16,2,260,*,,
Sea Cucumber,6OB,1988,6,18,2,570,*,,
Sea Cucumber,6OB,1988,6,19,1,165,*,,
Sea Cucumber,6OB,1988,6,20,2,1520,*,,
Sea Cucumber,6OB,1988,6,25,5,17269,218791,,
Sea Cucumber,6OB,1988,6,Total,5,19784,262937,,
Sea Cucumber,6OB,1988,7,4,2,845,*,,
Sea Cucumber,6OB,1988,7,5,1,700,*,,
Sea Cucumber,6OB,1988,7,6,5,3855,49070,,
Sea Cucumber,6OB,1988,7,9,2,190,*,,
Sea Cucumber,6OB,1988,7,13,1,1304,*,,
Sea Cucumber,6OB,1988,7,15,1,5710,*,,
Sea Cucumber,6OB,1988,7,17,2,1200,*,,
Sea Cucumber,6OB,1988,7,18,1,400,*,,
Sea Cucumber,6OB,1988,7,22,1,0,*,,
Sea Cucumber,6OB,1988,7,23,1,400,*,,
Sea Cucumber,6OB,1988,7,24,1,400,*,,
Sea Cucumber,6OB,1988,7,27,5,10716,154069,,
Sea Cucumber,6OB,1988,7,29,2,865,*,,
Sea Cucumber,6OB,1988,7,Total,13,26585,387336,,
Sea Cucumber,6OB,1988,8,1,1,1900,*,,
Sea Cucumber,6OB,1988,8,2,1,2495,*,,
Sea Cucumber,6OB,1988,8,4,2,2468,*,,
Sea Cucumber,6OB,1988,8,Total,3,6863,75248,,
Sea Cucumber,6OB,1988,11,2,1,300,*,,
Sea Cucumber,6OB,1988,11,Total,1,300,*,,
Sea Cucumber,6OB,1988,12,1,1,1210,*,,
Sea Cucumber,6OB,1988,12,5,1,560,*,,
Sea Cucumber,6OB,1988,12,11,1,250,*,,
Sea Cucumber,6OB,1988,12,13,2,330,*,,
Sea Cucumber,6OB,1988,12,15,1,5285,*,,
Sea Cucumber,6OB,1988,12,16,4,1915,20987,,
Sea Cucumber,6OB,1988,12,17,1,360,*,,
Sea Cucumber,6OB,1988,12,18,1,1080,*,,
Sea Cucumber,6OB,1988,12,19,1,2673,*,,
Sea Cucumber,6OB,1988,12,Total,9,13663,150338,,
Sea Cucumber,6OB,1988,13,0,1,1100,*,,
Sea Cucumber,6OB,1988,13,6,2,1720,*,,
Sea Cucumber,6OB,1988,13,7,1,400,*,,
Sea Cucumber,6OB,1988,13,9,1,965,*,,
Sea Cucumber,6OB,1988,13,10,2,1012,*,,
Sea Cucumber,6OB,1988,13,11,1,1108,*,,
Sea Cucumber,6OB,1988,13,12,3,1707,11252,,
Sea Cucumber,6OB,1988,13,13,1,200,*,,
Sea Cucumber,6OB,1988,13,16,1,1200,*,,
Sea Cucumber,6OB,1988,13,17,1,2790,*,,
Sea Cucumber,6OB,1988,13,18,1,1350,*,,
Sea Cucumber,6OB,1988,13,19,1,1625,*,,
Sea Cucumber,6OB,1988,13,20,1,1730,*,,
Sea Cucumber,6OB,1988,13,21,1,205,*,,
Sea Cucumber,6OB,1988,13,22,1,1320,*,,
Sea Cucumber,6OB,1988,13,23,1,1180,*,,
Sea Cucumber,6OB,1988,13,32,1,400,*,,
Sea Cucumber,6OB,1988,13,33,1,350,*,,
Sea Cucumber,6OB,1988,13,Total,6,20362,242935,,
Sea Cucumber,6OB,1988,15,1,1,303,*,,
Sea Cucumber,6OB,1988,15,3,1,3280,*,,
Sea Cucumber,6OB,1988,15,5,1,1250,*,,
Sea Cucumber,6OB,1988,15,Total,2,4833,*,,
Sea Cucumber,6OB,1988,16,1,1,815,*,,
Sea Cucumber,6OB,1988,16,16,1,570,*,,
Sea Cucumber,6OB,1988,16,17,1,605,*,,
Sea Cucumber,6OB,1988,16,18,1,1791,*,,
Sea Cucumber,6OB,1988,16,Total,2,3781,*,,
Sea Cucumber,6OB,1988,17,1,1,170,*,,
Sea Cucumber,6OB,1988,17,3,1,205,*,,
Sea Cucumber,6OB,1988,17,10,1,660,*,,
Sea Cucumber,6OB,1988,17,Total,2,1035,*,,
Sea Cucumber,6OB,1988,18,0,2,480,*,,
Sea Cucumber,6OB,1988,18,2,1,0,*,,
Sea Cucumber,6OB,1988,18,4,5,401,98757,,
Sea Cucumber,6OB,1988,18,5,2,0,*,,
Sea Cucumber,6OB,1988,18,6,6,5443,146121,,
Sea Cucumber,6OB,1988,18,9,1,0,*,,
Sea Cucumber,6OB,1988,18,10,1,0,*,,
Sea Cucumber,6OB,1988,18,Total,9,6324,440423,,
Sea Cucumber,6OB,1988,19,0,1,2260,*,,
Sea Cucumber,6OB,1988,19,2,1,400,*,,
Sea Cucumber,6OB,1988,19,3,4,11895,115708,,
Sea Cucumber,6OB,1988,19,5,2,1872,*,,
Sea Cucumber,6OB,1988,19,6,2,1732,*,,
Sea Cucumber,6OB,1988,19,8,1,375,*,,
Sea Cucumber,6OB,1988,19,Total,7,18534,190971,,
Sea Cucumber,6OB,1988,20,5,2,1610,*,,
Sea Cucumber,6OB,1988,20,Total,2,1610,*,,
Sea Cucumber,6OB,1988,24,0,3,15230,239555,,
Sea Cucumber,6OB,1988,24,2,1,140,*,,
Sea Cucumber,6OB,1988,24,4,3,1980,20244,,
Sea Cucumber,6OB,1988,24,5,4,3571,33315,,
Sea Cucumber,6OB,1988,24,6,7,10494,113040,,
Sea Cucumber,6OB,1988,24,7,8,35439,347081,,
Sea Cucumber,6OB,1988,24,8,2,1285,*,,
Sea Cucumber,6OB,1988,24,9,2,1270,*,,
Sea Cucumber,6OB,1988,24,10,4,10332,73082,,
Sea Cucumber,6OB,1988,24,11,1,1950,*,,
Sea Cucumber,6OB,1988,24,Total,11,81691,858609,,
Sea Cucumber,6OB,1988,25,8,3,4230,42090,,
Sea Cucumber,6OB,1988,25,9,2,1200,*,,
Sea Cucumber,6OB,1988,25,12,1,2682,*,,
Sea Cucumber,6OB,1988,25,13,1,6014,*,,
Sea Cucumber,6OB,1988,25,Total,5,14126,122952,,
Sea Cucumber,6OB,1988,26,0,3,3660,56289,,
Sea Cucumber,6OB,1988,26,1,1,642,*,,
Sea Cucumber,6OB,1988,26,2,2,6488,*,,
Sea Cucumber,6OB,1988,26,3,3,1740,21444,,
Sea Cucumber,6OB,1988,26,5,1,2520,*,,
Sea Cucumber,6OB,1988,26,6,5,3385,45297,,
Sea Cucumber,6OB,1988,26,Total,10,18435,204652,,
Sea Cucumber,6OB,1988,27,2,1,130,*,,
Sea Cucumber,6OB,1988,27,3,1,2785,*,,
Sea Cucumber,6OB,1988,27,7,4,13214,188033,,
Sea Cucumber,6OB,1988,27,9,1,240,*,,
Sea Cucumber,6OB,1988,27,Total,6,16369,223287,,
Sea Cucumber,6OB,1988,28,1,1,180,*,,
Sea Cucumber,6OB,1988,28,Total,1,180,*,,
Sea Cucumber,6OB,1989,2,1,3,2180,20959,,
Sea Cucumber,6OB,1989,2,2,1,130,*,,
Sea Cucumber,6OB,1989,2,3,2,1150,*,,
Sea Cucumber,6OB,1989,2,4,6,5355,67838,,
Sea Cucumber,6OB,1989,2,5,1,180,*,,
Sea Cucumber,6OB,1989,2,6,5,5890,68496,,
Sea Cucumber,6OB,1989,2,8,1,1420,*,,
Sea Cucumber,6OB,1989,2,10,1,400,*,,
Sea Cucumber,6OB,1989,2,11,1,1960,*,,
Sea Cucumber,6OB,1989,2,12,1,980,*,,
Sea Cucumber,6OB,1989,2,15,1,980,*,,
Sea Cucumber,6OB,1989,2,19,1,240,*,,
Sea Cucumber,6OB,1989,2,Total,9,20865,252926,,
Sea Cucumber,6OB,1989,3,1,1,650,*,,
Sea Cucumber,6OB,1989,3,Total,1,650,*,,
Sea Cucumber,6OB,1989,4,0,1,916,*,,
Sea Cucumber,6OB,1989,4,2,2,8705,*,,
Sea Cucumber,6OB,1989,4,9,2,2295,*,,
Sea Cucumber,6OB,1989,4,12,1,575,*,,
Sea Cucumber,6OB,1989,4,Total,3,12491,130452,,
Sea Cucumber,6OB,1989,5,0,3,1309,4940,,
Sea Cucumber,6OB,1989,5,3,1,400,*,,
Sea Cucumber,6OB,1989,5,4,1,400,*,,
Sea Cucumber,6OB,1989,5,9,2,2230,*,,
Sea Cucumber,6OB,1989,5,10,3,1135,12167,,
Sea Cucumber,6OB,1989,5,12,1,452,*,,
Sea Cucumber,6OB,1989,5,14,7,4320,44891,,
Sea Cucumber,6OB,1989,5,15,1,860,*,,
Sea Cucumber,6OB,1989,5,16,4,7151,92077,,
Sea Cucumber,6OB,1989,5,23,1,185,*,,
Sea Cucumber,6OB,1989,5,Total,15,18442,208323,,
Sea Cucumber,6OB,1989,6,0,1,360,*,,
Sea Cucumber,6OB,1989,6,20,1,945,*,,
Sea Cucumber,6OB,1989,6,24,1,415,*,,
Sea Cucumber,6OB,1989,6,25,2,2258,*,,
Sea Cucumber,6OB,1989,6,Total,3,3978,25522,,
Sea Cucumber,6OB,1989,7,0,1,240,*,,
Sea Cucumber,6OB,1989,7,4,1,735,*,,
Sea Cucumber,6OB,1989,7,5,3,930,9680,,
Sea Cucumber,6OB,1989,7,6,1,295,*,,
Sea Cucumber,6OB,1989,7,7,1,190,*,,
Sea Cucumber,6OB,1989,7,9,3,1636,13335,,
Sea Cucumber,6OB,1989,7,12,5,4683,45405,,
Sea Cucumber,6OB,1989,7,13,1,1113,*,,
Sea Cucumber,6OB,1989,7,15,3,5440,51005,,
Sea Cucumber,6OB,1989,7,17,8,12324,204239,,
Sea Cucumber,6OB,1989,7,18,1,365,*,,
Sea Cucumber,6OB,1989,7,22,1,900,*,,
Sea Cucumber,6OB,1989,7,25,2,889,*,,
Sea Cucumber,6OB,1989,7,30,1,85,*,,
Sea Cucumber,6OB,1989,7,Total,17,29825,371278,,
Sea Cucumber,6OB,1989,8,2,1,350,*,,
Sea Cucumber,6OB,1989,8,Total,1,350,*,,
Sea Cucumber,6OB,1989,12,0,1,0,*,,
Sea Cucumber,6OB,1989,12,1,1,340,*,,
Sea Cucumber,6OB,1989,12,2,1,1890,*,,
Sea Cucumber,6OB,1989,12,11,2,2880,*,,
Sea Cucumber,6OB,1989,12,15,1,450,*,,
Sea Cucumber,6OB,1989,12,16,2,3040,*,,
Sea Cucumber,6OB,1989,12,18,3,390,2655,,
Sea Cucumber,6OB,1989,12,Total,9,8990,131131,,
Sea Cucumber,6OB,1989,13,0,1,0,*,,
Sea Cucumber,6OB,1989,13,1,1,45,*,,
Sea Cucumber,6OB,1989,13,9,2,1033,*,,
Sea Cucumber,6OB,1989,13,10,2,260,*,,
Sea Cucumber,6OB,1989,13,11,1,190,*,,
Sea Cucumber,6OB,1989,13,12,4,9420,154246,,
Sea Cucumber,6OB,1989,13,13,1,0,*,,
Sea Cucumber,6OB,1989,13,28,1,250,*,,
Sea Cucumber,6OB,1989,13,Total,9,11198,177823,,
Sea Cucumber,6OB,1989,18,0,1,460,*,,
Sea Cucumber,6OB,1989,18,2,3,1400,8020,,
Sea Cucumber,6OB,1989,18,4,3,2250,16743,,
Sea Cucumber,6OB,1989,18,5,4,3500,26623,,
Sea Cucumber,6OB,1989,18,6,5,3139,28999,,
Sea Cucumber,6OB,1989,18,7,1,1092,*,,
Sea Cucumber,6OB,1989,18,10,1,175,*,,
Sea Cucumber,6OB,1989,18,11,1,1080,*,,
Sea Cucumber,6OB,1989,18,Total,10,13096,98483,,
Sea Cucumber,6OB,1989,19,0,1,135,*,,
Sea Cucumber,6OB,1989,19,3,1,370,*,,
Sea Cucumber,6OB,1989,19,4,1,780,*,,
Sea Cucumber,6OB,1989,19,5,4,3975,37419,,
Sea Cucumber,6OB,1989,19,7,1,109,*,,
Sea Cucumber,6OB,1989,19,Total,5,5369,41914,,
Sea Cucumber,6OB,1989,20,5,3,3325,19407,,
Sea Cucumber,6OB,1989,20,7,4,8890,46043,,
Sea Cucumber,6OB,1989,20,Total,6,12215,65450,,
Sea Cucumber,6OB,1989,23,0,1,1105,*,,
Sea Cucumber,6OB,1989,23,5,1,730,*,,
Sea Cucumber,6OB,1989,23,6,1,440,*,,
Sea Cucumber,6OB,1989,23,10,2,1200,*,,
Sea Cucumber,6OB,1989,23,11,1,290,*,,
Sea Cucumber,6OB,1989,23,Total,5,3765,56629,,
Sea Cucumber,6OB,1989,24,3,1,772,*,,
Sea Cucumber,6OB,1989,24,4,1,870,*,,
Sea Cucumber,6OB,1989,24,5,1,255,*,,
Sea Cucumber,6OB,1989,24,6,5,3075,48078,,
Sea Cucumber,6OB,1989,24,7,7,8552,70645,,
Sea Cucumber,6OB,1989,24,8,3,2550,20471,,
Sea Cucumber,6OB,1989,24,9,1,440,*,,
Sea Cucumber,6OB,1989,24,10,2,1155,*,,
Sea Cucumber,6OB,1989,24,11,1,0,*,,
Sea Cucumber,6OB,1989,24,12,1,220,*,,
Sea Cucumber,6OB,1989,24,13,1,1050,*,,
Sea Cucumber,6OB,1989,24,Total,16,18939,181543,,
Sea Cucumber,6OB,1989,25,4,1,0,*,,
Sea Cucumber,6OB,1989,25,6,1,1140,*,,
Sea Cucumber,6OB,1989,25,8,1,200,*,,
Sea Cucumber,6OB,1989,25,9,1,400,*,,
Sea Cucumber,6OB,1989,25,Total,2,1740,*,,
Sea Cucumber,6OB,1989,27,0,1,0,*,,
Sea Cucumber,6OB,1989,27,2,1,1750,*,,
Sea Cucumber,6OB,1989,27,7,3,3579,35103,,
Sea Cucumber,6OB,1989,27,Total,4,5329,60663,,
Sea Cucumber,6OB,1990,2,4,1,390,*,,
Sea Cucumber,6OB,1990,2,6,1,500,*,,
Sea Cucumber,6OB,1990,2,8,1,200,*,,
Sea Cucumber,6OB,1990,2,10,1,180,*,,
Sea Cucumber,6OB,1990,2,11,7,13660,100119,,
Sea Cucumber,6OB,1990,2,12,1,60,*,,
Sea Cucumber,6OB,1990,2,13,2,1325,*,,
Sea Cucumber,6OB,1990,2,14,1,365,*,,
Sea Cucumber,6OB,1990,2,15,1,1440,*,,
Sea Cucumber,6OB,1990,2,18,2,820,*,,
Sea Cucumber,6OB,1990,2,Total,10,18940,150049,,
Sea Cucumber,6OB,1990,3,6,1,2964,*,,
Sea Cucumber,6OB,1990,3,Total,1,2964,*,,
Sea Cucumber,6OB,1990,4,1,8,13134,124555,,
Sea Cucumber,6OB,1990,4,4,1,220,*,,
Sea Cucumber,6OB,1990,4,5,3,2730,26160,,
Sea Cucumber,6OB,1990,4,9,1,30,*,,
Sea Cucumber,6OB,1990,4,Total,10,16114,151854,,
Sea Cucumber,6OB,1990,5,0,1,0,*,,
Sea Cucumber,6OB,1990,5,2,1,260,*,,
Sea Cucumber,6OB,1990,5,8,1,840,*,,
Sea Cucumber,6OB,1990,5,10,1,380,*,,
Sea Cucumber,6OB,1990,5,13,2,1800,*,,
Sea Cucumber,6OB,1990,5,14,4,5850,42884,,
Sea Cucumber,6OB,1990,5,16,1,410,*,,
Sea Cucumber,6OB,1990,5,17,1,496,*,,
Sea Cucumber,6OB,1990,5,18,1,895,*,,
Sea Cucumber,6OB,1990,5,24,1,920,*,,
Sea Cucumber,6OB,1990,5,Total,8,11851,99835,,
Sea Cucumber,6OB,1990,6,20,4,3044,**,,
Sea Cucumber,6OB,1990,6,24,1,185,*,,
Sea Cucumber,6OB,1990,6,25,4,4575,25877,,
Sea Cucumber,6OB,1990,6,Total,5,7804,50665,,
Sea Cucumber,6OB,1990,7,4,1,205,*,,
Sea Cucumber,6OB,1990,7,5,2,1610,*,,
Sea Cucumber,6OB,1990,7,6,1,615,*,,
Sea Cucumber,6OB,1990,7,8,2,492,*,,
Sea Cucumber,6OB,1990,7,9,2,630,*,,
Sea Cucumber,6OB,1990,7,12,10,7908,72472,,
Sea Cucumber,6OB,1990,7,15,2,805,*,,
Sea Cucumber,6OB,1990,7,17,14,17449,168587,,
Sea Cucumber,6OB,1990,7,20,2,470,*,,
Sea Cucumber,6OB,1990,7,22,2,1005,*,,
Sea Cucumber,6OB,1990,7,24,2,580,*,,
Sea Cucumber,6OB,1990,7,25,1,2955,*,,
Sea Cucumber,6OB,1990,7,32,1,1780,*,,
Sea Cucumber,6OB,1990,7,Total,24,36504,316686,,
Sea Cucumber,6OB,1990,12,1,1,1980,*,,
Sea Cucumber,6OB,1990,12,3,1,460,*,,
Sea Cucumber,6OB,1990,12,7,1,720,*,,
Sea Cucumber,6OB,1990,12,11,1,695,*,,
Sea Cucumber,6OB,1990,12,13,3,5859,42897,,
Sea Cucumber,6OB,1990,12,16,6,7385,45963,,
Sea Cucumber,6OB,1990,12,18,1,2640,*,,
Sea Cucumber,6OB,1990,12,19,1,90,*,,
Sea Cucumber,6OB,1990,12,39,3,4020,65369,,
Sea Cucumber,6OB,1990,12,41,2,1200,*,,
Sea Cucumber,6OB,1990,12,42,2,1330,*,,
Sea Cucumber,6OB,1990,12,45,1,400,*,,
Sea Cucumber,6OB,1990,12,Total,20,26779,231569,,
Sea Cucumber,6OB,1990,13,10,1,560,*,,
Sea Cucumber,6OB,1990,13,11,1,1594,*,,
Sea Cucumber,6OB,1990,13,12,7,9568,51498,,
Sea Cucumber,6OB,1990,13,13,1,720,*,,
Sea Cucumber,6OB,1990,13,16,2,1125,*,,
Sea Cucumber,6OB,1990,13,17,2,780,*,,
Sea Cucumber,6OB,1990,13,26,1,241,*,,
Sea Cucumber,6OB,1990,13,27,1,347,*,,
Sea Cucumber,6OB,1990,13,33,1,100,*,,
Sea Cucumber,6OB,1990,13,40,1,1490,*,,
Sea Cucumber,6OB,1990,13,41,1,400,*,,
Sea Cucumber,6OB,1990,13,42,1,420,*,,
Sea Cucumber,6OB,1990,13,Total,13,17345,127359,,
Sea Cucumber,6OB,1990,18,2,4,2249,14490,,
Sea Cucumber,6OB,1990,18,3,1,470,*,,
Sea Cucumber,6OB,1990,18,4,1,1018,*,,
Sea Cucumber,6OB,1990,18,5,1,828,*,,
Sea Cucumber,6OB,1990,18,6,3,2692,33096,,
Sea Cucumber,6OB,1990,18,7,2,1285,*,,
Sea Cucumber,6OB,1990,18,8,2,1545,*,,
Sea Cucumber,6OB,1990,18,9,1,235,*,,
Sea Cucumber,6OB,1990,18,11,1,340,*,,
Sea Cucumber,6OB,1990,18,Total,11,10662,96535,,
Sea Cucumber,6OB,1990,19,4,1,0,*,,
Sea Cucumber,6OB,1990,19,5,2,285,*,,
Sea Cucumber,6OB,1990,19,6,1,174,*,,
Sea Cucumber,6OB,1990,19,Total,3,459,5385,,
Sea Cucumber,6OB,1990,20,0,1,300,*,,
Sea Cucumber,6OB,1990,20,5,1,500,*,,
Sea Cucumber,6OB,1990,20,7,2,1050,*,,
Sea Cucumber,6OB,1990,20,Total,4,1850,14010,,
Sea Cucumber,6OB,1990,23,9,1,950,*,,
Sea Cucumber,6OB,1990,23,10,1,500,*,,
Sea Cucumber,6OB,1990,23,11,1,720,*,,
Sea Cucumber,6OB,1990,23,Total,2,2170,*,,
Sea Cucumber,6OB,1990,24,2,1,0,*,,
Sea Cucumber,6OB,1990,24,3,3,1521,16310,,
Sea Cucumber,6OB,1990,24,4,2,773,*,,
Sea Cucumber,6OB,1990,24,6,8,5543,70095,,
Sea Cucumber,6OB,1990,24,7,9,12528,84631,,
Sea Cucumber,6OB,1990,24,8,2,570,*,,
Sea Cucumber,6OB,1990,24,9,3,450,1781,,
Sea Cucumber,6OB,1990,24,10,3,1399,15176,,
Sea Cucumber,6OB,1990,24,14,2,188,*,,
Sea Cucumber,6OB,1990,24,Total,15,22972,220244,,
Sea Cucumber,6OB,1990,25,6,2,7180,*,,
Sea Cucumber,6OB,1990,25,15,1,960,*,,
Sea Cucumber,6OB,1990,25,Total,2,8140,*,,
Sea Cucumber,6OB,1990,27,7,4,4155,23301,,
Sea Cucumber,6OB,1990,27,8,1,240,*,,
Sea Cucumber,6OB,1990,27,9,1,250,*,,
Sea Cucumber,6OB,1990,27,10,1,240,*,,
Sea Cucumber,6OB,1990,27,Total,4,4885,26718,,
Sea Cucumber,6OB,1991,2,4,3,1520,13295,,
Sea Cucumber,6OB,1991,2,6,3,2970,18966,,
Sea Cucumber,6OB,1991,2,10,3,2290,21818,,
Sea Cucumber,6OB,1991,2,11,5,4433,28933,,
Sea Cucumber,6OB,1991,2,12,4,2858,20153,,
Sea Cucumber,6OB,1991,2,13,1,350,*,,
Sea Cucumber,6OB,1991,2,14,2,1350,*,,
Sea Cucumber,6OB,1991,2,15,5,1270,40575,,
Sea Cucumber,6OB,1991,2,Total,14,17041,166859,,
Sea Cucumber,6OB,1991,3,6,1,150,*,,
Sea Cucumber,6OB,1991,3,Total,1,150,*,,
Sea Cucumber,6OB,1991,4,1,5,3855,29786,,
Sea Cucumber,6OB,1991,4,2,2,960,*,,
Sea Cucumber,6OB,1991,4,4,1,240,*,,
Sea Cucumber,6OB,1991,4,5,5,4325,31770,,
Sea Cucumber,6OB,1991,4,10,1,260,*,,
Sea Cucumber,6OB,1991,4,Total,13,9640,80632,,
Sea Cucumber,6OB,1991,5,3,1,410,*,,
Sea Cucumber,6OB,1991,5,14,1,225,*,,
Sea Cucumber,6OB,1991,5,17,7,5445,82047,,
Sea Cucumber,6OB,1991,5,18,2,1310,*,,
Sea Cucumber,6OB,1991,5,19,1,1080,*,,
Sea Cucumber,6OB,1991,5,24,4,6980,74556,,
Sea Cucumber,6OB,1991,5,Total,13,15450,179441,,
Sea Cucumber,6OB,1991,6,9,1,900,*,,
Sea Cucumber,6OB,1991,6,20,2,1570,*,,
Sea Cucumber,6OB,1991,6,24,1,180,*,,
Sea Cucumber,6OB,1991,6,25,1,1530,*,,
Sea Cucumber,6OB,1991,6,Total,5,4180,32481,,
Sea Cucumber,6OB,1991,7,2,1,0,*,,
Sea Cucumber,6OB,1991,7,6,1,885,*,,
Sea Cucumber,6OB,1991,7,9,4,3340,32954,,
Sea Cucumber,6OB,1991,7,12,2,1700,*,,
Sea Cucumber,6OB,1991,7,13,3,1015,7025,,
Sea Cucumber,6OB,1991,7,15,5,1310,9435,,
Sea Cucumber,6OB,1991,7,17,15,16058,126405,,
Sea Cucumber,6OB,1991,7,23,2,1600,*,,
Sea Cucumber,6OB,1991,7,24,2,0,*,,
Sea Cucumber,6OB,1991,7,25,1,650,*,,
Sea Cucumber,6OB,1991,7,Total,29,26558,273573,,
Sea Cucumber,6OB,1991,18,1,1,2200,*,,
Sea Cucumber,6OB,1991,18,2,4,2395,9975,,
Sea Cucumber,6OB,1991,18,3,3,2008,7039,,
Sea Cucumber,6OB,1991,18,4,3,1266,4565,,
Sea Cucumber,6OB,1991,18,5,6,7991,29142,,
Sea Cucumber,6OB,1991,18,6,6,9430,65440,,
Sea Cucumber,6OB,1991,18,7,2,3485,*,,
Sea Cucumber,6OB,1991,18,8,1,720,*,,
Sea Cucumber,6OB,1991,18,9,1,800,*,,
Sea Cucumber,6OB,1991,18,11,1,110,*,,
Sea Cucumber,6OB,1991,18,Total,17,30405,150821,,
Sea Cucumber,6OB,1991,19,3,1,605,*,,
Sea Cucumber,6OB,1991,19,5,3,1785,**,,
Sea Cucumber,6OB,1991,19,Total,3,2390,10428,,
Sea Cucumber,6OB,1991,20,5,1,375,*,,
Sea Cucumber,6OB,1991,20,Total,1,375,*,,
Sea Cucumber,6OB,1991,25,1,4,18658,87695,,
Sea Cucumber,6OB,1991,25,9,3,4455,24838,,
Sea Cucumber,6OB,1991,25,Total,5,23113,112533,,
Sea Cucumber,6OB,1991,26,1,1,480,*,,
Sea Cucumber,6OB,1991,26,2,1,960,*,,
Sea Cucumber,6OB,1991,26,3,1,480,*,,
Sea Cucumber,6OB,1991,26,5,1,240,*,,
Sea Cucumber,6OB,1991,26,Total,1,2160,*,,
Sea Cucumber,6OB,1991,27,3,2,2877,*,,
Sea Cucumber,6OB,1991,27,7,5,17215,83779,,
Sea Cucumber,6OB,1991,27,9,1,400,*,,
Sea Cucumber,6OB,1991,27,11,1,340,*,,
Sea Cucumber,6OB,1991,27,Total,6,20832,104497,,
Sea Cucumber,6OB,1992,2,0,1,3750,*,,
Sea Cucumber,6OB,1992,2,3,1,200,*,,
Sea Cucumber,6OB,1992,2,4,1,200,*,,
Sea Cucumber,6OB,1992,2,6,5,2730,30866,,
Sea Cucumber,6OB,1992,2,8,1,2975,*,,
Sea Cucumber,6OB,1992,2,9,1,4120,*,,
Sea Cucumber,6OB,1992,2,10,2,1360,*,,
Sea Cucumber,6OB,1992,2,11,3,2800,27091,,
Sea Cucumber,6OB,1992,2,14,1,560,*,,
Sea Cucumber,6OB,1992,2,15,4,7619,42496,,
Sea Cucumber,6OB,1992,2,18,1,1630,*,,
Sea Cucumber,6OB,1992,2,Total,12,27944,181026,,
Sea Cucumber,6OB,1992,3,6,1,200,*,,
Sea Cucumber,6OB,1992,3,7,1,1500,*,,
Sea Cucumber,6OB,1992,3,8,1,1444,*,,
Sea Cucumber,6OB,1992,3,Total,3,3144,16030,,
Sea Cucumber,6OB,1992,5,0,1,290,*,,
Sea Cucumber,6OB,1992,5,16,2,1320,*,,
Sea Cucumber,6OB,1992,5,17,9,8585,61962,,
Sea Cucumber,6OB,1992,5,19,1,560,*,,
Sea Cucumber,6OB,1992,5,20,3,2515,43467,,
Sea Cucumber,6OB,1992,5,22,2,580,*,,
Sea Cucumber,6OB,1992,5,24,7,3635,43071,,
Sea Cucumber,6OB,1992,5,Total,24,17485,174344,,
Sea Cucumber,6OB,1992,6,0,1,1050,*,,
Sea Cucumber,6OB,1992,6,2,3,800,11393,,
Sea Cucumber,6OB,1992,6,5,2,1960,*,,
Sea Cucumber,6OB,1992,6,9,9,6880,61369,,
Sea Cucumber,6OB,1992,6,Total,15,10690,101648,,
Sea Cucumber,6OB,1992,7,9,1,1250,*,,
Sea Cucumber,6OB,1992,7,13,1,137,*,,
Sea Cucumber,6OB,1992,7,14,1,935,*,,
Sea Cucumber,6OB,1992,7,24,1,400,*,,
Sea Cucumber,6OB,1992,7,25,1,1200,*,,
Sea Cucumber,6OB,1992,7,30,1,632,*,,
Sea Cucumber,6OB,1992,7,Total,6,4554,36573,,
Sea Cucumber,6OB,1992,8,4,4,3165,**,,
Sea Cucumber,6OB,1992,8,16,1,750,*,,
Sea Cucumber,6OB,1992,8,Total,5,3915,54395,,
Sea Cucumber,6OB,1992,12,2,1,175,*,,
Sea Cucumber,6OB,1992,12,6,2,780,*,,
Sea Cucumber,6OB,1992,12,11,1,1000,*,,
Sea Cucumber,6OB,1992,12,13,1,950,*,,
Sea Cucumber,6OB,1992,12,16,2,1370,*,,
Sea Cucumber,6OB,1992,12,18,1,1440,*,,
Sea Cucumber,6OB,1992,12,19,1,540,*,,
Sea Cucumber,6OB,1992,12,20,1,3167,*,,
Sea Cucumber,6OB,1992,12,25,1,850,*,,
Sea Cucumber,6OB,1992,12,39,6,12196,152368,,
Sea Cucumber,6OB,1992,12,41,2,2000,*,,
Sea Cucumber,6OB,1992,12,42,1,1800,*,,
Sea Cucumber,6OB,1992,12,Total,15,26268,285116,,
Sea Cucumber,6OB,1992,13,12,2,2505,*,,
Sea Cucumber,6OB,1992,13,18,1,1180,*,,
Sea Cucumber,6OB,1992,13,25,1,100,*,,
Sea Cucumber,6OB,1992,13,32,2,2820,*,,
Sea Cucumber,6OB,1992,13,36,1,0,*,,
Sea Cucumber,6OB,1992,13,41,1,0,*,,
Sea Cucumber,6OB,1992,13,42,5,5600,53446,,
Sea Cucumber,6OB,1992,13,Total,11,12205,129938,,
Sea Cucumber,6OB,1992,23,5,1,355,*,,
Sea Cucumber,6OB,1992,23,6,1,200,*,,
Sea Cucumber,6OB,1992,23,10,1,700,*,,
Sea Cucumber,6OB,1992,23,11,1,400,*,,
Sea Cucumber,6OB,1992,23,Total,3,1655,15008,,
Sea Cucumber,6OB,1992,24,3,2,1430,*,,
Sea Cucumber,6OB,1992,24,4,4,5521,26643,,
Sea Cucumber,6OB,1992,24,5,2,2201,*,,
Sea Cucumber,6OB,1992,24,7,1,200,*,,
Sea Cucumber,6OB,1992,24,8,1,200,*,,
Sea Cucumber,6OB,1992,24,10,5,4753,21979,,
Sea Cucumber,6OB,1992,24,12,3,2060,11960,,
Sea Cucumber,6OB,1992,24,14,3,1250,5720,,
Sea Cucumber,6OB,1992,24,Total,9,17615,84955,,
Sea Cucumber,6OB,1993,2,3,2,1250,*,,
Sea Cucumber,6OB,1993,2,6,9,5560,37202,,
Sea Cucumber,6OB,1993,2,8,5,3464,19730,,
Sea Cucumber,6OB,1993,2,10,1,300,*,,
Sea Cucumber,6OB,1993,2,11,6,9496,60253,,
Sea Cucumber,6OB,1993,2,12,1,980,*,,
Sea Cucumber,6OB,1993,2,15,3,5034,23134,,
Sea Cucumber,6OB,1993,2,17,1,0,*,,
Sea Cucumber,6OB,1993,2,18,1,350,*,,
Sea Cucumber,6OB,1993,2,31,1,350,*,,
Sea Cucumber,6OB,1993,2,Total,15,26784,169097,,
Sea Cucumber,6OB,1993,3,6,1,1160,*,,
Sea Cucumber,6OB,1993,3,Total,1,1160,*,,
Sea Cucumber,6OB,1993,4,2,1,350,*,,
Sea Cucumber,6OB,1993,4,8,1,2202,*,,
Sea Cucumber,6OB,1993,4,Total,2,2552,*,,
Sea Cucumber,6OB,1993,5,13,1,860,*,,
Sea Cucumber,6OB,1993,5,14,3,2500,25161,,
Sea Cucumber,6OB,1993,5,16,10,8470,61753,,
Sea Cucumber,6OB,1993,5,17,4,3050,23514,,
Sea Cucumber,6OB,1993,5,20,1,1255,*,,
Sea Cucumber,6OB,1993,5,22,4,2045,34708,,
Sea Cucumber,6OB,1993,5,24,5,1990,9804,,
Sea Cucumber,6OB,1993,5,Total,28,20170,162845,,
Sea Cucumber,6OB,1993,6,2,1,400,*,,
Sea Cucumber,6OB,1993,6,3,1,1280,*,,
Sea Cucumber,6OB,1993,6,5,4,2810,13887,,
Sea Cucumber,6OB,1993,6,6,4,3590,20930,,
Sea Cucumber,6OB,1993,6,9,5,2395,19167,,
Sea Cucumber,6OB,1993,6,10,7,5360,56827,,
Sea Cucumber,6OB,1993,6,16,1,461,*,,
Sea Cucumber,6OB,1993,6,17,1,480,*,,
Sea Cucumber,6OB,1993,6,18,1,1530,*,,
Sea Cucumber,6OB,1993,6,19,2,1500,*,,
Sea Cucumber,6OB,1993,6,20,1,480,*,,
Sea Cucumber,6OB,1993,6,25,1,2681,*,,
Sea Cucumber,6OB,1993,6,28,1,120,*,,
Sea Cucumber,6OB,1993,6,Total,27,23087,160579,,
Sea Cucumber,6OB,1993,7,9,1,2580,*,,
Sea Cucumber,6OB,1993,7,18,1,1300,*,,
Sea Cucumber,6OB,1993,7,Total,2,3880,*,,
Sea Cucumber,6OB,1993,18,1,2,240,*,,
Sea Cucumber,6OB,1993,18,2,2,3430,*,,
Sea Cucumber,6OB,1993,18,4,3,1800,15670,,
Sea Cucumber,6OB,1993,18,6,4,2140,13929,,
Sea Cucumber,6OB,1993,18,10,1,1680,*,,
Sea Cucumber,6OB,1993,18,Total,10,9290,56268,,
Sea Cucumber,6OB,1993,19,5,2,1417,*,,
Sea Cucumber,6OB,1993,19,Total,2,1417,*,,
Sea Cucumber,6OB,1993,26,2,1,530,*,,
Sea Cucumber,6OB,1993,26,5,2,641,*,,
Sea Cucumber,6OB,1993,26,6,4,3005,17683,,
Sea Cucumber,6OB,1993,26,Total,5,4176,25532,,
Sea Cucumber,6OB,1993,27,2,1,2400,*,,
Sea Cucumber,6OB,1993,27,3,2,3960,*,,
Sea Cucumber,6OB,1993,27,7,5,3859,30359,,
Sea Cucumber,6OB,1993,27,9,1,0,*,,
Sea Cucumber,6OB,1993,27,11,1,840,*,,
Sea Cucumber,6OB,1993,27,Total,10,11059,85695,,
Sea Cucumber,6OB,1994,2,0,1,0,*,,
Sea Cucumber,6OB,1994,2,8,1,900,*,,
Sea Cucumber,6OB,1994,2,12,3,9524,39169,,
Sea Cucumber,6OB,1994,2,13,3,1475,23233,,
Sea Cucumber,6OB,1994,2,14,3,1760,11396,,
Sea Cucumber,6OB,1994,2,15,3,7383,65910,,
Sea Cucumber,6OB,1994,2,17,1,0,*,,
Sea Cucumber,6OB,1994,2,18,1,0,*,,
Sea Cucumber,6OB,1994,2,31,1,0,*,,
Sea Cucumber,6OB,1994,2,32,1,0,*,,
Sea Cucumber,6OB,1994,2,33,1,0,*,,
Sea Cucumber,6OB,1994,2,Total,11,21042,165759,,
Sea Cucumber,6OB,1994,3,1,2,500,*,,
Sea Cucumber,6OB,1994,3,3,1,1200,*,,
Sea Cucumber,6OB,1994,3,4,5,5140,23178,,
Sea Cucumber,6OB,1994,3,6,2,1600,*,,
Sea Cucumber,6OB,1994,3,7,3,3550,22301,,
Sea Cucumber,6OB,1994,3,8,1,180,*,,
Sea Cucumber,6OB,1994,3,Total,10,12170,83194,,
Sea Cucumber,6OB,1994,4,1,2,300,*,,
Sea Cucumber,6OB,1994,4,5,5,5270,31914,,
Sea Cucumber,6OB,1994,4,6,1,890,*,,
Sea Cucumber,6OB,1994,4,14,1,980,*,,
Sea Cucumber,6OB,1994,4,Total,6,7440,47082,,
Sea Cucumber,6OB,1994,7,1,1,480,*,,
Sea Cucumber,6OB,1994,7,9,1,0,*,,
Sea Cucumber,6OB,1994,7,11,1,0,*,,
Sea Cucumber,6OB,1994,7,18,5,4414,19298,,
Sea Cucumber,6OB,1994,7,19,1,300,*,,
Sea Cucumber,6OB,1994,7,23,9,6370,40798,,
Sea Cucumber,6OB,1994,7,24,3,1681,10956,,
Sea Cucumber,6OB,1994,7,25,3,3683,13709,,
Sea Cucumber,6OB,1994,7,32,1,494,*,,
Sea Cucumber,6OB,1994,7,Total,21,17422,109141,,
Sea Cucumber,6OB,1994,23,5,5,2430,13802,,
Sea Cucumber,6OB,1994,23,6,2,540,*,,
Sea Cucumber,6OB,1994,23,9,1,100,*,,
Sea Cucumber,6OB,1994,23,10,4,2120,14772,,
Sea Cucumber,6OB,1994,23,11,2,200,*,,
Sea Cucumber,6OB,1994,23,Total,14,5390,38305,,
Sea Cucumber,6OB,1994,24,6,7,2590,16776,,
Sea Cucumber,6OB,1994,24,8,2,1467,*,,
Sea Cucumber,6OB,1994,24,9,4,2040,6452,,
Sea Cucumber,6OB,1994,24,10,2,1000,*,,
Sea Cucumber,6OB,1994,24,11,1,599,*,,
Sea Cucumber,6OB,1994,24,12,1,180,*,,
Sea Cucumber,6OB,1994,24,Total,15,7876,37335,,
Sea Cucumber,6OB,1995,2,3,2,1510,*,,
Sea Cucumber,6OB,1995,2,6,2,1180,*,,
Sea Cucumber,6OB,1995,2,8,3,1960,9756,,
Sea Cucumber,6OB,1995,2,10,7,16500,97864,,
Sea Cucumber,6OB,1995,2,Total,8,21150,117395,,
Sea Cucumber,6OB,1995,3,1,3,2471,19950,,
Sea Cucumber,6OB,1995,3,4,3,1020,8930,,
Sea Cucumber,6OB,1995,3,Total,4,3491,28880,,
Sea Cucumber,6OB,1995,4,1,3,1710,26370,,
Sea Cucumber,6OB,1995,4,2,5,4890,38618,,
Sea Cucumber,6OB,1995,4,4,1,280,*,,
Sea Cucumber,6OB,1995,4,5,3,680,8014,,
Sea Cucumber,6OB,1995,4,9,4,2541,12919,,
Sea Cucumber,6OB,1995,4,12,1,2545,*,,
Sea Cucumber,6OB,1995,4,Total,12,12646,100585,,
Sea Cucumber,6OB,1995,8,2,1,537,*,,
Sea Cucumber,6OB,1995,8,4,10,19429,**,,
Sea Cucumber,6OB,1995,8,Total,10,19966,120348,,
Sea Cucumber,6OB,1995,12,1,1,720,*,,
Sea Cucumber,6OB,1995,12,6,1,590,*,,
Sea Cucumber,6OB,1995,12,18,1,375,*,,
Sea Cucumber,6OB,1995,12,39,3,4760,18285,,
Sea Cucumber,6OB,1995,12,41,1,884,*,,
Sea Cucumber,6OB,1995,12,42,1,535,*,,
Sea Cucumber,6OB,1995,12,Total,6,7864,31918,,
Sea Cucumber,6OB,1995,13,7,2,0,*,,
Sea Cucumber,6OB,1995,13,10,1,0,*,,
Sea Cucumber,6OB,1995,13,11,1,760,*,,
Sea Cucumber,6OB,1995,13,25,2,1570,*,,
Sea Cucumber,6OB,1995,13,35,1,150,*,,
Sea Cucumber,6OB,1995,13,41,1,375,*,,
Sea Cucumber,6OB,1995,13,42,1,320,*,,
Sea Cucumber,6OB,1995,13,Total,5,3175,28059,,
Sea Cucumber,6OB,1995,24,7,6,10634,51855,,
Sea Cucumber,6OB,1995,24,Total,6,10634,51855,,
Sea Cucumber,6OB,1996,5,17,10,8712,71299,,
Sea Cucumber,6OB,1996,5,18,1,240,*,,
Sea Cucumber,6OB,1996,5,19,2,189,*,,
Sea Cucumber,6OB,1996,5,24,4,2508,20717,,
Sea Cucumber,6OB,1996,5,Total,13,11649,95923,,
Sea Cucumber,6OB,1996,6,5,13,10449,77086,,
Sea Cucumber,6OB,1996,6,9,2,481,*,,
Sea Cucumber,6OB,1996,6,10,5,2266,19680,,
Sea Cucumber,6OB,1996,6,27,1,665,*,,
Sea Cucumber,6OB,1996,6,Total,15,13861,104392,,
Sea Cucumber,6OB,1996,7,12,2,592,*,,
Sea Cucumber,6OB,1996,7,15,1,400,*,,
Sea Cucumber,6OB,1996,7,17,17,25562,205757,,
Sea Cucumber,6OB,1996,7,Total,17,26554,209633,,
Sea Cucumber,6OB,1996,18,2,1,302,*,,
Sea Cucumber,6OB,1996,18,4,3,1438,7209,,
Sea Cucumber,6OB,1996,18,5,1,240,*,,
Sea Cucumber,6OB,1996,18,6,8,5183,33383,,
Sea Cucumber,6OB,1996,18,10,1,340,*,,
Sea Cucumber,6OB,1996,18,Total,8,7503,46835,,
Sea Cucumber,6OB,1996,19,5,3,2864,13390,,
Sea Cucumber,6OB,1996,19,Total,3,2864,13390,,
Sea Cucumber,6OB,1996,26,2,2,1575,*,,
Sea Cucumber,6OB,1996,26,3,1,240,*,,
Sea Cucumber,6OB,1996,26,4,1,1068,*,,
Sea Cucumber,6OB,1996,26,5,2,2616,*,,
Sea Cucumber,6OB,1996,26,6,1,442,*,,
Sea Cucumber,6OB,1996,26,Total,2,5941,*,,
Sea Cucumber,6OB,1996,27,3,1,1325,*,,
Sea Cucumber,6OB,1996,27,7,2,2293,*,,
Sea Cucumber,6OB,1996,27,8,1,182,*,,
Sea Cucumber,6OB,1996,27,9,1,120,*,,
Sea Cucumber,6OB,1996,27,Total,3,3920,30282,,
Sea Cucumber,6OB,1997,5,14,4,2495,17626,,
Sea Cucumber,6OB,1997,5,15,2,2410,*,,
Sea Cucumber,6OB,1997,5,16,4,3975,21075,,
Sea Cucumber,6OB,1997,5,24,3,1819,**,,
Sea Cucumber,6OB,1997,5,Total,10,10699,69870,,
Sea Cucumber,6OB,1997,6,5,1,240,*,,
Sea Cucumber,6OB,1997,6,6,4,4785,37911,,
Sea Cucumber,6OB,1997,6,7,2,1643,*,,
Sea Cucumber,6OB,1997,6,8,1,600,*,,
Sea Cucumber,6OB,1997,6,9,7,4038,35381,,
Sea Cucumber,6OB,1997,6,10,3,1279,9931,,
Sea Cucumber,6OB,1997,6,26,2,515,*,,
Sea Cucumber,6OB,1997,6,27,2,820,*,,
Sea Cucumber,6OB,1997,6,Total,15,13920,116875,,
Sea Cucumber,6OB,1997,7,12,6,2545,17621,,
Sea Cucumber,6OB,1997,7,15,6,5016,29864,,
Sea Cucumber,6OB,1997,7,18,1,555,*,,
Sea Cucumber,6OB,1997,7,24,1,1000,*,,
Sea Cucumber,6OB,1997,7,30,2,918,*,,
Sea Cucumber,6OB,1997,7,32,1,860,*,,
Sea Cucumber,6OB,1997,7,Total,11,10894,64605,,
Sea Cucumber,6OB,1997,8,4,8,10593,59093,,
Sea Cucumber,6OB,1997,8,5,4,2555,**,,
Sea Cucumber,6OB,1997,8,6,4,3172,16261,,
Sea Cucumber,6OB,1997,8,13,3,3380,23480,,
Sea Cucumber,6OB,1997,8,16,2,1230,*,,
Sea Cucumber,6OB,1997,8,Total,12,20930,127950,,
Sea Cucumber,6OB,1997,12,7,2,545,*,,
Sea Cucumber,6OB,1997,12,11,1,300,*,,
Sea Cucumber,6OB,1997,12,13,2,770,*,,
Sea Cucumber,6OB,1997,12,16,3,1591,15181,,
Sea Cucumber,6OB,1997,12,17,2,1040,*,,
Sea Cucumber,6OB,1997,12,40,1,1830,*,,
Sea Cucumber,6OB,1997,12,41,2,1305,*,,
Sea Cucumber,6OB,1997,12,Total,5,7381,54279,,
Sea Cucumber,6OB,1997,13,12,2,1466,*,,
Sea Cucumber,6OB,1997,13,13,2,3080,*,,
Sea Cucumber,6OB,1997,13,16,2,367,*,,
Sea Cucumber,6OB,1997,13,17,2,2572,*,,
Sea Cucumber,6OB,1997,13,18,1,832,*,,
Sea Cucumber,6OB,1997,13,Total,3,8317,36629,,
Sea Cucumber,6OB,1997,24,4,1,300,*,,
Sea Cucumber,6OB,1997,24,5,1,965,*,,
Sea Cucumber,6OB,1997,24,6,1,190,*,,
Sea Cucumber,6OB,1997,24,7,2,2700,*,,
Sea Cucumber,6OB,1997,24,10,1,760,*,,
Sea Cucumber,6OB,1997,24,14,1,960,*,,
Sea Cucumber,6OB,1997,24,Total,2,5875,*,,
Sea Cucumber,6OB,1998,5,2,3,570,3164,,
Sea Cucumber,6OB,1998,5,4,1,960,*,,
Sea Cucumber,6OB,1998,5,5,1,360,*,,
Sea Cucumber,6OB,1998,5,13,1,800,*,,
Sea Cucumber,6OB,1998,5,14,5,3400,18557,,
Sea Cucumber,6OB,1998,5,15,1,480,*,,
Sea Cucumber,6OB,1998,5,16,6,5750,32884,,
Sea Cucumber,6OB,1998,5,17,3,4033,20211,,
Sea Cucumber,6OB,1998,5,Total,10,16353,90354,,
Sea Cucumber,6OB,1998,6,2,3,2890,22612,,
Sea Cucumber,6OB,1998,6,3,4,3590,31416,,
Sea Cucumber,6OB,1998,6,5,4,4280,23256,,
Sea Cucumber,6OB,1998,6,7,2,870,*,,
Sea Cucumber,6OB,1998,6,10,2,1470,*,,
Sea Cucumber,6OB,1998,6,12,1,390,*,,
Sea Cucumber,6OB,1998,6,14,1,60,*,,
Sea Cucumber,6OB,1998,6,16,1,580,*,,
Sea Cucumber,6OB,1998,6,26,1,110,*,,
Sea Cucumber,6OB,1998,6,Total,11,14240,102218,,
Sea Cucumber,6OB,1998,7,3,1,2500,*,,
Sea Cucumber,6OB,1998,7,12,3,1873,10770,,
Sea Cucumber,6OB,1998,7,13,3,1360,12731,,
Sea Cucumber,6OB,1998,7,14,3,3770,31829,,
Sea Cucumber,6OB,1998,7,15,5,3240,13697,,
Sea Cucumber,6OB,1998,7,17,11,10170,62632,,
Sea Cucumber,6OB,1998,7,18,1,863,*,,
Sea Cucumber,6OB,1998,7,23,1,214,*,,
Sea Cucumber,6OB,1998,7,25,4,1257,5491,,
Sea Cucumber,6OB,1998,7,28,1,640,*,,
Sea Cucumber,6OB,1998,7,30,2,485,*,,
Sea Cucumber,6OB,1998,7,Total,18,26372,168895,,
Sea Cucumber,6OB,1998,8,4,4,3311,21043,,
Sea Cucumber,6OB,1998,8,5,5,6164,59916,,
Sea Cucumber,6OB,1998,8,13,1,1198,*,,
Sea Cucumber,6OB,1998,8,16,2,900,*,,
Sea Cucumber,6OB,1998,8,Total,10,11573,99126,,
Sea Cucumber,6OB,1998,9,2,1,1310,*,,
Sea Cucumber,6OB,1998,9,12,1,580,*,,
Sea Cucumber,6OB,1998,9,Total,2,1890,*,,
Sea Cucumber,6OB,1998,12,7,2,2274,*,,
Sea Cucumber,6OB,1998,12,8,1,40,*,,
Sea Cucumber,6OB,1998,12,11,2,1726,*,,
Sea Cucumber,6OB,1998,12,13,1,592,*,,
Sea Cucumber,6OB,1998,12,16,2,1850,*,,
Sea Cucumber,6OB,1998,12,17,1,258,*,,
Sea Cucumber,6OB,1998,12,40,1,980,*,,
Sea Cucumber,6OB,1998,12,41,1,530,*,,
Sea Cucumber,6OB,1998,12,Total,5,8250,57349,,
Sea Cucumber,6OB,1998,13,12,1,1000,*,,
Sea Cucumber,6OB,1998,13,16,2,2460,*,,
Sea Cucumber,6OB,1998,13,17,4,2570,10948,,
Sea Cucumber,6OB,1998,13,18,1,780,*,,
Sea Cucumber,6OB,1998,13,Total,4,6810,35915,,
Sea Cucumber,6OB,1998,24,4,1,840,*,,
Sea Cucumber,6OB,1998,24,6,2,2717,*,,
Sea Cucumber,6OB,1998,24,7,2,2078,*,,
Sea Cucumber,6OB,1998,24,Total,2,5635,*,,
Sea Cucumber,6OB,1999,5,4,4,1875,16854,,
Sea Cucumber,6OB,1999,5,12,3,1650,10242,,
Sea Cucumber,6OB,1999,5,13,2,1580,*,,
Sea Cucumber,6OB,1999,5,16,2,3110,*,,
Sea Cucumber,6OB,1999,5,17,1,220,*,,
Sea Cucumber,6OB,1999,5,20,1,1520,*,,
Sea Cucumber,6OB,1999,5,23,3,800,5575,,
Sea Cucumber,6OB,1999,5,24,4,1675,9776,,
Sea Cucumber,6OB,1999,5,Total,11,12430,84480,,
Sea Cucumber,6OB,1999,6,2,3,1540,12464,,
Sea Cucumber,6OB,1999,6,3,10,9329,62911,,
Sea Cucumber,6OB,1999,6,5,8,8650,57162,,
Sea Cucumber,6OB,1999,6,6,2,1320,*,,
Sea Cucumber,6OB,1999,6,7,2,4520,*,,
Sea Cucumber,6OB,1999,6,9,3,3815,24083,,
Sea Cucumber,6OB,1999,6,10,1,215,*,,
Sea Cucumber,6OB,1999,6,12,2,1740,*,,
Sea Cucumber,6OB,1999,6,14,1,360,*,,
Sea Cucumber,6OB,1999,6,15,2,1440,*,,
Sea Cucumber,6OB,1999,6,16,2,580,*,,
Sea Cucumber,6OB,1999,6,26,2,1060,*,,
Sea Cucumber,6OB,1999,6,27,3,985,11635,,
Sea Cucumber,6OB,1999,6,28,5,2585,17352,,
Sea Cucumber,6OB,1999,6,Total,19,38139,258261,,
Sea Cucumber,6OB,1999,7,3,1,50,*,,
Sea Cucumber,6OB,1999,7,12,5,3624,22100,,
Sea Cucumber,6OB,1999,7,13,1,289,*,,
Sea Cucumber,6OB,1999,7,14,3,2424,17478,,
Sea Cucumber,6OB,1999,7,15,1,305,*,,
Sea Cucumber,6OB,1999,7,16,1,1150,*,,
Sea Cucumber,6OB,1999,7,17,10,17669,95112,,
Sea Cucumber,6OB,1999,7,18,4,1730,12848,,
Sea Cucumber,6OB,1999,7,21,2,580,*,,
Sea Cucumber,6OB,1999,7,22,1,1300,*,,
Sea Cucumber,6OB,1999,7,23,4,3520,19520,,
Sea Cucumber,6OB,1999,7,24,4,4438,20638,,
Sea Cucumber,6OB,1999,7,25,2,1250,*,,
Sea Cucumber,6OB,1999,7,Total,14,38329,216418,,
Sea Cucumber,6OB,1999,8,2,2,1075,*,,
Sea Cucumber,6OB,1999,8,4,6,4210,25575,,
Sea Cucumber,6OB,1999,8,13,2,1347,*,,
Sea Cucumber,6OB,1999,8,16,3,2590,20942,,
Sea Cucumber,6OB,1999,8,Total,8,9222,71933,,
Sea Cucumber,6OB,1999,12,7,2,2230,*,,
Sea Cucumber,6OB,1999,12,8,2,240,*,,
Sea Cucumber,6OB,1999,12,11,1,1080,*,,
Sea Cucumber,6OB,1999,12,13,2,1790,*,,
Sea Cucumber,6OB,1999,12,16,1,455,*,,
Sea Cucumber,6OB,1999,12,17,1,260,*,,
Sea Cucumber,6OB,1999,12,40,1,780,*,,
Sea Cucumber,6OB,1999,12,41,2,1292,*,,
Sea Cucumber,6OB,1999,12,Total,4,8127,63759,,
Sea Cucumber,6OB,1999,13,12,1,2152,*,,
Sea Cucumber,6OB,1999,13,16,2,692,*,,
Sea Cucumber,6OB,1999,13,17,2,2155,*,,
Sea Cucumber,6OB,1999,13,18,1,750,*,,
Sea Cucumber,6OB,1999,13,Total,2,5749,*,,
Sea Cucumber,6OB,1999,24,4,1,1500,*,,
Sea Cucumber,6OB,1999,24,5,1,380,*,,
Sea Cucumber,6OB,1999,24,6,1,465,*,,
Sea Cucumber,6OB,1999,24,7,2,2805,*,,
Sea Cucumber,6OB,1999,24,14,1,420,*,,
Sea Cucumber,6OB,1999,24,Total,2,5570,*,,
Sea Cucumber,6OB,2000,5,1,1,60,*,,
Sea Cucumber,6OB,2000,5,2,1,380,*,,
Sea Cucumber,6OB,2000,5,4,4,3895,22673,,
Sea Cucumber,6OB,2000,5,11,1,300,*,,
Sea Cucumber,6OB,2000,5,12,2,1854,*,,
Sea Cucumber,6OB,2000,5,13,2,1152,*,,
Sea Cucumber,6OB,2000,5,15,1,410,*,,
Sea Cucumber,6OB,2000,5,17,3,2140,18481,,
Sea Cucumber,6OB,2000,5,19,2,2170,*,,
Sea Cucumber,6OB,2000,5,24,1,2460,*,,
Sea Cucumber,6OB,2000,5,Total,8,14821,95768,,
Sea Cucumber,6OB,2000,6,3,4,4471,41449,,
Sea Cucumber,6OB,2000,6,5,8,11393,74815,,
Sea Cucumber,6OB,2000,6,6,4,2356,16555,,
Sea Cucumber,6OB,2000,6,7,3,6464,48014,,
Sea Cucumber,6OB,2000,6,8,1,635,*,,
Sea Cucumber,6OB,2000,6,9,2,1050,*,,
Sea Cucumber,6OB,2000,6,10,7,3645,23994,,
Sea Cucumber,6OB,2000,6,12,2,1535,*,,
Sea Cucumber,6OB,2000,6,14,1,420,*,,
Sea Cucumber,6OB,2000,6,15,2,761,*,,
Sea Cucumber,6OB,2000,6,16,3,1210,8589,,
Sea Cucumber,6OB,2000,6,26,4,1580,8841,,
Sea Cucumber,6OB,2000,6,27,2,1080,*,,
Sea Cucumber,6OB,2000,6,28,1,320,*,,
Sea Cucumber,6OB,2000,6,Total,15,36920,259800,,
Sea Cucumber,6OB,2000,7,3,2,3100,*,,
Sea Cucumber,6OB,2000,7,12,2,840,*,,
Sea Cucumber,6OB,2000,7,13,1,1950,*,,
Sea Cucumber,6OB,2000,7,15,3,6860,34159,,
Sea Cucumber,6OB,2000,7,17,10,18000,89531,,
Sea Cucumber,6OB,2000,7,20,1,900,*,,
Sea Cucumber,6OB,2000,7,21,1,600,*,,
Sea Cucumber,6OB,2000,7,23,5,5010,21632,,
Sea Cucumber,6OB,2000,7,24,2,560,*,,
Sea Cucumber,6OB,2000,7,25,1,530,*,,
Sea Cucumber,6OB,2000,7,30,1,530,*,,
Sea Cucumber,6OB,2000,7,32,1,1120,*,,
Sea Cucumber,6OB,2000,7,Total,11,40000,206003,,
Sea Cucumber,6OB,2000,8,2,2,2320,*,,
Sea Cucumber,6OB,2000,8,4,7,3460,21696,,
Sea Cucumber,6OB,2000,8,13,1,770,*,,
Sea Cucumber,6OB,2000,8,16,4,3180,25353,,
Sea Cucumber,6OB,2000,8,Total,9,9730,73297,,
Sea Cucumber,6OB,2000,9,12,3,1170,10551,,
Sea Cucumber,6OB,2000,9,Total,3,1170,10551,,
Sea Cucumber,6OB,2000,12,7,3,1310,9428,,
Sea Cucumber,6OB,2000,12,8,1,400,*,,
Sea Cucumber,6OB,2000,12,13,2,1620,*,,
Sea Cucumber,6OB,2000,12,16,1,710,*,,
Sea Cucumber,6OB,2000,12,17,1,80,*,,
Sea Cucumber,6OB,2000,12,40,1,2285,*,,
Sea Cucumber,6OB,2000,12,41,4,5028,40496,,
Sea Cucumber,6OB,2000,12,Total,5,11433,100026,,
Sea Cucumber,6OB,2000,13,12,2,2306,*,,
Sea Cucumber,6OB,2000,13,14,1,120,*,,
Sea Cucumber,6OB,2000,13,15,1,305,*,,
Sea Cucumber,6OB,2000,13,16,1,900,*,,
Sea Cucumber,6OB,2000,13,17,2,560,*,,
Sea Cucumber,6OB,2000,13,18,2,963,*,,
Sea Cucumber,6OB,2000,13,19,2,609,*,,
Sea Cucumber,6OB,2000,13,23,1,584,*,,
Sea Cucumber,6OB,2000,13,Total,3,6347,35586,,
Sea Cucumber,6OB,2000,24,4,1,2028,*,,
Sea Cucumber,6OB,2000,24,6,1,1153,*,,
Sea Cucumber,6OB,2000,24,7,1,3040,*,,
Sea Cucumber,6OB,2000,24,9,1,530,*,,
Sea Cucumber,6OB,2000,24,Total,1,6751,*,,
Sea Cucumber,6OB,2001,5,4,1,1100,*,,
Sea Cucumber,6OB,2001,5,12,2,610,*,,
Sea Cucumber,6OB,2001,5,13,2,1800,*,,
Sea Cucumber,6OB,2001,5,16,1,300,*,,
Sea Cucumber,6OB,2001,5,17,5,2839,18168,,
Sea Cucumber,6OB,2001,5,19,4,1350,8487,,
Sea Cucumber,6OB,2001,5,20,2,850,*,,
Sea Cucumber,6OB,2001,5,21,2,1018,*,,
Sea Cucumber,6OB,2001,5,22,1,780,*,,
Sea Cucumber,6OB,2001,5,23,2,3145,*,,
Sea Cucumber,6OB,2001,5,24,3,1897,13629,,
Sea Cucumber,6OB,2001,5,Total,12,15689,101229,,
Sea Cucumber,6OB,2001,6,2,3,3907,20000,,
Sea Cucumber,6OB,2001,6,3,4,5700,42631,,
Sea Cucumber,6OB,2001,6,5,10,11821,80057,,
Sea Cucumber,6OB,2001,6,6,3,4970,43460,,
Sea Cucumber,6OB,2001,6,7,2,862,*,,
Sea Cucumber,6OB,2001,6,9,6,6145,40768,,
Sea Cucumber,6OB,2001,6,10,6,3447,21316,,
Sea Cucumber,6OB,2001,6,12,1,520,*,,
Sea Cucumber,6OB,2001,6,16,3,1780,11197,,
Sea Cucumber,6OB,2001,6,26,2,990,*,,
Sea Cucumber,6OB,2001,6,27,1,268,*,,
Sea Cucumber,6OB,2001,6,28,1,302,*,,
Sea Cucumber,6OB,2001,6,Total,16,40712,279342,,
Sea Cucumber,6OB,2001,7,3,1,360,*,,
Sea Cucumber,6OB,2001,7,12,5,5590,35898,,
Sea Cucumber,6OB,2001,7,15,2,1820,*,,
Sea Cucumber,6OB,2001,7,17,8,12464,84891,,
Sea Cucumber,6OB,2001,7,21,1,110,*,,
Sea Cucumber,6OB,2001,7,22,2,1620,*,,
Sea Cucumber,6OB,2001,7,23,3,3805,18035,,
Sea Cucumber,6OB,2001,7,24,5,4220,23882,,
Sea Cucumber,6OB,2001,7,25,1,120,*,,
Sea Cucumber,6OB,2001,7,30,1,1070,*,,
Sea Cucumber,6OB,2001,7,Total,9,31179,193723,,
Sea Cucumber,6OB,2001,8,2,2,1660,*,,
Sea Cucumber,6OB,2001,8,3,1,520,*,,
Sea Cucumber,6OB,2001,8,4,5,5093,38694,,
Sea Cucumber,6OB,2001,8,6,1,511,*,,
Sea Cucumber,6OB,2001,8,13,2,1040,*,,
Sea Cucumber,6OB,2001,8,16,1,940,*,,
Sea Cucumber,6OB,2001,8,Total,5,9764,76365,,
Sea Cucumber,6OB,2001,9,2,1,1200,*,,
Sea Cucumber,6OB,2001,9,Total,1,1200,*,,
Sea Cucumber,6OB,2001,12,7,2,942,*,,
Sea Cucumber,6OB,2001,12,9,1,120,*,,
Sea Cucumber,6OB,2001,12,11,3,1854,7221,,
Sea Cucumber,6OB,2001,12,13,2,2040,*,,
Sea Cucumber,6OB,2001,12,16,2,520,*,,
Sea Cucumber,6OB,2001,12,41,5,8802,61058,,
Sea Cucumber,6OB,2001,12,Total,5,14278,99721,,
Sea Cucumber,6OB,2001,13,12,1,2470,*,,
Sea Cucumber,6OB,2001,13,18,1,1181,*,,
Sea Cucumber,6OB,2001,13,23,2,1771,*,,
Sea Cucumber,6OB,2001,13,Total,2,5422,*,,
Sea Cucumber,6OB,2001,24,4,2,1745,*,,
Sea Cucumber,6OB,2001,24,5,2,1710,*,,
Sea Cucumber,6OB,2001,24,6,1,470,*,,
Sea Cucumber,6OB,2001,24,7,2,3104,*,,
Sea Cucumber,6OB,2001,24,10,2,750,*,,
Sea Cucumber,6OB,2001,24,Total,2,7779,*,,
Sea Cucumber,6OB,2002,5,2,1,330,*,,
Sea Cucumber,6OB,2002,5,4,3,2140,15832,,
Sea Cucumber,6OB,2002,5,12,3,2648,18347,,
Sea Cucumber,6OB,2002,5,13,2,940,*,,
Sea Cucumber,6OB,2002,5,16,4,2883,13489,,
Sea Cucumber,6OB,2002,5,17,3,2800,22011,,
Sea Cucumber,6OB,2002,5,18,1,680,*,,
Sea Cucumber,6OB,2002,5,24,1,200,*,,
Sea Cucumber,6OB,2002,5,Total,7,12621,80502,,
Sea Cucumber,6OB,2002,6,2,2,2440,*,,
Sea Cucumber,6OB,2002,6,3,4,1800,13589,,
Sea Cucumber,6OB,2002,6,5,9,11160,77917,,
Sea Cucumber,6OB,2002,6,6,8,9345,72816,,
Sea Cucumber,6OB,2002,6,9,7,3385,21943,,
Sea Cucumber,6OB,2002,6,10,7,4815,32447,,
Sea Cucumber,6OB,2002,6,12,5,6730,24220,,
Sea Cucumber,6OB,2002,6,14,3,1060,4547,,
Sea Cucumber,6OB,2002,6,15,1,350,*,,
Sea Cucumber,6OB,2002,6,26,1,245,*,,
Sea Cucumber,6OB,2002,6,27,1,420,*,,
Sea Cucumber,6OB,2002,6,28,3,3905,21068,,
Sea Cucumber,6OB,2002,6,Total,13,45655,294952,,
Sea Cucumber,6OB,2002,7,3,4,3449,20993,,
Sea Cucumber,6OB,2002,7,12,4,1605,13308,,
Sea Cucumber,6OB,2002,7,13,3,5654,39756,,
Sea Cucumber,6OB,2002,7,15,2,1400,*,,
Sea Cucumber,6OB,2002,7,17,5,11150,67316,,
Sea Cucumber,6OB,2002,7,21,1,800,*,,
Sea Cucumber,6OB,2002,7,22,2,1010,*,,
Sea Cucumber,6OB,2002,7,23,1,586,*,,
Sea Cucumber,6OB,2002,7,24,4,2231,15553,,
Sea Cucumber,6OB,2002,7,25,1,605,*,,
Sea Cucumber,6OB,2002,7,28,1,1474,*,,
Sea Cucumber,6OB,2002,7,30,2,2900,*,,
Sea Cucumber,6OB,2002,7,32,2,840,*,,
Sea Cucumber,6OB,2002,7,Total,11,33704,224136,,
Sea Cucumber,6OB,2002,8,2,1,3370,*,,
Sea Cucumber,6OB,2002,8,4,8,13412,89338,,
Sea Cucumber,6OB,2002,8,13,2,960,*,,
Sea Cucumber,6OB,2002,8,Total,9,17742,117394,,
Sea Cucumber,6OB,2002,9,2,2,3610,*,,
Sea Cucumber,6OB,2002,9,Total,2,3610,*,,
Sea Cucumber,6OB,2002,12,7,2,1430,*,,
Sea Cucumber,6OB,2002,12,11,2,1850,*,,
Sea Cucumber,6OB,2002,12,13,3,740,6182,,
Sea Cucumber,6OB,2002,12,16,3,795,10964,,
Sea Cucumber,6OB,2002,12,17,1,510,*,,
Sea Cucumber,6OB,2002,12,41,5,7780,47714,,
Sea Cucumber,6OB,2002,12,Total,6,13105,100240,,
Sea Cucumber,6OB,2002,13,12,1,2440,*,,
Sea Cucumber,6OB,2002,13,13,1,400,*,,
Sea Cucumber,6OB,2002,13,17,1,1200,*,,
Sea Cucumber,6OB,2002,13,18,3,1040,5880,,
Sea Cucumber,6OB,2002,13,Total,3,5080,35565,,
Sea Cucumber,6OB,2002,24,4,1,900,*,,
Sea Cucumber,6OB,2002,24,5,1,1280,*,,
Sea Cucumber,6OB,2002,24,6,1,515,*,,
Sea Cucumber,6OB,2002,24,7,2,2870,*,,
Sea Cucumber,6OB,2002,24,10,1,400,*,,
Sea Cucumber,6OB,2002,24,Total,2,5965,*,,
Sea Cucumber,6OB,2003,5,2,1,1530,*,,
Sea Cucumber,6OB,2003,5,4,3,4860,33369,,
Sea Cucumber,6OB,2003,5,5,1,320,*,,
Sea Cucumber,6OB,2003,5,12,2,1895,*,,
Sea Cucumber,6OB,2003,5,13,2,540,*,,
Sea Cucumber,6OB,2003,5,15,2,840,*,,
Sea Cucumber,6OB,2003,5,16,3,3060,25138,,
Sea Cucumber,6OB,2003,5,17,3,3650,28447,,
Sea Cucumber,6OB,2003,5,18,1,410,*,,
Sea Cucumber,6OB,2003,5,19,2,840,*,,
Sea Cucumber,6OB,2003,5,23,2,855,*,,
Sea Cucumber,6OB,2003,5,24,2,1760,*,,
Sea Cucumber,6OB,2003,5,Total,8,20560,146076,,
Sea Cucumber,6OB,2003,6,2,1,1670,*,,
Sea Cucumber,6OB,2003,6,3,3,3060,27716,,
Sea Cucumber,6OB,2003,6,5,7,12034,77599,,
Sea Cucumber,6OB,2003,6,6,4,6800,56695,,
Sea Cucumber,6OB,2003,6,7,1,1555,*,,
Sea Cucumber,6OB,2003,6,9,11,14575,89116,,
Sea Cucumber,6OB,2003,6,10,6,4095,21619,,
Sea Cucumber,6OB,2003,6,11,1,240,*,,
Sea Cucumber,6OB,2003,6,12,3,2520,9783,,
Sea Cucumber,6OB,2003,6,15,1,380,*,,
Sea Cucumber,6OB,2003,6,26,2,180,*,,
Sea Cucumber,6OB,2003,6,28,2,785,*,,
Sea Cucumber,6OB,2003,6,Total,14,47894,313337,,
Sea Cucumber,6OB,2003,7,3,3,3590,28468,,
Sea Cucumber,6OB,2003,7,12,3,3838,23324,,
Sea Cucumber,6OB,2003,7,13,2,1229,*,,
Sea Cucumber,6OB,2003,7,14,2,2896,*,,
Sea Cucumber,6OB,2003,7,15,6,6818,31290,,
Sea Cucumber,6OB,2003,7,17,7,14744,84350,,
Sea Cucumber,6OB,2003,7,18,1,1200,*,,
Sea Cucumber,6OB,2003,7,23,1,1090,*,,
Sea Cucumber,6OB,2003,7,24,4,3318,17565,,
Sea Cucumber,6OB,2003,7,25,3,1141,8409,,
Sea Cucumber,6OB,2003,7,27,1,1426,*,,
Sea Cucumber,6OB,2003,7,32,1,440,*,,
Sea Cucumber,6OB,2003,7,Total,12,41730,248227,,
Sea Cucumber,6OB,2003,8,2,1,1925,*,,
Sea Cucumber,6OB,2003,8,4,5,13780,105025,,
Sea Cucumber,6OB,2003,8,6,2,680,*,,
Sea Cucumber,6OB,2003,8,13,2,1360,*,,
Sea Cucumber,6OB,2003,8,16,2,1940,*,,
Sea Cucumber,6OB,2003,8,Total,7,19685,157391,,
Sea Cucumber,6OB,2003,9,2,2,5525,*,,
Sea Cucumber,6OB,2003,9,Total,2,5525,*,,
Sea Cucumber,6OB,2003,12,7,1,404,*,,
Sea Cucumber,6OB,2003,12,8,1,850,*,,
Sea Cucumber,6OB,2003,12,11,3,2770,20077,,
Sea Cucumber,6OB,2003,12,13,3,2765,27234,,
Sea Cucumber,6OB,2003,12,16,3,1890,20300,,
Sea Cucumber,6OB,2003,12,17,1,560,*,,
Sea Cucumber,6OB,2003,12,40,1,1870,*,,
Sea Cucumber,6OB,2003,12,41,4,4058,32687,,
Sea Cucumber,6OB,2003,12,Total,8,15167,145560,,
Sea Cucumber,6OB,2003,13,13,1,320,*,,
Sea Cucumber,6OB,2003,13,16,2,1620,*,,
Sea Cucumber,6OB,2003,13,17,2,381,*,,
Sea Cucumber,6OB,2003,13,18,1,807,*,,
Sea Cucumber,6OB,2003,13,23,2,754,*,,
Sea Cucumber,6OB,2003,13,Total,4,3882,29386,,
Sea Cucumber,6OB,2003,24,4,1,1360,*,,
Sea Cucumber,6OB,2003,24,5,1,2940,*,,
Sea Cucumber,6OB,2003,24,6,1,45,*,,
Sea Cucumber,6OB,2003,24,7,1,3790,*,,
Sea Cucumber,6OB,2003,24,10,1,505,*,,
Sea Cucumber,6OB,2003,24,14,1,880,*,,
Sea Cucumber,6OB,2003,24,Total,1,9520,*,,
Sea Cucumber,6OB,2004,5,2,1,1083,*,,
Sea Cucumber,6OB,2004,5,4,4,3391,29147,,
Sea Cucumber,6OB,2004,5,5,1,940,*,,
Sea Cucumber,6OB,2004,5,12,3,2824,17511,,
Sea Cucumber,6OB,2004,5,13,1,224,*,,
Sea Cucumber,6OB,2004,5,14,3,1492,9316,,
Sea Cucumber,6OB,2004,5,15,1,1530,*,,
Sea Cucumber,6OB,2004,5,16,5,5222,33674,,
Sea Cucumber,6OB,2004,5,17,3,2259,19455,,
Sea Cucumber,6OB,2004,5,18,1,480,*,,
Sea Cucumber,6OB,2004,5,19,2,1140,*,,
Sea Cucumber,6OB,2004,5,24,2,2040,*,,
Sea Cucumber,6OB,2004,5,Total,9,22625,164564,,
Sea Cucumber,6OB,2004,6,2,6,3846,23831,,
Sea Cucumber,6OB,2004,6,3,8,8758,63563,,
Sea Cucumber,6OB,2004,6,5,8,6353,46044,,
Sea Cucumber,6OB,2004,6,6,4,1917,15065,,
Sea Cucumber,6OB,2004,6,7,1,195,*,,
Sea Cucumber,6OB,2004,6,9,12,10675,65456,,
Sea Cucumber,6OB,2004,6,10,9,6975,43129,,
Sea Cucumber,6OB,2004,6,12,1,661,*,,
Sea Cucumber,6OB,2004,6,16,1,959,*,,
Sea Cucumber,6OB,2004,6,26,1,390,*,,
Sea Cucumber,6OB,2004,6,28,4,4050,21769,,
Sea Cucumber,6OB,2004,6,Total,16,44779,295211,,
Sea Cucumber,6OB,2004,7,3,1,600,*,,
Sea Cucumber,6OB,2004,7,12,2,2220,*,,
Sea Cucumber,6OB,2004,7,13,1,660,*,,
Sea Cucumber,6OB,2004,7,14,1,5075,*,,
Sea Cucumber,6OB,2004,7,15,4,4210,32525,,
Sea Cucumber,6OB,2004,7,17,5,9175,71061,,
Sea Cucumber,6OB,2004,7,18,2,1640,*,,
Sea Cucumber,6OB,2004,7,22,2,1260,*,,
Sea Cucumber,6OB,2004,7,23,4,3100,18114,,
Sea Cucumber,6OB,2004,7,24,3,2510,17414,,
Sea Cucumber,6OB,2004,7,25,2,2100,*,,
Sea Cucumber,6OB,2004,7,27,4,6186,55115,,
Sea Cucumber,6OB,2004,7,28,3,2710,23484,,
Sea Cucumber,6OB,2004,7,30,1,2000,*,,
Sea Cucumber,6OB,2004,7,Total,13,43446,335408,,
Sea Cucumber,6OB,2004,8,4,3,5600,**,,
Sea Cucumber,6OB,2004,8,16,1,3070,*,,
Sea Cucumber,6OB,2004,8,Total,4,8670,70478,,
Sea Cucumber,6OB,2004,9,2,2,2842,*,,
Sea Cucumber,6OB,2004,9,11,1,500,*,,
Sea Cucumber,6OB,2004,9,12,1,2060,*,,
Sea Cucumber,6OB,2004,9,Total,2,5402,*,,
Sea Cucumber,6OB,2004,12,7,2,1050,*,,
Sea Cucumber,6OB,2004,12,11,2,1970,*,,
Sea Cucumber,6OB,2004,12,13,4,3600,27902,,
Sea Cucumber,6OB,2004,12,16,3,2440,20004,,
Sea Cucumber,6OB,2004,12,40,1,1814,*,,
Sea Cucumber,6OB,2004,12,41,4,6741,48200,,
Sea Cucumber,6OB,2004,12,Total,6,17615,145994,,
Sea Cucumber,6OB,2004,13,12,1,1928,*,,
Sea Cucumber,6OB,2004,13,17,1,710,*,,
Sea Cucumber,6OB,2004,13,18,1,630,*,,
Sea Cucumber,6OB,2004,13,23,1,860,*,,
Sea Cucumber,6OB,2004,13,Total,2,4128,*,,
Sea Cucumber,6OB,2004,24,4,1,1580,*,,
Sea Cucumber,6OB,2004,24,5,1,2730,*,,
Sea Cucumber,6OB,2004,24,7,1,3217,*,,
Sea Cucumber,6OB,2004,24,Total,1,7527,*,,
Sea Cucumber,6OB,2005,5,2,4,1210,5656,,
Sea Cucumber,6OB,2005,5,4,6,4673,33021,,
Sea Cucumber,6OB,2005,5,5,1,660,*,,
Sea Cucumber,6OB,2005,5,10,3,900,5320,,
Sea Cucumber,6OB,2005,5,12,5,6319,36363,,
Sea Cucumber,6OB,2005,5,13,1,395,*,,
Sea Cucumber,6OB,2005,5,14,3,1665,14832,,
Sea Cucumber,6OB,2005,5,15,2,1410,*,,
Sea Cucumber,6OB,2005,5,16,4,3905,31398,,
Sea Cucumber,6OB,2005,5,17,9,8649,56911,,
Sea Cucumber,6OB,2005,5,19,1,600,*,,
Sea Cucumber,6OB,2005,5,Total,11,30386,203368,,
Sea Cucumber,6OB,2005,6,2,2,1575,*,,
Sea Cucumber,6OB,2005,6,3,6,5940,42890,,
Sea Cucumber,6OB,2005,6,5,11,10777,68821,,
Sea Cucumber,6OB,2005,6,6,8,5488,34176,,
Sea Cucumber,6OB,2005,6,7,1,660,*,,
Sea Cucumber,6OB,2005,6,9,13,12080,73055,,
Sea Cucumber,6OB,2005,6,10,11,8478,43632,,
Sea Cucumber,6OB,2005,6,12,3,3595,18053,,
Sea Cucumber,6OB,2005,6,14,1,495,*,,
Sea Cucumber,6OB,2005,6,16,3,370,1559,,
Sea Cucumber,6OB,2005,6,26,1,120,*,,
Sea Cucumber,6OB,2005,6,27,1,130,*,,
Sea Cucumber,6OB,2005,6,28,3,1260,9340,,
Sea Cucumber,6OB,2005,6,Total,19,50968,314926,,
Sea Cucumber,6OB,2005,7,3,3,810,4610,,
Sea Cucumber,6OB,2005,7,12,8,5125,35456,,
Sea Cucumber,6OB,2005,7,13,3,3600,25093,,
Sea Cucumber,6OB,2005,7,15,7,4965,29442,,
Sea Cucumber,6OB,2005,7,16,1,1160,*,,
Sea Cucumber,6OB,2005,7,17,8,13596,99838,,
Sea Cucumber,6OB,2005,7,18,3,1250,10007,,
Sea Cucumber,6OB,2005,7,21,1,600,*,,
Sea Cucumber,6OB,2005,7,22,2,1905,*,,
Sea Cucumber,6OB,2005,7,23,4,4670,35737,,
Sea Cucumber,6OB,2005,7,24,4,5141,30538,,
Sea Cucumber,6OB,2005,7,25,2,820,*,,
Sea Cucumber,6OB,2005,7,27,2,3287,*,,
Sea Cucumber,6OB,2005,7,28,1,2500,*,,
Sea Cucumber,6OB,2005,7,30,2,2925,*,,
Sea Cucumber,6OB,2005,7,32,1,200,*,,
Sea Cucumber,6OB,2005,7,Total,15,52554,382210,,
Sea Cucumber,6OB,2005,8,2,2,2352,*,,
Sea Cucumber,6OB,2005,8,3,1,440,*,,
Sea Cucumber,6OB,2005,8,4,8,7912,68403,,
Sea Cucumber,6OB,2005,8,13,3,2995,22192,,
Sea Cucumber,6OB,2005,8,16,3,1945,17683,,
Sea Cucumber,6OB,2005,8,Total,9,15644,130673,,
Sea Cucumber,6OB,2005,9,2,1,8020,*,,
Sea Cucumber,6OB,2005,9,Total,1,8020,*,,
Sea Cucumber,6OB,2005,12,7,1,440,*,,
Sea Cucumber,6OB,2005,12,11,2,2380,*,,
Sea Cucumber,6OB,2005,12,13,3,2559,18509,,
Sea Cucumber,6OB,2005,12,16,3,4690,26547,,
Sea Cucumber,6OB,2005,12,17,1,795,*,,
Sea Cucumber,6OB,2005,12,40,2,4370,*,,
Sea Cucumber,6OB,2005,12,41,3,2354,21320,,
Sea Cucumber,6OB,2005,12,Total,6,17588,136931,,
Sea Cucumber,6OB,2005,13,12,1,3300,*,,
Sea Cucumber,6OB,2005,13,17,2,2146,*,,
Sea Cucumber,6OB,2005,13,18,2,460,*,,
Sea Cucumber,6OB,2005,13,Total,2,5906,*,,
Sea Cucumber,6OB,2005,24,4,1,1223,*,,
Sea Cucumber,6OB,2005,24,5,1,2484,*,,
Sea Cucumber,6OB,2005,24,6,1,348,*,,
Sea Cucumber,6OB,2005,24,7,1,2530,*,,
Sea Cucumber,6OB,2005,24,10,1,478,*,,
Sea Cucumber,6OB,2005,24,Total,1,7063,*,,
Sea Cucumber,6OB,2006,5,2,1,782,*,,
Sea Cucumber,6OB,2006,5,4,5,5845,41048,,
Sea Cucumber,6OB,2006,5,5,4,2910,18314,,
Sea Cucumber,6OB,2006,5,7,2,1440,*,,
Sea Cucumber,6OB,2006,5,12,2,3020,*,,
Sea Cucumber,6OB,2006,5,14,6,8755,47625,,
Sea Cucumber,6OB,2006,5,15,1,2250,*,,
Sea Cucumber,6OB,2006,5,16,5,4420,24676,,
Sea Cucumber,6OB,2006,5,17,4,1320,9348,,
Sea Cucumber,6OB,2006,5,23,2,1095,*,,
Sea Cucumber,6OB,2006,5,24,1,1112,*,,
Sea Cucumber,6OB,2006,5,Total,11,32949,191351,,
Sea Cucumber,6OB,2006,6,2,3,2260,12478,,
Sea Cucumber,6OB,2006,6,3,2,3770,*,,
Sea Cucumber,6OB,2006,6,5,9,11975,75395,,
Sea Cucumber,6OB,2006,6,6,6,4649,46782,,
Sea Cucumber,6OB,2006,6,7,1,920,*,,
Sea Cucumber,6OB,2006,6,9,13,19893,105408,,
Sea Cucumber,6OB,2006,6,10,7,4687,24131,,
Sea Cucumber,6OB,2006,6,12,1,620,*,,
Sea Cucumber,6OB,2006,6,15,1,150,*,,
Sea Cucumber,6OB,2006,6,26,1,345,*,,
Sea Cucumber,6OB,2006,6,28,2,800,*,,
Sea Cucumber,6OB,2006,6,Total,17,50069,307082,,
Sea Cucumber,6OB,2006,7,3,1,902,*,,
Sea Cucumber,6OB,2006,7,12,6,7837,46912,,
Sea Cucumber,6OB,2006,7,13,2,3604,*,,
Sea Cucumber,6OB,2006,7,15,5,6276,31582,,
Sea Cucumber,6OB,2006,7,16,1,440,*,,
Sea Cucumber,6OB,2006,7,17,9,12574,78881,,
Sea Cucumber,6OB,2006,7,22,2,1531,*,,
Sea Cucumber,6OB,2006,7,23,5,2210,13759,,
Sea Cucumber,6OB,2006,7,24,6,8641,52397,,
Sea Cucumber,6OB,2006,7,25,3,4240,32979,,
Sea Cucumber,6OB,2006,7,27,2,2790,*,,
Sea Cucumber,6OB,2006,7,28,2,2740,*,,
Sea Cucumber,6OB,2006,7,30,2,2930,*,,
Sea Cucumber,6OB,2006,7,Total,15,56715,361224,,
Sea Cucumber,6OB,2006,8,2,2,1340,*,,
Sea Cucumber,6OB,2006,8,4,3,5335,30116,,
Sea Cucumber,6OB,2006,8,5,2,1790,*,,
Sea Cucumber,6OB,2006,8,6,1,385,*,,
Sea Cucumber,6OB,2006,8,7,1,300,*,,
Sea Cucumber,6OB,2006,8,13,1,590,*,,
Sea Cucumber,6OB,2006,8,16,2,2280,*,,
Sea Cucumber,6OB,2006,8,Total,6,12020,89976,,
Sea Cucumber,6OB,2006,9,2,2,7760,*,,
Sea Cucumber,6OB,2006,9,12,3,2580,**,,
Sea Cucumber,6OB,2006,9,Total,5,10340,85461,,
Sea Cucumber,6OB,2006,12,7,2,488,*,,
Sea Cucumber,6OB,2006,12,11,2,340,*,,
Sea Cucumber,6OB,2006,12,13,5,5870,48516,,
Sea Cucumber,6OB,2006,12,16,3,1698,15023,,
Sea Cucumber,6OB,2006,12,17,1,43,*,,
Sea Cucumber,6OB,2006,12,40,2,3760,*,,
Sea Cucumber,6OB,2006,12,41,4,4383,36350,,
Sea Cucumber,6OB,2006,12,Total,7,16582,134343,,
Sea Cucumber,6OB,2006,13,12,2,1205,*,,
Sea Cucumber,6OB,2006,13,13,1,913,*,,
Sea Cucumber,6OB,2006,13,15,1,360,*,,
Sea Cucumber,6OB,2006,13,17,2,603,*,,
Sea Cucumber,6OB,2006,13,18,2,1269,*,,
Sea Cucumber,6OB,2006,13,19,1,130,*,,
Sea Cucumber,6OB,2006,13,Total,2,4480,*,,
Sea Cucumber,6OB,2006,24,4,1,920,*,,
Sea Cucumber,6OB,2006,24,5,1,1830,*,,
Sea Cucumber,6OB,2006,24,6,1,1748,*,,
Sea Cucumber,6OB,2006,24,7,1,2390,*,,
Sea Cucumber,6OB,2006,24,Total,1,6888,*,,
Sea Cucumber,6OB,2007,5,2,1,160,*,,
Sea Cucumber,6OB,2007,5,4,3,5080,32855,,
Sea Cucumber,6OB,2007,5,5,1,2400,*,,
Sea Cucumber,6OB,2007,5,12,3,2630,15639,,
Sea Cucumber,6OB,2007,5,13,1,440,*,,
Sea Cucumber,6OB,2007,5,14,4,3380,21259,,
Sea Cucumber,6OB,2007,5,15,1,1330,*,,
Sea Cucumber,6OB,2007,5,16,7,9015,48033,,
Sea Cucumber,6OB,2007,5,17,6,2824,16380,,
Sea Cucumber,6OB,2007,5,19,3,1250,7800,,
Sea Cucumber,6OB,2007,5,20,1,2010,*,,
Sea Cucumber,6OB,2007,5,21,1,420,*,,
Sea Cucumber,6OB,2007,5,24,1,630,*,,
Sea Cucumber,6OB,2007,5,Total,12,31569,185992,,
Sea Cucumber,6OB,2007,6,2,3,1157,8557,,
Sea Cucumber,6OB,2007,6,3,6,5489,38552,,
Sea Cucumber,6OB,2007,6,5,13,10730,74900,,
Sea Cucumber,6OB,2007,6,6,3,3195,20293,,
Sea Cucumber,6OB,2007,6,7,5,2840,20720,,
Sea Cucumber,6OB,2007,6,9,13,19856,89851,,
Sea Cucumber,6OB,2007,6,10,7,7450,29432,,
Sea Cucumber,6OB,2007,6,11,1,960,*,,
Sea Cucumber,6OB,2007,6,12,1,165,*,,
Sea Cucumber,6OB,2007,6,14,2,1190,*,,
Sea Cucumber,6OB,2007,6,15,3,730,4962,,
Sea Cucumber,6OB,2007,6,16,2,1437,*,,
Sea Cucumber,6OB,2007,6,26,2,1200,*,,
Sea Cucumber,6OB,2007,6,27,1,200,*,,
Sea Cucumber,6OB,2007,6,28,1,480,*,,
Sea Cucumber,6OB,2007,6,Total,19,57079,313357,,
Sea Cucumber,6OB,2007,7,12,5,10150,51738,,
Sea Cucumber,6OB,2007,7,13,1,360,*,,
Sea Cucumber,6OB,2007,7,14,2,5155,*,,
Sea Cucumber,6OB,2007,7,15,4,1840,10506,,
Sea Cucumber,6OB,2007,7,16,1,180,*,,
Sea Cucumber,6OB,2007,7,17,12,20870,120207,,
Sea Cucumber,6OB,2007,7,18,1,2090,*,,
Sea Cucumber,6OB,2007,7,23,2,3080,*,,
Sea Cucumber,6OB,2007,7,24,6,8760,48171,,
Sea Cucumber,6OB,2007,7,25,5,6805,36473,,
Sea Cucumber,6OB,2007,7,27,2,1779,*,,
Sea Cucumber,6OB,2007,7,28,3,2175,17061,,
Sea Cucumber,6OB,2007,7,30,1,1530,*,,
Sea Cucumber,6OB,2007,7,Total,16,64774,373499,,
Sea Cucumber,6OB,2007,8,2,4,2600,18747,,
Sea Cucumber,6OB,2007,8,3,1,730,*,,
Sea Cucumber,6OB,2007,8,4,7,5265,40649,,
Sea Cucumber,6OB,2007,8,13,1,450,*,,
Sea Cucumber,6OB,2007,8,16,1,1920,*,,
Sea Cucumber,6OB,2007,8,Total,9,10965,78465,,
Sea Cucumber,6OB,2007,9,2,3,6930,**,,
Sea Cucumber,6OB,2007,9,12,1,6600,*,,
Sea Cucumber,6OB,2007,9,Total,3,13530,89001,,
Sea Cucumber,6OB,2007,12,11,2,2020,*,,
Sea Cucumber,6OB,2007,12,13,4,3380,33572,,
Sea Cucumber,6OB,2007,12,16,3,1991,16642,,
Sea Cucumber,6OB,2007,12,40,2,3124,*,,
Sea Cucumber,6OB,2007,12,41,2,5720,*,,
Sea Cucumber,6OB,2007,12,Total,6,16235,134023,,
Sea Cucumber,6OB,2007,13,12,1,1520,*,,
Sea Cucumber,6OB,2007,13,16,1,300,*,,
Sea Cucumber,6OB,2007,13,17,1,760,*,,
Sea Cucumber,6OB,2007,13,18,1,700,*,,
Sea Cucumber,6OB,2007,13,23,1,58,*,,
Sea Cucumber,6OB,2007,13,Total,1,3338,*,,
Sea Cucumber,6OB,2007,24,4,1,2810,*,,
Sea Cucumber,6OB,2007,24,5,1,1240,*,,
Sea Cucumber,6OB,2007,24,6,1,220,*,,
Sea Cucumber,6OB,2007,24,7,1,2425,*,,
Sea Cucumber,6OB,2007,24,10,1,500,*,,
Sea Cucumber,6OB,2007,24,Total,1,7195,*,,
Sea Cucumber,6OB,2008,5,2,1,310,*,,
Sea Cucumber,6OB,2008,5,4,5,5788,40225,,
Sea Cucumber,6OB,2008,5,5,1,3360,*,,
Sea Cucumber,6OB,2008,5,7,2,1522,*,,
Sea Cucumber,6OB,2008,5,12,4,3811,20527,,
Sea Cucumber,6OB,2008,5,13,1,274,*,,
Sea Cucumber,6OB,2008,5,14,4,3743,27049,,
Sea Cucumber,6OB,2008,5,15,1,1100,*,,
Sea Cucumber,6OB,2008,5,16,3,3420,14011,,
Sea Cucumber,6OB,2008,5,21,1,400,*,,
Sea Cucumber,6OB,2008,5,23,6,3156,15876,,
Sea Cucumber,6OB,2008,5,24,6,8878,57528,,
Sea Cucumber,6OB,2008,5,Total,11,35762,208149,,
Sea Cucumber,6OB,2008,6,2,2,1360,*,,
Sea Cucumber,6OB,2008,6,3,4,2840,14913,,
Sea Cucumber,6OB,2008,6,5,7,9177,54732,,
Sea Cucumber,6OB,2008,6,6,7,6929,57147,,
Sea Cucumber,6OB,2008,6,7,3,1260,8890,,
Sea Cucumber,6OB,2008,6,9,8,11760,56589,,
Sea Cucumber,6OB,2008,6,10,8,8795,41688,,
Sea Cucumber,6OB,2008,6,11,1,690,*,,
Sea Cucumber,6OB,2008,6,12,2,890,*,,
Sea Cucumber,6OB,2008,6,14,1,200,*,,
Sea Cucumber,6OB,2008,6,15,1,650,*,,
Sea Cucumber,6OB,2008,6,16,1,1020,*,,
Sea Cucumber,6OB,2008,6,27,1,220,*,,
Sea Cucumber,6OB,2008,6,Total,15,45791,260397,,
Sea Cucumber,6OB,2008,7,3,1,1230,*,,
Sea Cucumber,6OB,2008,7,9,7,9937,65699,,
Sea Cucumber,6OB,2008,7,12,5,3945,26594,,
Sea Cucumber,6OB,2008,7,13,3,3145,20331,,
Sea Cucumber,6OB,2008,7,14,1,625,*,,
Sea Cucumber,6OB,2008,7,15,4,6220,40872,,
Sea Cucumber,6OB,2008,7,17,10,18210,126331,,
Sea Cucumber,6OB,2008,7,18,4,4983,32043,,
Sea Cucumber,6OB,2008,7,22,1,380,*,,
Sea Cucumber,6OB,2008,7,23,3,3480,18467,,
Sea Cucumber,6OB,2008,7,24,4,3970,24376,,
Sea Cucumber,6OB,2008,7,25,5,3812,27111,,
Sea Cucumber,6OB,2008,7,28,1,430,*,,
Sea Cucumber,6OB,2008,7,32,2,1504,*,,
Sea Cucumber,6OB,2008,7,Total,15,61871,405191,,
Sea Cucumber,6OB,2008,8,2,2,1124,*,,
Sea Cucumber,6OB,2008,8,4,4,5777,39208,,
Sea Cucumber,6OB,2008,8,13,1,1082,*,,
Sea Cucumber,6OB,2008,8,16,2,2339,*,,
Sea Cucumber,6OB,2008,8,Total,6,10322,72495,,
Sea Cucumber,6OB,2008,9,1,1,253,*,,
Sea Cucumber,6OB,2008,9,2,3,2678,**,,
Sea Cucumber,6OB,2008,9,11,3,4656,36283,,
Sea Cucumber,6OB,2008,9,12,3,5944,22418,,
Sea Cucumber,6OB,2008,9,Total,6,13531,75795,,
Sea Cucumber,6OB,2008,10,4,2,780,*,,
Sea Cucumber,6OB,2008,10,5,2,1390,*,,
Sea Cucumber,6OB,2008,10,7,1,300,*,,
Sea Cucumber,6OB,2008,10,Total,3,2470,17468,,
Sea Cucumber,6OB,2008,12,7,2,898,*,,
Sea Cucumber,6OB,2008,12,11,2,1320,*,,
Sea Cucumber,6OB,2008,12,13,3,3220,26296,,
Sea Cucumber,6OB,2008,12,16,2,800,*,,
Sea Cucumber,6OB,2008,12,17,1,180,*,,
Sea Cucumber,6OB,2008,12,22,1,954,*,,
Sea Cucumber,6OB,2008,12,23,1,1005,*,,
Sea Cucumber,6OB,2008,12,40,1,1080,*,,
Sea Cucumber,6OB,2008,12,41,3,6915,40948,,
Sea Cucumber,6OB,2008,12,Total,5,16372,118948,,
Sea Cucumber,6OB,2008,13,9,1,360,*,,
Sea Cucumber,6OB,2008,13,12,1,560,*,,
Sea Cucumber,6OB,2008,13,16,1,2465,*,,
Sea Cucumber,6OB,2008,13,17,1,240,*,,
Sea Cucumber,6OB,2008,13,18,1,1000,*,,
Sea Cucumber,6OB,2008,13,24,1,3125,*,,
Sea Cucumber,6OB,2008,13,25,1,760,*,,
Sea Cucumber,6OB,2008,13,26,1,830,*,,
Sea Cucumber,6OB,2008,13,28,1,300,*,,
Sea Cucumber,6OB,2008,13,42,1,2235,*,,
Sea Cucumber,6OB,2008,13,Total,2,11875,*,,
Sea Cucumber,6OB,2008,24,4,1,705,*,,
Sea Cucumber,6OB,2008,24,5,1,245,*,,
Sea Cucumber,6OB,2008,24,6,1,1765,*,,
Sea Cucumber,6OB,2008,24,7,1,1775,*,,
Sea Cucumber,6OB,2008,24,Total,1,4490,*,,
Sea Cucumber,6OB,2009,3,1,3,3860,24529,,
Sea Cucumber,6OB,2009,3,Total,3,3860,24529,,
Sea Cucumber,6OB,2009,4,1,7,7055,47497,,
Sea Cucumber,6OB,2009,4,2,6,3735,26866,,
Sea Cucumber,6OB,2009,4,4,1,400,*,,
Sea Cucumber,6OB,2009,4,5,8,6919,50411,,
Sea Cucumber,6OB,2009,4,9,3,1240,4994,,
Sea Cucumber,6OB,2009,4,12,2,850,*,,
Sea Cucumber,6OB,2009,4,Total,9,20199,136569,,
Sea Cucumber,6OB,2009,5,4,2,2276,*,,
Sea Cucumber,6OB,2009,5,5,1,200,*,,
Sea Cucumber,6OB,2009,5,7,2,605,*,,
Sea Cucumber,6OB,2009,5,12,2,1337,*,,
Sea Cucumber,6OB,2009,5,13,2,1693,*,,
Sea Cucumber,6OB,2009,5,14,2,1543,*,,
Sea Cucumber,6OB,2009,5,15,1,2200,*,,
Sea Cucumber,6OB,2009,5,16,3,5012,23612,,
Sea Cucumber,6OB,2009,5,17,8,7938,54484,,
Sea Cucumber,6OB,2009,5,19,1,265,*,,
Sea Cucumber,6OB,2009,5,20,4,3545,18146,,
Sea Cucumber,6OB,2009,5,22,2,1762,*,,
Sea Cucumber,6OB,2009,5,Total,11,28376,174039,,
Sea Cucumber,6OB,2009,6,2,1,540,*,,
Sea Cucumber,6OB,2009,6,3,4,2275,15142,,
Sea Cucumber,6OB,2009,6,5,9,4180,25613,,
Sea Cucumber,6OB,2009,6,6,6,9010,60024,,
Sea Cucumber,6OB,2009,6,7,1,284,*,,
Sea Cucumber,6OB,2009,6,26,4,2105,18123,,
Sea Cucumber,6OB,2009,6,27,3,1297,9188,,
Sea Cucumber,6OB,2009,6,Total,12,19691,133985,,
Sea Cucumber,6OB,2009,7,3,1,560,*,,
Sea Cucumber,6OB,2009,7,9,7,7359,48996,,
Sea Cucumber,6OB,2009,7,10,2,1490,*,,
Sea Cucumber,6OB,2009,7,12,7,9025,52940,,
Sea Cucumber,6OB,2009,7,13,3,2420,15689,,
Sea Cucumber,6OB,2009,7,14,2,3836,*,,
Sea Cucumber,6OB,2009,7,15,5,6190,32974,,
Sea Cucumber,6OB,2009,7,16,1,380,*,,
Sea Cucumber,6OB,2009,7,17,9,11355,68771,,
Sea Cucumber,6OB,2009,7,18,3,2850,13259,,
Sea Cucumber,6OB,2009,7,23,3,3218,19631,,
Sea Cucumber,6OB,2009,7,24,1,500,*,,
Sea Cucumber,6OB,2009,7,25,5,5570,35843,,
Sea Cucumber,6OB,2009,7,29,1,760,*,,
Sea Cucumber,6OB,2009,7,30,3,3720,29439,,
Sea Cucumber,6OB,2009,7,32,1,520,*,,
Sea Cucumber,6OB,2009,7,Total,16,59753,369995,,
Sea Cucumber,6OB,2009,8,2,2,970,*,,
Sea Cucumber,6OB,2009,8,3,1,536,*,,
Sea Cucumber,6OB,2009,8,5,3,1660,12853,,
Sea Cucumber,6OB,2009,8,6,1,1400,*,,
Sea Cucumber,6OB,2009,8,16,5,5287,43756,,
Sea Cucumber,6OB,2009,8,Total,9,9853,74891,,
Sea Cucumber,6OB,2009,9,1,2,1820,*,,
Sea Cucumber,6OB,2009,9,2,2,861,*,,
Sea Cucumber,6OB,2009,9,3,2,1433,*,,
Sea Cucumber,6OB,2009,9,4,2,1824,*,,
Sea Cucumber,6OB,2009,9,10,1,75,*,,
Sea Cucumber,6OB,2009,9,11,4,6721,44272,,
Sea Cucumber,6OB,2009,9,12,1,480,*,,
Sea Cucumber,6OB,2009,9,Total,5,13214,80890,,
Sea Cucumber,6OB,2009,10,4,3,2020,10434,,
Sea Cucumber,6OB,2009,10,6,1,880,*,,
Sea Cucumber,6OB,2009,10,8,1,480,*,,
Sea Cucumber,6OB,2009,10,Total,3,3380,16374,,
Sea Cucumber,6OB,2009,12,7,1,340,*,,
Sea Cucumber,6OB,2009,12,22,2,4235,*,,
Sea Cucumber,6OB,2009,12,26,4,2888,22538,,
Sea Cucumber,6OB,2009,12,38,1,414,*,,
Sea Cucumber,6OB,2009,12,39,4,9434,83911,,
Sea Cucumber,6OB,2009,12,40,2,1725,*,,
Sea Cucumber,6OB,2009,12,41,2,2280,*,,
Sea Cucumber,6OB,2009,12,Total,7,21316,180485,,
Sea Cucumber,6OB,2009,13,7,1,960,*,,
Sea Cucumber,6OB,2009,13,9,1,560,*,,
Sea Cucumber,6OB,2009,13,25,1,1170,*,,
Sea Cucumber,6OB,2009,13,26,1,545,*,,
Sea Cucumber,6OB,2009,13,27,2,1840,*,,
Sea Cucumber,6OB,2009,13,28,1,500,*,,
Sea Cucumber,6OB,2009,13,39,1,210,*,,
Sea Cucumber,6OB,2009,13,Total,3,5785,24400,,
Sea Cucumber,6OB,2009,24,4,1,1015,*,,
Sea Cucumber,6OB,2009,24,5,1,140,*,,
Sea Cucumber,6OB,2009,24,6,1,1835,*,,
Sea Cucumber,6OB,2009,24,7,1,1672,*,,
Sea Cucumber,6OB,2009,24,10,1,320,*,,
Sea Cucumber,6OB,2009,24,Total,1,4982,*,,
Sea Cucumber,6OB,2010,3,3,2,2230,*,,
Sea Cucumber,6OB,2010,3,6,5,5705,31764,,
Sea Cucumber,6OB,2010,3,7,7,4700,29431,,
Sea Cucumber,6OB,2010,3,8,5,3525,**,,
Sea Cucumber,6OB,2010,3,Total,9,16160,93554,,
Sea Cucumber,6OB,2010,4,1,9,10450,69677,,
Sea Cucumber,6OB,2010,4,2,4,2700,13142,,
Sea Cucumber,6OB,2010,4,4,3,1990,15407,,
Sea Cucumber,6OB,2010,4,5,9,9200,57983,,
Sea Cucumber,6OB,2010,4,9,7,4716,26163,,
Sea Cucumber,6OB,2010,4,Total,13,29056,182372,,
Sea Cucumber,6OB,2010,5,13,3,920,5822,,
Sea Cucumber,6OB,2010,5,14,3,1260,9551,,
Sea Cucumber,6OB,2010,5,15,1,1200,*,,
Sea Cucumber,6OB,2010,5,16,5,4795,27375,,
Sea Cucumber,6OB,2010,5,17,6,5019,36416,,
Sea Cucumber,6OB,2010,5,18,1,1050,*,,
Sea Cucumber,6OB,2010,5,19,4,1105,5632,,
Sea Cucumber,6OB,2010,5,Total,11,15349,97896,,
Sea Cucumber,6OB,2010,6,3,6,4840,40749,,
Sea Cucumber,6OB,2010,6,5,7,6045,45741,,
Sea Cucumber,6OB,2010,6,6,6,6829,43285,,
Sea Cucumber,6OB,2010,6,27,3,1200,9216,,
Sea Cucumber,6OB,2010,6,Total,10,18914,138991,,
Sea Cucumber,6OB,2010,7,9,6,12785,83942,,
Sea Cucumber,6OB,2010,7,10,1,298,*,,
Sea Cucumber,6OB,2010,7,12,8,8235,54522,,
Sea Cucumber,6OB,2010,7,13,4,2695,19715,,
Sea Cucumber,6OB,2010,7,14,2,3401,*,,
Sea Cucumber,6OB,2010,7,15,6,4895,35311,,
Sea Cucumber,6OB,2010,7,17,12,10262,71468,,
Sea Cucumber,6OB,2010,7,22,2,923,*,,
Sea Cucumber,6OB,2010,7,24,2,928,*,,
Sea Cucumber,6OB,2010,7,30,9,5822,39000,,
Sea Cucumber,6OB,2010,7,Total,13,50244,341580,,
Sea Cucumber,6OB,2010,8,2,3,4375,31494,,
Sea Cucumber,6OB,2010,8,5,2,840,*,,
Sea Cucumber,6OB,2010,8,6,1,810,*,,
Sea Cucumber,6OB,2010,8,7,1,280,*,,
Sea Cucumber,6OB,2010,8,16,4,4410,30792,,
Sea Cucumber,6OB,2010,8,Total,9,10715,77102,,
Sea Cucumber,6OB,2010,9,2,1,1700,*,,
Sea Cucumber,6OB,2010,9,3,1,355,*,,
Sea Cucumber,6OB,2010,9,4,1,140,*,,
Sea Cucumber,6OB,2010,9,11,8,8804,62829,,
Sea Cucumber,6OB,2010,9,12,2,1364,*,,
Sea Cucumber,6OB,2010,9,Total,8,12363,84705,,
Sea Cucumber,6OB,2010,12,22,1,3246,*,,
Sea Cucumber,6OB,2010,12,23,2,2020,*,,
Sea Cucumber,6OB,2010,12,26,2,2000,*,,
Sea Cucumber,6OB,2010,12,38,1,700,*,,
Sea Cucumber,6OB,2010,12,39,5,13189,93421,,
Sea Cucumber,6OB,2010,12,40,3,3708,34404,,
Sea Cucumber,6OB,2010,12,41,1,152,*,,
Sea Cucumber,6OB,2010,12,Total,6,25015,180382,,
Sea Cucumber,6OB,2010,13,24,1,1600,*,,
Sea Cucumber,6OB,2010,13,26,1,2190,*,,
Sea Cucumber,6OB,2010,13,27,1,880,*,,
Sea Cucumber,6OB,2010,13,28,1,1480,*,,
Sea Cucumber,6OB,2010,13,35,1,360,*,,
Sea Cucumber,6OB,2010,13,Total,3,6510,24927,,
Sea Cucumber,6OB,2010,24,4,1,1561,*,,
Sea Cucumber,6OB,2010,24,5,1,465,*,,
Sea Cucumber,6OB,2010,24,6,1,456,*,,
Sea Cucumber,6OB,2010,24,7,1,872,*,,
Sea Cucumber,6OB,2010,24,10,1,796,*,,
Sea Cucumber,6OB,2010,24,Total,1,4150,*,,
Sea Cucumber,6OB,2011,3,1,1,1725,*,,
Sea Cucumber,6OB,2011,3,3,2,330,*,,
Sea Cucumber,6OB,2011,3,6,8,7965,45907,,
Sea Cucumber,6OB,2011,3,7,7,4551,38008,,
Sea Cucumber,6OB,2011,3,8,7,4965,24324,,
Sea Cucumber,6OB,2011,3,10,3,1770,5699,,
Sea Cucumber,6OB,2011,3,11,10,8570,43038,,
Sea Cucumber,6OB,2011,3,Total,12,29876,169965,,
Sea Cucumber,6OB,2011,4,1,12,13406,85274,,
Sea Cucumber,6OB,2011,4,5,10,14402,77455,,
Sea Cucumber,6OB,2011,4,Total,14,27808,162729,,
Sea Cucumber,6OB,2011,5,23,3,2010,10850,,
Sea Cucumber,6OB,2011,5,24,8,6645,39537,,
Sea Cucumber,6OB,2011,5,Total,9,8655,50387,,
Sea Cucumber,6OB,2011,6,11,1,470,*,,
Sea Cucumber,6OB,2011,6,12,3,2800,7580,,
Sea Cucumber,6OB,2011,6,14,11,9405,37853,,
Sea Cucumber,6OB,2011,6,15,5,2273,14254,,
Sea Cucumber,6OB,2011,6,16,6,2673,9884,,
Sea Cucumber,6OB,2011,6,20,11,7245,50348,,
Sea Cucumber,6OB,2011,6,21,5,3955,21061,,
Sea Cucumber,6OB,2011,6,28,2,3280,*,,
Sea Cucumber,6OB,2011,6,Total,13,32101,162650,,
Sea Cucumber,6OB,2011,7,18,8,9249,43749,,
Sea Cucumber,6OB,2011,7,23,3,7245,**,,
Sea Cucumber,6OB,2011,7,25,8,17109,92073,,
Sea Cucumber,6OB,2011,7,27,2,3734,*,,
Sea Cucumber,6OB,2011,7,28,3,5825,35192,,
Sea Cucumber,6OB,2011,7,30,8,8407,46934,,
Sea Cucumber,6OB,2011,7,Total,12,51569,276074,,
Sea Cucumber,6OB,2011,8,2,1,370,*,,
Sea Cucumber,6OB,2011,8,4,9,16407,115191,,
Sea Cucumber,6OB,2011,8,5,5,4580,28630,,
Sea Cucumber,6OB,2011,8,6,3,3080,16000,,
Sea Cucumber,6OB,2011,8,7,2,1670,*,,
Sea Cucumber,6OB,2011,8,13,4,7771,58951,,
Sea Cucumber,6OB,2011,8,14,2,640,*,,
Sea Cucumber,6OB,2011,8,Total,11,34518,236373,,
Sea Cucumber,6OB,2011,12,22,2,6760,*,,
Sea Cucumber,6OB,2011,12,23,1,860,*,,
Sea Cucumber,6OB,2011,12,Total,2,7620,*,,
Sea Cucumber,6OB,2011,13,12,4,2360,15958,,
Sea Cucumber,6OB,2011,13,13,3,1625,9395,,
Sea Cucumber,6OB,2011,13,15,2,340,*,,
Sea Cucumber,6OB,2011,13,16,3,1690,12208,,
Sea Cucumber,6OB,2011,13,35,1,1540,*,,
Sea Cucumber,6OB,2011,13,36,2,850,*,,
Sea Cucumber,6OB,2011,13,39,1,260,*,,
Sea Cucumber,6OB,2011,13,40,1,1080,*,,
Sea Cucumber,6OB,2011,13,41,1,2120,*,,
Sea Cucumber,6OB,2011,13,42,2,3630,*,,
Sea Cucumber,6OB,2011,13,Total,5,15495,77862,,
Sea Cucumber,6OB,2011,16,6,2,1759,*,,
Sea Cucumber,6OB,2011,16,8,1,3119,*,,
Sea Cucumber,6OB,2011,16,9,1,200,*,,
Sea Cucumber,6OB,2011,16,10,3,3406,14695,,
Sea Cucumber,6OB,2011,16,11,3,4140,15434,,
Sea Cucumber,6OB,2011,16,12,3,2470,8849,,
Sea Cucumber,6OB,2011,16,13,4,1560,6629,,
Sea Cucumber,6OB,2011,16,16,1,400,*,,
Sea Cucumber,6OB,2011,16,Total,7,17054,92104,,
Sea Cucumber,6OB,2011,18,2,2,2374,*,,
Sea Cucumber,6OB,2011,18,4,1,600,*,,
Sea Cucumber,6OB,2011,18,5,1,4450,*,,
Sea Cucumber,6OB,2011,18,Total,2,7424,*,,
Sea Cucumber,6OB,2011,24,4,1,845,*,,
Sea Cucumber,6OB,2011,24,5,1,1129,*,,
Sea Cucumber,6OB,2011,24,6,1,940,*,,
Sea Cucumber,6OB,2011,24,7,1,1093,*,,
Sea Cucumber,6OB,2011,24,10,1,650,*,,
Sea Cucumber,6OB,2011,24,Total,1,4657,*,,
Sea Cucumber,6OB,2012,2,6,3,5262,33647,,
Sea Cucumber,6OB,2012,2,Total,3,5262,33647,,
Sea Cucumber,6OB,2012,4,2,4,12375,48259,,
Sea Cucumber,6OB,2012,4,4,2,1695,*,,
Sea Cucumber,6OB,2012,4,9,3,5446,**,,
Sea Cucumber,6OB,2012,4,Total,6,19516,83165,,
Sea Cucumber,6OB,2012,5,4,4,3370,21570,,
Sea Cucumber,6OB,2012,5,5,3,1720,9569,,
Sea Cucumber,6OB,2012,5,12,5,7862,41778,,
Sea Cucumber,6OB,2012,5,20,3,1320,**,,
Sea Cucumber,6OB,2012,5,21,2,6490,*,,
Sea Cucumber,6OB,2012,5,22,3,4135,22809,,
Sea Cucumber,6OB,2012,5,Total,10,24897,151382,,
Sea Cucumber,6OB,2012,6,3,7,10714,76968,,
Sea Cucumber,6OB,2012,6,6,6,8575,61555,,
Sea Cucumber,6OB,2012,6,7,5,5224,36636,,
Sea Cucumber,6OB,2012,6,Total,9,24513,175159,,
Sea Cucumber,6OB,2012,7,17,7,21326,151709,,
Sea Cucumber,6OB,2012,7,Total,7,21326,151709,,
Sea Cucumber,6OB,2012,8,2,4,8630,**,,
Sea Cucumber,6OB,2012,8,3,1,160,*,,
Sea Cucumber,6OB,2012,8,16,8,9665,62845,,
Sea Cucumber,6OB,2012,8,Total,9,18455,119906,,
Sea Cucumber,6OB,2012,9,1,1,540,*,,
Sea Cucumber,6OB,2012,9,2,6,6924,49119,,
Sea Cucumber,6OB,2012,9,3,1,240,*,,
Sea Cucumber,6OB,2012,9,4,2,1414,*,,
Sea Cucumber,6OB,2012,9,11,5,7368,53702,,
Sea Cucumber,6OB,2012,9,12,6,6356,38102,,
Sea Cucumber,6OB,2012,9,Total,7,22842,155278,,
Sea Cucumber,6OB,2012,10,3,2,660,*,,
Sea Cucumber,6OB,2012,10,4,1,760,*,,
Sea Cucumber,6OB,2012,10,5,1,450,*,,
Sea Cucumber,6OB,2012,10,7,1,600,*,,
Sea Cucumber,6OB,2012,10,12,1,300,*,,
Sea Cucumber,6OB,2012,10,Total,2,2770,*,,
Sea Cucumber,6OB,2012,11,4,2,2054,*,,
Sea Cucumber,6OB,2012,11,5,3,1925,**,,
Sea Cucumber,6OB,2012,11,Total,4,3979,30300,,
Sea Cucumber,6OB,2012,12,11,3,2305,11895,,
Sea Cucumber,6OB,2012,12,13,4,9295,53679,,
Sea Cucumber,6OB,2012,12,16,4,5643,43043,,
Sea Cucumber,6OB,2012,12,Total,5,17243,108617,,
Sea Cucumber,6OB,2012,14,3,2,9440,*,,
Sea Cucumber,6OB,2012,14,Total,2,9440,*,,
Sea Cucumber,6OB,2012,15,1,6,5574,27243,,
Sea Cucumber,6OB,2012,15,4,5,11010,39796,,
Sea Cucumber,6OB,2012,15,5,11,59302,184121,,
Sea Cucumber,6OB,2012,15,Total,11,75886,251160,,
Sea Cucumber,6OB,2012,16,18,2,1290,*,,
Sea Cucumber,6OB,2012,16,19,1,1600,*,,
Sea Cucumber,6OB,2012,16,20,2,1000,*,,
Sea Cucumber,6OB,2012,16,21,3,5088,18989,,
Sea Cucumber,6OB,2012,16,22,3,2269,8219,,
Sea Cucumber,6OB,2012,16,Total,5,11247,39156,,
Sea Cucumber,6OB,2013,5,13,5,2719,18591,,
Sea Cucumber,6OB,2013,5,14,6,9828,51254,,
Sea Cucumber,6OB,2013,5,15,3,2060,10501,,
Sea Cucumber,6OB,2013,5,16,8,16301,99662,,
Sea Cucumber,6OB,2013,5,17,9,13471,76219,,
Sea Cucumber,6OB,2013,5,18,1,200,*,,
Sea Cucumber,6OB,2013,5,19,3,1525,**,,
Sea Cucumber,6OB,2013,5,Total,15,46104,265967,,
Sea Cucumber,6OB,2013,6,5,16,18275,116380,,
Sea Cucumber,6OB,2013,6,9,12,15508,75006,,
Sea Cucumber,6OB,2013,6,10,6,3386,24860,,
Sea Cucumber,6OB,2013,6,26,1,1635,*,,
Sea Cucumber,6OB,2013,6,27,2,981,*,,
Sea Cucumber,6OB,2013,6,Total,16,39785,233002,,
Sea Cucumber,6OB,2013,7,3,3,2530,25504,,
Sea Cucumber,6OB,2013,7,9,12,21033,143464,,
Sea Cucumber,6OB,2013,7,10,5,5780,45343,,
Sea Cucumber,6OB,2013,7,11,2,1950,*,,
Sea Cucumber,6OB,2013,7,12,12,15591,91551,,
Sea Cucumber,6OB,2013,7,13,6,4662,31553,,
Sea Cucumber,6OB,2013,7,14,4,4338,46828,,
Sea Cucumber,6OB,2013,7,15,7,8655,66553,,
Sea Cucumber,6OB,2013,7,16,1,480,*,,
Sea Cucumber,6OB,2013,7,22,3,889,7711,,
Sea Cucumber,6OB,2013,7,24,3,4155,20555,,
Sea Cucumber,6OB,2013,7,29,1,100,*,,
Sea Cucumber,6OB,2013,7,Total,14,70163,496864,,
Sea Cucumber,6OB,2013,11,3,1,910,*,,
Sea Cucumber,6OB,2013,11,Total,1,910,*,,
Sea Cucumber,6OB,2013,12,7,5,3259,24903,,
Sea Cucumber,6OB,2013,12,8,3,880,3284,,
Sea Cucumber,6OB,2013,12,17,1,250,*,,
Sea Cucumber,6OB,2013,12,26,8,12285,90173,,
Sea Cucumber,6OB,2013,12,38,1,320,*,,
Sea Cucumber,6OB,2013,12,39,8,14035,110336,,
Sea Cucumber,6OB,2013,12,Total,11,31029,234592,,
Sea Cucumber,6OB,2013,13,7,3,2627,9300,,
Sea Cucumber,6OB,2013,13,9,4,2900,10215,,
Sea Cucumber,6OB,2013,13,17,2,2220,*,,
Sea Cucumber,6OB,2013,13,18,3,2283,11316,,
Sea Cucumber,6OB,2013,13,20,1,370,*,,
Sea Cucumber,6OB,2013,13,23,5,2360,7570,,
Sea Cucumber,6OB,2013,13,24,2,2875,*,,
Sea Cucumber,6OB,2013,13,25,3,1390,3824,,
Sea Cucumber,6OB,2013,13,26,6,3545,10070,,
Sea Cucumber,6OB,2013,13,27,4,2260,7890,,
Sea Cucumber,6OB,2013,13,28,2,1515,*,,
Sea Cucumber,6OB,2013,13,Total,7,24345,91003,,
Sea Cucumber,6OB,2013,24,4,1,1735,*,,
Sea Cucumber,6OB,2013,24,6,1,1410,*,,
Sea Cucumber,6OB,2013,24,7,1,1835,*,,
Sea Cucumber,6OB,2013,24,Total,1,4980,*,,
Sea Cucumber,6OB,2014,3,1,1,1532,*,,
Sea Cucumber,6OB,2014,3,3,1,360,*,,
Sea Cucumber,6OB,2014,3,6,8,8202,43369,,
Sea Cucumber,6OB,2014,3,7,11,7469,41041,,
Sea Cucumber,6OB,2014,3,8,8,5305,32521,,
Sea Cucumber,6OB,2014,3,11,10,6952,44262,,
Sea Cucumber,6OB,2014,3,Total,14,29820,172494,,
Sea Cucumber,6OB,2014,4,1,11,14420,102303,,
Sea Cucumber,6OB,2014,4,5,11,15260,77830,,
Sea Cucumber,6OB,2014,4,Total,12,29680,180133,,
Sea Cucumber,6OB,2014,6,11,2,930,*,,
Sea Cucumber,6OB,2014,6,12,9,7282,24982,,
Sea Cucumber,6OB,2014,6,13,13,7733,34658,,
Sea Cucumber,6OB,2014,6,14,8,4598,15952,,
Sea Cucumber,6OB,2014,6,20,11,3733,24929,,
Sea Cucumber,6OB,2014,6,21,3,1330,**,,
Sea Cucumber,6OB,2014,6,22,3,1695,9775,,
Sea Cucumber,6OB,2014,6,24,5,3838,21742,,
Sea Cucumber,6OB,2014,6,Total,15,31139,144525,,
Sea Cucumber,6OB,2014,7,18,3,3040,16687,,
Sea Cucumber,6OB,2014,7,23,5,4881,25814,,
Sea Cucumber,6OB,2014,7,25,9,14455,64271,,
Sea Cucumber,6OB,2014,7,27,7,5663,35415,,
Sea Cucumber,6OB,2014,7,28,8,7726,46714,,
Sea Cucumber,6OB,2014,7,30,5,7365,46131,,
Sea Cucumber,6OB,2014,7,Total,12,43130,235032,,
Sea Cucumber,6OB,2014,8,4,10,19655,142199,,
Sea Cucumber,6OB,2014,8,5,3,1907,12114,,
Sea Cucumber,6OB,2014,8,6,5,6283,45262,,
Sea Cucumber,6OB,2014,8,7,3,3603,24341,,
Sea Cucumber,6OB,2014,8,13,5,3776,22175,,
Sea Cucumber,6OB,2014,8,Total,11,35224,246091,,
Sea Cucumber,6OB,2014,12,1,1,200,*,,
Sea Cucumber,6OB,2014,12,2,3,1633,**,,
Sea Cucumber,6OB,2014,12,22,7,10880,60594,,
Sea Cucumber,6OB,2014,12,23,4,3090,15673,,
Sea Cucumber,6OB,2014,12,41,7,14903,84896,,
Sea Cucumber,6OB,2014,12,Total,8,30706,172657,,
Sea Cucumber,6OB,2014,13,12,4,2670,14637,,
Sea Cucumber,6OB,2014,13,13,1,80,*,,
Sea Cucumber,6OB,2014,13,15,1,600,*,,
Sea Cucumber,6OB,2014,13,16,2,1640,*,,
Sea Cucumber,6OB,2014,13,17,1,600,*,,
Sea Cucumber,6OB,2014,13,35,1,580,*,,
Sea Cucumber,6OB,2014,13,36,1,300,*,,
Sea Cucumber,6OB,2014,13,38,1,90,*,,
Sea Cucumber,6OB,2014,13,39,1,240,*,,
Sea Cucumber,6OB,2014,13,40,1,400,*,,
Sea Cucumber,6OB,2014,13,42,2,880,*,,
Sea Cucumber,6OB,2014,13,Total,7,8080,43655,,
Sea Cucumber,6OB,2014,16,6,5,6221,29043,,
Sea Cucumber,6OB,2014,16,7,1,1200,*,,
Sea Cucumber,6OB,2014,16,8,2,2215,*,,
Sea Cucumber,6OB,2014,16,10,2,720,*,,
Sea Cucumber,6OB,2014,16,11,2,3480,*,,
Sea Cucumber,6OB,2014,16,12,3,6420,21140,,
Sea Cucumber,6OB,2014,16,13,3,2320,9624,,
Sea Cucumber,6OB,2014,16,Total,5,22576,92224,,
Sea Cucumber,6OB,2014,18,2,2,3148,*,,
Sea Cucumber,6OB,2014,18,4,3,2321,**,,
Sea Cucumber,6OB,2014,18,5,3,3119,16622,,
Sea Cucumber,6OB,2014,18,Total,4,8588,44595,,
Sea Cucumber,6OB,2014,24,4,1,485,*,,
Sea Cucumber,6OB,2014,24,5,1,2165,*,,
Sea Cucumber,6OB,2014,24,7,1,1405,*,,
Sea Cucumber,6OB,2014,24,10,1,395,*,,
Sea Cucumber,6OB,2014,24,14,1,470,*,,
Sea Cucumber,6OB,2014,24,Total,1,4920,*,,
Sea Cucumber,6OB,2015,4,2,3,1600,**,,
Sea Cucumber,6OB,2015,4,4,3,2747,21609,,
Sea Cucumber,6OB,2015,4,9,6,4332,26457,,
Sea Cucumber,6OB,2015,4,12,2,3970,*,,
Sea Cucumber,6OB,2015,4,Total,8,12649,80447,,
Sea Cucumber,6OB,2015,5,1,1,350,*,,
Sea Cucumber,6OB,2015,5,2,3,3045,13253,,
Sea Cucumber,6OB,2015,5,4,6,3392,25769,,
Sea Cucumber,6OB,2015,5,5,3,1277,9479,,
Sea Cucumber,6OB,2015,5,7,1,141,*,,
Sea Cucumber,6OB,2015,5,12,5,3143,22633,,
Sea Cucumber,6OB,2015,5,20,2,1395,*,,
Sea Cucumber,6OB,2015,5,21,11,8936,53780,,
Sea Cucumber,6OB,2015,5,22,3,860,6251,,
Sea Cucumber,6OB,2015,5,23,4,3575,19312,,
Sea Cucumber,6OB,2015,5,24,7,4956,40641,,
Sea Cucumber,6OB,2015,5,Total,16,31070,202909,,
Sea Cucumber,6OB,2015,6,1,10,8569,52283,,
Sea Cucumber,6OB,2015,6,2,7,3820,18538,,
Sea Cucumber,6OB,2015,6,3,10,10851,72976,,
Sea Cucumber,6OB,2015,6,6,9,10272,64999,,
Sea Cucumber,6OB,2015,6,7,5,3985,23275,,
Sea Cucumber,6OB,2015,6,28,3,2470,17406,,
Sea Cucumber,6OB,2015,6,Total,15,39967,249477,,
Sea Cucumber,6OB,2015,7,17,9,22892,161377,,
Sea Cucumber,6OB,2015,7,Total,9,22892,161377,,
Sea Cucumber,6OB,2015,8,2,3,5220,**,,
Sea Cucumber,6OB,2015,8,3,1,100,*,,
Sea Cucumber,6OB,2015,8,16,7,9822,69322,,
Sea Cucumber,6OB,2015,8,Total,11,15142,116814,,
Sea Cucumber,6OB,2015,9,2,3,5400,35883,,
Sea Cucumber,6OB,2015,9,3,1,355,*,,
Sea Cucumber,6OB,2015,9,11,7,8600,72938,,
Sea Cucumber,6OB,2015,9,12,5,4465,**,,
Sea Cucumber,6OB,2015,9,Total,10,18820,144651,,
Sea Cucumber,6OB,2015,10,4,3,1410,9061,,
Sea Cucumber,6OB,2015,10,5,3,1675,11504,,
Sea Cucumber,6OB,2015,10,6,1,400,*,,
Sea Cucumber,6OB,2015,10,7,1,530,*,,
Sea Cucumber,6OB,2015,10,Total,5,4015,26281,,
Sea Cucumber,6OB,2015,11,2,8,8501,47482,,
Sea Cucumber,6OB,2015,11,Total,8,8501,47482,,
Sea Cucumber,6OB,2015,12,11,3,1970,13242,,
Sea Cucumber,6OB,2015,12,13,6,6795,40582,,
Sea Cucumber,6OB,2015,12,16,6,11640,76678,,
Sea Cucumber,6OB,2015,12,Total,8,20405,130502,,
Sea Cucumber,6OB,2015,14,3,3,4470,25044,,
Sea Cucumber,6OB,2015,14,Total,3,4470,25044,,
Sea Cucumber,6OB,2015,15,4,7,12310,42408,,
Sea Cucumber,6OB,2015,15,5,9,32383,89917,,
Sea Cucumber,6OB,2015,15,Total,9,44693,132325,,
Sea Cucumber,6OB,2015,16,19,4,3400,**,,
Sea Cucumber,6OB,2015,16,20,2,980,*,,
Sea Cucumber,6OB,2015,16,Total,5,4380,17148,,
Sea Cucumber,6OB,2015,24,4,1,1188,*,,
Sea Cucumber,6OB,2015,24,5,1,1580,*,,
Sea Cucumber,6OB,2015,24,6,1,785,*,,
Sea Cucumber,6OB,2015,24,7,1,1930,*,,
Sea Cucumber,6OB,2015,24,10,1,495,*,,
Sea Cucumber,6OB,2015,24,Total,1,5978,*,,
Sea Cucumber,6OB,2016,5,13,9,7477,43891,,
Sea Cucumber,6OB,2016,5,14,8,5933,29591,,
Sea Cucumber,6OB,2016,5,15,2,1400,*,,
Sea Cucumber,6OB,2016,5,16,18,17758,99678,,
Sea Cucumber,6OB,2016,5,17,17,13017,89359,,
Sea Cucumber,6OB,2016,5,19,1,379,*,,
Sea Cucumber,6OB,2016,5,Total,18,45964,270641,,
Sea Cucumber,6OB,2016,6,5,11,17562,98847,,
Sea Cucumber,6OB,2016,6,9,12,15342,86250,,
Sea Cucumber,6OB,2016,6,10,7,7160,51533,,
Sea Cucumber,6OB,2016,6,26,2,785,*,,
Sea Cucumber,6OB,2016,6,27,4,1916,**,,
Sea Cucumber,6OB,2016,6,Total,16,42765,258912,,
Sea Cucumber,6OB,2016,7,3,11,8268,32860,,
Sea Cucumber,6OB,2016,7,9,12,20939,124181,,
Sea Cucumber,6OB,2016,7,10,2,1180,*,,
Sea Cucumber,6OB,2016,7,12,10,5595,32400,,
Sea Cucumber,6OB,2016,7,13,9,5528,27379,,
Sea Cucumber,6OB,2016,7,14,12,11880,64388,,
Sea Cucumber,6OB,2016,7,15,12,14763,89224,,
Sea Cucumber,6OB,2016,7,23,2,620,*,,
Sea Cucumber,6OB,2016,7,29,6,2793,15148,,
Sea Cucumber,6OB,2016,7,Total,14,71566,396226,,
Sea Cucumber,6OB,2016,11,3,3,7040,28630,,
Sea Cucumber,6OB,2016,11,Total,3,7040,28630,,
Sea Cucumber,6OB,2016,12,7,5,5140,25758,,
Sea Cucumber,6OB,2016,12,8,1,750,*,,
Sea Cucumber,6OB,2016,12,26,10,14407,90805,,
Sea Cucumber,6OB,2016,12,38,1,250,*,,
Sea Cucumber,6OB,2016,12,39,10,15865,120792,,
Sea Cucumber,6OB,2016,12,Total,10,36412,244021,,
Sea Cucumber,6OB,2016,13,17,5,5260,30712,,
Sea Cucumber,6OB,2016,13,18,2,460,*,,
Sea Cucumber,6OB,2016,13,23,1,260,*,,
Sea Cucumber,6OB,2016,13,Total,5,5980,34728,,
Sea Cucumber,6OB,2016,15,5,4,9755,30227,,
Sea Cucumber,6OB,2016,15,Total,4,9755,30227,,
Sea Cucumber,6OB,2016,23,3,1,950,*,,
Sea Cucumber,6OB,2016,23,5,1,705,*,,
Sea Cucumber,6OB,2016,23,6,1,980,*,,
Sea Cucumber,6OB,2016,23,Total,1,2635,*,,
Sea Cucumber,6OB,2016,24,4,1,1440,*,,
Sea Cucumber,6OB,2016,24,5,1,1690,*,,
Sea Cucumber,6OB,2016,24,6,1,670,*,,
Sea Cucumber,6OB,2016,24,7,1,1895,*,,
Sea Cucumber,6OB,2016,24,10,1,600,*,,
Sea Cucumber,6OB,2016,24,Total,1,6295,*,,
Sea Cucumber,6OB,2017,3,3,1,219,*,,
Sea Cucumber,6OB,2017,3,6,4,6621,28425,,
Sea Cucumber,6OB,2017,3,7,11,5817,41855,,
Sea Cucumber,6OB,2017,3,8,6,4445,24103,,
Sea Cucumber,6OB,2017,3,10,4,824,**,,
Sea Cucumber,6OB,2017,3,11,6,7298,43346,,
Sea Cucumber,6OB,2017,3,Total,11,25224,144359,,
Sea Cucumber,6OB,2017,4,1,12,13974,104418,,
Sea Cucumber,6OB,2017,4,5,15,13667,84677,,
Sea Cucumber,6OB,2017,4,Total,15,27641,189095,,
Sea Cucumber,6OB,2017,6,12,3,2150,10647,,
Sea Cucumber,6OB,2017,6,13,14,7024,39073,,
Sea Cucumber,6OB,2017,6,14,5,2235,**,,
Sea Cucumber,6OB,2017,6,15,4,3367,12970,,
Sea Cucumber,6OB,2017,6,16,5,3820,13669,,
Sea Cucumber,6OB,2017,6,20,8,3667,26604,,
Sea Cucumber,6OB,2017,6,21,2,1080,*,,
Sea Cucumber,6OB,2017,6,22,4,1140,8579,,
Sea Cucumber,6OB,2017,6,24,5,3412,21497,,
Sea Cucumber,6OB,2017,6,Total,15,27895,148333,,
Sea Cucumber,6OB,2017,7,12,8,5170,28589,,
Sea Cucumber,6OB,2017,7,14,1,140,*,,
Sea Cucumber,6OB,2017,7,18,8,5897,24276,,
Sea Cucumber,6OB,2017,7,22,2,380,*,,
Sea Cucumber,6OB,2017,7,23,6,6320,25016,,
Sea Cucumber,6OB,2017,7,24,8,4807,20232,,
Sea Cucumber,6OB,2017,7,25,12,9403,38247,,
Sea Cucumber,6OB,2017,7,27,10,8128,31650,,
Sea Cucumber,6OB,2017,7,28,7,11682,47016,,
Sea Cucumber,6OB,2017,7,30,5,3630,18941,,
Sea Cucumber,6OB,2017,7,Total,15,55557,236564,,
Sea Cucumber,6OB,2017,8,4,13,16939,116098,,
Sea Cucumber,6OB,2017,8,5,8,9698,60335,,
Sea Cucumber,6OB,2017,8,6,5,3311,19862,,
Sea Cucumber,6OB,2017,8,7,4,3682,22330,,
Sea Cucumber,6OB,2017,8,13,6,4905,26395,,
Sea Cucumber,6OB,2017,8,Total,14,38535,245020,,
Sea Cucumber,6OB,2017,12,1,2,460,*,,
Sea Cucumber,6OB,2017,12,2,3,850,4934,,
Sea Cucumber,6OB,2017,12,3,2,600,*,,
Sea Cucumber,6OB,2017,12,21,1,700,*,,
Sea Cucumber,6OB,2017,12,22,8,5760,30217,,
Sea Cucumber,6OB,2017,12,23,2,1320,*,,
Sea Cucumber,6OB,2017,12,24,1,580,*,,
Sea Cucumber,6OB,2017,12,26,1,360,*,,
Sea Cucumber,6OB,2017,12,35,4,1820,8701,,
Sea Cucumber,6OB,2017,12,37,1,600,*,,
Sea Cucumber,6OB,2017,12,40,9,4770,31487,,
Sea Cucumber,6OB,2017,12,41,9,14795,85023,,
Sea Cucumber,6OB,2017,12,Total,9,32615,188311,,
Sea Cucumber,6OB,2017,13,7,2,1420,*,,
Sea Cucumber,6OB,2017,13,8,1,220,*,,
Sea Cucumber,6OB,2017,13,9,3,1460,7318,,
Sea Cucumber,6OB,2017,13,12,2,2130,*,,
Sea Cucumber,6OB,2017,13,13,3,2827,14987,,
Sea Cucumber,6OB,2017,13,16,4,3030,13407,,
Sea Cucumber,6OB,2017,13,24,2,1680,*,,
Sea Cucumber,6OB,2017,13,25,5,4635,18365,,
Sea Cucumber,6OB,2017,13,26,3,1760,10482,,
Sea Cucumber,6OB,2017,13,28,1,500,*,,
Sea Cucumber,6OB,2017,13,35,3,1200,5387,,
Sea Cucumber,6OB,2017,13,36,1,200,*,,
Sea Cucumber,6OB,2017,13,37,1,400,*,,
Sea Cucumber,6OB,2017,13,39,1,560,*,,
Sea Cucumber,6OB,2017,13,40,2,1100,*,,
Sea Cucumber,6OB,2017,13,41,2,900,*,,
Sea Cucumber,6OB,2017,13,42,1,890,*,,
Sea Cucumber,6OB,2017,13,Total,10,24912,113089,,
Sea Cucumber,6OB,2017,14,3,2,1740,*,,
Sea Cucumber,6OB,2017,14,Total,2,1740,*,,
Sea Cucumber,6OB,2017,15,1,2,1320,*,,
Sea Cucumber,6OB,2017,15,4,1,1500,*,,
Sea Cucumber,6OB,2017,15,5,5,9200,17165,,
Sea Cucumber,6OB,2017,15,Total,5,12020,29165,,
Sea Cucumber,6OB,2017,16,6,3,1700,8635,,
Sea Cucumber,6OB,2017,16,7,1,600,*,,
Sea Cucumber,6OB,2017,16,9,1,400,*,,
Sea Cucumber,6OB,2017,16,10,2,2050,*,,
Sea Cucumber,6OB,2017,16,11,3,1150,3730,,
Sea Cucumber,6OB,2017,16,12,2,940,*,,
Sea Cucumber,6OB,2017,16,13,2,1320,*,,
Sea Cucumber,6OB,2017,16,19,2,2350,*,,
Sea Cucumber,6OB,2017,16,21,2,2900,*,,
Sea Cucumber,6OB,2017,16,22,1,400,*,,
Sea Cucumber,6OB,2017,16,Total,4,13810,49933,,
Sea Cucumber,6OB,2017,18,1,1,400,*,,
Sea Cucumber,6OB,2017,18,2,2,1860,*,,
Sea Cucumber,6OB,2017,18,4,1,590,*,,
Sea Cucumber,6OB,2017,18,5,1,1220,*,,
Sea Cucumber,6OB,2017,18,Total,2,4070,*,,
Sea Cucumber,6OB,2017,24,4,2,2930,*,,
Sea Cucumber,6OB,2017,24,6,1,270,*,,
Sea Cucumber,6OB,2017,24,7,2,2147,*,,
Sea Cucumber,6OB,2017,24,Total,2,5347,*,,
Sea Cucumber,6OB,2018,4,2,6,3465,19248,,
Sea Cucumber,6OB,2018,4,3,1,440,*,,
Sea Cucumber,6OB,2018,4,4,6,4765,33236,,
Sea Cucumber,6OB,2018,4,9,9,6219,40999,,
Sea Cucumber,6OB,2018,4,12,1,510,*,,
Sea Cucumber,6OB,2018,4,Total,17,15399,99156,,
Sea Cucumber,6OB,2018,5,2,4,2280,15298,,
Sea Cucumber,6OB,2018,5,4,9,4678,31216,,
Sea Cucumber,6OB,2018,5,5,2,1258,*,,
Sea Cucumber,6OB,2018,5,12,5,2618,17443,,
Sea Cucumber,6OB,2018,5,20,6,3342,16278,,
Sea Cucumber,6OB,2018,5,21,11,5996,41209,,
Sea Cucumber,6OB,2018,5,22,5,2310,14046,,
Sea Cucumber,6OB,2018,5,24,2,1650,*,,
Sea Cucumber,6OB,2018,5,Total,18,24132,159741,,
Sea Cucumber,6OB,2018,6,1,12,7628,50183,,
Sea Cucumber,6OB,2018,6,2,3,1105,5584,,
Sea Cucumber,6OB,2018,6,3,16,11056,71538,,
Sea Cucumber,6OB,2018,6,6,13,11917,77406,,
Sea Cucumber,6OB,2018,6,7,7,3782,25314,,
Sea Cucumber,6OB,2018,6,28,3,1815,9074,,
Sea Cucumber,6OB,2018,6,Total,19,37303,239099,,
Sea Cucumber,6OB,2018,7,14,4,2130,**,,
Sea Cucumber,6OB,2018,7,15,13,11995,73785,,
Sea Cucumber,6OB,2018,7,16,2,630,*,,
Sea Cucumber,6OB,2018,7,17,11,28041,173129,,
Sea Cucumber,6OB,2018,7,Total,13,42796,265080,,
Sea Cucumber,6OB,2018,8,2,5,6380,**,,
Sea Cucumber,6OB,2018,8,3,2,2661,*,,
Sea Cucumber,6OB,2018,8,16,8,7188,49701,,
Sea Cucumber,6OB,2018,8,Total,12,16229,102238,,
Sea Cucumber,6OB,2018,9,1,1,900,*,,
Sea Cucumber,6OB,2018,9,12,6,10995,**,,
Sea Cucumber,6OB,2018,9,Total,6,11895,59197,,
Sea Cucumber,6OB,2018,10,4,3,1695,12847,,
Sea Cucumber,6OB,2018,10,5,2,1140,*,,
Sea Cucumber,6OB,2018,10,6,1,280,*,,
Sea Cucumber,6OB,2018,10,Total,4,3115,22733,,
Sea Cucumber,6OB,2018,11,2,8,11179,45239,,
Sea Cucumber,6OB,2018,11,3,6,3753,14225,,
Sea Cucumber,6OB,2018,11,4,3,1560,**,,
Sea Cucumber,6OB,2018,11,5,1,610,*,,
Sea Cucumber,6OB,2018,11,Total,8,17102,70551,,
Sea Cucumber,6OB,2018,12,11,4,4080,20054,,
Sea Cucumber,6OB,2018,12,13,5,2530,12002,,
Sea Cucumber,6OB,2018,12,16,10,18380,98072,,
Sea Cucumber,6OB,2018,12,Total,12,24990,130128,,
Sea Cucumber,6OB,2018,13,7,1,440,*,,
Sea Cucumber,6OB,2018,13,8,1,800,*,,
Sea Cucumber,6OB,2018,13,9,4,2545,9097,,
Sea Cucumber,6OB,2018,13,17,6,5229,18160,,
Sea Cucumber,6OB,2018,13,18,2,2260,*,,
Sea Cucumber,6OB,2018,13,19,2,760,*,,
Sea Cucumber,6OB,2018,13,23,2,990,*,,
Sea Cucumber,6OB,2018,13,24,2,1300,*,,
Sea Cucumber,6OB,2018,13,25,3,1640,7211,,
Sea Cucumber,6OB,2018,13,26,1,150,*,,
Sea Cucumber,6OB,2018,13,27,4,1130,4217,,
Sea Cucumber,6OB,2018,13,28,3,2118,7001,,
Sea Cucumber,6OB,2018,13,Total,12,19362,74794,,
Sea Cucumber,6OB,2018,14,3,2,650,*,,
Sea Cucumber,6OB,2018,14,Total,2,650,*,,
Sea Cucumber,6OB,2018,15,1,4,2893,14692,,
Sea Cucumber,6OB,2018,15,4,3,1060,4766,,
Sea Cucumber,6OB,2018,15,5,7,12145,35718,,
Sea Cucumber,6OB,2018,15,Total,8,16098,55176,,
Sea Cucumber,6OB,2018,16,6,3,1640,8409,,
Sea Cucumber,6OB,2018,16,7,1,400,*,,
Sea Cucumber,6OB,2018,16,8,1,1140,*,,
Sea Cucumber,6OB,2018,16,11,2,1440,*,,
Sea Cucumber,6OB,2018,16,13,1,1120,*,,
Sea Cucumber,6OB,2018,16,19,3,1820,8744,,
Sea Cucumber,6OB,2018,16,20,1,45,*,,
Sea Cucumber,6OB,2018,16,21,3,1300,4526,,
Sea Cucumber,6OB,2018,16,22,1,520,*,,
Sea Cucumber,6OB,2018,16,Total,6,9425,40477,,
Sea Cucumber,6OB,2018,18,1,1,240,*,,
Sea Cucumber,6OB,2018,18,2,1,997,*,,
Sea Cucumber,6OB,2018,18,5,2,1480,*,,
Sea Cucumber,6OB,2018,18,Total,3,2717,10031,,
Sea Cucumber,6OB,2018,24,4,2,2160,*,,
Sea Cucumber,6OB,2018,24,5,2,1195,*,,
Sea Cucumber,6OB,2018,24,6,1,850,*,,
Sea Cucumber,6OB,2018,24,7,2,1580,*,,
Sea Cucumber,6OB,2018,24,10,2,640,*,,
Sea Cucumber,6OB,2018,24,Total,2,6425,*,,
Sea Cucumber,6OB,2019,5,13,7,4734,32228,,
Sea Cucumber,6OB,2019,5,14,7,6893,44037,,
Sea Cucumber,6OB,2019,5,15,2,760,*,,
Sea Cucumber,6OB,2019,5,16,15,15537,100371,,
Sea Cucumber,6OB,2019,5,17,15,13242,82833,,
Sea Cucumber,6OB,2019,5,19,1,365,*,,
Sea Cucumber,6OB,2019,5,Total,16,41531,268651,,
Sea Cucumber,6OB,2019,6,5,15,17165,109601,,
Sea Cucumber,6OB,2019,6,9,15,12535,78771,,
Sea Cucumber,6OB,2019,6,10,7,3158,18673,,
Sea Cucumber,6OB,2019,6,26,2,953,*,,
Sea Cucumber,6OB,2019,6,27,3,2910,**,,
Sea Cucumber,6OB,2019,6,Total,16,36721,230236,,
Sea Cucumber,6OB,2019,7,3,3,1270,**,,
Sea Cucumber,6OB,2019,7,9,9,16995,110579,,
Sea Cucumber,6OB,2019,7,10,4,1280,8304,,
Sea Cucumber,6OB,2019,7,12,9,12611,66768,,
Sea Cucumber,6OB,2019,7,13,5,3430,14832,,
Sea Cucumber,6OB,2019,7,14,6,6140,27898,,
Sea Cucumber,6OB,2019,7,22,2,1010,*,,
Sea Cucumber,6OB,2019,7,24,4,6640,36131,,
Sea Cucumber,6OB,2019,7,29,3,2480,16592,,
Sea Cucumber,6OB,2019,7,Total,12,51856,291051,,
Sea Cucumber,6OB,2019,9,2,6,6790,57987,,
Sea Cucumber,6OB,2019,9,3,1,60,*,,
Sea Cucumber,6OB,2019,9,10,1,2300,*,,
Sea Cucumber,6OB,2019,9,11,7,11245,60850,,
Sea Cucumber,6OB,2019,9,Total,9,20395,130530,,
Sea Cucumber,6OB,2019,10,4,2,3660,*,,
Sea Cucumber,6OB,2019,10,6,1,540,*,,
Sea Cucumber,6OB,2019,10,Total,2,4200,*,,
Sea Cucumber,6OB,2019,11,2,4,3465,10053,,
Sea Cucumber,6OB,2019,11,3,5,6160,19804,,
Sea Cucumber,6OB,2019,11,4,1,1690,*,,
Sea Cucumber,6OB,2019,11,5,1,2030,*,,
Sea Cucumber,6OB,2019,11,Total,5,13345,50045,,
Sea Cucumber,6OB,2019,12,7,8,5759,26006,,
Sea Cucumber,6OB,2019,12,8,1,45,*,,
Sea Cucumber,6OB,2019,12,17,3,1100,4498,,
Sea Cucumber,6OB,2019,12,20,2,601,*,,
Sea Cucumber,6OB,2019,12,26,8,16673,86156,,
Sea Cucumber,6OB,2019,12,38,1,320,*,,
Sea Cucumber,6OB,2019,12,39,12,18565,112421,,
Sea Cucumber,6OB,2019,12,Total,12,43063,233932,,
Sea Cucumber,6OB,2019,14,3,2,1970,*,,
Sea Cucumber,6OB,2019,14,Total,2,1970,*,,
Sea Cucumber,6OB,2019,15,1,2,2856,*,,
Sea Cucumber,6OB,2019,15,Total,2,2856,*,,
Sea Cucumber,6OB,2019,16,6,2,1140,*,,
Sea Cucumber,6OB,2019,16,8,2,1450,*,,
Sea Cucumber,6OB,2019,16,9,2,1683,*,,
Sea Cucumber,6OB,2019,16,10,2,871,*,,
Sea Cucumber,6OB,2019,16,11,2,800,*,,
Sea Cucumber,6OB,2019,16,12,3,1932,7107,,
Sea Cucumber,6OB,2019,16,13,3,2710,8721,,
Sea Cucumber,6OB,2019,16,18,2,2305,*,,
Sea Cucumber,6OB,2019,16,19,4,4312,14253,,
Sea Cucumber,6OB,2019,16,20,1,200,*,,
Sea Cucumber,6OB,2019,16,21,1,300,*,,
Sea Cucumber,6OB,2019,16,22,1,360,*,,
Sea Cucumber,6OB,2019,16,Total,6,18063,67747,,
Sea Cucumber,6OB,2019,23,3,1,980,*,,
Sea Cucumber,6OB,2019,23,6,1,1565,*,,
Sea Cucumber,6OB,2019,23,Total,1,2545,*,,
Sea Cucumber,6OB,2019,24,5,1,4800,*,,
Sea Cucumber,6OB,2019,24,7,2,3430,*,,
Sea Cucumber,6OB,2019,24,Total,2,8230,*,,
Sea Cucumber,6OB,2020,3,3,4,3894,20588,,
Sea Cucumber,6OB,2020,3,6,5,12655,46979,,
Sea Cucumber,6OB,2020,3,7,9,8335,37825,,
Sea Cucumber,6OB,2020,3,8,5,3402,15284,,
Sea Cucumber,6OB,2020,3,10,4,3318,14395,,
Sea Cucumber,6OB,2020,3,11,6,4381,27002,,
Sea Cucumber,6OB,2020,3,Total,9,35985,162073,,
Sea Cucumber,6OB,2020,4,1,11,17898,110009,,
Sea Cucumber,6OB,2020,4,5,13,13962,77521,,
Sea Cucumber,6OB,2020,4,Total,13,31860,187530,,
Sea Cucumber,6OB,2020,5,1,3,1950,6090,,
Sea Cucumber,6OB,2020,5,23,12,9138,41304,,
Sea Cucumber,6OB,2020,5,Total,13,11088,47394,,
Sea Cucumber,6OB,2020,6,13,10,8665,39081,,
Sea Cucumber,6OB,2020,6,20,2,3665,*,,
Sea Cucumber,6OB,2020,6,21,1,420,*,,
Sea Cucumber,6OB,2020,6,22,1,200,*,,
Sea Cucumber,6OB,2020,6,24,1,410,*,,
Sea Cucumber,6OB,2020,6,Total,10,13360,69088,,
Sea Cucumber,6OB,2020,7,4,2,2505,*,,
Sea Cucumber,6OB,2020,7,6,2,2535,*,,
Sea Cucumber,6OB,2020,7,14,3,2030,14019,,
Sea Cucumber,6OB,2020,7,15,5,6140,25638,,
Sea Cucumber,6OB,2020,7,30,5,5455,30290,,
Sea Cucumber,6OB,2020,7,Total,10,18665,100183,,
Sea Cucumber,6OB,2020,8,4,9,12980,85076,,
Sea Cucumber,6OB,2020,8,5,8,8425,46103,,
Sea Cucumber,6OB,2020,8,6,3,2190,**,,
Sea Cucumber,6OB,2020,8,7,6,7735,33504,,
Sea Cucumber,6OB,2020,8,13,4,6510,30835,,
Sea Cucumber,6OB,2020,8,14,2,3486,*,,
Sea Cucumber,6OB,2020,8,Total,12,41326,228003,,
Sea Cucumber,6OB,2020,9,4,1,1720,*,,
Sea Cucumber,6OB,2020,9,9,1,400,*,,
Sea Cucumber,6OB,2020,9,Total,1,2120,*,,
Sea Cucumber,6OB,2020,10,4,3,3235,16146,,
Sea Cucumber,6OB,2020,10,5,1,1800,*,,
Sea Cucumber,6OB,2020,10,8,1,750,*,,
Sea Cucumber,6OB,2020,10,Total,3,5785,27780,,
Sea Cucumber,6OB,2020,11,2,4,2286,5990,,
Sea Cucumber,6OB,2020,11,3,8,7579,23013,,
Sea Cucumber,6OB,2020,11,4,8,6605,21111,,
Sea Cucumber,6OB,2020,11,5,3,1005,**,,
Sea Cucumber,6OB,2020,11,6,1,350,*,,
Sea Cucumber,6OB,2020,11,Total,9,17825,54632,,
Sea Cucumber,6OB,2020,12,1,5,2907,14488,,
Sea Cucumber,6OB,2020,12,2,4,1340,**,,
Sea Cucumber,6OB,2020,12,3,3,2220,12118,,
Sea Cucumber,6OB,2020,12,35,6,1737,9494,,
Sea Cucumber,6OB,2020,12,38,2,1000,*,,
Sea Cucumber,6OB,2020,12,40,9,5114,30682,,
Sea Cucumber,6OB,2020,12,41,12,14849,81911,,
Sea Cucumber,6OB,2020,12,Total,13,29167,159170,,
Sea Cucumber,6OB,2020,13,12,3,3556,14335,,
Sea Cucumber,6OB,2020,13,13,4,1290,6821,,
Sea Cucumber,6OB,2020,13,14,1,130,*,,
Sea Cucumber,6OB,2020,13,15,1,85,*,,
Sea Cucumber,6OB,2020,13,16,4,3167,15507,,
Sea Cucumber,6OB,2020,13,17,1,388,*,,
Sea Cucumber,6OB,2020,13,35,4,2493,8069,,
Sea Cucumber,6OB,2020,13,36,1,750,*,,
Sea Cucumber,6OB,2020,13,39,3,1210,6142,,
Sea Cucumber,6OB,2020,13,40,5,1630,5381,,
Sea Cucumber,6OB,2020,13,41,3,995,3839,,
Sea Cucumber,6OB,2020,13,42,3,972,5169,,
Sea Cucumber,6OB,2020,13,Total,9,16666,71207,,
Sea Cucumber,6OB,2020,15,1,3,2650,13176,,
Sea Cucumber,6OB,2020,15,4,3,1250,4141,,
Sea Cucumber,6OB,2020,15,5,4,3270,16758,,
Sea Cucumber,6OB,2020,15,Total,6,7170,34075,,
Sea Cucumber,6OB,2020,16,6,2,745,*,,
Sea Cucumber,6OB,2020,16,7,1,1090,*,,
Sea Cucumber,6OB,2020,16,8,1,1200,*,,
Sea Cucumber,6OB,2020,16,9,2,1342,*,,
Sea Cucumber,6OB,2020,16,11,4,5380,19949,,
Sea Cucumber,6OB,2020,16,12,1,240,*,,
Sea Cucumber,6OB,2020,16,22,1,400,*,,
Sea Cucumber,6OB,2020,16,Total,5,10397,40924,,
Sea Cucumber,6OB,2020,24,4,1,1170,*,,
Sea Cucumber,6OB,2020,24,5,2,2770,*,,
Sea Cucumber,6OB,2020,24,6,1,360,*,,
Sea Cucumber,6OB,2020,24,7,1,1290,*,,
Sea Cucumber,6OB,2020,24,10,1,490,*,,
Sea Cucumber,6OB,2020,24,Total,2,6080,*,,
Sea Cucumber,6OB,2020,25,1,1,622,*,,
Sea Cucumber,6OB,2020,25,2,1,535,*,,
Sea Cucumber,6OB,2020,25,3,1,1120,*,,
Sea Cucumber,6OB,2020,25,4,1,1277,*,,
Sea Cucumber,6OB,2020,25,5,1,815,*,,
Sea Cucumber,6OB,2020,25,8,1,1130,*,,
Sea Cucumber,6OB,2020,25,9,1,2305,*,,
Sea Cucumber,6OB,2020,25,12,1,365,*,,
Sea Cucumber,6OB,2020,25,Total,1,8169,*,,
Sea Cucumber,6OB,2021,4,2,3,1432,**,,
Sea Cucumber,6OB,2021,4,4,3,1521,9639,,
Sea Cucumber,6OB,2021,4,9,6,10577,48964,,
Sea Cucumber,6OB,2021,4,12,1,822,*,,
Sea Cucumber,6OB,2021,4,Total,8,14352,68116,,
Sea Cucumber,6OB,2021,5,2,7,4677,24888,,
Sea Cucumber,6OB,2021,5,4,6,3809,17653,,
Sea Cucumber,6OB,2021,5,5,2,455,*,,
Sea Cucumber,6OB,2021,5,12,7,5567,27175,,
Sea Cucumber,6OB,2021,5,20,6,4506,25726,,
Sea Cucumber,6OB,2021,5,21,7,6717,37920,,
Sea Cucumber,6OB,2021,5,22,2,370,*,,
Sea Cucumber,6OB,2021,5,24,6,2300,12806,,
Sea Cucumber,6OB,2021,5,Total,13,28401,150450,,
Sea Cucumber,6OB,2021,6,1,14,16182,54771,,
Sea Cucumber,6OB,2021,6,2,3,1160,5012,,
Sea Cucumber,6OB,2021,6,3,14,11749,72707,,
Sea Cucumber,6OB,2021,6,6,15,12801,74295,,
Sea Cucumber,6OB,2021,6,7,5,3645,21154,,
Sea Cucumber,6OB,2021,6,12,2,1160,*,,
Sea Cucumber,6OB,2021,6,14,1,120,*,,
Sea Cucumber,6OB,2021,6,16,2,1427,*,,
Sea Cucumber,6OB,2021,6,20,2,1970,*,,
Sea Cucumber,6OB,2021,6,22,1,480,*,,
Sea Cucumber,6OB,2021,6,24,1,1560,*,,
Sea Cucumber,6OB,2021,6,28,9,2490,19807,,
Sea Cucumber,6OB,2021,6,Total,19,54744,279916,,
Sea Cucumber,6OB,2021,7,3,2,780,*,,
Sea Cucumber,6OB,2021,7,4,2,2380,*,,
Sea Cucumber,6OB,2021,7,6,2,2190,*,,
Sea Cucumber,6OB,2021,7,17,11,25260,172409,,
Sea Cucumber,6OB,2021,7,Total,11,30610,201071,,
Sea Cucumber,6OB,2021,8,2,3,2800,**,,
Sea Cucumber,6OB,2021,8,3,1,300,*,,
Sea Cucumber,6OB,2021,8,16,9,8305,62893,,
Sea Cucumber,6OB,2021,8,Total,9,11405,85148,,
Sea Cucumber,6OB,2021,9,1,1,710,*,,
Sea Cucumber,6OB,2021,9,12,9,9875,**,,
Sea Cucumber,6OB,2021,9,Total,9,10585,70984,,
Sea Cucumber,6OB,2021,10,4,2,2940,*,,
Sea Cucumber,6OB,2021,10,5,1,500,*,,
Sea Cucumber,6OB,2021,10,7,1,720,*,,
Sea Cucumber,6OB,2021,10,Total,3,4160,28530,,
Sea Cucumber,6OB,2021,11,2,6,9847,35007,,
Sea Cucumber,6OB,2021,11,4,1,800,*,,
Sea Cucumber,6OB,2021,11,5,1,400,*,,
Sea Cucumber,6OB,2021,11,Total,6,11047,38099,,
Sea Cucumber,6OB,2021,12,11,8,7890,37758,,
Sea Cucumber,6OB,2021,12,13,6,5340,23070,,
Sea Cucumber,6OB,2021,12,16,10,16119,72647,,
Sea Cucumber,6OB,2021,12,22,8,4033,24367,,
Sea Cucumber,6OB,2021,12,23,2,620,*,,
Sea Cucumber,6OB,2021,12,26,1,160,*,,
Sea Cucumber,6OB,2021,12,Total,10,34162,163184,,
Sea Cucumber,6OB,2021,13,7,1,1500,*,,
Sea Cucumber,6OB,2021,13,8,1,700,*,,
Sea Cucumber,6OB,2021,13,9,2,1200,*,,
Sea Cucumber,6OB,2021,13,17,5,5076,22985,,
Sea Cucumber,6OB,2021,13,18,2,1045,*,,
Sea Cucumber,6OB,2021,13,19,1,1000,*,,
Sea Cucumber,6OB,2021,13,24,2,1735,*,,
Sea Cucumber,6OB,2021,13,25,7,4630,23475,,
Sea Cucumber,6OB,2021,13,26,2,1238,*,,
Sea Cucumber,6OB,2021,13,28,3,2505,10115,,
Sea Cucumber,6OB,2021,13,Total,9,20629,93011,,
Sea Cucumber,6OB,2021,15,1,2,1770,*,,
Sea Cucumber,6OB,2021,15,4,1,400,*,,
Sea Cucumber,6OB,2021,15,5,3,3368,12559,,
Sea Cucumber,6OB,2021,15,Total,3,5538,22913,,
Sea Cucumber,6OB,2021,16,6,1,600,*,,
Sea Cucumber,6OB,2021,16,7,1,180,*,,
Sea Cucumber,6OB,2021,16,8,1,600,*,,
Sea Cucumber,6OB,2021,16,11,2,1400,*,,
Sea Cucumber,6OB,2021,16,19,1,1200,*,,
Sea Cucumber,6OB,2021,16,Total,2,3980,*,,
Sea Cucumber,6OB,2021,24,4,1,1290,*,,
Sea Cucumber,6OB,2021,24,5,2,1060,*,,
Sea Cucumber,6OB,2021,24,6,1,440,*,,
Sea Cucumber,6OB,2021,24,7,2,2530,*,,
Sea Cucumber,6OB,2021,24,14,1,1660,*,,
Sea Cucumber,6OB,2021,24,Total,2,6980,*,,
Sea Cucumber,6OB,2021,25,1,1,2080,*,,
Sea Cucumber,6OB,2021,25,2,1,680,*,,
Sea Cucumber,6OB,2021,25,3,1,730,*,,
Sea Cucumber,6OB,2021,25,4,2,880,*,,
Sea Cucumber,6OB,2021,25,6,2,1320,*,,
Sea Cucumber,6OB,2021,25,8,2,1720,*,,
Sea Cucumber,6OB,2021,25,Total,3,7410,48858,,
Sea Cucumber,6OB,2021,26,2,1,1380,*,,
Sea Cucumber,6OB,2021,26,4,1,1360,*,,
Sea Cucumber,6OB,2021,26,5,1,4720,*,,
Sea Cucumber,6OB,2021,26,Total,1,7460,*,,
Sea Cucumber,6OB,2022,5,13,9,8257,54204,,
Sea Cucumber,6OB,2022,5,14,5,3795,27400,,
Sea Cucumber,6OB,2022,5,16,9,11861,74964,,
Sea Cucumber,6OB,2022,5,17,13,9919,63238,,
Sea Cucumber,6OB,2022,5,19,4,3089,20626,,
Sea Cucumber,6OB,2022,5,Total,14,36921,240432,,
Sea Cucumber,6OB,2022,6,5,15,18321,111442,,
Sea Cucumber,6OB,2022,6,9,12,11035,78835,,
Sea Cucumber,6OB,2022,6,10,4,2878,13647,,
Sea Cucumber,6OB,2022,6,12,2,2220,*,,
Sea Cucumber,6OB,2022,6,20,1,920,*,,
Sea Cucumber,6OB,2022,6,24,2,1160,*,,
Sea Cucumber,6OB,2022,6,26,3,2330,14089,,
Sea Cucumber,6OB,2022,6,27,2,1200,*,,
Sea Cucumber,6OB,2022,6,Total,16,40064,240987,,
Sea Cucumber,6OB,2022,7,3,2,2660,*,,
Sea Cucumber,6OB,2022,7,4,2,2300,*,,
Sea Cucumber,6OB,2022,7,9,2,6110,*,,
Sea Cucumber,6OB,2022,7,12,11,9765,59823,,
Sea Cucumber,6OB,2022,7,15,4,2600,15854,,
Sea Cucumber,6OB,2022,7,16,4,6345,32229,,
Sea Cucumber,6OB,2022,7,18,5,2445,12527,,
Sea Cucumber,6OB,2022,7,22,1,1230,*,,
Sea Cucumber,6OB,2022,7,23,10,8100,38089,,
Sea Cucumber,6OB,2022,7,24,4,3535,19203,,
Sea Cucumber,6OB,2022,7,25,12,4555,23556,,
Sea Cucumber,6OB,2022,7,27,9,4750,20818,,
Sea Cucumber,6OB,2022,7,28,11,6340,32890,,
Sea Cucumber,6OB,2022,7,Total,15,60735,312678,,
Sea Cucumber,6OB,2022,9,2,8,10855,**,,
Sea Cucumber,6OB,2022,9,10,1,200,*,,
Sea Cucumber,6OB,2022,9,11,12,12205,78402,,
Sea Cucumber,6OB,2022,9,Total,12,23260,153108,,
Sea Cucumber,6OB,2022,12,7,9,5120,28443,,
Sea Cucumber,6OB,2022,12,17,2,670,*,,
Sea Cucumber,6OB,2022,12,26,11,14082,88404,,
Sea Cucumber,6OB,2022,12,38,3,1550,**,,
Sea Cucumber,6OB,2022,12,39,10,18308,106082,,
Sea Cucumber,6OB,2022,12,Total,12,39730,233514,,
Sea Cucumber,6OB,2022,14,3,2,2451,*,,
Sea Cucumber,6OB,2022,14,Total,2,2451,*,,
Sea Cucumber,6OB,2022,15,1,3,3116,11349,,
Sea Cucumber,6OB,2022,15,4,3,1525,2456,,
Sea Cucumber,6OB,2022,15,5,5,5185,10476,,
Sea Cucumber,6OB,2022,15,Total,5,9826,24281,,
Sea Cucumber,6OB,2022,16,6,1,640,*,,
Sea Cucumber,6OB,2022,16,8,1,720,*,,
Sea Cucumber,6OB,2022,16,9,2,1058,*,,
Sea Cucumber,6OB,2022,16,10,1,618,*,,
Sea Cucumber,6OB,2022,16,11,1,560,*,,
Sea Cucumber,6OB,2022,16,13,2,785,*,,
Sea Cucumber,6OB,2022,16,19,1,1356,*,,
Sea Cucumber,6OB,2022,16,20,1,730,*,,
Sea Cucumber,6OB,2022,16,22,1,450,*,,
Sea Cucumber,6OB,2022,16,Total,4,6917,24662,,
Sea Cucumber,6OB,2022,23,3,1,390,*,,
Sea Cucumber,6OB,2022,23,5,3,900,**,,
Sea Cucumber,6OB,2022,23,6,3,2700,10372,,
Sea Cucumber,6OB,2022,23,Total,3,3990,15848,,
Sea Cucumber,6OB,2022,24,4,1,1420,*,,
Sea Cucumber,6OB,2022,24,5,1,1185,*,,
Sea Cucumber,6OB,2022,24,7,2,1420,*,,
Sea Cucumber,6OB,2022,24,10,1,800,*,,
Sea Cucumber,6OB,2022,24,14,2,560,*,,
Sea Cucumber,6OB,2022,24,Total,2,5385,*,,
Sea Cucumber,6OB,2022,25,1,2,3200,*,,
Sea Cucumber,6OB,2022,25,3,1,720,*,,
Sea Cucumber,6OB,2022,25,6,1,1200,*,,
Sea Cucumber,6OB,2022,25,8,1,440,*,,
Sea Cucumber,6OB,2022,25,Total,2,5560,*,,
Sea Cucumber,6OB,2023,3,1,1,520,*,,
Sea Cucumber,6OB,2023,3,3,7,4280,30126,,
Sea Cucumber,6OB,2023,3,6,5,7320,43889,,
Sea Cucumber,6OB,2023,3,7,8,6335,38954,,
Sea Cucumber,6OB,2023,3,8,4,3555,23961,,
Sea Cucumber,6OB,2023,3,10,1,920,*,,
Sea Cucumber,6OB,2023,3,11,5,2660,19819,,
Sea Cucumber,6OB,2023,3,Total,10,25590,169853,,
Sea Cucumber,6OB,2023,4,1,13,12181,104509,,
Sea Cucumber,6OB,2023,4,5,13,8230,77225,,
Sea Cucumber,6OB,2023,4,Total,13,20411,181734,,
Sea Cucumber,6OB,2023,5,1,6,4445,24005,,
Sea Cucumber,6OB,2023,5,23,6,3789,22143,,
Sea Cucumber,6OB,2023,5,Total,12,8234,46148,,
Sea Cucumber,6OB,2023,6,12,2,1830,*,,
Sea Cucumber,6OB,2023,6,13,12,6228,37822,,
Sea Cucumber,6OB,2023,6,20,1,1010,*,,
Sea Cucumber,6OB,2023,6,21,1,420,*,,
Sea Cucumber,6OB,2023,6,22,1,640,*,,
Sea Cucumber,6OB,2023,6,24,1,320,*,,
Sea Cucumber,6OB,2023,6,Total,12,10448,67701,,
Sea Cucumber,6OB,2023,7,4,2,1020,*,,
Sea Cucumber,6OB,2023,7,6,2,1640,*,,
Sea Cucumber,6OB,2023,7,9,2,3785,*,,
Sea Cucumber,6OB,2023,7,10,1,300,*,,
Sea Cucumber,6OB,2023,7,13,6,5185,29940,,
Sea Cucumber,6OB,2023,7,14,6,6450,28458,,
Sea Cucumber,6OB,2023,7,15,5,6105,36670,,
Sea Cucumber,6OB,2023,7,29,1,240,*,,
Sea Cucumber,6OB,2023,7,30,7,3930,21493,,
Sea Cucumber,6OB,2023,7,Total,11,28655,175498,,
Sea Cucumber,6OB,2023,8,4,11,14986,105629,,
Sea Cucumber,6OB,2023,8,5,7,6055,40713,,
Sea Cucumber,6OB,2023,8,6,6,3650,**,,
Sea Cucumber,6OB,2023,8,7,5,5300,44372,,
Sea Cucumber,6OB,2023,8,13,2,2940,*,,
Sea Cucumber,6OB,2023,8,14,9,4480,24430,,
Sea Cucumber,6OB,2023,8,Total,12,37411,250363,,
Sea Cucumber,6OB,2023,9,4,1,2285,*,,
Sea Cucumber,6OB,2023,9,Total,1,2285,*,,
Sea Cucumber,6OB,2023,10,4,1,270,*,,
Sea Cucumber,6OB,2023,10,6,1,210,*,,
Sea Cucumber,6OB,2023,10,Total,1,480,*,,
Sea Cucumber,6OB,2023,11,2,4,2900,**,,
Sea Cucumber,6OB,2023,11,3,4,3300,9484,,
Sea Cucumber,6OB,2023,11,4,3,1430,6668,,
Sea Cucumber,6OB,2023,11,5,2,2030,*,,
Sea Cucumber,6OB,2023,11,Total,4,9660,26886,,
Sea Cucumber,6OB,2023,12,1,4,1750,8493,,
Sea Cucumber,6OB,2023,12,2,4,2355,6583,,
Sea Cucumber,6OB,2023,12,3,7,4715,14878,,
Sea Cucumber,6OB,2023,12,4,1,440,*,,
Sea Cucumber,6OB,2023,12,21,1,520,*,,
Sea Cucumber,6OB,2023,12,24,1,300,*,,
Sea Cucumber,6OB,2023,12,35,7,3113,12264,,
Sea Cucumber,6OB,2023,12,38,2,665,*,,
Sea Cucumber,6OB,2023,12,40,9,5640,30768,,
Sea Cucumber,6OB,2023,12,41,9,19643,87305,,
Sea Cucumber,6OB,2023,12,Total,10,39141,169127,,
Sea Cucumber,6OB,2023,13,13,4,2765,10690,,
Sea Cucumber,6OB,2023,13,14,1,1400,*,,
Sea Cucumber,6OB,2023,13,16,6,6812,23138,,
Sea Cucumber,6OB,2023,13,36,1,300,*,,
Sea Cucumber,6OB,2023,13,39,3,1019,2980,,
Sea Cucumber,6OB,2023,13,40,1,920,*,,
Sea Cucumber,6OB,2023,13,41,2,1785,*,,
Sea Cucumber,6OB,2023,13,42,4,2575,10162,,
Sea Cucumber,6OB,2023,13,43,1,200,*,,
Sea Cucumber,6OB,2023,13,Total,8,17776,68795,,
Sea Cucumber,6OB,2023,15,1,3,1290,3164,,
Sea Cucumber,6OB,2023,15,Total,3,1290,3164,,
Sea Cucumber,6OB,2023,16,21,3,1120,4530,,
Sea Cucumber,6OB,2023,16,Total,3,1120,4530,,
Sea Cucumber,6OB,2023,24,4,1,2040,*,,
Sea Cucumber,6OB,2023,24,5,2,2990,*,,
Sea Cucumber,6OB,2023,24,6,2,648,*,,
Sea Cucumber,6OB,2023,24,7,3,2520,11963,,
Sea Cucumber,6OB,2023,24,14,1,420,*,,
Sea Cucumber,6OB,2023,24,Total,3,8618,32369,,
Sea Cucumber,6OB,2023,25,1,1,480,*,,
Sea Cucumber,6OB,2023,25,3,1,800,*,,
Sea Cucumber,6OB,2023,25,4,1,420,*,,
Sea Cucumber,6OB,2023,25,5,1,480,*,,
Sea Cucumber,6OB,2023,25,8,1,1400,*,,
Sea Cucumber,6OB,2023,25,Total,1,3580,*,,
Sea Cucumber,6OB,2023,28,1,4,9730,35621,,
Sea Cucumber,6OB,2023,28,2,2,2320,*,,
Sea Cucumber,6OB,2023,28,3,3,4370,15098,,
Sea Cucumber,6OB,2023,28,4,2,1480,*,,
Sea Cucumber,6OB,2023,28,Total,5,17900,63163,,
Sea Cucumber,6OB,2023,29,3,1,500,*,,
Sea Cucumber,6OB,2023,29,Total,1,500,*,,
Sea Cucumber,6OB,2024,4,2,2,500,*,,
Sea Cucumber,6OB,2024,4,4,2,3040,*,,
Sea Cucumber,6OB,2024,4,9,4,5690,52164,,
Sea Cucumber,6OB,2024,4,12,1,2480,*,,
Sea Cucumber,6OB,2024,4,Total,4,11710,94598,,
Sea Cucumber,6OB,2024,5,2,4,3040,**,,
Sea Cucumber,6OB,2024,5,4,2,3630,*,,
Sea Cucumber,6OB,2024,5,12,5,5340,38046,,
Sea Cucumber,6OB,2024,5,20,7,3740,21885,,
Sea Cucumber,6OB,2024,5,21,7,7690,39520,,
Sea Cucumber,6OB,2024,5,22,5,2820,20867,,
Sea Cucumber,6OB,2024,5,24,8,3500,22614,,
Sea Cucumber,6OB,2024,5,Total,11,29760,173554,,
Sea Cucumber,6OB,2024,6,1,11,12860,45805,,
Sea Cucumber,6OB,2024,6,2,4,2430,14330,,
Sea Cucumber,6OB,2024,6,3,12,12720,77004,,
Sea Cucumber,6OB,2024,6,6,12,12160,64311,,
Sea Cucumber,6OB,2024,6,7,5,2870,18651,,
Sea Cucumber,6OB,2024,6,12,2,1160,*,,
Sea Cucumber,6OB,2024,6,20,2,3285,*,,
Sea Cucumber,6OB,2024,6,28,4,1850,9481,,
Sea Cucumber,6OB,2024,6,Total,14,49335,261640,,
Sea Cucumber,6OB,2024,7,4,2,1185,*,,
Sea Cucumber,6OB,2024,7,6,2,1840,*,,
Sea Cucumber,6OB,2024,7,9,2,3495,*,,
Sea Cucumber,6OB,2024,7,10,1,835,*,,
Sea Cucumber,6OB,2024,7,17,11,21915,172265,,
Sea Cucumber,6OB,2024,7,29,2,820,*,,
Sea Cucumber,6OB,2024,7,Total,12,30090,228147,,
Sea Cucumber,6OB,2024,8,2,5,6145,40262,,
Sea Cucumber,6OB,2024,8,16,9,8670,69926,,
Sea Cucumber,6OB,2024,8,Total,9,14815,110188,,
Sea Cucumber,6OB,2024,9,1,3,2505,14672,,
Sea Cucumber,6OB,2024,9,12,6,4750,34493,,
Sea Cucumber,6OB,2024,9,Total,7,7255,49165,,
Sea Cucumber,6OB,2024,10,4,2,760,*,,
Sea Cucumber,6OB,2024,10,5,3,3480,**,,
Sea Cucumber,6OB,2024,10,Total,4,4240,29298,,
Sea Cucumber,6OB,2024,11,2,8,5850,17524,,
Sea Cucumber,6OB,2024,11,3,5,2838,10430,,
Sea Cucumber,6OB,2024,11,4,4,1938,5979,,
Sea Cucumber,6OB,2024,11,5,4,1500,3830,,
Sea Cucumber,6OB,2024,11,Total,8,12126,37763,,
Sea Cucumber,6OB,2024,12,11,6,8325,30146,,
Sea Cucumber,6OB,2024,12,13,7,11145,54653,,
Sea Cucumber,6OB,2024,12,16,8,9556,46901,,
Sea Cucumber,6OB,2024,12,22,4,2810,21189,,
Sea Cucumber,6OB,2024,12,23,2,1405,*,,
Sea Cucumber,6OB,2024,12,26,1,505,*,,
Sea Cucumber,6OB,2024,12,Total,8,33746,161727,,
Sea Cucumber,6OB,2024,13,7,2,2475,*,,
Sea Cucumber,6OB,2024,13,8,1,575,*,,
Sea Cucumber,6OB,2024,13,17,4,8439,35595,,
Sea Cucumber,6OB,2024,13,18,1,1044,*,,
Sea Cucumber,6OB,2024,13,19,1,400,*,,
Sea Cucumber,6OB,2024,13,24,1,1220,*,,
Sea Cucumber,6OB,2024,13,25,1,995,*,,
Sea Cucumber,6OB,2024,13,26,1,800,*,,
Sea Cucumber,6OB,2024,13,28,1,760,*,,
Sea Cucumber,6OB,2024,13,Total,5,16708,86412,,
Sea Cucumber,6OB,2024,15,1,1,787,*,,
Sea Cucumber,6OB,2024,15,Total,1,787,*,,
Sea Cucumber,6OB,2024,24,4,1,820,*,,
Sea Cucumber,6OB,2024,24,5,1,1000,*,,
Sea Cucumber,6OB,2024,24,6,1,2160,*,,
Sea Cucumber,6OB,2024,24,7,2,1820,*,,
Sea Cucumber,6OB,2024,24,10,2,1100,*,,
Sea Cucumber,6OB,2024,24,14,2,800,*,,
Sea Cucumber,6OB,2024,24,Total,3,7700,32463,,
Sea Cucumber,6OB,2024,25,1,1,980,*,,
Sea Cucumber,6OB,2024,25,3,1,780,*,,
Sea Cucumber,6OB,2024,25,4,1,740,*,,
Sea Cucumber,6OB,2024,25,8,2,1600,*,,
Sea Cucumber,6OB,2024,25,9,2,1240,*,,
Sea Cucumber,6OB,2024,25,12,1,80,*,,
Sea Cucumber,6OB,2024,25,Total,2,5420,*,,
Sea Cucumber,6OB,2024,26,2,1,100,*,,
Sea Cucumber,6OB,2024,26,4,1,410,*,,
Sea Cucumber,6OB,2024,26,5,1,1830,*,,
Sea Cucumber,6OB,2024,26,Total,1,2340,*,,
